episode,ignition_row,ignition_col,seed,device,n_ticks,total_reward,mean_reward_per_tick,buildings_destroyed,contained,timeout,first_building_loss_tick,peak_active_fire,final_active_fire,peak_blaze,policy_loss,value_loss,classification_loss,aux_target_loss,entropy,resource_entropy,target_entropy,grad_norm,actions_per_tick,max_actions_tick,noop_ticks,dispatch_attempts,successful_dispatches,wasted_dispatches,unavailable_resource_attempts,unreachable_zone_attempts,mean_response_ticks,mean_traffic_delay_s,traffic_mean_load,traffic_max_load,water_team_dispatches,trench_crew_dispatches,rescue_vehicle_dispatches,helicopter_dispatches,water_team_effect_success,trench_crew_effect_success,rescue_vehicle_effect_success,helicopter_effect_success,rc_fire_extinguished,rc_fire_penalty,rc_dispatch_cost,rc_trench_bonus,rc_buildings_destroyed,rc_travel_delay,rc_wasted,trench_held_total
260,119,440,,cpu,6,-295.65051493143613,-49.275085821906025,0,True,False,,16,0,13,-4.415515422821045,1.2096753517786663,0.021416612900793552,1.732867956161499,1.732867956161499,1.7383378346761067,1.732867956161499,,2.5,10,4,15,15,0,0,0,6.333333333333333,103.54961830577864,1.519605,10.6,3,4,3,5,1,0,0,1,100.0,-32.0,-131.0,0.0,0.0,-212.6505149314361,0.0,0
261,292,427,,cpu,5,-2008.8066397403309,-401.7613279480662,5,True,False,2,6,0,5,-68.01380004882813,113.93149563968181,0.020235441997647284,3.2958367347717283,3.2958367347717283,1.8914398431777955,3.2958367347717283,,3.0,10,3,15,15,0,0,0,6.133333333333334,97.04470528173024,1.1802875,8.6,3,4,3,5,1,0,0,0,50.0,-10.0,-131.0,0.0,-1718.8371539115906,-198.96948582874018,0.0,0
262,163,365,,cpu,150,-95020.0237548825,-633.46682503255,289,False,True,66,192,102,150,-46.06903345266978,2934.579752777815,0.134671266451478,0.8805771954854329,0.8515892819563547,0.1669212677081426,0.8515892819563547,,0.92,10,67,138,138,0,0,0,7.398550724637682,149.1988999364588,2.0754676,10.6,35,37,26,40,14,7,1,6,1000.0,-6239.0,-1149.0,0.0,-85317.35360622406,-2264.6701486584398,0.0,0
263,236,496,,cpu,6,-1696.0405379074225,-282.67342298457044,4,True,False,2,8,0,7,6.497934818267822,2.0778212547302246,0.020585048322876293,2.746530612309774,2.746530612309774,1.7441011667251587,2.746530612309774,,2.5,10,4,15,15,0,0,0,7.733333333333333,163.32955678422178,2.028404,10.6,3,4,3,5,0,0,0,1,50.0,-13.0,-131.0,0.0,-1303.965163230896,-268.07537467652656,0.0,0
264,285,343,,cpu,7,-904.6945713803821,-129.24208162576886,2,True,False,2,15,0,9,4.2543215070452005,1.8371247393744332,0.020759865375501767,2.35416909626552,2.35416909626552,1.2939715044839042,2.35416909626552,,2.142857142857143,10,5,15,15,0,0,0,6.333333333333333,111.40594072661773,1.7243307,9.6,3,4,3,5,1,0,0,1,100.0,-23.5,-131.0,0.0,-588.134241104126,-212.06033027625614,0.0,0
265,133,468,,cpu,6,-280.1083109201559,-46.684718486692645,0,True,False,,16,0,10,4.550705273946126,1.4759519298871357,0.02132858211795489,1.732867956161499,1.732867956161499,1.647943655649821,1.732867956161499,,2.5,10,4,15,15,0,0,0,6.333333333333333,103.40893826817786,1.6283299,10.6,3,4,3,5,1,0,0,1,100.0,-26.5,-131.0,0.0,0.0,-212.60831092015587,0.0,0
266,153,159,,cpu,150,-85006.33307307989,-566.7088871538659,256,False,True,24,411,411,302,0.20314405898253124,0.6802315569936763,0.13921372509251037,0.649422604839007,0.6940887653827668,0.15716805112858614,0.6940887653827668,,0.8066666666666666,10,80,121,121,0,0,0,9.867768595041323,213.2143680341336,2.582348,10.6,25,32,24,40,8,6,5,22,1500.0,-10020.0,-1053.0,0.0,-72020.89245661476,-2702.440616465122,0.0,0
267,114,381,,cpu,150,-30913.49511059032,-206.08996740393547,81,False,True,24,306,306,230,1.989630473057429,3.398207066456477,0.17016309433927138,1.015850954055786,0.9891214839617412,0.12667969504992166,0.9891214839617412,,0.9066666666666666,10,75,136,136,0,0,0,7.889705882352941,169.85884605612847,2.0427828,10.6,31,36,24,45,17,8,0,16,1650.0,-8557.5,-1190.0,0.0,-19587.643960118294,-2408.3511504720273,0.0,0
268,176,152,,cpu,150,-84480.41369044688,-563.2027579363125,226,False,True,11,488,457,386,-0.003320965816577276,1.5027355832715208,0.3278159591803948,0.7820769878228505,0.7943854149182638,0.1303854983051618,0.7943854149182638,,0.8466666666666667,10,88,127,127,0,0,0,8.811023622047244,183.83795804649537,2.586727,10.6,28,33,26,40,14,4,0,9,1150.0,-18945.0,-1082.0,0.0,-62155.070397257805,-2518.3432931890716,0.0,0
269,231,193,,cpu,15,-1116.4077183684253,-74.42718122456169,4,True,False,2,8,0,7,0.6227920532226563,1.1528551260630289,0.021402913704514505,0.19269145329793294,0.19269145329793294,0.15254541238149008,0.19269145329793294,,0.2,1,12,3,3,0,0,0,5.0,0.0,0.0,0.0,0,0,0,3,0,0,0,2,100.0,-26.0,-45.0,0.0,-1114.2135739326477,-31.19414443577761,0.0,0
270,151,384,,cpu,150,-109896.16664513339,-732.641110967556,337,False,True,57,253,233,187,-1.269999383961161,2.152903951347471,0.2124844074745973,0.9332661632696787,0.9258309193452199,0.14525490129987398,0.9258309193452199,,0.9333333333333333,10,68,140,140,0,0,0,7.435714285714286,151.59120048421323,2.0171278,10.6,33,37,26,44,12,7,0,10,1100.0,-10518.5,-1199.0,0.0,-95954.03720736504,-2324.6294377683535,0.0,0
271,233,463,,cpu,7,-1876.274588070807,-268.03922686725815,5,True,False,2,10,0,10,3.6464011328560963,0.851333737373352,0.02090730837413243,2.35416909626552,2.35416909626552,1.1627373354775565,2.35416909626552,,2.142857142857143,10,5,15,15,0,0,0,7.4,138.33656234849184,1.8949983,10.6,3,4,3,5,1,0,0,0,50.0,-22.0,-131.0,0.0,-1499.4786083698273,-243.79597970097984,0.0,0
272,195,366,,cpu,7,-355.8774495853344,-50.839635655047765,0,True,False,,14,0,13,2.538111141749791,0.7961934038570949,0.021734307387045453,1.4853153909955705,1.4853153909955705,1.477010897227696,1.4853153909955705,,2.142857142857143,10,5,15,15,0,0,0,7.666666666666667,163.95445187247284,2.105188,10.6,3,4,3,5,1,0,0,1,100.0,-38.5,-131.0,0.0,0.0,-256.3774495853343,0.0,0
273,158,148,,cpu,20,-1462.769848683521,-73.13849243417606,4,True,False,4,21,0,14,1.5139009654521942,0.7010328620672226,0.02216514591127634,1.4067373037338258,1.318721467256546,0.5131452471017838,1.318721467256546,,1.0,10,15,20,20,0,0,0,10.15,221.5741507985486,2.686234,8.4,4,5,4,7,1,0,1,3,200.0,-72.5,-177.0,0.0,-872.4193654129892,-460.8504832705317,0.0,0
274,130,119,,cpu,150,-79675.28110092616,-531.1685406728411,197,False,True,58,633,602,482,-0.3623057152330875,0.606175948010059,0.35608993858098986,0.6719187422593434,0.6538113979498545,0.11628716439008713,0.6538113979498545,,0.7666666666666667,10,84,115,115,0,0,0,10.8,222.49957243211907,2.8427842,10.6,24,29,22,40,8,6,0,6,700.0,-22418.0,-1018.0,0.0,-53245.40829360485,-2823.8728073213165,0.0,0
275,297,155,,cpu,12,-1294.0118807941315,-107.83432339951095,3,True,False,4,14,0,12,1.0635655919710796,0.455001803735892,0.020584970402220886,1.0931400458017986,1.0931400458017986,0.7990890940030416,1.0931400458017986,,1.3333333333333333,10,9,16,16,0,0,0,8.5,169.2050581059693,2.749884,9.6,3,5,3,5,2,0,0,1,150.0,-44.5,-139.0,0.0,-888.1061911582947,-312.4056896358367,0.0,0
276,108,492,,cpu,6,-1908.7980210928938,-318.1330035154823,5,True,False,2,7,0,6,2.1493974924087524,0.3033171445131302,0.021129741643865902,2.746530612309774,2.746530612309774,1.675659716129303,2.746530612309774,,2.5,10,4,15,15,0,0,0,9.533333333333333,202.2188452692004,2.2922113,10.6,3,4,3,5,0,0,0,1,50.0,-15.0,-131.0,0.0,-1447.7364003658295,-325.0616207270643,0.0,0
277,267,245,,cpu,150,-193259.20266189004,-1288.3946844126003,574,False,True,19,153,138,115,-3.2053663344681262,11.824058746047715,0.10691267419606447,0.9524999705950419,0.9302711204687755,0.12158952365318934,0.9302711204687755,,0.92,10,73,138,138,0,0,0,7.449275362318841,137.31131218078642,2.0208063,9.6,34,37,27,40,16,10,0,9,1250.0,-6987.5,-1147.0,0.0,-183100.63564777374,-2314.067014116297,0.0,0
278,228,361,,cpu,7,-1179.5822486025072,-168.51174980035816,3,True,False,2,10,0,8,0.9069906984056745,0.03436400821166379,0.020739425772002766,2.35416909626552,2.35416909626552,1.494582278387887,2.35416909626552,,2.142857142857143,10,5,15,15,0,0,0,7.666666666666667,164.3791948389059,2.122073,10.6,3,4,3,5,1,0,0,2,150.0,-25.5,-131.0,0.0,-896.577376127243,-256.5048724752642,0.0,0
279,176,185,,cpu,11,13.703903709481594,1.2458094281346903,0,True,False,,10,0,9,0.07136560570109975,0.02670333737676794,0.02150648053396832,0.126026760448109,0.126026760448109,0.1436397975141352,0.126026760448109,,0.18181818181818182,1,9,2,2,0,0,0,5.0,0.0,0.0,0.0,0,0,0,2,0,0,0,2,100.0,-35.5,-30.0,0.0,0.0,-20.796096290518406,0.0,0
280,43,551,,cpu,6,-1225.3449451630713,-204.22415752717856,3,True,False,2,17,0,11,-0.014036472886800766,0.0002897765176991622,0.021164257700244587,2.746530612309774,2.746530612309774,1.7276087999343872,2.746530612309774,,2.5,10,4,15,15,0,0,0,9.333333333333334,193.74397761840748,1.9908375,10.6,3,4,3,5,0,0,0,3,150.0,-26.5,-131.0,0.0,-891.5429770946503,-316.3019680684211,0.0,0
281,292,186,,cpu,7,-2922.2668959208936,-417.4666994172705,8,True,False,2,10,0,8,-0.4273983580725534,0.01347468254555549,0.02033372383032526,2.35416909626552,2.35416909626552,1.3289183207920618,2.35416909626552,,2.142857142857143,10,5,15,15,0,0,0,8.4,171.70003873855947,2.0539343,10.6,3,4,3,5,1,0,0,1,100.0,-20.5,-131.0,0.0,-2538.1137669086456,-282.653129012248,0.0,0
282,0,519,,cpu,6,-1407.1399233945733,-234.52332056576222,3,True,False,2,7,0,7,-0.47740886608759564,0.014174660512556633,0.02064201266815265,2.746530612309774,2.746530612309774,1.4474126348892848,2.746530612309774,,2.5,10,4,15,15,0,0,0,9.333333333333334,191.03371577782667,2.1129234,10.6,3,4,3,5,0,0,0,1,50.0,-13.5,-131.0,0.0,-967.1510338783264,-315.4888895162469,0.0,0
283,192,344,,cpu,7,-238.87744958533432,-34.12534994076204,0,True,False,,16,0,15,-0.20923781394958496,0.009141993642385517,0.02163541316986084,1.4853153909955705,1.4853153909955705,1.3890246834073747,1.4853153909955705,,2.142857142857143,10,5,15,15,0,0,0,7.666666666666667,163.95445187247284,2.105188,10.6,3,4,3,5,1,0,0,3,200.0,-41.5,-131.0,0.0,0.0,-256.3774495853343,0.0,0
284,147,533,,cpu,29,-2374.580673375972,-81.88209218537834,6,True,False,2,21,0,15,-0.05455425420197947,0.01392510144545793,0.0236792409599855,1.09455079045789,1.09455079045789,0.3629220287347662,1.09455079045789,,1.0344827586206897,10,18,30,30,0,0,0,8.866666666666667,175.48485145093804,3.0219085,10.6,6,9,5,10,4,0,0,5,450.0,-142.0,-267.0,0.0,-1670.0338661670685,-605.5468072089036,0.0,0
285,277,222,,cpu,6,-705.7955226750304,-117.63258711250506,1,True,False,4,9,0,8,-0.31399763623873395,0.01021450680370132,0.02040954524030288,2.0707555611928306,2.0707555611928306,1.4522608816623688,2.0707555611928306,,2.5,10,4,15,15,0,0,0,8.4,171.28179716568886,1.9824275,10.6,3,4,3,5,1,0,0,0,50.0,-20.0,-131.0,0.0,-322.26786613464355,-282.52765654038683,0.0,0
286,293,123,,cpu,7,-1640.8122502619756,-234.40175003742507,4,True,False,2,17,0,14,-0.2804427913257054,0.006393597594329289,0.020261529300894057,2.35416909626552,2.35416909626552,1.4525504963738578,2.35416909626552,,2.142857142857143,10,5,15,15,0,0,0,8.866666666666667,177.44879349641946,2.2144692,9.6,3,4,3,5,1,0,1,2,150.0,-39.5,-131.0,0.0,-1274.1064369678497,-306.2058132941258,0.0,0
287,254,480,,cpu,5,-1694.157399391675,-338.831479878335,4,True,False,2,7,0,7,-0.16326483190059662,0.0006544209019921255,0.020368682593107222,3.2637655258178713,3.295078086853027,2.2845390319824217,3.295078086853027,,3.0,10,3,15,15,0,0,0,6.733333333333333,117.40126531454098,1.3423011,9.6,3,4,3,5,1,0,0,0,50.0,-10.0,-131.0,0.0,-1385.3562951087952,-217.80110428287986,0.0,0
288,28,416,,cpu,6,-2467.258980945272,-411.20983015754535,7,True,False,2,10,0,8,0.03245590627193451,0.0006077068777206781,0.021115771184364956,2.746530612309774,2.746530612309774,1.635123868783315,2.746530612309774,,2.5,10,4,15,15,0,0,0,7.133333333333334,127.1781707701222,1.97079,9.6,3,4,3,5,0,0,0,1,50.0,-17.0,-131.0,0.0,-2092.4779295921326,-236.78105135313928,0.0,0
289,15,559,,cpu,6,-2305.6469024049597,-384.27448373415996,6,True,False,2,11,0,8,0.23663384219010672,0.004351582921420534,0.02096097699056069,2.8670971393585205,2.7355989615122476,1.778957486152649,2.7355989615122476,,2.5,10,4,15,15,0,0,0,9.333333333333334,191.5643653950438,2.0845616,9.6,3,4,3,5,0,0,0,2,100.0,-22.5,-131.0,0.0,-1928.42777967453,-313.7191227304299,0.0,0
290,116,560,,cpu,150,-62948.43034073854,-419.65620227159025,178,False,True,2,265,264,203,-0.2872637174123277,0.16614812754247396,0.1254289798811078,1.0347400951385497,1.0207141292095185,0.18797883093357087,1.0207141292095185,,0.8933333333333333,10,82,134,134,0,0,0,7.970149253731344,149.88005706293097,2.378053,10.6,27,38,24,45,20,5,1,16,1800.0,-8893.0,-1186.0,0.0,-51387.343705955805,-2432.086634782736,0.0,0
291,110,358,,cpu,6,-361.505633224526,-60.25093887075433,0,True,False,,23,0,18,0.6375283102194468,0.03203034773468971,0.022210894462962944,1.732867956161499,1.732867956161499,1.575985074043274,1.732867956161499,,2.5,10,4,15,15,0,0,0,9.2,234.6403780966597,1.9103199,10.6,3,4,3,5,0,0,0,3,150.0,-43.0,-131.0,0.0,0.0,-317.50563322452604,0.0,0
292,290,152,,cpu,7,-305.5112821499207,-43.6444688785601,0,True,False,,18,0,16,0.6647765466145107,0.0339503533073834,0.020556946684207236,1.4853153909955705,1.4853153909955705,1.6467082159859794,1.4853153909955705,,2.142857142857143,10,5,15,15,0,0,0,8.866666666666667,176.80035634906926,2.3435287,10.6,3,4,3,5,1,0,0,3,200.0,-38.5,-131.0,0.0,0.0,-306.0112821499207,0.0,0
293,220,521,,cpu,72,-36215.213142890134,-502.98907142902965,124,True,False,2,65,0,49,-0.20419820060487837,0.4661339551059882,0.03744119304853181,1.2015879824757576,1.0497625867525737,0.26778697760568726,1.0497625867525737,,0.9722222222222222,10,39,70,70,0,0,0,6.957142857142857,126.18798189596957,2.143439,10.6,16,18,16,20,6,5,8,3,450.0,-1015.5,-572.0,0.0,-33547.19881943529,-1100.5143234548518,0.0,0
294,186,476,,cpu,29,-5583.294157646422,-192.52738474642834,19,True,False,2,34,0,27,0.09562812899721079,0.030715576464617384,0.025082374055837763,1.2175051508278683,1.2113275610167404,0.5106434133546106,1.2113275610167404,,1.103448275862069,10,15,32,32,0,0,0,7.3125,134.40717649972396,1.8851913,10.6,8,8,6,10,6,1,4,4,500.0,-205.5,-272.0,0.0,-4970.730485742799,-515.0636719036229,0.0,0
295,227,313,,cpu,8,-281.0345133853275,-35.12931417316594,0,True,False,,15,0,12,0.32766754925251007,0.007327200728468597,0.02121002459898591,1.2996509671211243,1.2996509671211243,1.6657518446445465,1.2996509671211243,,1.875,10,6,15,15,0,0,0,8.733333333333333,182.61147012421281,2.2925205,10.6,3,4,3,5,1,0,0,3,200.0,-38.0,-131.0,0.0,0.0,-292.0345133853275,0.0,0
296,81,494,,cpu,6,-1650.5133507197615,-275.0855584532936,4,True,False,2,11,0,8,0.02754901722073555,0.0002194994985984522,0.02096554357558489,4.019795099894206,4.023552894592285,2.07260791460673,4.023552894592285,,2.5,10,4,15,15,0,0,0,9.333333333333334,196.07057730728118,1.8272425,9.6,3,4,3,5,0,0,0,1,50.0,-20.0,-131.0,0.0,-1188.033652305603,-321.47969841415863,0.0,0
297,203,431,,cpu,7,-294.09362849930847,-42.01337549990121,0,True,False,,16,0,14,-0.023760457656213214,0.0012120004737101095,0.021122744040829793,1.4853153909955705,1.4853153909955705,1.4944646188191004,1.4853153909955705,,2.142857142857143,10,5,15,15,0,0,0,7.4,137.6620583429208,1.7474359,10.6,3,4,3,5,1,0,0,2,150.0,-39.5,-131.0,0.0,0.0,-243.59362849930852,0.0,0
298,184,415,,cpu,7,-219.04853731701255,-31.29264818814465,0,True,False,,18,0,13,-0.11385887754814965,0.004311850103217044,0.021506295406392643,1.4853153909955705,1.4853153909955705,1.4081397950649261,1.4853153909955705,,2.142857142857143,10,5,15,15,0,0,0,7.4,137.51175440193418,1.841665,10.6,3,4,3,5,1,0,0,3,200.0,-34.5,-131.0,0.0,0.0,-243.54853731701257,0.0,0
299,314,347,,cpu,5,-1549.1375990975346,-309.8275198195069,4,True,False,2,6,0,5,-0.6183898210525512,0.009514851868152619,0.019776786863803863,3.2958367347717283,3.2958367347717283,2.5210783958435057,3.2958367347717283,,3.0,10,3,15,15,0,0,0,6.333333333333333,111.5081825019424,1.3644222,8.6,3,4,3,5,1,0,0,0,50.0,-9.5,-131.0,0.0,-1246.546596288681,-212.09100280885355,0.0,0
300,180,291,,cpu,150,-33164.13808069121,-221.09425387127476,47,False,True,13,613,613,465,-0.19034310145691657,0.06656496567422134,0.2905209034184615,0.8208789463837941,0.8358685501416524,0.14032074530919392,0.8358685501416524,,0.8733333333333333,10,75,131,131,0,0,0,8.076335877862595,158.9513115678299,1.9205037,10.6,31,35,25,40,7,7,0,5,600.0,-18410.0,-1110.0,0.0,-10809.913455881178,-2374.2246248100355,0.0,0
301,2,494,,cpu,6,-754.6364989588219,-125.77274982647032,1,True,False,2,6,0,6,-0.20809358110030493,0.003953313163947314,0.01999811890224616,2.746530612309774,2.746530612309774,1.9584668278694153,2.746530612309774,,2.5,10,4,15,15,0,0,0,9.333333333333334,192.48253293193994,1.9675382,10.6,3,4,3,5,0,0,0,1,50.0,-8.0,-131.0,0.0,-309.71296429634094,-315.92353466248085,0.0,0
302,86,513,,cpu,6,-417.24263585239305,-69.54043930873218,0,True,False,,15,0,14,0.03315186748902003,0.0005107280373219206,0.02128732701142629,1.732867956161499,1.732867956161499,2.169875144958496,1.732867956161499,,2.5,10,4,15,15,0,0,0,9.533333333333333,201.15556235362962,2.2309008,10.6,3,4,3,5,0,0,0,2,100.0,-31.5,-131.0,0.0,0.0,-324.74263585239305,0.0,0
303,303,337,,cpu,7,-611.1859348923771,-87.31227641319673,1,True,False,2,9,0,6,0.30256558316094534,0.0025662867618458612,0.020008677084531103,2.35416909626552,2.35416909626552,1.8636781828744071,2.35416909626552,,2.142857142857143,10,5,15,15,0,0,0,6.333333333333333,111.45453197784362,1.7046201,8.6,3,4,3,5,1,0,0,1,100.0,-13.5,-131.0,0.0,-304.6110272407532,-212.0749076516239,0.0,0
304,148,424,,cpu,150,-122342.73521680081,-815.6182347786721,380,False,True,45,321,242,251,-1.9135544510682423,3.054481479454165,0.21191927640388408,0.9412194800376892,0.9772927498817444,0.19141010353962581,0.9772927498817444,,0.9933333333333333,10,69,149,149,0,0,0,6.436241610738255,102.32968419524553,1.655636,10.6,36,39,29,45,14,9,1,2,800.0,-12464.5,-1254.0,0.0,-106184.76961280458,-2119.465603996231,0.0,0
305,250,427,,cpu,5,-607.3965151298171,-121.47930302596342,1,True,False,2,7,0,6,1.2584954261779786,0.04781865775585174,0.020271862298250197,3.2958367347717283,3.2958367347717283,2.385507345199585,3.2958367347717283,,3.0,10,3,15,15,0,0,0,6.133333333333334,96.88792734799297,1.262413,10.6,3,4,3,5,1,0,0,0,50.0,-11.5,-131.0,0.0,-315.9740626811981,-198.92245244861903,0.0,0
306,187,324,,cpu,150,-36311.00925952784,-242.07339506351894,95,False,True,14,428,372,330,0.001826078159113725,0.03153791959125859,0.1048197512452801,0.9806941664218902,0.9543749721844991,0.22951309179266294,0.9543749721844991,,0.9133333333333333,10,78,137,137,0,0,0,7.591240875912408,150.6564703798809,1.9537323,10.6,34,37,26,40,10,14,1,8,900.0,-9912.5,-1144.0,0.0,-22889.734727360545,-2304.7745321672987,0.0,0
307,199,312,,cpu,150,-51465.36938007503,-343.10246253383355,121,False,True,61,497,444,379,-0.3553747886667649,0.14430188485925707,0.1876912749434511,0.8730694905916849,0.821611977815628,0.1621411826213201,0.821611977815628,,0.9,10,78,135,135,0,0,0,7.674074074074074,144.22911938468906,1.858801,10.6,34,36,25,40,20,8,0,7,1350.0,-15968.0,-1133.0,0.0,-32463.010799326003,-2301.3585807490317,0.0,0
308,298,251,,cpu,5,-1338.7425845117868,-267.7485169023574,3,True,False,2,11,0,8,1.8086463451385497,0.08458733707666397,0.020335161685943605,3.2958367347717283,3.2958367347717283,3.06022367477417,3.2958367347717283,,3.0,10,3,15,15,0,0,0,8.133333333333333,159.46159044353973,1.505682,9.6,3,4,3,5,1,0,0,0,50.0,-16.5,-131.0,0.0,-970.3867435455322,-270.8558409662546,0.0,0
309,51,482,,cpu,6,-391.21413499574453,-65.2023558326241,0,True,False,,14,0,8,1.373536189397176,0.10136749222874641,0.02139804357041915,2.113299290339152,2.067941506703695,1.958589792251587,2.067941506703695,,2.5,10,4,15,15,0,0,0,9.133333333333333,183.63988575344928,1.9603204,9.6,3,4,3,5,0,0,0,2,100.0,-23.0,-131.0,0.0,0.0,-307.2141349957445,0.0,0
310,163,373,,cpu,7,-356.9002384849363,-50.9857483549909,0,True,False,,11,0,9,1.0104244777134486,0.09314028705869402,0.021887578070163727,1.4853153909955705,1.4853153909955705,1.9562981469290597,1.4853153909955705,,2.142857142857143,10,5,15,15,0,0,0,7.666666666666667,164.03041487114615,2.0877874,10.6,3,4,3,5,1,0,0,1,100.0,-29.5,-131.0,0.0,0.0,-256.4002384849363,0.0,0
311,310,395,,cpu,5,-1932.2264503204326,-386.4452900640865,5,True,False,2,8,0,6,1.4613388776779175,0.055058784782886505,0.020453936606645583,3.2958367347717283,3.2958367347717283,3.1108701705932615,3.2958367347717283,,3.0,10,3,15,15,0,0,0,6.333333333333333,111.42174864593696,1.4721819,10.6,3,4,3,5,1,0,0,0,50.0,-12.0,-131.0,0.0,-1627.1613776683807,-212.06507265205192,0.0,0
312,185,497,,cpu,9,-1101.7682724238266,-122.41869693598073,3,True,False,2,22,0,16,0.597215453783671,0.04555588960647583,0.022051760099000402,1.8310204082065158,1.8310204082065158,1.3850761784447565,1.8310204082065158,,1.6666666666666667,10,7,15,15,0,0,0,7.733333333333333,162.44260215328396,2.595635,10.6,3,4,3,5,2,0,0,3,250.0,-46.0,-131.0,0.0,-876.9589841365814,-267.8092882872452,0.0,0
313,144,160,,cpu,150,-87683.64815315152,-584.5576543543434,233,False,True,39,595,536,451,-0.709183808201924,1.0633341839357793,0.21425723510483902,0.6549021259943644,0.6641108210881551,0.12792668561140697,0.6641108210881551,,0.8,10,83,120,120,0,0,0,9.875,213.9183579389759,2.6384058,10.6,26,31,23,40,7,4,1,11,900.0,-19328.0,-1047.0,0.0,-64641.04660153389,-2677.601551617626,0.0,0
314,168,505,,cpu,6,-284.7382168525007,-47.456369475416786,0,True,False,,20,0,13,0.6558161775271097,0.02160845324397087,0.0215462747340401,1.732867956161499,1.732867956161499,2.32083789507548,1.732867956161499,,2.5,10,4,15,15,0,0,0,7.733333333333333,163.87236403746905,2.0280492,10.6,3,4,3,5,0,0,0,3,150.0,-35.5,-131.0,0.0,0.0,-268.2382168525007,0.0,0
315,51,510,,cpu,6,-1553.5031147053978,-258.91718578423297,4,True,False,2,10,0,8,0.20701414346694946,0.0032060409624439976,0.021598713472485542,2.746530612309774,2.746530612309774,1.9525090257326763,2.746530612309774,,2.5,10,4,15,15,0,0,0,9.333333333333334,191.42358639581744,1.9931374,10.6,3,4,3,5,0,0,0,3,150.0,-23.0,-131.0,0.0,-1213.8972640037537,-315.6058507016441,0.0,0
316,95,403,,cpu,6,-241.08160476470547,-40.18026746078424,0,True,False,,14,0,11,0.07333130637804668,0.0003667121203913363,0.02218186358610789,1.732867956161499,1.732867956161499,2.0757034917672477,1.732867956161499,,2.5,10,4,15,15,0,0,0,6.333333333333333,103.31991775000978,1.5977125,10.6,3,4,3,5,1,0,0,2,150.0,-27.5,-131.0,0.0,0.0,-212.58160476470545,0.0,0
317,126,93,,cpu,7,-492.0869200938241,-70.29813144197487,0,True,False,,18,0,16,-0.27746456435748507,0.008930022030004434,0.021736270082848414,1.4853153909955705,1.4853153909955705,1.9723710673195975,1.4853153909955705,,2.142857142857143,10,5,15,15,0,0,0,13.133333333333333,285.4897814919397,2.5759528,10.6,3,4,3,5,0,0,0,3,150.0,-37.5,-131.0,0.0,0.0,-453.5869200938241,0.0,0
318,187,155,,cpu,150,-64424.023391886054,-429.49348927924035,171,False,True,8,399,385,301,-0.8408752545217673,0.6413730548335782,0.21013761209944884,0.8554486842950185,0.8610985962549845,0.25212072243293127,0.8610985962549845,,0.8533333333333334,10,84,128,128,0,0,0,8.84375,185.7714057074515,2.524876,10.6,29,33,26,40,11,5,0,14,1250.0,-15044.5,-1087.0,0.0,-46095.925614237785,-2546.597777648268,0.0,0
319,250,527,,cpu,7,-878.1100486271388,-125.44429266101983,2,True,False,2,14,0,9,-0.6659833363124302,0.023843318490045413,0.02044791408947536,2.35416909626552,2.35416909626552,2.0523452077593123,2.35416909626552,,2.142857142857143,10,5,15,15,0,0,0,6.866666666666666,121.72192836067792,1.88323,10.6,3,4,3,5,2,0,0,0,100.0,-24.5,-131.0,0.0,-540.3392612934113,-222.27078733372755,0.0,0
320,258,235,,cpu,150,-84806.88029164996,-565.3792019443331,248,False,True,26,90,68,72,-0.9639035548021396,1.8114278146345169,0.06302802381416162,0.7930228579044342,0.7990226523081462,0.17332817624012628,0.7990226523081462,,0.92,10,72,138,138,0,0,0,7.5144927536231885,140.3490658464754,2.219403,10.6,34,37,27,40,13,13,1,6,950.0,-3238.0,-1147.0,0.0,-78074.94235437959,-2316.937937270377,0.0,0
321,297,343,,cpu,5,-1521.9130413126845,-304.3826082625369,4,True,False,2,10,0,9,-0.9036249876022339,0.019919849932193756,0.020399920642375946,3.2958367347717283,3.2958367347717283,2.558679389953613,3.2958367347717283,,3.0,10,3,15,15,0,0,0,6.333333333333333,111.65575755036706,1.3129075,8.6,3,4,3,5,1,0,0,0,50.0,-18.5,-131.0,0.0,-1210.2777659893036,-212.13527532338097,0.0,0
322,94,481,,cpu,12,-368.8535669640383,-30.73779724700319,0,True,False,,16,0,10,-0.1303675832847754,0.004043064235399167,0.022047913012405235,1.1634620825449626,1.2016501824061077,1.143699049949646,1.2016501824061077,,1.25,10,10,15,15,0,0,0,9.133333333333333,188.95775510979453,2.9885652,9.6,3,4,3,5,1,2,0,2,150.0,-37.5,-131.0,0.0,0.0,-310.35356696403835,0.0,0
323,179,187,,cpu,150,-52991.66317124095,-353.2777544749397,155,False,True,10,108,102,80,-0.0147487456848224,0.602963876502666,0.0803808226933082,0.38802266915639244,0.3984132107098897,0.27589610387881597,0.3984132107098897,,0.4866666666666667,10,114,73,73,0,0,0,8.726027397260275,173.23777434975648,1.3287307,10.6,11,14,11,37,5,1,0,7,600.0,-3555.0,-755.0,0.0,-47330.40482401848,-1421.2583472224694,0.0,0
324,122,378,,cpu,6,-460.4461212271666,-76.74102020452777,0,True,False,,10,0,8,0.19120525320370993,0.0017150878217459347,0.021399235042432945,1.732867956161499,1.732867956161499,2.1965389450391135,1.732867956161499,,2.5,10,4,15,15,0,0,0,9.2,234.44200477212823,2.0699346,10.6,3,4,3,5,0,0,0,1,50.0,-22.0,-131.0,0.0,0.0,-317.4461212271666,0.0,0
325,175,212,,cpu,39,-24.582433307332828,-0.6303188027521238,0,True,False,,17,0,15,0.09103589180188301,0.04653529092096365,0.026329893523301832,0.15995704210721529,0.15995704210721529,0.29263659318288165,0.15995704210721529,,0.23076923076923078,1,30,9,9,0,0,0,5.0,0.0,0.0,0.0,0,0,0,9,0,0,0,8,400.0,-196.0,-135.0,0.0,0.0,-93.58243330733282,0.0,0
326,194,329,,cpu,7,-308.3233167930211,-44.04618811328873,0,True,False,,17,0,15,0.2709879790033613,0.004993427045909422,0.021700340190104077,1.4853153909955705,1.4853153909955705,1.982027224131993,1.4853153909955705,,2.142857142857143,10,5,15,15,0,0,0,7.666666666666667,163.77400923142866,2.082995,10.6,3,4,3,5,1,0,0,2,150.0,-41.0,-131.0,0.0,0.0,-256.3233167930211,0.0,0
327,291,240,,cpu,37,-6337.620938101463,-171.28705238112062,22,True,False,6,14,0,12,-0.005372824097001874,0.03600953328786754,0.0219604268267348,1.173108165328567,1.1699961005030453,0.3934302531384133,1.1699961005030453,,1.027027027027027,10,20,38,38,0,0,0,7.526315789473684,142.0060600290022,2.0911694,7.4,10,11,7,10,6,1,2,2,400.0,-138.5,-309.0,0.0,-5452.172934147006,-637.9480039544571,0.0,0
328,306,415,,cpu,5,-1650.722013069242,-330.1444026138484,4,True,False,2,6,0,5,-0.20051633715629577,0.0005995346983837635,0.020083903148770333,3.2958367347717283,3.2958367347717283,2.8264888763427733,3.2958367347717283,,3.0,10,3,15,15,0,0,0,6.133333333333334,96.90253232124627,1.1883525,9.4,3,4,3,5,1,0,0,0,50.0,-7.0,-131.0,0.0,-1363.7951791286469,-198.926833940595,0.0,0
329,237,201,,cpu,30,-2756.658120566623,-91.88860401888743,7,True,False,25,31,0,24,-0.040686686709523204,0.006873141663769881,0.024575573143859705,0.8738386154174804,0.740733281771342,0.5130037347475688,0.740733281771342,,0.8666666666666667,10,23,26,26,0,0,0,7.269230769230769,131.0007917135976,1.9684924,10.6,6,6,4,10,2,1,0,2,200.0,-190.5,-240.0,0.0,-1912.1098160743713,-424.0483044922517,0.0,0
330,41,432,,cpu,6,-1849.8369423062204,-308.30615705103673,5,True,False,2,7,0,7,-0.34952262540658313,0.003902361747653534,0.02067812035481135,2.746530612309774,2.746530612309774,2.1417816480000815,2.746530612309774,,2.5,10,4,15,15,0,0,0,7.133333333333334,127.32899169938857,1.8402935,9.6,3,4,3,5,0,0,0,1,50.0,-12.5,-131.0,0.0,-1469.5106446743011,-236.82629763191918,0.0,0
331,17,486,,cpu,6,-1620.662603733605,-270.11043395560085,4,True,False,2,8,0,6,-0.31791897614796955,0.002672348249082764,0.020374152498940628,2.746530612309774,2.746530612309774,2.117708961168925,2.746530612309774,,2.5,10,4,15,15,0,0,0,9.333333333333334,191.85635781547455,2.1117325,10.6,3,4,3,5,0,0,0,2,100.0,-14.5,-131.0,0.0,-1259.4269216060638,-315.7356821275412,0.0,0
332,21,450,,cpu,6,-2210.596452748562,-368.43274212476035,6,True,False,2,9,0,7,-0.30216550827026367,0.002265311239170842,0.020493994777401287,2.746530612309774,2.746530612309774,2.2964101235071817,2.746530612309774,,2.5,10,4,15,15,0,0,0,7.133333333333334,127.45193993772635,1.8651247,9.6,3,4,3,5,0,0,0,2,100.0,-17.0,-131.0,0.0,-1885.7332706451416,-236.8631821034205,0.0,0
333,34,585,,cpu,6,-387.89756659976064,-64.64959443329344,0,True,False,,16,0,12,0.2117457389831543,0.0020243268518242985,0.020887198857963085,1.732867956161499,1.732867956161499,1.9092138608296711,1.732867956161499,,2.5,10,4,15,15,0,0,0,9.4,196.38378583697838,2.2898827,10.6,3,4,3,5,0,0,0,2,100.0,-30.0,-131.0,0.0,0.0,-316.8975665997607,0.0,0
334,240,488,,cpu,7,-215.8002730171345,-30.82861043101921,0,True,False,,22,0,17,0.27925286974225727,0.004486879500161324,0.020620685070753098,1.3808787890842982,1.4764257839747839,2.096644946507045,1.4764257839747839,,2.142857142857143,10,5,15,15,0,0,0,6.733333333333333,122.01204051311478,1.8800116,10.6,3,4,3,5,2,0,1,2,200.0,-44.0,-131.0,0.0,0.0,-220.8002730171345,0.0,0
335,168,539,,cpu,14,-884.7501278357673,-63.19643770255481,2,True,False,2,19,0,13,0.12786295264959335,0.005671578488545492,0.02142433835459607,1.2761055741991316,1.2761055741991316,1.00636545249394,1.2761055741991316,,1.2142857142857142,10,10,17,17,0,0,0,7.411764705882353,156.52079548371657,2.5240457,10.6,4,4,4,5,2,2,0,3,250.0,-58.5,-139.0,0.0,-596.017736196518,-291.23239163924933,0.0,0
336,302,188,,cpu,6,-2665.4530833264175,-444.2421805544029,7,True,False,2,8,0,8,-0.3204575926065445,0.001936136104632169,0.019571011575559776,2.746530612309774,2.746530612309774,2.6026755968729653,2.746530612309774,,2.5,10,4,15,15,0,0,0,8.466666666666667,172.1678387038927,2.0004852,10.6,3,4,3,5,1,0,0,0,50.0,-13.0,-131.0,0.0,-2288.6596143245697,-282.79346900184794,0.0,0
337,90,547,,cpu,7,-1230.2396930164355,-175.7485275737765,3,True,False,2,12,0,10,-0.008368640073708125,6.95569862208296e-05,0.020630033686757088,2.35416909626552,2.35416909626552,1.6304171255656652,2.35416909626552,,2.142857142857143,10,5,15,15,0,0,0,9.466666666666667,202.01611899693398,2.6984134,10.6,3,4,3,5,0,0,0,3,150.0,-26.0,-131.0,0.0,-868.238890171051,-325.0008028453844,0.0,0
338,59,587,,cpu,6,-397.22960202907024,-66.20493367151171,0,True,False,,10,0,7,0.08472008754809697,0.00042558872022861277,0.02007388975471258,1.732867956161499,1.732867956161499,2.112252155939738,1.732867956161499,,2.5,10,4,15,15,0,0,0,9.4,197.49057060134365,2.1687734,10.6,3,4,3,5,0,0,0,2,100.0,-19.0,-131.0,0.0,0.0,-317.2296020290703,0.0,0
339,286,320,,cpu,18,-870.0502048614808,-48.33612249230449,1,True,False,2,10,0,7,-0.009070865939267807,0.0022416441677503623,0.020250001404848363,1.3704774512184992,1.370159063074324,0.7906158665815989,1.370159063074324,,1.2777777777777777,10,10,23,23,0,0,0,6.826086956521739,130.6879324703681,1.7744186,10.6,6,6,6,5,2,1,0,0,100.0,-44.5,-171.0,0.0,-276.615846157074,-347.93435870440686,0.0,0
340,264,398,,cpu,7,-1582.1351484512782,-226.01930692161116,4,True,False,2,11,0,8,-0.5822445750236511,0.007671187698308911,0.019254222778337344,3.458817890712193,3.4485536302839006,1.9633095264434814,3.4485536302839006,,2.142857142857143,10,5,15,15,0,0,0,6.066666666666666,99.84635961678259,1.441992,6.4,3,4,3,5,1,0,0,1,100.0,-19.0,-131.0,0.0,-1272.1784830093384,-199.95666544193972,0.0,0
341,293,484,,cpu,6,-1443.349903937659,-240.55831732294317,3,True,False,2,7,0,6,-0.7593201398849487,0.013858590119828781,0.018781977395216625,2.746530612309774,2.746530612309774,2.7760189374287925,2.746530612309774,,2.5,10,4,15,15,0,0,0,6.866666666666666,121.93470588652926,1.8076525,10.6,3,4,3,5,1,0,0,0,50.0,-9.5,-131.0,0.0,-1130.5152833461761,-222.33462059148297,0.0,0
342,109,491,,cpu,6,-1871.0411086597294,-311.8401847766216,5,True,False,2,10,0,8,-0.8042179147402445,0.01839072039971749,0.01962707315882047,2.746530612309774,2.746530612309774,2.139016568660736,2.746530612309774,,2.5,10,4,15,15,0,0,0,9.466666666666667,202.3414783718789,2.5203037,10.6,3,4,3,5,0,0,0,1,50.0,-17.0,-131.0,0.0,-1447.9426980018616,-325.0984106578678,0.0,0
343,186,195,,cpu,10,-1883.7718722132238,-188.37718722132237,6,True,False,2,8,0,7,-0.08458843007683754,0.009675778716336935,0.01951113548129797,0.43944492340087893,0.43944492340087893,0.5054267525672913,0.43944492340087893,,0.4,3,8,4,4,0,0,0,5.0,0.0,0.0,0.0,0,0,0,4,0,0,0,2,100.0,-23.5,-60.0,0.0,-1848.679679632187,-41.59219258103681,0.0,0
344,241,545,,cpu,150,-157359.4944653798,-1049.0632964358654,403,False,True,24,367,181,282,-3.521025112594167,7.22355381182977,0.11335117443154255,1.175709481239319,1.1735509467124938,0.2571259605884552,1.1735509467124938,,1.0,10,71,150,150,0,0,0,6.42,108.70621629243195,1.934674,8.4,36,38,33,43,16,5,0,23,1950.0,-12946.5,-1228.0,0.0,-142074.5973289013,-2110.3971364785157,0.0,0
345,7,375,,cpu,150,-26064.25178818835,-173.76167858792235,53,False,True,54,356,315,270,-0.10880468198874345,0.04683086399678056,0.23297470106432835,0.7835941123962402,0.7841340168317159,0.1432580582300822,0.7841340168317159,,0.82,10,80,123,123,0,0,0,9.520325203252032,232.59231774577293,2.3433104,10.6,26,30,22,45,16,6,2,10,1300.0,-10805.0,-1111.0,0.0,-11976.040855475076,-2672.210932713274,0.0,0
346,277,340,,cpu,5,-874.3197039767426,-174.86394079534853,2,True,False,2,6,0,6,0.08182887434959411,0.00025247457524528726,0.018476932123303414,3.2958367347717283,3.2958367347717283,2.622335433959961,3.2958367347717283,,3.0,10,3,15,15,0,0,0,6.333333333333333,111.40213171122072,1.4036258,10.6,3,4,3,5,1,0,0,0,50.0,-8.5,-131.0,0.0,-572.7605164051056,-212.05918757163704,0.0,0
347,298,375,,cpu,7,-923.0904757186097,-131.8700679598014,2,True,False,2,14,0,10,0.14218956232070923,0.001250284565945289,0.018683552209820067,2.35416909626552,2.35416909626552,1.8650601080485754,2.35416909626552,,2.142857142857143,10,5,15,15,0,0,0,6.333333333333333,111.40213171122072,1.7848837,10.6,3,4,3,5,1,0,0,1,100.0,-23.0,-131.0,0.0,-617.0312881469727,-212.05918757163704,0.0,0
348,253,549,,cpu,7,-220.85782097945864,-31.551117282779806,0,True,False,,20,0,13,0.20865258148738317,0.002572118870115706,0.018849354503410205,1.4853153909955705,1.4853153909955705,1.8947165693555559,1.4853153909955705,,2.142857142857143,10,5,15,15,0,0,0,6.866666666666666,122.01204051311478,1.8800116,10.6,3,4,3,5,2,0,0,2,200.0,-37.5,-131.0,0.0,0.0,-222.3578209794586,0.0,0
349,206,559,,cpu,150,-71628.09695010475,-477.52064633403165,186,False,True,69,336,299,265,-1.035604134121289,0.9103648474212483,0.08643366988748312,0.9603326908747355,0.9401275893052419,0.18255532493193943,0.9401275893052419,,0.9666666666666667,10,66,145,145,0,0,0,6.931034482758621,122.37758091131066,1.9708235,9.6,34,36,31,44,25,8,0,19,2200.0,-10016.0,-1211.0,0.0,-59558.224403858185,-2232.8725462465636,0.0,0
350,276,242,,cpu,26,-2212.8667008372263,-85.1102577245087,5,True,False,9,22,0,18,0.08281967538194014,0.010294953788388739,0.021136104129254818,1.0783664996807392,1.086867460837731,0.51287059371288,1.086867460837731,,1.2307692307692308,10,13,32,32,0,0,0,7.71875,143.66096422596343,2.0888178,8.6,7,9,6,10,5,1,1,0,250.0,-114.0,-275.0,0.0,-1339.9828617139094,-553.8838391233169,0.0,0
351,177,525,,cpu,6,-930.6410577536453,-155.1068429589409,2,True,False,2,13,0,8,0.06831786781549454,0.0002618047292154794,0.01905976204822461,2.746530612309774,2.746530612309774,1.9740370909372966,2.746530612309774,,2.5,10,4,15,15,0,0,0,7.733333333333333,162.44260215328396,2.0847902,10.6,3,4,3,5,0,0,0,2,100.0,-24.5,-131.0,0.0,-577.3317694664001,-267.8092882872452,0.0,0
352,222,227,,cpu,8,26.509759273703978,3.313719909212997,0,True,False,,19,0,15,0.017119198571890593,0.0006870796087241615,0.02037967718206346,0.43321698904037476,0.43321698904037476,0.7751564979553223,0.43321698904037476,,0.625,3,5,5,5,0,0,0,5.0,0.0,0.0,0.0,0,0,0,5,0,0,0,4,200.0,-46.5,-75.0,0.0,0.0,-51.990240726296015,0.0,0
353,229,187,,cpu,44,-7164.06278370124,-162.81960872048273,24,True,False,2,26,0,19,-0.06913154013454914,0.041859761981124226,0.027617188382216475,0.41860973834991455,0.3942450068213723,0.38102415474978363,0.3942450068213723,,0.4772727272727273,10,37,21,21,0,0,0,7.095238095238095,101.13847004681568,0.95597476,10.6,3,4,3,11,1,1,0,3,200.0,-306.0,-221.0,0.0,-6352.41202712059,-334.6507565806493,0.0,0
354,86,426,,cpu,6,-236.08160476470545,-39.34693412745091,0,True,False,,14,0,7,-0.31857484579086304,0.010665449236209193,0.01928472084303697,1.732867956161499,1.732867956161499,1.8380367358525593,1.732867956161499,,2.5,10,4,15,15,0,0,0,6.333333333333333,103.31991775000978,1.5977125,10.6,3,4,3,5,1,0,0,2,150.0,-22.5,-131.0,0.0,0.0,-212.58160476470545,0.0,0
355,150,360,,cpu,6,-411.505633224526,-68.58427220408767,0,True,False,,17,0,11,-0.4501246511936188,0.013689635942379633,0.0193484906728069,1.732867956161499,1.732867956161499,2.260387043158213,1.732867956161499,,2.5,10,4,15,15,0,0,0,9.2,234.6403780966597,1.9103199,10.6,3,4,3,5,0,0,0,2,100.0,-33.0,-131.0,0.0,0.0,-317.50563322452604,0.0,0
356,88,472,,cpu,6,-180.60710509066385,-30.10118418177731,0,True,False,,20,0,15,-0.3140380183855693,0.010419708987077078,0.01990192135175069,1.732867956161499,1.732867956161499,1.678904155890147,1.732867956161499,,2.5,10,4,15,15,0,0,0,6.333333333333333,103.40491883653775,1.6587454,10.6,3,4,3,5,1,0,0,3,200.0,-37.0,-131.0,0.0,0.0,-212.60710509066385,0.0,0
357,155,539,,cpu,6,-1868.215487806728,-311.369247967788,5,True,False,2,10,0,6,-0.6336609025796255,0.013539490289986134,0.01851911625514428,2.746530612309774,2.746530612309774,1.9558721681435902,2.746530612309774,,2.5,10,4,15,15,0,0,0,9.466666666666667,201.43384121584756,2.3988323,10.6,3,4,3,5,0,0,0,2,100.0,-18.0,-131.0,0.0,-1474.3893682956696,-324.82611951105844,0.0,0
358,305,206,,cpu,6,-2079.662890086313,-346.61048168105214,5,True,False,2,7,0,6,-0.49274271726608276,0.006589042255654931,0.017995703034102917,2.746530612309774,2.746530612309774,1.9580538272857666,2.746530612309774,,2.5,10,4,15,15,0,0,0,8.4,171.4190019737752,1.9596816,10.6,3,4,3,5,1,0,0,0,50.0,-14.0,-131.0,0.0,-1702.0940721035004,-282.56881798281273,0.0,0
359,219,149,,cpu,7,-388.0981457119914,-55.4425922445702,0,True,False,,18,0,15,0.045114120202405114,0.00024035794402672245,0.019539608220968927,1.4853153909955705,1.4853153909955705,1.6215804815292358,1.4853153909955705,,2.142857142857143,10,5,15,15,0,0,0,10.2,250.6956437538598,2.361152,10.6,3,4,3,5,0,0,0,3,150.0,-35.5,-131.0,0.0,0.0,-351.5981457119914,0.0,0
360,268,222,,cpu,26,-2475.201521474905,-95.20005851826558,5,True,False,2,11,0,7,0.023113883619841475,0.005105992720648198,0.019924262251991492,1.2741641264695387,1.2741641264695387,0.5123975597895108,1.2741641264695387,,1.2307692307692308,10,14,32,32,0,0,0,7.96875,152.9545874634481,2.3240762,10.6,7,9,6,10,3,2,0,1,200.0,-66.0,-275.0,0.0,-1581.162315607071,-573.0392058678342,0.0,0
361,259,309,,cpu,7,-306.13032855969254,-43.73290407995608,0,True,False,,16,0,15,0.16031430874552047,0.002145357646181115,0.019173784979752133,1.4853153909955705,1.4853153909955705,1.8189434323992049,1.4853153909955705,,2.142857142857143,10,5,15,15,0,0,0,8.133333333333333,158.70988242166612,1.9011269,9.6,3,4,3,5,1,0,0,2,150.0,-34.5,-131.0,0.0,0.0,-270.63032855969254,0.0,0
362,143,378,,cpu,6,-384.99079064150055,-64.16513177358343,0,True,False,,8,0,6,0.11769921829303105,0.0013304918344753485,0.019051678168276947,1.732867956161499,1.732867956161499,1.8959660877784092,1.732867956161499,,2.5,10,4,15,15,0,0,0,9.2,234.59090281990805,1.9822154,10.6,3,4,3,5,0,0,0,2,100.0,-16.5,-131.0,0.0,0.0,-317.4907906415005,0.0,0
363,177,536,,cpu,6,-697.1667683363785,-116.19446138939641,1,True,False,4,8,0,7,-0.007100299000740051,9.1432336082183e-05,0.018407660226027172,2.0707555611928306,2.0707555611928306,2.0946180522441864,2.0707555611928306,,2.5,10,4,15,15,0,0,0,7.733333333333333,162.44260215328396,2.0847902,10.6,3,4,3,5,0,0,0,1,50.0,-15.5,-131.0,0.0,-292.8574800491333,-267.8092882872452,0.0,0
364,208,371,,cpu,10,-564.103539428449,-56.41035394284491,1,True,False,2,12,0,11,-0.03107357108965516,5.607744128610648e-05,0.019256407395005226,1.6479183673858642,1.6479183673858642,1.0576554864645005,1.6479183673858642,,1.5,10,8,15,15,0,0,0,7.666666666666667,163.7508483928769,2.3829484,10.6,3,4,3,5,2,0,0,2,200.0,-34.5,-131.0,0.0,-292.2871708869934,-256.3163685414555,0.0,0
365,187,504,,cpu,14,-1516.2589161137196,-108.3042082938371,4,True,False,4,19,0,14,-0.0624956911695855,0.0013970856715397012,0.020098840285624777,0.986487695149013,0.986487695149013,0.7145990303584507,0.986487695149013,,1.2142857142857142,10,10,17,17,0,0,0,7.411764705882353,156.04412641718088,2.7205715,10.6,4,4,4,5,2,2,0,2,200.0,-54.0,-139.0,0.0,-1172.1885919570923,-291.0703241566273,0.0,0
366,95,486,,cpu,6,-421.06162072706434,-70.17693678784406,0,True,False,,16,0,15,0.04009853055079778,0.0002815655686087363,0.019486539686719578,1.732867956161499,1.732867956161499,2.0732794205347695,1.732867956161499,,2.5,10,4,15,15,0,0,0,9.533333333333333,202.2188452692004,2.2922113,10.6,3,4,3,5,0,0,0,2,100.0,-35.0,-131.0,0.0,0.0,-325.0616207270643,0.0,0
367,18,417,,cpu,6,-2157.056048265159,-359.5093413775265,6,True,False,2,11,0,9,-0.2441183179616928,0.0014688016466000893,0.01876451012988885,2.746530612309774,2.746530612309774,1.852490981419881,2.746530612309774,,2.5,10,4,15,15,0,0,0,7.133333333333334,127.32899169938857,1.8402935,9.6,3,4,3,5,0,0,0,2,100.0,-22.5,-131.0,0.0,-1826.7297506332397,-236.82629763191918,0.0,0
368,231,443,,cpu,7,-1285.006283137599,-183.57232616251414,3,True,False,2,7,0,7,-0.025792895151036128,0.00044006251567095333,0.017902328499725888,2.35416909626552,2.35416909626552,1.4881305353982108,2.35416909626552,,2.142857142857143,10,5,15,15,0,0,0,7.4,137.6620583429208,1.7474359,10.6,3,4,3,5,1,0,0,0,50.0,-16.0,-131.0,0.0,-894.4126546382904,-243.59362849930852,0.0,0
369,176,200,,cpu,150,-121833.45340236169,-812.2230226824113,367,False,True,9,407,348,312,-0.8368827313859947,2.5698002494761507,0.2266528730839491,0.5247786947091421,0.5188316571712493,0.214811726808548,0.5188316571712493,,0.6333333333333333,10,90,95,95,0,0,0,8.536842105263158,166.53756762028732,1.7294718,10.6,19,22,16,38,11,3,1,12,1150.0,-12241.5,-889.0,0.0,-107444.14883410471,-1798.8045682569802,0.0,0
370,187,491,,cpu,6,-640.3056290882239,-106.71760484803731,1,True,False,2,13,0,11,0.2690848410129547,0.00482684001326561,0.018731197342276573,2.746530612309774,2.746530612309774,2.0308528343836465,2.746530612309774,,2.5,10,4,15,15,0,0,0,7.733333333333333,163.32955678422178,2.028404,10.6,3,4,3,5,0,0,0,2,100.0,-29.0,-131.0,0.0,-292.2302544116974,-268.07537467652656,0.0,0
371,101,517,,cpu,150,-88841.1133682519,-592.2740891216794,272,False,True,47,223,85,170,-0.8993741843973597,1.0385824772337893,0.16874968696385623,0.8973333644866943,0.8953860672314962,0.19984477629264197,0.8953860672314962,,0.88,10,86,132,132,0,0,0,8.196969696969697,158.27538515646808,2.5556314,10.6,27,37,23,45,13,8,0,7,1000.0,-8183.5,-1175.0,0.0,-77058.77538919449,-2453.8379790574163,0.0,0
372,230,312,,cpu,8,-333.1429799525929,-41.64287249407411,0,True,False,,15,0,9,0.3362770304083824,0.013090009801089764,0.018521101213991642,1.2996509671211243,1.2996509671211243,1.5532124638557434,1.2996509671211243,,1.875,10,6,15,15,0,0,0,8.733333333333333,179.63969201509744,2.3623252,10.6,3,4,3,5,1,0,0,2,150.0,-31.0,-131.0,0.0,0.0,-291.1429799525929,0.0,0
373,155,535,,cpu,6,-974.1433608864882,-162.3572268144147,2,True,False,2,13,0,10,0.3872642020384471,0.008728994289413095,0.01837799573938052,2.746530612309774,2.746530612309774,2.2963650226593018,2.746530612309774,,2.5,10,4,15,15,0,0,0,9.533333333333333,202.6110144885605,2.3004663,10.6,3,4,3,5,0,0,0,2,100.0,-28.0,-131.0,0.0,-579.9640893936157,-325.1792714928723,0.0,0
374,275,216,,cpu,7,-1970.5204185785055,-281.50291693978653,5,True,False,2,9,0,7,0.060326531529426575,0.0032395444307309973,0.017622504915509905,2.35416909626552,2.35416909626552,2.006569113050188,2.35416909626552,,2.142857142857143,10,5,15,15,0,0,0,8.466666666666667,172.55751520896004,2.1223617,10.6,3,4,3,5,1,0,0,1,100.0,-15.0,-131.0,0.0,-1601.6100466251373,-282.9103719533682,0.0,0
375,76,438,,cpu,21,-1132.2324878019847,-53.91583275247546,3,True,False,14,24,0,17,0.08981202272254796,0.004141803224532244,0.02228473721160775,1.1989339959053766,1.1994548468362718,0.6912792296636672,1.1994548468362718,,1.380952380952381,10,10,29,29,0,0,0,6.068965517241379,92.74543366671314,2.272801,9.6,6,8,5,10,5,1,0,3,400.0,-114.0,-259.0,0.0,-684.7314924001694,-384.50099540181526,0.0,0
376,124,417,,cpu,150,-68696.96954280234,-457.9797969520156,200,False,True,8,381,332,295,-0.3959225743170828,0.5285289691957527,0.25296668278674284,1.0759801733493806,1.0276113367080688,0.19549800942341486,1.0276113367080688,,1.0,10,69,150,150,0,0,0,6.293333333333333,98.18884828602326,1.6771294,10.6,37,39,29,45,20,11,2,6,1300.0,-12192.5,-1259.0,0.0,-53458.953097462654,-2086.5164453396887,0.0,0
377,123,348,,cpu,6,-385.77617214032415,-64.29602869005403,0,True,False,,13,0,9,-0.1409506325920423,0.0010633056420677651,0.018952879433830578,1.732867956161499,1.732867956161499,2.268455187479655,1.732867956161499,,2.5,10,4,15,15,0,0,0,9.266666666666667,235.5421744826535,2.0033584,10.6,3,4,3,5,0,0,0,2,100.0,-27.0,-131.0,0.0,0.0,-317.77617214032415,0.0,0
378,157,389,,cpu,150,-90373.95462891363,-602.4930308594243,271,False,True,45,168,32,130,-1.1783958262621794,1.4191205883945122,0.16193964139868816,0.908024385770162,0.9223231132825216,0.23022229542334874,0.9223231132825216,,0.9266666666666666,10,78,139,139,0,0,0,7.402877697841727,149.52900349957378,1.9581435,10.6,34,37,26,42,6,10,0,12,900.0,-6293.5,-1174.0,0.0,-80496.60053253174,-2289.8540963818996,0.0,0
379,201,359,,cpu,93,-35394.60988311675,-380.5872030442661,114,True,False,2,62,0,49,-0.3369679504464711,0.5963289707101711,0.04589006897582803,1.0171328770217074,1.0177098589558755,0.18340163429578146,1.0177098589558755,,0.946236559139785,10,45,88,88,0,0,0,7.318181818181818,142.33165940146452,2.0636976,10.6,22,24,17,25,15,3,4,4,950.0,-1252.0,-728.0,0.0,-32381.325092712566,-1423.2847904041832,0.0,0
380,171,148,,cpu,14,-935.5698638385076,-66.82641884560768,2,True,False,4,14,0,11,-0.05883901300174849,0.0010665178846725862,0.018410149163433483,0.9369771821158273,0.9369771821158273,0.8403410911560059,0.9369771821158273,,1.1428571428571428,10,11,16,16,0,0,0,9.875,243.12634494551048,3.1100438,10.6,3,5,3,5,1,0,0,3,200.0,-53.5,-139.0,0.0,-531.2196433544159,-361.8502204840916,0.0,0
381,101,463,,cpu,6,-1980.8862638928945,-330.14771064881575,6,True,False,2,9,0,8,-0.23191286871830621,0.0013957055575701816,0.01818315094957749,2.746530612309774,2.746530612309774,1.8085718601942062,2.746530612309774,,2.5,10,4,15,15,0,0,0,6.333333333333333,103.31991775000978,1.5977125,10.6,3,4,3,5,1,0,0,2,150.0,-19.0,-131.0,0.0,-1748.304659128189,-212.58160476470545,0.0,0
382,289,313,,cpu,150,-91220.58703743081,-608.1372469162054,267,False,True,8,153,153,119,-0.9142122133790205,1.2488158888402632,0.08932139817625284,0.9622048179308573,0.9622050070762634,0.13890579412380855,0.9622050070762634,,0.9133333333333333,10,72,137,137,0,0,0,7.37956204379562,133.1368003109228,1.8654244,9.6,36,35,26,40,14,6,1,4,900.0,-6286.0,-1138.0,0.0,-81376.99442114292,-2249.5926162878923,0.0,0
383,212,531,,cpu,6,-1196.8322284365659,-199.47203807276097,3,True,False,4,19,0,14,0.33740633726119995,0.007463457295671105,0.018409123023351032,2.0707555611928306,2.0707555611928306,1.9544159173965454,2.0707555611928306,,2.5,10,4,15,15,0,0,0,7.733333333333333,162.92386909694198,2.1525002,10.6,3,4,3,5,0,0,0,2,100.0,-36.5,-131.0,0.0,-851.3785600662231,-267.9536683703426,0.0,0
384,96,439,,cpu,24,-721.8783626131881,-30.078265108882835,0,True,False,,15,0,11,0.22057410360624394,0.03212469241892298,0.021676046618570883,0.8953151106834412,0.8953151106834412,0.5436025758584341,0.8953151106834412,,1.2916666666666667,10,12,31,31,0,0,0,6.193548387096774,93.07803651618713,1.7770098,10.6,7,8,6,10,3,2,0,2,250.0,-106.0,-267.0,0.0,0.0,-428.87836261318813,0.0,0
385,16,480,,cpu,6,-1343.508618174621,-223.9181030291035,3,True,False,2,8,0,6,0.49407825867335003,0.014678677699218193,0.017722911511858303,2.697214444478353,2.7456409136454263,2.1070192654927573,2.7456409136454263,,2.5,10,4,15,15,0,0,0,7.866666666666666,147.03856684888822,1.6878248,8.6,3,4,3,5,0,0,0,1,50.0,-15.5,-131.0,0.0,-945.0595021247864,-261.94911604983463,0.0,0
386,192,515,,cpu,6,-335.2358649053242,-55.87264415088737,0,True,False,,13,0,11,0.645347535610199,0.016952528307835262,0.018017181816200416,1.732867956161499,1.732867956161499,2.641975482304891,1.732867956161499,,2.5,10,4,15,15,0,0,0,7.733333333333333,163.86452421354727,2.0797853,10.6,3,4,3,5,0,0,0,2,100.0,-26.0,-131.0,0.0,0.0,-268.2358649053242,0.0,0
387,293,513,,cpu,6,-2178.5280118935116,-363.0880019822519,5,True,False,2,6,0,5,0.17012825111548105,0.005642753065330908,0.01738646284987529,2.746530612309774,2.746530612309774,2.3535868525505066,2.746530612309774,,2.5,10,4,15,15,0,0,0,6.866666666666666,121.72192836067792,1.753951,10.6,3,4,3,5,1,0,0,0,50.0,-7.0,-131.0,0.0,-1868.257224559784,-222.27078733372755,0.0,0
388,72,571,,cpu,150,-26102.438954111632,-174.01625969407755,55,False,True,2,184,156,138,0.18240241977075736,0.26622936078192044,0.11473298221826553,0.9768184876441955,0.9655781658490499,0.16352304369211196,0.9655781658490499,,0.8866666666666667,10,82,133,133,0,0,0,8.308270676691729,157.5844344770835,2.6494627,10.6,26,39,23,45,15,4,0,22,1850.0,-6558.5,-1186.0,0.0,-16864.75561261177,-2513.183341499862,0.0,0
389,206,195,,cpu,8,-1255.9134106464037,-156.98917633080046,4,True,False,2,7,0,7,-0.006026702467352152,0.0006520108931908908,0.017947317799553275,0.13732653856277466,0.13732653856277466,0.15700392425060272,0.13732653856277466,,0.125,1,7,1,1,0,0,0,5.0,0.0,0.0,0.0,0,0,0,1,0,0,0,1,50.0,-20.5,-15.0,0.0,-1260.0153625011444,-10.398048145259203,0.0,0
390,165,166,,cpu,13,-2123.9858407114184,-163.38352620857066,7,True,False,2,8,0,5,-0.04965025559067726,0.0048041527574801315,0.017787417110342246,0.4225431955777682,0.4225431955777682,0.4814073672661415,0.4225431955777682,,0.38461538461538464,2,9,5,5,0,0,0,5.0,0.0,0.0,0.0,0,0,0,5,0,0,0,3,150.0,-29.5,-75.0,0.0,-2107.4955999851227,-51.990240726296015,0.0,0
391,170,290,,cpu,150,-53233.25475232858,-354.8883650155239,121,False,True,35,543,538,409,-0.5426082942386469,0.3829854221041508,0.3510514471679926,0.8100948774814606,0.8180347271760304,0.15003933876752854,0.8180347271760304,,0.8866666666666667,10,72,133,133,0,0,0,8.052631578947368,161.85666647884227,2.0125487,10.6,32,34,25,42,6,5,0,7,650.0,-19990.0,-1137.0,0.0,-29270.13406716287,-2416.1206851657103,0.0,0
392,215,519,,cpu,6,-1104.6962071197638,-184.11603451996064,3,True,False,2,16,0,13,-0.490038404862086,0.008077130420133471,0.017756294459104538,2.746530612309774,2.746530612309774,2.2447179158528647,2.746530612309774,,2.5,10,4,15,15,0,0,0,7.733333333333333,163.32955678422178,2.028404,10.6,3,4,3,5,0,0,0,4,200.0,-32.5,-131.0,0.0,-873.1208324432373,-268.07537467652656,0.0,0
393,118,528,,cpu,6,-348.97588749620934,-58.16264791603489,0,True,False,,15,0,12,-0.2520683705806732,0.0044886458199471235,0.018290936946868896,1.732867956161499,1.732867956161499,2.2965314785639444,1.732867956161499,,2.5,10,4,15,15,0,0,0,9.533333333333333,201.9330678330171,2.2779684,10.6,3,4,3,5,0,0,0,3,150.0,-33.0,-131.0,0.0,0.0,-324.97588749620934,0.0,0
394,247,522,,cpu,7,-915.9252959795097,-130.84647085421565,2,True,False,2,13,0,8,-0.2916282117366791,0.003505730236481343,0.01740126045686858,2.35416909626552,2.35416909626552,1.9691708428519112,2.35416909626552,,2.142857142857143,10,5,15,15,0,0,0,6.866666666666666,121.69066233182745,1.920953,10.6,3,4,3,5,2,0,0,0,100.0,-24.5,-131.0,0.0,-588.1638884544373,-222.26140752507243,0.0,0
395,154,512,,cpu,6,-359.1568091998298,-59.85946819997164,0,True,False,,17,0,12,-0.029092503090699513,0.00026434006501100765,0.017925367690622807,1.732867956161499,1.732867956161499,2.0726411441961923,1.732867956161499,,2.5,10,4,15,15,0,0,0,9.4,200.869473511752,2.2963464,10.6,3,4,3,5,0,0,0,3,150.0,-33.5,-131.0,0.0,0.0,-324.6568091998298,0.0,0
396,142,494,,cpu,6,-683.8577616362593,-113.97629360604321,1,True,False,2,9,0,7,0.09270185977220535,0.0005686430279941609,0.017862937102715176,2.746530612309774,2.746530612309774,1.9591082135836284,2.746530612309774,,2.5,10,4,15,15,0,0,0,9.533333333333333,202.2188452692004,2.2922113,10.6,3,4,3,5,0,0,0,2,100.0,-17.5,-131.0,0.0,-280.29614090919495,-325.0616207270643,0.0,0
397,140,362,,cpu,6,-322.57325923991294,-53.762209873318824,0,True,False,,12,0,9,0.26829905311266583,0.0029612441236774125,0.01774836052209139,1.732867956161499,1.732867956161499,2.2107030749320984,1.732867956161499,,2.5,10,4,15,15,0,0,0,9.2,234.8657981479496,2.034847,10.6,3,4,3,5,0,0,0,3,150.0,-24.0,-131.0,0.0,0.0,-317.573259239913,0.0,0
398,197,460,,cpu,7,-565.0721972615469,-80.72459960879242,1,True,False,2,16,0,12,0.19386933531079972,0.0034991512075066566,0.017988511760319983,2.35416909626552,2.35416909626552,1.3319203768457686,2.35416909626552,,2.142857142857143,10,5,15,15,0,0,0,7.4,137.51175440193418,1.841665,10.6,3,4,3,5,1,0,0,2,150.0,-36.0,-131.0,0.0,-284.5236599445343,-243.54853731701257,0.0,0
399,286,543,,cpu,7,-277.7707873337276,-39.68154104767537,0,True,False,,13,0,9,0.1937476098537445,0.0030401089627827916,0.01706236760531153,1.4853153909955705,1.4853153909955705,1.8554560116359167,1.4853153909955705,,2.142857142857143,10,5,15,15,0,0,0,6.866666666666666,121.72192836067792,1.88323,10.6,3,4,3,5,2,0,0,1,150.0,-24.5,-131.0,0.0,0.0,-222.27078733372755,0.0,0
400,182,508,,cpu,6,-357.1952304005949,-59.53253840009915,0,True,False,,15,0,10,0.1221762125690778,0.0010017830015082534,0.017876277056833107,1.732867956161499,1.732867956161499,2.120355705420176,1.732867956161499,,2.5,10,4,15,15,0,0,0,7.733333333333333,163.72907586444947,1.9982834,10.6,3,4,3,5,0,0,0,2,100.0,-28.0,-131.0,0.0,0.0,-268.1952304005948,0.0,0
401,58,534,,cpu,7,-296.6058083509154,-42.37225833584506,0,True,False,,22,0,15,-0.0058731745396341595,0.00010805830619834264,0.018726184431995665,1.4853153909955705,1.4853153909955705,1.5821917057037354,1.4853153909955705,,2.142857142857143,10,5,15,15,0,0,0,9.333333333333334,191.42344522672187,2.303414,10.6,3,4,3,5,0,0,0,4,200.0,-40.0,-131.0,0.0,0.0,-315.6058083509154,0.0,0
402,258,316,,cpu,7,-375.6836668883343,-53.669095269762046,0,True,False,,18,0,17,-0.07554574630090169,0.0008088036463180158,0.017679729631968906,1.4853153909955705,1.4853153909955705,1.8228892939431327,1.4853153909955705,,2.142857142857143,10,5,15,15,0,0,0,8.133333333333333,158.88767685047225,1.8292992,9.6,3,4,3,5,1,0,0,1,100.0,-34.0,-131.0,0.0,0.0,-270.6836668883343,0.0,0
403,130,455,,cpu,6,-1449.0637083509023,-241.51061805848371,4,True,False,2,14,0,10,-0.3092891375223796,0.0030587683916868023,0.018094999715685844,2.746530612309774,2.746530612309774,1.8945365448792775,2.746530612309774,,2.5,10,4,15,15,0,0,0,6.333333333333333,103.31991775000978,1.5977125,10.6,3,4,3,5,1,0,0,1,100.0,-28.5,-131.0,0.0,-1146.982103586197,-212.58160476470545,0.0,0
404,42,583,,cpu,150,-30888.138589043952,-205.9209239269597,73,False,True,8,152,103,120,-0.10517860712483525,0.11902534624440402,0.10722599436839421,0.9444397830963135,0.9449155060450236,0.16920222342014313,0.9449155060450236,,0.8733333333333333,10,73,131,131,0,0,0,8.381679389312977,161.80305302573615,2.7237113,10.6,25,39,22,45,13,9,1,10,1150.0,-4970.5,-1178.0,0.0,-22524.978589329883,-2484.65999971407,0.0,0
405,307,191,,cpu,6,-1686.0374270774325,-281.0062378462388,4,True,False,2,8,0,6,-0.27321510513623554,0.0013911667322948535,0.01658962480723858,2.746530612309774,2.746530612309774,2.1339559157689414,2.746530612309774,,2.5,10,4,15,15,0,0,0,8.4,171.4190019737752,1.9596816,10.6,3,4,3,5,1,0,0,0,50.0,-13.0,-131.0,0.0,-1309.4686090946198,-282.56881798281273,0.0,0
406,312,492,,cpu,6,-2412.796099487201,-402.13268324786685,6,True,False,2,6,0,6,-0.2474163149793943,0.0013882352723157965,0.01665758217374484,2.746530612309774,2.746530612309774,2.1512666443983712,2.746530612309774,,2.5,10,4,15,15,0,0,0,6.866666666666666,121.53242204176128,1.705506,10.6,3,4,3,5,1,0,0,0,50.0,-8.5,-131.0,0.0,-2101.0821640491486,-222.21393543805257,0.0,0
407,216,546,,cpu,6,-357.7654968917924,-59.62758281529873,0,True,False,,19,0,16,0.2715820123751958,0.005994304859389861,0.017565116596718628,1.732867956161499,1.732867956161499,1.7482311725616455,1.732867956161499,,2.5,10,4,15,15,0,0,0,7.733333333333333,162.29663083510766,2.2194307,10.6,3,4,3,5,0,0,0,2,100.0,-39.0,-131.0,0.0,0.0,-267.76549689179234,0.0,0
408,179,139,,cpu,150,-55658.97894220095,-371.059859614673,141,False,True,83,366,292,282,-0.603008343167603,0.5019786974519396,0.2528393404558301,0.7001977602640788,0.684205547173818,0.19889665246009827,0.684205547173818,,0.82,10,83,123,123,0,0,0,9.211382113821138,199.3255296411127,2.559467,10.6,26,32,25,40,5,4,0,5,500.0,-14866.5,-1061.0,0.0,-36621.62580192089,-2559.8531402800545,0.0,0
409,190,559,,cpu,150,-9669.309135697918,-64.46206090465279,6,False,True,145,311,298,233,0.20609185787538686,0.12294479385222681,0.04642472057292859,0.7021213185787201,0.6927087632815043,0.13867341379324596,0.6927087632815043,,0.9,10,73,135,135,0,0,0,8.059259259259258,153.47560192745777,2.2131345,7.6,28,36,26,45,15,5,0,15,1500.0,-4941.5,-1181.0,0.0,-1695.0349867343903,-2471.774148963527,0.0,0
410,249,476,,cpu,5,-1270.8856132651395,-254.17712265302788,3,True,False,2,7,0,7,0.5329368710517883,0.011907954886555671,0.01679476834833622,3.2958367347717283,3.2958367347717283,2.425866436958313,3.2958367347717283,,3.0,10,3,15,15,0,0,0,6.133333333333334,96.95713252512085,1.2879518,10.6,3,4,3,5,1,0,0,0,50.0,-11.0,-131.0,0.0,-979.942399263382,-198.94321400175738,0.0,0
411,295,528,,cpu,7,-280.21393543805254,-40.03056220543608,0,True,False,,15,0,10,0.4139562589781625,0.017826127021440437,0.016834302938410213,1.4853153909955705,1.4853153909955705,1.750164202281407,1.4853153909955705,,2.142857142857143,10,5,15,15,0,0,0,6.866666666666666,121.53242204176128,1.9014727,10.6,3,4,3,5,2,0,0,1,150.0,-27.0,-131.0,0.0,0.0,-222.21393543805257,0.0,0
412,271,340,,cpu,5,-589.4711605355792,-117.89423210711584,1,True,False,2,9,0,7,0.5876524567604064,0.012432915717363357,0.01683509014546871,3.2958367347717283,3.2958367347717283,2.4524986028671263,3.2958367347717283,,3.0,10,3,15,15,0,0,0,6.333333333333333,111.40594072661773,1.3188516,9.6,3,4,3,5,1,0,0,0,50.0,-14.0,-131.0,0.0,-282.4108302593231,-212.06033027625614,0.0,0
413,176,323,,cpu,7,-293.82331679302104,-41.974759541860145,0,True,False,,12,0,9,0.24903357454708644,0.0077140119725040025,0.017727514462811605,1.4853153909955705,1.4853153909955705,1.6122449551309859,1.4853153909955705,,2.142857142857143,10,5,15,15,0,0,0,7.666666666666667,163.77400923142866,2.082995,10.6,3,4,3,5,1,0,0,2,150.0,-26.5,-131.0,0.0,0.0,-256.3233167930211,0.0,0
414,279,248,,cpu,7,-676.3952120571121,-96.62788743673029,1,True,False,2,13,0,11,0.13170571412358964,0.0013331965393652873,0.016959587644253458,2.35416909626552,2.35416909626552,1.7713369684559959,2.35416909626552,,2.142857142857143,10,5,15,15,0,0,0,8.133333333333333,158.05777177570508,1.8988657,10.6,3,4,3,5,1,0,0,1,100.0,-27.5,-131.0,0.0,-307.4605166912079,-270.4346953659042,0.0,0
415,299,292,,cpu,5,-371.4972466457685,-74.2994493291537,0,True,False,,12,0,11,-0.04587575644254684,0.0002352879424506682,0.016642462462186813,2.079441547393799,2.079441547393799,2.4536683320999146,2.079441547393799,,3.0,10,3,15,15,0,0,0,8.133333333333333,158.26627604191933,1.4794604,10.6,3,4,3,5,1,0,0,0,50.0,-20.0,-131.0,0.0,0.0,-270.4972466457684,0.0,0
416,75,398,,cpu,6,-350.87172134969677,-58.47862022494946,0,True,False,,10,0,7,-0.24628636240959167,0.002107920910930261,0.017646196919182938,3.597513198852539,3.4529417355855307,2.08737842241923,3.4529417355855307,,2.5,10,4,15,15,0,0,0,7.8,159.6030731578814,1.5310043,7.4,3,4,3,5,0,0,0,2,100.0,-19.0,-131.0,0.0,0.0,-260.87172134969677,0.0,0
417,189,159,,cpu,7,-2135.5911573220196,-305.0844510460028,6,True,False,2,9,0,6,-0.4696630835533142,0.014458104435886656,0.016689970024994442,1.7682973997933524,1.7749178068978446,1.654536247253418,1.7749178068978446,,2.142857142857143,10,5,15,15,0,0,0,10.2,250.365480398648,2.461038,10.6,3,4,3,5,0,0,0,2,100.0,-18.0,-131.0,0.0,-1706.4559578895569,-350.13519943246274,0.0,0
418,219,514,,cpu,6,-352.57537467652656,-58.76256244608776,0,True,False,,18,0,13,-0.32555969556172687,0.005667542262623708,0.017342136551936466,1.732867956161499,1.732867956161499,2.4799654881159463,1.732867956161499,,2.5,10,4,15,15,0,0,0,7.733333333333333,163.32955678422178,2.028404,10.6,3,4,3,5,0,0,0,2,100.0,-33.5,-131.0,0.0,0.0,-268.07537467652656,0.0,0
419,94,372,,cpu,150,-24813.300593654014,-165.42200395769342,56,False,True,21,279,244,217,-0.2851870462608834,0.11656950336056374,0.16471092008054256,0.7994987612962723,0.8195707249641419,0.16269749850034715,0.8195707249641419,,0.8733333333333333,10,78,131,131,0,0,0,8.442748091603054,192.72334529372225,2.2041173,10.6,30,33,23,45,17,4,0,7,1200.0,-8246.0,-1158.0,0.0,-13200.543695688248,-2498.7568979657644,0.0,0
420,199,394,,cpu,7,-402.82331679302104,-57.54618811328872,0,True,False,,7,0,6,-0.12931046847786223,0.0029503926135865705,0.0169893992798669,1.4853153909955705,1.4853153909955705,1.5192372713770186,1.4853153909955705,,2.142857142857143,10,5,15,15,0,0,0,7.666666666666667,163.77400923142866,2.082995,10.6,3,4,3,5,1,0,0,0,50.0,-15.5,-131.0,0.0,0.0,-256.3233167930211,0.0,0
421,242,327,,cpu,5,-319.0592156930063,-63.81184313860126,0,True,False,,17,0,14,-0.06530962903052569,0.0002872571705665905,0.017200424894690515,2.079441547393799,2.079441547393799,2.5763640880584715,2.079441547393799,,3.0,10,3,15,15,0,0,0,6.333333333333333,111.40222544911815,1.3932178,10.6,3,4,3,5,1,0,0,0,50.0,-26.0,-131.0,0.0,0.0,-212.0592156930063,0.0,0
422,272,420,,cpu,15,-2289.8194074763974,-152.65462716509316,6,True,False,2,13,0,10,-0.10330690741539002,0.0019954851551725974,0.017500996713836987,1.4377853393554687,1.4377853393554687,0.9468253235022227,1.4377853393554687,,1.3333333333333333,10,9,20,20,0,0,0,5.65,89.9717218479133,1.7878875,10.6,5,5,5,5,4,2,0,0,200.0,-34.0,-155.0,0.0,-1958.1872642040253,-242.6321432723721,0.0,0
423,95,365,,cpu,6,-244.00563322452604,-40.667605537421004,0,True,False,,26,0,16,0.21645804742972055,0.003961038465301196,0.01859887782484293,1.732867956161499,1.732867956161499,2.1223513086636863,1.732867956161499,,2.5,10,4,15,15,0,0,0,9.2,234.6403780966597,1.9103199,10.6,3,4,3,5,0,0,0,5,250.0,-45.5,-131.0,0.0,0.0,-317.50563322452604,0.0,0
424,96,493,,cpu,6,-1567.0978802131917,-261.18298003553195,4,True,False,2,10,0,10,0.04049673800667127,0.0010264524847419427,0.01760586475332578,2.746530612309774,2.746530612309774,1.8624226450920105,2.746530612309774,,2.5,10,4,15,15,0,0,0,9.466666666666667,201.43384121584756,2.3988323,10.6,3,4,3,5,0,0,0,2,100.0,-21.5,-131.0,0.0,-1169.7717607021332,-324.82611951105844,0.0,0
425,314,465,,cpu,5,-644.5450242611892,-128.90900485223784,1,True,False,2,9,0,5,0.2577385544776917,0.0025453852023929356,0.016357357800006866,3.2958367347717283,3.2958367347717283,2.556893825531006,3.2958367347717283,,3.0,10,3,15,15,0,0,0,6.133333333333334,96.90283919331938,1.1440796,9.6,3,4,3,5,1,0,0,0,50.0,-12.0,-131.0,0.0,-352.61809825897217,-198.92692600221693,0.0,0
426,201,541,,cpu,150,-96005.87951341107,-640.0391967560738,271,False,True,7,382,377,285,-1.7508085719744364,2.1984124639381966,0.0948276824504137,0.9915372327963511,0.991110336780548,0.1997336043914159,0.991110336780548,,0.94,10,74,141,141,0,0,0,7.276595744680851,133.86375094599796,2.087542,10.6,32,35,29,45,21,5,1,11,1600.0,-10591.5,-1202.0,0.0,-82548.93154738256,-2323.4479660285065,0.0,0
427,243,192,,cpu,6,-1450.9870332576236,-241.83117220960392,4,True,False,2,10,0,7,-0.0009447919825712839,0.00039089833338342334,0.016896819074948628,2.746530612309774,2.746530612309774,1.9443775415420532,2.746530612309774,,2.5,10,4,15,15,0,0,0,8.4,171.4190019737752,1.9596816,10.6,3,4,3,5,1,0,0,0,50.0,-17.5,-131.0,0.0,-1069.9182152748108,-282.56881798281273,0.0,0
428,94,120,,cpu,7,-541.6565520516524,-77.37950743595034,0,True,False,,16,0,10,0.06381093178476606,0.0007463216108070421,0.017331646223153387,1.4853153909955705,1.4853153909955705,1.7651773520878382,1.4853153909955705,,2.142857142857143,10,5,15,15,0,0,0,13.066666666666666,284.0552213513675,2.6534517,10.6,3,4,3,5,0,0,0,2,100.0,-27.5,-131.0,0.0,0.0,-453.15655205165245,0.0,0
429,153,389,,cpu,7,-349.6626437130361,-49.95180624471944,0,True,False,,16,0,11,-0.056538705847093036,0.00010214090382630405,0.017823740307773863,1.4853153909955705,1.4853153909955705,1.8388220071792603,1.4853153909955705,,2.142857142857143,10,5,15,15,0,0,0,9.2,235.1637463916936,2.2646413,10.6,3,4,3,5,0,0,0,3,150.0,-31.0,-131.0,0.0,0.0,-317.6626437130362,0.0,0
430,154,491,,cpu,6,-2118.132737011339,-353.0221228352232,6,True,False,2,9,0,8,-0.5732350945472717,0.009385013370774686,0.01692054948459069,2.746530612309774,2.746530612309774,1.9096117615699768,2.746530612309774,,2.5,10,4,15,15,0,0,0,9.466666666666667,202.01611899693398,2.4405935,10.6,3,4,3,5,0,0,0,1,50.0,-20.0,-131.0,0.0,-1682.1319341659546,-325.0008028453844,0.0,0
431,49,423,,cpu,6,-261.2810513531393,-43.54684189218988,0,True,False,,19,0,14,-0.195438822110494,0.0030518599475423494,0.01764932181686163,1.732867956161499,1.732867956161499,1.7704175015290577,1.732867956161499,,2.5,10,4,15,15,0,0,0,7.133333333333334,127.1781707701222,1.9754475,9.6,3,4,3,5,0,0,0,3,150.0,-33.5,-131.0,0.0,0.0,-236.78105135313925,0.0,0
432,76,464,,cpu,42,-5284.5576072356,-125.82280017227619,16,True,False,14,26,0,19,-0.1284729124689918,0.033808776951662456,0.026150402657332875,1.1469862290791102,1.1430944289479936,0.36709690803573247,1.1430944289479936,,1.0952380952380953,10,21,46,46,0,0,0,6.3478260869565215,94.67399991392656,2.1204739,9.6,11,12,8,15,4,7,1,4,400.0,-245.0,-400.0,0.0,-4156.784152682628,-642.7734545529715,0.0,0
433,29,499,,cpu,6,-2015.0713086435753,-335.84521810726255,5,True,False,2,6,0,6,-0.5773982405662537,0.008669390343129635,0.016243964123229187,2.746530612309774,2.746530612309774,2.138723691304525,2.746530612309774,,2.5,10,4,15,15,0,0,0,9.333333333333334,192.48253293193994,1.9675382,10.6,3,4,3,5,0,0,0,1,50.0,-11.5,-131.0,0.0,-1566.6477739810944,-315.92353466248085,0.0,0
434,119,95,,cpu,150,-18140.765460148297,-120.93843640098865,2,False,True,35,458,458,349,8.963960300510128e-05,0.07986126947249735,0.2188905697936813,0.5342578572034836,0.5505618989467621,0.13580996930599212,0.5505618989467621,,0.7466666666666667,10,88,112,112,0,0,0,10.928571428571429,216.36123041438296,2.7476785,10.6,22,28,22,40,14,6,0,14,1400.0,-14513.0,-1000.0,0.0,-511.9162678718567,-2785.849192276439,0.0,0
435,170,141,,cpu,7,-1651.6002763396236,-235.94289661994623,5,True,False,2,17,0,13,-0.2791007416588919,0.0017545665053018769,0.016953195312193463,2.35416909626552,2.35416909626552,1.8342835903167725,2.35416909626552,,2.142857142857143,10,5,15,15,0,0,0,10.2,250.6956437538598,2.361152,10.6,3,4,3,5,0,0,0,3,150.0,-42.5,-131.0,0.0,-1256.5021306276321,-351.5981457119914,0.0,0
436,179,128,,cpu,7,-412.60030920014833,-58.9429013143069,0,True,False,,12,0,10,0.06744008617741722,0.0007126950201511915,0.017281504081828252,1.4853153909955705,1.4853153909955705,1.6638101850237166,1.4853153909955705,,2.142857142857143,10,5,15,15,0,0,0,10.2,250.70285538104974,2.5782363,10.6,3,4,3,5,0,0,0,2,100.0,-30.0,-131.0,0.0,0.0,-351.6003092001484,0.0,0
437,268,199,,cpu,6,-2215.136649658281,-369.18944160971347,6,True,False,2,8,0,7,-0.24228902657826742,0.0011668060324154794,0.01606693398207426,2.746530612309774,2.746530612309774,2.2944610516230264,2.746530612309774,,2.5,10,4,15,15,0,0,0,8.466666666666667,172.1678387038927,2.0004852,10.6,3,4,3,5,1,0,0,0,50.0,-14.5,-131.0,0.0,-1836.843180656433,-282.79346900184794,0.0,0
438,287,446,,cpu,6,-257.9432140017574,-42.990535666959566,0,True,False,,15,0,14,0.2313046008348465,0.0038938981015235186,0.016188009021182854,1.732867956161499,1.732867956161499,2.0553855101267495,1.732867956161499,,2.5,10,4,15,15,0,0,0,6.133333333333334,96.95713252512085,1.4508395,10.6,3,4,3,5,2,1,0,0,100.0,-28.0,-131.0,0.0,0.0,-198.94321400175738,0.0,0
439,283,270,,cpu,5,-1301.142942235023,-260.2285884470046,3,True,False,2,6,0,6,0.08984156548976899,0.0015790002566063777,0.015923572704195976,3.2958367347717283,3.2958367347717283,2.8351388931274415,3.2958367347717283,,3.0,10,3,15,15,0,0,0,8.133333333333333,159.46159044353973,1.505682,9.6,3,4,3,5,1,0,0,0,50.0,-9.0,-131.0,0.0,-940.2871012687683,-270.8558409662546,0.0,0
440,220,332,,cpu,7,-1737.3734820617594,-248.1962117231085,5,True,False,2,9,0,7,-0.06794837915471622,0.00048105621057662314,0.016254805028438568,2.35416909626552,2.35416909626552,1.7619919606617518,2.35416909626552,,2.142857142857143,10,5,15,15,0,0,0,7.666666666666667,163.95445187247284,2.105188,10.6,3,4,3,5,1,0,0,0,50.0,-18.5,-131.0,0.0,-1341.4960324764252,-256.3774495853343,0.0,0
441,53,418,,cpu,150,-77884.11964094517,-519.2274642729677,248,False,True,20,238,166,181,-1.4270022826145092,1.4052616917613583,0.2621801794692874,0.981890168984731,1.0018295673529307,0.21102067122856777,1.0018295673529307,,0.96,10,73,144,144,0,0,0,6.881944444444445,118.74768978461111,2.0183904,9.6,34,39,26,45,19,7,1,15,1700.0,-10976.5,-1235.0,0.0,-64248.06177901484,-2194.557861930324,0.0,0
442,174,333,,cpu,8,-149.85556450816154,-18.731945563520192,0,True,False,,24,0,21,0.09571193903684616,0.0009375271401950158,0.01784493844024837,1.2996509671211243,1.2996509671211243,1.4569502025842667,1.2996509671211243,,1.875,10,6,15,15,0,0,0,7.666666666666667,163.8815016152302,2.2857893,10.6,3,4,3,5,1,0,0,5,300.0,-52.5,-131.0,0.0,0.0,-256.35556450816154,0.0,0
443,25,376,,cpu,6,-453.79619333693705,-75.6326988894895,0,True,False,,9,0,6,-0.026161108786861103,0.00014759873981044316,0.016681580804288387,1.732867956161499,1.732867956161499,1.9156618118286133,1.732867956161499,,2.5,10,4,15,15,0,0,0,11.0,301.7256489103566,2.0347347,10.6,3,4,3,5,0,0,0,2,100.0,-17.5,-131.0,0.0,0.0,-375.2961933369371,0.0,0
444,179,519,,cpu,150,-145066.8104450028,-967.112069633352,460,False,True,2,108,100,80,-2.906481304168701,5.89297566213451,0.08514819268758099,1.060224613348643,1.0619406048456828,0.2188466888666153,1.0619406048456828,,0.9466666666666667,10,75,142,142,0,0,0,7.063380281690141,132.51973435431788,2.146316,10.6,31,35,31,45,12,15,3,8,1000.0,-4294.5,-1203.0,0.0,-137351.50580037758,-2287.804644625235,0.0,0
445,259,242,,cpu,5,-361.50181167981555,-72.30036233596311,0,True,False,,7,0,6,-0.008511728793382644,5.527045541384723e-05,0.015667689964175224,2.079441547393799,2.079441547393799,2.6547332286834715,2.079441547393799,,3.0,10,3,15,15,0,0,0,8.133333333333333,159.94815948874296,1.4051235,9.6,3,4,3,5,1,0,0,0,50.0,-9.5,-131.0,0.0,0.0,-271.00181167981555,0.0,0
446,37,500,,cpu,6,-2004.451784436471,-334.0752974060785,5,True,False,2,8,0,7,-0.36093248923619586,0.0019574241059672204,0.0157933811036249,2.746530612309774,2.746530612309774,2.25169042746226,2.746530612309774,,2.5,10,4,15,15,0,0,0,9.333333333333334,192.04455811342856,1.9518971,10.6,3,4,3,5,0,0,0,1,50.0,-14.5,-131.0,0.0,-1553.1596422195435,-315.79214221692746,0.0,0
447,251,482,,cpu,6,-1008.4163198250453,-168.06938663750756,2,True,False,2,9,0,8,-0.07123452673355739,0.00010897551692323759,0.015510828544696173,2.746530612309774,2.746530612309774,2.3144481976826987,2.746530612309774,,2.5,10,4,15,15,0,0,0,6.866666666666666,122.18999132612193,1.803399,10.6,3,4,3,5,1,0,0,0,50.0,-17.0,-131.0,0.0,-688.0051136016846,-222.41120622336075,0.0,0
448,125,441,,cpu,11,-412.08160476470545,-37.46196406951868,0,True,False,,13,0,8,0.07807527888904918,0.001219043248883364,0.01639237864450975,0.9452007033608176,0.9452007033608176,0.9880974672057412,0.9452007033608176,,1.3636363636363635,10,9,15,15,0,0,0,6.333333333333333,103.31991775000978,2.0246222,10.6,3,4,3,5,1,1,0,0,50.0,-28.5,-131.0,0.0,0.0,-212.58160476470545,0.0,0
449,308,457,,cpu,5,-2387.95643901707,-477.591287803414,6,True,False,2,12,0,9,-0.25690896809101105,0.0012813623121473937,0.0151669193059206,3.2958367347717283,3.2958367347717283,2.228056788444519,3.2958367347717283,,3.0,10,3,15,15,0,0,0,6.133333333333334,96.88792734799297,1.262413,10.6,3,4,3,5,1,0,0,0,50.0,-20.5,-131.0,0.0,-2087.533986568451,-198.92245244861903,0.0,0
450,235,490,,cpu,46,-13696.764053406596,-297.75574029144775,39,True,False,2,23,0,17,-0.30463260979108187,0.09927426838397008,0.020150588724114325,1.3623881521432295,1.3605764249096746,0.3911058261342671,1.3605764249096746,,1.0869565217391304,10,24,50,50,0,0,0,6.66,115.09053306245558,1.9334053,9.4,11,13,11,15,5,3,2,3,400.0,-259.0,-417.0,0.0,-12371.452754405333,-739.3112990012634,0.0,0
451,267,105,,cpu,150,-43191.417308878415,-287.9427820591894,101,False,True,74,230,220,180,-0.2956043393723667,0.16084842266626462,0.0993314164939026,0.8782930787404378,0.7819373202323914,0.13691758811473848,0.7819373202323914,,0.8866666666666667,10,73,133,133,0,0,0,8.045112781954888,144.01566809832227,2.391981,10.6,30,36,27,40,13,11,0,10,1150.0,-8001.5,-1119.0,0.0,-31849.168640375137,-2431.7486685032763,0.0,0
452,159,355,,cpu,43,-3293.913723785192,-76.60264473919051,8,True,False,2,42,0,32,0.21843456251676693,0.0624883161198404,0.02782549260747294,1.0202100387839383,1.0233421907868496,0.4274614487969598,1.0233421907868496,,1.0232558139534884,10,24,44,44,0,0,0,7.863636363636363,166.1973824541336,2.1100514,10.6,9,11,9,15,4,1,0,5,450.0,-399.0,-385.0,0.0,-1923.7429738044739,-776.1707499807181,0.0,0
453,282,525,,cpu,6,-691.7757725896674,-115.29596209827791,1,True,False,4,11,0,9,0.5119024713834127,0.016949649589757126,0.015001414498935143,2.0707555611928306,2.0707555611928306,1.8000673552354176,2.0707555611928306,,2.5,10,4,15,15,0,0,0,6.866666666666666,121.51730615472856,1.8252426,10.6,3,4,3,5,1,0,0,0,50.0,-22.0,-131.0,0.0,-366.5663719177246,-222.20940067194272,0.0,0
454,256,315,,cpu,150,-142020.5751643114,-946.8038344287426,429,False,True,39,260,143,188,-2.34110718117406,5.480435255424818,0.18826329996809363,0.9780282346407573,0.9292230463027954,0.2009179013967514,0.9292230463027954,,0.92,10,76,138,138,0,0,0,7.391304347826087,134.4188840334284,1.8101395,10.6,35,37,26,40,14,6,0,12,1300.0,-11048.5,-1149.0,0.0,-127849.04971159995,-2264.0254527114594,0.0,0
455,191,329,,cpu,7,-553.7179995136466,-79.10257135909238,1,True,False,2,11,0,9,0.6255612543651036,0.02466171288064548,0.01568439243627446,2.35416909626552,2.35416909626552,1.5416827201843262,2.35416909626552,,2.142857142857143,10,5,15,15,0,0,0,7.666666666666667,164.01852044938104,2.200376,10.6,3,4,3,5,1,0,0,1,100.0,-25.5,-131.0,0.0,-230.82132935523987,-256.3966701584068,0.0,0
456,200,495,,cpu,78,-25602.870040432437,-328.24192359528763,79,True,False,2,35,0,27,-0.07431946303217839,0.25204604320848983,0.03350285289044946,1.112697069461529,1.112697069461529,0.28731108552370316,1.112697069461529,,1.0128205128205128,10,39,79,79,0,0,0,7.215189873417722,135.44775716974758,2.213753,10.6,18,19,17,25,7,11,4,4,550.0,-711.0,-668.0,0.0,-23034.665549027155,-1309.2044914052822,0.0,0
457,90,126,,cpu,150,-34647.79757145789,-230.9853171430526,61,False,True,45,469,462,354,-0.04659479394167041,0.06493640864758542,0.25752521212523183,0.5763025293747585,0.5800863667329152,0.12530808329582213,0.5800863667329152,,0.7333333333333333,10,88,110,110,0,0,0,11.336363636363636,224.54852290101658,2.9306533,10.6,22,27,21,40,5,2,0,5,500.0,-15007.5,-989.0,0.0,-15408.626180887222,-2842.67139057067,0.0,0
458,259,532,,cpu,7,-880.60588087641,-125.80084012520142,2,True,False,2,18,0,14,0.6219627005713326,0.022444677406123707,0.015117244661918708,2.35416909626552,2.35416909626552,1.4566793271473475,2.35416909626552,,2.142857142857143,10,5,15,15,0,0,0,6.866666666666666,121.7807114042587,2.0203664,10.6,3,4,3,5,2,0,0,1,150.0,-36.5,-131.0,0.0,-620.8174586296082,-222.2884222468018,0.0,0
459,132,525,,cpu,6,-381.0007568145734,-63.50012613576223,0,True,False,,12,0,9,0.8177868723869324,0.022275090217590332,0.015338819318761429,1.732867956161499,1.732867956161499,2.0523564418156943,1.732867956161499,,2.5,10,4,15,15,0,0,0,9.466666666666667,202.0159655608974,2.5285664,10.6,3,4,3,5,0,0,0,2,100.0,-25.0,-131.0,0.0,0.0,-325.0007568145734,0.0,0
460,77,412,,cpu,150,-79783.17318241087,-531.8878212160724,260,False,True,38,329,329,251,-1.0595035529346206,1.2997005521420957,0.196405629478395,1.0308210964997608,1.0616312007109323,0.18364098032315573,1.0616312007109323,,0.9466666666666667,10,73,142,142,0,0,0,6.950704225352113,123.38528973294167,1.7556328,8.6,33,37,27,45,14,11,1,16,1500.0,-10007.5,-1217.0,0.0,-66922.36587107182,-2196.3073113390546,0.0,0
461,275,349,,cpu,34,-3891.158281242919,-114.44583180126233,13,True,False,13,18,0,11,0.17237025061074426,0.03377256762223624,0.01669842201997252,1.1051421586204977,1.1051421586204977,0.4155420398010927,1.1051421586204977,,1.1470588235294117,10,20,39,39,0,0,0,6.0256410256410255,102.94660663942665,1.6259562,8.6,10,11,8,10,5,1,2,3,400.0,-118.0,-312.0,0.0,-3109.8978493621526,-521.2604318807666,0.0,0
462,141,363,,cpu,6,-381.573259239913,-63.59554320665217,0,True,False,,12,0,8,0.5085163315137228,0.01857761728266875,0.015301731570313374,1.732867956161499,1.732867956161499,1.798942506313324,1.732867956161499,,2.5,10,4,15,15,0,0,0,9.2,234.8657981479496,2.034847,10.6,3,4,3,5,0,0,0,2,100.0,-23.0,-131.0,0.0,0.0,-317.573259239913,0.0,0
463,144,141,,cpu,7,-489.104459925268,-69.8720657036097,0,True,False,,20,0,16,0.37192128385816303,0.01144020731693932,0.0158266510282244,1.4853153909955705,1.4853153909955705,1.7074436630521501,1.4853153909955705,,2.142857142857143,10,5,15,15,0,0,0,13.066666666666666,283.8815809300857,2.6911776,10.6,3,4,3,5,0,0,0,3,150.0,-45.0,-131.0,0.0,0.0,-453.10445992526786,0.0,0
464,272,174,,cpu,8,-497.7678936816652,-62.22098671020815,1,True,False,2,18,0,12,0.25546345859766006,0.004260923160472885,0.015040108584798872,2.0598979592323303,2.0598979592323303,1.3649417906999588,2.0598979592323303,,1.875,10,6,15,15,0,0,0,8.4,171.4190019737752,2.334871,10.6,3,4,3,5,1,0,0,4,250.0,-37.5,-131.0,0.0,-266.69907569885254,-282.56881798281273,0.0,0
465,308,174,,cpu,6,-2499.3395824284485,-416.5565970714081,7,True,False,2,8,0,7,-0.26252282162507373,0.002303805130698796,0.01454969123005867,2.746530612309774,2.746530612309774,1.731539011001587,2.746530612309774,,2.5,10,4,15,15,0,0,0,8.4,171.28179716568886,1.9824275,10.6,3,4,3,5,1,0,0,0,50.0,-13.5,-131.0,0.0,-2122.3119258880615,-282.52765654038683,0.0,0
466,279,355,,cpu,5,-1194.3062771355878,-238.86125542711756,3,True,False,2,8,0,5,-0.2720610797405243,0.0015981999691575765,0.0145414462313056,3.2958367347717283,3.2958367347717283,2.7736534118652343,3.2958367347717283,,3.0,10,3,15,15,0,0,0,6.333333333333333,111.4772778669257,1.3851757,9.4,3,4,3,5,1,0,0,0,50.0,-10.5,-131.0,0.0,-890.7245457172394,-212.08173141834857,0.0,0
467,16,446,,cpu,6,-362.2810513531392,-60.3801752255232,0,True,False,,8,0,7,-0.07004897979398568,0.0019498912940131656,0.01504290709272027,1.732867956161499,1.732867956161499,1.8262633482615154,1.732867956161499,,2.5,10,4,15,15,0,0,0,7.133333333333334,127.1781707701222,1.9754475,9.6,3,4,3,5,0,0,0,1,50.0,-14.5,-131.0,0.0,0.0,-236.78105135313925,0.0,0
468,134,561,,cpu,150,-64618.97894883736,-430.79319299224903,177,False,True,2,261,232,208,-0.8621411792437236,0.750355614919293,0.1801065803443392,1.0570854592323302,0.972608277797699,0.15914891749620438,0.972608277797699,,0.9,10,80,135,135,0,0,0,8.037037037037036,151.47023885943526,2.2489357,9.6,28,39,23,45,23,7,0,23,2300.0,-11355.5,-1196.0,0.0,-51177.934312820435,-2469.5446360169244,0.0,0
469,220,332,,cpu,7,-1936.3485268685436,-276.62121812407764,6,True,False,2,10,0,9,-0.2650607866900308,0.0035093718574249317,0.015228247802172388,2.35416909626552,2.35416909626552,1.6111775125776018,2.35416909626552,,2.142857142857143,10,5,15,15,0,0,0,7.666666666666667,163.8815016152302,2.16609,10.6,3,4,3,5,1,0,0,1,100.0,-24.5,-131.0,0.0,-1604.492962360382,-256.35556450816154,0.0,0
470,111,528,,cpu,6,-417.89827138313785,-69.64971189718965,0,True,False,,20,0,14,0.10431791096925735,0.0007430209963483018,0.015665513618538778,1.732867956161499,1.732867956161499,1.8262317577997844,1.732867956161499,,2.5,10,4,15,15,0,0,0,9.533333333333333,201.67434745611226,2.258705,10.6,3,4,3,5,0,0,0,2,100.0,-32.0,-131.0,0.0,0.0,-324.89827138313785,0.0,0
471,115,572,,cpu,6,-392.0075226765183,-65.33458711275306,0,True,False,,12,0,11,0.13956821958223978,0.0008812873422148945,0.015327576082199812,1.732867956161499,1.732867956161499,1.9112524688243866,1.732867956161499,,2.5,10,4,15,15,0,0,0,9.133333333333333,190.7969341968142,2.3537765,10.6,3,4,3,5,0,0,0,2,100.0,-27.0,-131.0,0.0,0.0,-314.0075226765183,0.0,0
472,271,463,,cpu,5,-1956.8048257815963,-391.36096515631925,5,True,False,2,7,0,6,-0.20321092009544373,0.0008740333504647424,0.014542943611741067,3.2958367347717283,3.2958367347717283,2.2358758211135865,3.2958367347717283,,3.0,10,3,15,15,0,0,0,6.133333333333334,96.88792734799297,1.262413,10.6,3,4,3,5,1,0,0,0,50.0,-11.5,-131.0,0.0,-1665.3823733329773,-198.92245244861903,0.0,0
473,271,264,,cpu,7,-359.49724664576854,-51.356749520824074,0,True,False,,15,0,12,0.11058724565165383,0.0008568118056798214,0.015198962496859687,1.4853153909955705,1.4853153909955705,1.3837988717215401,1.4853153909955705,,2.142857142857143,10,5,15,15,0,0,0,8.133333333333333,158.26627604191933,1.9327484,10.6,3,4,3,5,1,0,0,1,100.0,-28.0,-131.0,0.0,0.0,-270.4972466457684,0.0,0
474,222,296,,cpu,7,-367.86519363720527,-52.55217051960075,0,True,False,,16,0,13,0.10291486765657153,0.0004940905585369494,0.01538690791598388,1.4853153909955705,1.4853153909955705,1.6354996647153581,1.4853153909955705,,2.142857142857143,10,5,15,15,0,0,0,8.733333333333333,178.71373763047202,2.219957,10.6,3,4,3,5,0,0,0,2,100.0,-36.0,-131.0,0.0,0.0,-290.86519363720527,0.0,0
475,75,580,,cpu,6,-437.39756659976064,-72.89959443329344,0,True,False,,9,0,7,0.038341622799634933,0.00042492360747322283,0.015153004632641872,1.732867956161499,1.732867956161499,1.7834193706512451,1.732867956161499,,2.5,10,4,15,15,0,0,0,9.4,196.38378583697838,2.2898827,10.6,3,4,3,5,0,0,0,1,50.0,-19.5,-131.0,0.0,0.0,-316.8975665997607,0.0,0
476,99,466,,cpu,6,-1166.4756682374532,-194.41261137290886,3,True,False,2,11,0,8,-0.1265743002295494,0.0008328286203322932,0.015340581381072601,2.746530612309774,2.746530612309774,1.9032083998123805,2.746530612309774,,2.5,10,4,15,15,0,0,0,6.333333333333333,103.31991775000978,1.5977125,10.6,3,4,3,5,1,0,0,1,100.0,-23.0,-131.0,0.0,-869.8940634727478,-212.58160476470545,0.0,0
477,308,490,,cpu,6,-2092.1479954454057,-348.6913325742343,5,True,False,2,9,0,8,-0.2771549771229426,0.0017254471974107826,0.014343499671667814,2.746530612309774,2.746530612309774,1.952709396680196,2.746530612309774,,2.5,10,4,15,15,0,0,0,6.866666666666666,121.63072251869498,1.8934245,10.6,3,4,3,5,1,0,0,0,50.0,-17.0,-131.0,0.0,-1771.904569864273,-222.24342558113267,0.0,0
478,256,195,,cpu,7,-2103.9700611926514,-300.5671515989502,6,True,False,2,10,0,6,-0.12789435258933476,0.0005777777385966536,0.014596948267093726,2.35416909626552,2.35416909626552,1.5657151085989816,2.35416909626552,,2.142857142857143,10,5,15,15,0,0,0,8.4,171.4190019737752,2.1740756,10.6,3,4,3,5,1,0,0,1,100.0,-19.0,-131.0,0.0,-1741.4012432098389,-282.56881798281273,0.0,0
479,264,145,,cpu,150,-83907.33766759632,-559.3822511173088,234,False,True,33,191,123,146,-0.9525519461277873,1.4525293805354886,0.13073142951354386,1.0091680641969045,0.8862748877207438,0.16122609838843346,0.8862748877207438,,0.8866666666666667,10,79,133,133,0,0,0,7.969924812030075,144.00213196613544,2.3513062,10.6,30,36,27,40,14,11,0,9,1150.0,-8880.0,-1119.0,0.0,-71737.13246583939,-2391.2052017569317,0.0,0
480,312,422,,cpu,5,-2043.4382510838889,-408.6876502167778,5,True,False,2,10,0,8,0.29248304963111876,0.005918046738952398,0.014089443534612656,3.2958367347717283,3.2958367347717283,2.499097776412964,3.2958367347717283,,3.0,10,3,15,15,0,0,0,6.133333333333334,97.12252827272862,1.1528314,9.4,3,4,3,5,1,0,0,0,50.0,-18.0,-131.0,0.0,-1745.4454183578491,-198.9928327260397,0.0,0
481,300,297,,cpu,7,-358.4972466457685,-51.21389237796693,0,True,False,,16,0,11,0.4112370354788644,0.018105866121394292,0.014215628483465739,1.4853153909955705,1.4853153909955705,1.5279750568526131,1.4853153909955705,,2.142857142857143,10,5,15,15,0,0,0,8.133333333333333,158.26627604191933,1.9327484,10.6,3,4,3,5,1,0,0,1,100.0,-27.0,-131.0,0.0,0.0,-270.4972466457684,0.0,0
482,123,571,,cpu,7,-363.05741303104935,-51.86534471872134,0,True,False,,21,0,12,0.4309799926621573,0.017905115416007384,0.015416891447135381,1.4853153909955705,1.4853153909955705,1.275650782244546,1.4853153909955705,,2.142857142857143,10,5,15,15,0,0,0,9.133333333333333,190.96323537858407,2.7260473,10.6,3,4,3,5,0,0,0,3,150.0,-38.0,-131.0,0.0,0.0,-314.05741303104935,0.0,0
483,135,519,,cpu,6,-343.97588749620934,-57.329314582701556,0,True,False,,16,0,11,0.5217834909756979,0.01676419811944167,0.014584667515009642,1.732867956161499,1.732867956161499,2.0361701051394143,1.732867956161499,,2.5,10,4,15,15,0,0,0,9.533333333333333,201.9330678330171,2.2779684,10.6,3,4,3,5,0,0,0,3,150.0,-28.0,-131.0,0.0,0.0,-324.97588749620934,0.0,0
484,94,534,,cpu,150,-61039.3842599801,-406.9292283998673,175,False,True,31,244,60,182,-0.5701860057003796,0.4720209532114465,0.15328732451424001,0.8299083332220714,0.8257549790541331,0.18157810727755228,0.8257549790541331,,0.8666666666666667,10,83,130,130,0,0,0,8.415384615384616,163.28004837136194,2.7256906,10.6,26,36,23,45,7,11,2,9,800.0,-7930.0,-1162.0,0.0,-49333.15833114193,-2484.22592883817,0.0,0
485,64,536,,cpu,6,-450.4888895162469,-75.08148158604115,0,True,False,,13,0,9,0.3539285808801651,0.010792790135989586,0.014861830975860357,1.732867956161499,1.732867956161499,1.7629261215527852,1.732867956161499,,2.5,10,4,15,15,0,0,0,9.333333333333334,191.03371577782667,2.1129234,10.6,3,4,3,5,0,0,0,1,50.0,-24.0,-131.0,0.0,0.0,-315.4888895162469,0.0,0
486,92,465,,cpu,6,-1717.1812003451748,-286.1968667241958,5,True,False,2,11,0,9,0.14032536496718725,0.002022322325501591,0.014929570568104586,2.746530612309774,2.746530612309774,2.036473274230957,2.746530612309774,,2.5,10,4,15,15,0,0,0,6.333333333333333,103.54551270095992,1.5500206,10.6,3,4,3,5,1,0,0,1,100.0,-23.5,-131.0,0.0,-1420.0319170951843,-212.6492832499905,0.0,0
487,114,425,,cpu,6,-229.65051493143608,-38.27508582190601,0,True,False,,15,0,9,0.22697503368059793,0.0023138460819609463,0.01478718500584364,1.732867956161499,1.732867956161499,2.1292521158854165,1.732867956161499,,2.5,10,4,15,15,0,0,0,6.333333333333333,103.54961830577864,1.519605,10.6,3,4,3,5,1,0,0,2,150.0,-26.0,-131.0,0.0,0.0,-212.6505149314361,0.0,0
488,11,378,,cpu,150,-23541.2280344689,-156.94152022979267,43,False,True,25,333,333,249,0.12656266963730256,0.20039908474005727,0.19896045975387097,0.7646371718247732,0.7919820415973663,0.12950890297691028,0.7919820415973663,,0.8133333333333334,10,78,122,122,0,0,0,9.852459016393443,246.076132868662,2.4765525,10.6,26,29,22,45,8,9,0,8,800.0,-9704.0,-1103.0,0.0,-9944.88661289215,-2729.3414215767457,0.0,0
489,277,283,,cpu,150,-91898.09227649766,-612.6539485099844,258,False,True,6,195,113,155,-1.2599569015701613,2.1343373900081497,0.13857826070860027,1.0186929023265838,0.9807554229100546,0.15681761413812637,0.9807554229100546,,0.9133333333333333,10,67,137,137,0,0,0,7.481751824817518,136.82035278172242,1.8553894,9.6,36,35,26,40,6,8,0,6,600.0,-8952.0,-1138.0,0.0,-79002.0220220089,-2286.0702544887577,0.0,0
490,192,352,,cpu,7,-346.3163685414556,-49.47376693449365,0,True,False,,13,0,9,-0.16592951331819808,0.006309891551999109,0.014503249366368567,1.4853153909955705,1.4853153909955705,1.280985312802451,1.4853153909955705,,2.142857142857143,10,5,15,15,0,0,0,7.666666666666667,163.7508483928769,2.1438973,10.6,3,4,3,5,1,0,0,1,100.0,-29.0,-131.0,0.0,0.0,-256.3163685414555,0.0,0
491,282,478,,cpu,6,-2115.609745135381,-352.6016241892302,5,True,False,2,8,0,7,-1.0250888268152873,0.01635214655349652,0.01364121368775765,4.010388692220052,4.023062705993652,2.119249105453491,4.023062705993652,,2.5,10,4,15,15,0,0,0,6.133333333333334,96.10131570022028,1.2856376,7.2,3,4,3,5,2,1,0,0,100.0,-13.0,-131.0,0.0,-1873.8749146461487,-197.73483048923237,0.0,0
492,194,514,,cpu,6,-274.7382168525007,-45.78970280875012,0,True,False,,14,0,9,-0.2667726476987203,0.006254196283407509,0.014305233179281155,1.732867956161499,1.732867956161499,2.049659808476766,1.732867956161499,,2.5,10,4,15,15,0,0,0,7.733333333333333,163.87236403746905,2.0280492,10.6,3,4,3,5,0,0,0,3,150.0,-25.5,-131.0,0.0,0.0,-268.2382168525007,0.0,0
493,168,141,,cpu,7,-1626.1122071559475,-232.30174387942108,5,True,False,2,13,0,9,-0.4891520142555237,0.008662380477679628,0.014115889822798116,2.35416909626552,2.35416909626552,1.7178163187844413,2.35416909626552,,2.142857142857143,10,5,15,15,0,0,0,10.2,250.48978438730896,2.4962692,10.6,3,4,3,5,0,0,0,3,150.0,-27.0,-131.0,0.0,-1266.5758192539215,-351.53638790202615,0.0,0
494,169,201,,cpu,150,-74468.42765272372,-496.4561843514915,207,False,True,10,408,381,299,-0.44904788746149277,1.0691880437807186,0.16928402862201133,0.3801902516682943,0.30795186042785644,0.14804020712773006,0.30795186042785644,,0.6,10,99,90,90,0,0,0,9.166666666666666,194.54300874726417,1.8353931,10.6,19,21,16,34,13,4,0,6,950.0,-9263.0,-821.0,0.0,-62896.739065647125,-1837.688587076604,0.0,0
495,66,438,,cpu,6,-309.2810513531392,-51.54684189218987,0,True,False,,11,0,7,0.11009084184964497,0.0009092151255269224,0.014409571265180906,1.732867956161499,1.732867956161499,1.7736034393310547,1.732867956161499,,2.5,10,4,15,15,0,0,0,7.133333333333334,127.1781707701222,1.9754475,9.6,3,4,3,5,0,0,0,2,100.0,-21.5,-131.0,0.0,0.0,-236.78105135313925,0.0,0
496,103,587,,cpu,150,-39131.692683853566,-260.8779512256904,84,False,True,48,206,125,159,-0.1378471054136753,0.1983256940992445,0.182294923538963,0.888662029504776,0.8145334633191427,0.20059776370724042,0.8145334633191427,,0.8866666666666667,10,82,133,133,0,0,0,8.18796992481203,152.7080966736712,2.4402568,9.6,26,39,23,45,11,5,0,12,1150.0,-10195.0,-1186.0,0.0,-25464.257830381393,-2476.434853472172,0.0,0
497,249,378,,cpu,5,-1233.5057150089244,-246.70114300178489,3,True,False,2,8,0,7,0.2969346344470978,0.003176191239617765,0.013696284219622611,3.2958367347717283,3.2958367347717283,2.5070684432983397,3.2958367347717283,,3.0,10,3,15,15,0,0,0,6.333333333333333,111.42174864593696,1.4721819,10.6,3,4,3,5,1,0,0,0,50.0,-12.0,-131.0,0.0,-928.4406423568726,-212.06507265205192,0.0,0
498,251,443,,cpu,6,-246.42245244861903,-41.0704087414365,0,True,False,,8,0,8,0.42713819940884906,0.010073570845027765,0.013806661280492941,2.0707555611928306,2.0707555611928306,1.731140951315562,2.0707555611928306,,2.5,10,4,15,15,0,0,0,6.133333333333334,96.88792734799297,1.4295572,10.6,3,4,3,5,2,0,0,0,100.0,-16.5,-131.0,0.0,0.0,-198.92245244861903,0.0,0
499,14,374,,cpu,6,-383.20235566592766,-63.86705927765461,0,True,False,,13,0,9,0.3900008996327718,0.00936804028848807,0.015227106865495443,1.732867956161499,1.732867956161499,2.0736465056737265,1.732867956161499,,2.5,10,4,15,15,0,0,0,11.066666666666666,303.0795233403252,2.1370542,10.6,3,4,3,5,0,0,0,3,150.0,-26.5,-131.0,0.0,0.0,-375.70235566592766,0.0,0
500,122,116,,cpu,7,-519.8158676549587,-74.2594096649941,0,True,False,,11,0,10,0.2789619650159563,0.006277140695601702,0.014306566811033658,1.4853153909955705,1.4853153909955705,1.69313383102417,1.4853153909955705,,2.142857142857143,10,5,15,15,0,0,0,13.133333333333333,284.58627336238817,2.7152317,10.6,3,4,3,5,0,0,0,2,100.0,-25.5,-131.0,0.0,0.0,-453.31586765495865,0.0,0
501,247,373,,cpu,8,-1488.595689428201,-186.07446117852513,4,True,False,2,11,0,8,0.027923161163926125,0.001618350031094451,0.014206529594957829,2.0598979592323303,2.0598979592323303,1.3710658848285675,2.0598979592323303,,1.875,10,6,15,15,0,0,0,6.333333333333333,111.42628818866676,1.8549949,10.6,3,4,3,5,3,1,0,0,150.0,-21.5,-131.0,0.0,-1224.02925491333,-212.06643451487088,0.0,0
502,282,461,,cpu,5,-1627.2101515029499,-325.44203030059,4,True,False,2,6,0,6,-0.22882334291934966,0.000843298425024841,0.013513926975429058,3.2958367347717283,3.2958367347717283,2.293017053604126,3.2958367347717283,,3.0,10,3,15,15,0,0,0,6.133333333333334,97.04470528173024,1.1802875,8.6,3,4,3,5,1,0,0,0,50.0,-9.5,-131.0,0.0,-1337.7406656742096,-198.96948582874018,0.0,0
503,306,371,,cpu,5,-1239.9738460824542,-247.99476921649085,3,True,False,2,11,0,10,-0.2909959077835083,0.0017359210061840713,0.013593947142362594,3.2958367347717283,3.2958367347717283,2.342112112045288,3.2958367347717283,,3.0,10,3,15,15,0,0,0,6.333333333333333,111.40594072661773,1.3188516,9.6,3,4,3,5,1,0,0,0,50.0,-18.0,-131.0,0.0,-928.9135158061981,-212.06033027625614,0.0,0
504,141,485,,cpu,42,-9447.814291377963,-224.94795931852292,33,True,False,2,49,0,37,-0.13778507708394455,0.06815254007246299,0.028313328600710348,1.1778591431322551,1.176186081908998,0.3203124666497821,1.176186081908998,,1.0476190476190477,10,23,44,44,0,0,0,7.386363636363637,128.66805617915895,2.4407008,10.6,9,12,8,15,8,1,2,6,700.0,-458.5,-390.0,0.0,-8373.257721489575,-736.0565698883871,0.0,0
505,28,443,,cpu,6,-1597.7603017842,-266.2933836307,4,True,False,2,8,0,7,-0.38369129101435345,0.005098010064102709,0.014087926596403122,2.746530612309774,2.746530612309774,1.8024529218673706,2.746530612309774,,2.5,10,4,15,15,0,0,0,7.133333333333334,127.1781707701222,1.9754475,9.6,3,4,3,5,0,0,0,1,50.0,-17.5,-131.0,0.0,-1232.4792504310608,-236.78105135313925,0.0,0
506,293,278,,cpu,5,-1352.9156428802808,-270.58312857605614,3,True,False,2,9,0,8,-0.28929140865802766,0.002353542298078537,0.013525781780481338,3.2958367347717283,3.2958367347717283,2.035004663467407,3.2958367347717283,,3.0,10,3,15,15,0,0,0,8.133333333333333,158.26627604191933,1.4794604,10.6,3,4,3,5,1,0,0,0,50.0,-15.0,-131.0,0.0,-986.4183962345123,-270.4972466457684,0.0,0
507,289,336,,cpu,5,-1482.6945360612165,-296.5389072122433,4,True,False,2,8,0,7,-0.22111086845397948,0.0008491457072523189,0.013484494574368,3.2958367347717283,3.2958367347717283,2.3872760772705077,3.2958367347717283,,3.0,10,3,15,15,0,0,0,6.333333333333333,111.44759393112435,1.4595419,10.6,3,4,3,5,1,0,0,0,50.0,-11.5,-131.0,0.0,-1178.1217098236084,-212.07282623760813,0.0,0
508,314,274,,cpu,5,-1379.544146151283,-275.90882923025663,3,True,False,2,7,0,6,0.03791824355721474,0.0004538470179795695,0.013370019942522049,3.2958367347717283,3.2958367347717283,2.06410630941391,3.2958367347717283,,3.0,10,3,15,15,0,0,0,8.133333333333333,158.3382894070111,1.4412011,9.6,3,4,3,5,1,0,0,0,50.0,-8.5,-131.0,0.0,-1019.5252954959869,-270.518850655296,0.0,0
509,175,546,,cpu,150,-72799.07826026065,-485.32718840173766,207,False,True,17,336,212,262,-1.1630001323421797,1.0614028838316638,0.1315512433089316,1.0631063640117646,1.021891188621521,0.21309343238671621,1.021891188621521,,0.9266666666666666,10,79,139,139,0,0,0,7.597122302158273,143.83699453472306,2.0969658,10.6,30,36,28,45,14,13,0,12,1300.0,-10863.0,-1197.0,0.0,-58726.42217874527,-2402.6560815153857,0.0,0
510,178,226,,cpu,150,-60765.51528249809,-405.10343521665396,178,False,True,40,265,241,205,-0.4094136322538058,0.7424900193780195,0.1471282167856892,0.32611582924922305,0.35644784530003865,0.21886041005452475,0.35644784530003865,,0.5066666666666667,10,108,76,76,0,0,0,8.0,145.716817090899,0.97612864,10.6,15,18,12,31,12,2,1,10,1100.0,-8345.0,-720.0,0.0,-51000.31841674715,-1350.1968657509467,0.0,0
511,283,428,,cpu,5,-1976.703536847103,-395.34070736942056,5,True,False,2,10,0,6,0.3981283187866211,0.00913635678589344,0.01351101640611887,3.2958367347717283,3.2958367347717283,2.378467321395874,3.2958367347717283,,3.0,10,3,15,15,0,0,0,6.133333333333334,97.01312365938637,1.1696186,9.4,3,4,3,5,1,0,0,0,50.0,-14.0,-131.0,0.0,-1682.743525505066,-198.96001134203703,0.0,0
512,98,481,,cpu,6,-364.02953465837487,-60.67158910972915,0,True,False,,23,0,17,0.6934420069058737,0.022177800846596558,0.014918246151258549,2.4172184467315674,2.4085527261098227,1.9755229949951172,2.4085527261098227,,2.5,10,4,15,15,0,0,0,8.266666666666667,164.48276054721634,2.1281528,8.6,3,4,3,5,0,0,0,2,100.0,-41.5,-131.0,0.0,0.0,-281.52953465837487,0.0,0
513,107,357,,cpu,8,-349.6200943029346,-43.702511787866825,0,True,False,,16,0,10,0.4571511968970299,0.020541846519336104,0.014917946071363986,1.2996509671211243,1.2996509671211243,1.4982421398162842,1.2996509671211243,,1.875,10,6,15,15,0,0,0,9.2,235.02191502468816,2.3405142,10.6,3,4,3,5,0,0,0,3,150.0,-31.0,-131.0,0.0,0.0,-317.62009430293455,0.0,0
514,108,402,,cpu,7,-267.8884366818256,-38.26977666883223,0,True,False,,14,0,13,0.45342894962855745,0.017161182393985137,0.01491786991911275,1.768284797668457,1.7748489379882812,1.4127300807407923,1.7748489379882812,,2.142857142857143,10,5,15,15,0,0,0,6.4,108.66734678764284,1.5459089,9.6,3,4,3,5,2,0,0,1,150.0,-32.5,-131.0,0.0,0.0,-214.38843668182562,0.0,0
515,181,486,,cpu,33,-5377.315511123229,-162.9489548825221,18,True,False,2,21,0,17,0.0338750866552194,0.03099662738245432,0.019253903435486736,1.2522570797891328,1.251300623922637,0.3260104945211699,1.251300623922637,,1.0606060606060606,10,17,35,35,0,0,0,7.457142857142857,145.73772002287052,2.328416,10.6,8,9,8,10,4,2,3,4,400.0,-193.5,-286.0,0.0,-4555.300890806176,-592.5146203170536,0.0,0
516,28,360,,cpu,15,-398.7738776270622,-26.584925175137478,0,True,False,,19,0,12,0.08241355419158936,0.009115784654083352,0.016676582333942255,0.6931471824645996,0.6931471824645996,0.6136715531349182,0.6931471824645996,,1.0,10,13,15,15,0,0,0,11.0,301.6512632107737,2.961016,10.6,3,4,3,5,2,0,0,2,200.0,-52.5,-131.0,0.0,0.0,-375.27387762706223,0.0,0
517,288,241,,cpu,7,-691.3449693005167,-98.76356704293096,1,True,False,2,14,0,13,-0.0018093213438987732,0.00011140679751926135,0.013567580708435603,2.9713527815682546,2.9705749920436313,1.3783543365342277,2.9705749920436313,,2.142857142857143,10,5,15,15,0,0,0,8.333333333333334,165.93016097288165,1.8031226,7.6,3,4,3,5,1,0,0,1,100.0,-28.0,-131.0,0.0,-323.434716463089,-278.9102528374278,0.0,0
518,62,496,,cpu,6,-1323.7081955648123,-220.61803259413537,3,True,False,2,7,0,7,-0.33805151283741,0.004315865303700169,0.013761105326314768,2.746530612309774,2.746530612309774,1.9286634922027588,2.746530612309774,,2.5,10,4,15,15,0,0,0,9.333333333333334,191.85635781547455,2.1117325,10.6,3,4,3,5,0,0,0,1,50.0,-14.0,-131.0,0.0,-902.9725134372711,-315.7356821275412,0.0,0
519,260,506,,cpu,7,-261.7884222468018,-37.398346035257404,0,True,False,,17,0,14,-0.12525688324655807,0.0028027138988753514,0.013494351080485753,1.4853153909955705,1.4853153909955705,1.6412338529314314,1.4853153909955705,,2.142857142857143,10,5,15,15,0,0,0,6.866666666666666,121.7807114042587,2.0203664,10.6,3,4,3,5,2,0,0,1,150.0,-38.5,-131.0,0.0,0.0,-222.2884222468018,0.0,0
520,101,585,,cpu,12,-325.35942956356575,-27.11328579696381,0,True,False,,16,0,12,-0.06662442721426487,0.0029424352590770773,0.014889445000638565,0.8664339780807495,0.8664339780807495,0.8869608243306478,0.8664339780807495,,1.25,10,10,15,15,0,0,0,9.133333333333333,190.3032904869721,3.335736,10.6,3,4,3,5,2,2,0,2,200.0,-50.5,-131.0,0.0,0.0,-313.85942956356575,0.0,0
521,70,527,,cpu,6,-330.0230060016205,-55.003834333603415,0,True,False,,21,0,14,-0.10544556379318237,0.0014826088299741969,0.01419433718547225,1.732867956161499,1.732867956161499,2.1416765054066977,1.732867956161499,,2.5,10,4,15,15,0,0,0,9.333333333333334,192.81410406240533,1.9919463,10.6,3,4,3,5,0,0,0,3,150.0,-33.0,-131.0,0.0,0.0,-316.02300600162044,0.0,0
522,275,491,,cpu,6,-1896.1689183893043,-316.02815306488407,4,True,False,2,8,0,6,-0.26119064291318256,0.002431075947242789,0.013239257658521334,2.746530612309774,2.746530612309774,1.45203693707784,2.746530612309774,,2.5,10,4,15,15,0,0,0,6.866666666666666,121.51730615472856,1.8252426,10.6,3,4,3,5,1,0,0,0,50.0,-13.0,-131.0,0.0,-1579.9595177173615,-222.20940067194272,0.0,0
523,158,165,,cpu,8,-294.1318402976207,-36.76648003720259,0,True,False,,19,0,14,0.13472134247422218,0.0013179476445657201,0.014109934447333217,1.7305211424827576,1.7328635454177856,1.2529096901416779,1.7328635454177856,,1.875,10,6,15,15,0,0,0,10.866666666666667,273.62489307913734,2.7646184,10.6,3,4,3,5,0,0,0,5,250.0,-41.0,-131.0,0.0,0.0,-372.13184029762067,0.0,0
524,57,574,,cpu,11,-366.8975665997607,-33.35432423634188,0,True,False,,15,0,11,0.1154986484484239,0.0026824405226348476,0.014574636789885435,0.9452007033608176,0.9452007033608176,0.900796272537925,0.9452007033608176,,1.3636363636363635,10,9,15,15,0,0,0,9.4,196.38378583697838,3.0648768,10.6,3,4,3,5,0,0,0,3,150.0,-39.0,-131.0,0.0,0.0,-316.8975665997607,0.0,0
525,314,205,,cpu,6,-1040.5749544002015,-173.42915906670024,2,True,False,2,8,0,7,0.16725003719329834,0.0016274933198777337,0.012843565084040165,2.746530612309774,2.746530612309774,1.908118446667989,2.746530612309774,,2.5,10,4,15,15,0,0,0,8.4,171.4190019737752,1.9596816,10.6,3,4,3,5,1,0,0,0,50.0,-11.5,-131.0,0.0,-665.5061364173889,-282.56881798281273,0.0,0
526,118,464,,cpu,150,-132114.9873331033,-880.7665822206886,426,False,True,10,238,180,185,-2.6871756297722458,5.560649237211037,0.12947856422513723,1.1459999612967173,1.0444816621144613,0.1916021566092968,1.0444816621144613,,1.0133333333333334,10,66,152,152,0,0,0,6.098684210526316,89.11823069910538,1.7683498,10.6,36,42,29,45,14,13,1,7,1050.0,-7779.5,-1278.0,0.0,-120988.24355927875,-2049.243773824544,0.0,0
527,46,487,,cpu,6,-1288.2447326787835,-214.7074554464639,3,True,False,2,9,0,7,0.09257551034291585,0.0011027032693770404,0.013504926736156145,2.746530612309774,2.746530612309774,1.6782031059265137,2.746530612309774,,2.5,10,4,15,15,0,0,0,9.333333333333334,191.03371577782667,2.1129234,10.6,3,4,3,5,0,0,0,2,100.0,-17.5,-131.0,0.0,-904.2558431625366,-315.4888895162469,0.0,0
528,156,159,,cpu,150,-101981.73645844689,-679.8782430563126,289,False,True,11,511,501,379,-1.1193827075511218,1.8944149773435977,0.24486460097134113,0.7683661542336147,0.7039654612541199,0.15697457551956176,0.7039654612541199,,0.8133333333333334,10,82,122,122,0,0,0,9.532786885245901,207.64548024211504,2.635785,10.6,26,32,24,40,6,5,3,17,1150.0,-17082.5,-1058.0,0.0,-81550.45042738906,-2610.786031057826,0.0,0
529,223,489,,cpu,6,-1303.501841559506,-217.25030692658433,3,True,False,2,9,0,7,0.0655591016014417,0.00042438430803789135,0.013058338624735674,2.746530612309774,2.746530612309774,1.625440279642741,2.746530612309774,,2.5,10,4,15,15,0,0,0,7.733333333333333,162.92386909694198,2.1525002,10.6,3,4,3,5,0,0,0,1,50.0,-16.5,-131.0,0.0,-918.0481731891632,-267.9536683703426,0.0,0
530,269,361,,cpu,7,-896.457508961789,-128.0653584231127,2,True,False,2,8,0,6,0.07249374049050468,0.0003706964842941878,0.012766689993441105,2.35416909626552,2.35416909626552,1.6151207344872611,2.35416909626552,,2.142857142857143,10,5,15,15,0,0,0,6.333333333333333,111.40213171122072,1.7848837,10.6,3,4,3,5,1,0,0,1,100.0,-14.5,-131.0,0.0,-598.898321390152,-212.05918757163704,0.0,0
531,107,568,,cpu,6,-346.5075226765183,-57.75125377941972,0,True,False,,22,0,17,0.04080626368522644,0.00018541204917710274,0.013997605225692192,1.732867956161499,1.732867956161499,1.6558323701222737,1.732867956161499,,2.5,10,4,15,15,0,0,0,9.133333333333333,190.7969341968142,2.3537765,10.6,3,4,3,5,0,0,0,3,150.0,-41.5,-131.0,0.0,0.0,-314.0075226765183,0.0,0
532,39,552,,cpu,12,-2052.099357936258,-171.0082798280215,6,True,False,2,10,0,10,-0.22405138611793518,0.006300652312347665,0.014327873553459844,1.373265306154887,1.373265306154887,0.8521492679913839,1.373265306154887,,1.25,10,10,15,15,0,0,0,9.333333333333334,191.42344522672187,2.9740345,10.6,3,4,3,5,2,2,0,3,250.0,-40.5,-131.0,0.0,-1794.9935495853424,-315.6058083509154,0.0,0
533,287,474,,cpu,5,-1743.8647439468032,-348.7729487893606,4,True,False,2,7,0,6,-0.5930065751075745,0.009277732763439416,0.012364368140697479,3.2958367347717283,3.2958367347717283,1.9392707288265227,3.2958367347717283,,3.0,10,3,15,15,0,0,0,6.133333333333334,96.88792734799297,1.262413,10.6,3,4,3,5,1,0,0,0,50.0,-8.5,-131.0,0.0,-1455.4422914981842,-198.92245244861903,0.0,0
534,256,223,,cpu,6,-379.0688179828127,-63.17813633046878,0,True,False,,8,0,8,-0.17270726213852564,0.004328928422182798,0.012755083541075388,1.732867956161499,1.732867956161499,1.597949465115865,1.732867956161499,,2.5,10,4,15,15,0,0,0,8.4,171.4190019737752,1.9596816,10.6,3,4,3,5,1,0,0,0,50.0,-15.5,-131.0,0.0,0.0,-282.56881798281273,0.0,0
535,214,522,,cpu,6,-912.1788990641599,-152.0298165106933,2,True,False,2,12,0,9,-0.26038981477419537,0.004067382115560274,0.012832115404307842,2.746530612309774,2.746530612309774,1.5532537897427876,2.746530612309774,,2.5,10,4,15,15,0,0,0,7.733333333333333,162.92386909694198,2.1525002,10.6,3,4,3,5,0,0,0,2,100.0,-24.5,-131.0,0.0,-578.7252306938171,-267.9536683703426,0.0,0
536,260,488,,cpu,12,-526.644979960603,-43.88708166338358,1,True,False,9,14,0,11,-0.03771878010593355,0.0008982927280113037,0.012885716433326403,0.9241962432861328,0.9241962432861328,0.8491160670916239,0.9241962432861328,,1.3333333333333333,10,9,16,16,0,0,0,6.6875,119.89339656350523,2.253258,10.6,4,4,3,5,3,0,0,3,300.0,-37.0,-136.0,0.0,-362.9917562007904,-230.65322375981262,0.0,0
537,217,331,,cpu,8,-1145.7951573941473,-143.2243946742684,3,True,False,2,11,0,9,-0.026106377597898245,9.275302443256805e-05,0.012995685916393995,2.0598979592323303,2.0598979592323303,1.1972931176424026,2.0598979592323303,,1.875,10,6,15,15,0,0,0,7.666666666666667,163.7508483928769,2.2663705,10.6,3,4,3,5,1,0,0,1,100.0,-27.0,-131.0,0.0,-791.4787888526917,-256.3163685414555,0.0,0
538,100,349,,cpu,150,-29455.970588166558,-196.37313725444372,54,False,True,104,484,472,368,0.23593914850304523,0.26741752450024553,0.2544346014782786,0.7333660056193669,0.7318077170848847,0.13025766869386038,0.7318077170848847,,0.8533333333333334,10,79,128,128,0,0,0,8.6640625,195.51963739619075,2.2115886,10.6,28,32,23,45,9,7,0,8,850.0,-13268.0,-1140.0,0.0,-12461.156156659126,-2496.814431507431,0.0,0
539,176,221,,cpu,11,-71.69414443577762,-6.517649494161602,0,True,False,,8,0,6,0.08487331325357611,0.01750183647329157,0.013494856570931997,0.18904014067216354,0.18904014067216354,0.30857398293235083,0.18904014067216354,,0.2727272727272727,3,10,3,3,0,0,0,5.0,0.0,0.0,0.0,0,0,0,3,0,0,0,1,50.0,-25.5,-45.0,0.0,0.0,-31.19414443577761,0.0,0
540,155,379,,cpu,150,-91541.23329343896,-610.2748886229264,273,False,True,79,221,167,166,-1.1065180710951488,1.3945650124495539,0.1726526280120015,0.9344100590546925,0.9027123681704203,0.16020076821247736,0.9027123681704203,,0.9333333333333333,10,68,140,140,0,0,0,7.428571428571429,150.07612248261117,1.9808553,10.6,34,37,26,43,14,12,0,12,1300.0,-8736.0,-1189.0,0.0,-79687.88699805737,-2318.3462953815915,0.0,0
541,80,586,,cpu,6,-391.6745252242385,-65.27908753737309,0,True,False,,14,0,11,0.5653484364350637,0.027946730765203636,0.013216590819259485,1.7416942914326985,1.7328215837478638,1.7494384050369263,1.7328215837478638,,2.5,10,4,15,15,0,0,0,9.133333333333333,190.7969341968142,2.3537765,10.6,3,4,3,5,0,0,0,2,100.0,-29.0,-131.0,0.0,0.0,-311.67452522423855,0.0,0
542,178,511,,cpu,6,-1476.3100886870043,-246.05168144783406,4,True,False,2,10,0,7,0.6181411147117615,0.021894024995466072,0.012471555266529322,2.746530612309774,2.746530612309774,1.5951371590296428,2.746530612309774,,2.5,10,4,15,15,0,0,0,7.733333333333333,163.1525579408724,2.1521456,10.6,3,4,3,5,0,0,0,2,100.0,-21.5,-131.0,0.0,-1155.7878136634827,-268.02227502352173,0.0,0
543,227,416,,cpu,8,-969.031151019034,-121.12889387737926,2,True,False,2,10,0,8,0.5825007855892181,0.02568411687389016,0.012613707687705755,2.0598979592323303,2.0598979592323303,1.567131519317627,2.0598979592323303,,1.875,10,6,15,15,0,0,0,7.4,138.33656234849184,1.9653418,10.6,3,4,3,5,2,0,0,0,100.0,-26.5,-131.0,0.0,-617.7351713180542,-243.79597970097984,0.0,0
544,27,377,,cpu,6,-440.9677638662069,-73.49462731103448,0,True,False,,8,0,7,0.5982667108376821,0.025480859602491062,0.012947504253437122,1.732867956161499,1.732867956161499,1.9873958031336467,1.732867956161499,,2.5,10,4,15,15,0,0,0,11.0,302.29755067458944,2.0944054,10.6,3,4,3,5,0,0,0,2,100.0,-14.5,-131.0,0.0,0.0,-375.46776386620695,0.0,0
545,134,363,,cpu,150,-101598.66840533321,-677.3244560355547,298,False,True,2,498,466,367,-1.2915489271407326,1.682295968439236,0.30742535216733813,1.008935490846634,0.9881050666173299,0.17772300054629644,0.9881050666173299,,0.9133333333333333,10,76,137,137,0,0,0,7.802919708029197,164.64229351516627,2.122006,10.6,32,34,26,45,9,9,0,7,800.0,-17053.5,-1185.0,0.0,-80764.54444229603,-2405.623963037187,0.0,0
546,170,421,,cpu,150,-119993.37891357535,-799.9558594238356,364,False,True,43,323,171,247,-2.0245229876041413,3.083699407878642,0.1402078375717004,1.018695110877355,0.9887906157970429,0.1971601047118505,0.9887906157970429,,0.9466666666666667,10,66,142,142,0,0,0,7.154929577464789,132.73726114181247,1.7624412,10.6,35,38,28,41,13,13,0,9,1100.0,-8146.5,-1178.0,0.0,-108538.33765685558,-2240.5412567197686,0.0,0
547,195,303,,cpu,150,-50935.57220532854,-339.570481368857,130,False,True,46,445,416,336,-0.08862949448327223,0.2089799333612124,0.2141942677957316,0.7576006362835567,0.7547848331928253,0.14566983183224996,0.7547848331928253,,0.8733333333333333,10,74,131,131,0,0,0,8.083969465648854,159.9965205967548,2.0097835,10.6,32,34,25,40,8,9,1,9,850.0,-15666.0,-1107.0,0.0,-31668.611764349043,-2373.960440979497,0.0,0
548,55,487,,cpu,6,-1560.8761576150603,-260.14602626917673,4,True,False,2,8,0,7,0.38477598627408344,0.012840196955949068,0.012780168248961369,2.746530612309774,2.746530612309774,1.6681890885035198,2.746530612309774,,2.5,10,4,15,15,0,0,0,9.333333333333334,191.42344522672187,2.0885642,10.6,3,4,3,5,0,0,0,2,100.0,-17.0,-131.0,0.0,-1187.270349264145,-315.6058083509154,0.0,0
549,197,386,,cpu,7,-212.85556450816154,-30.40793778688022,0,True,False,,13,0,8,0.3630298972129822,0.0186484091516052,0.012704008524971349,1.4853153909955705,1.4853153909955705,1.4171265533992223,1.4853153909955705,,2.142857142857143,10,5,15,15,0,0,0,7.666666666666667,163.8815016152302,2.16609,10.6,3,4,3,5,1,0,0,3,200.0,-25.5,-131.0,0.0,0.0,-256.35556450816154,0.0,0
550,142,124,,cpu,150,-62790.94805723936,-418.6063203815957,160,False,True,73,517,517,386,-0.16774360177417597,0.5997516692796975,0.24037719588105877,0.7594056653976441,0.7533138775825501,0.12063635935386022,0.7533138775825501,,0.78,10,82,117,117,0,0,0,10.521367521367521,218.6116207497249,2.6730328,10.6,25,30,22,40,5,4,0,9,700.0,-16813.5,-1031.0,0.0,-41950.92495083809,-2795.5231064012655,0.0,0
551,309,510,,cpu,7,-1767.4445488187425,-252.4920784026775,4,True,False,2,8,0,6,0.147669289793287,0.004975507268682122,0.011930947058967181,2.35416909626552,2.35416909626552,1.49859653200422,2.35416909626552,,2.142857142857143,10,5,15,15,0,0,0,6.866666666666666,121.63072251869498,2.0235846,10.6,3,4,3,5,2,0,0,0,100.0,-17.0,-131.0,0.0,-1457.2011232376099,-222.24342558113267,0.0,0
552,297,162,,cpu,6,-683.927577480786,-113.987929580131,1,True,False,2,8,0,7,0.2612973401943843,0.004252854346608122,0.011958938712875048,2.746530612309774,2.746530612309774,1.6626695493857067,2.746530612309774,,2.5,10,4,15,15,0,0,0,8.4,171.28179716568886,1.9824275,10.6,3,4,3,5,1,0,0,0,50.0,-17.5,-131.0,0.0,-302.89992094039917,-282.52765654038683,0.0,0
553,7,576,,cpu,6,-1120.1404848527056,-186.69008080878427,2,True,False,2,9,0,5,0.01527745525042216,0.00021118949562530057,0.012082083926846584,2.746530612309774,2.746530612309774,1.6056946118672688,2.746530612309774,,2.5,10,4,15,15,0,0,0,9.4,196.38378583697838,2.2898827,10.6,3,4,3,5,0,0,0,1,50.0,-14.0,-131.0,0.0,-688.242918252945,-316.8975665997607,0.0,0
554,143,558,,cpu,7,-396.74911132242573,-56.67844447463225,0,True,False,,9,0,7,-0.06344454808692847,0.0007074175332998525,0.012692409700581006,2.9225027901785716,2.967855589730399,1.4047539234161377,2.967855589730399,,2.142857142857143,10,5,15,15,0,0,0,9.266666666666667,194.08390443421965,2.5355954,9.6,3,4,3,5,0,1,0,2,100.0,-18.0,-131.0,0.0,0.0,-317.7491113224257,0.0,0
555,187,159,,cpu,7,-1494.2593279207786,-213.46561827439695,4,True,False,2,7,0,7,-0.3603463683809553,0.0074422898635800394,0.012107897949005877,1.8271042278834753,1.774036475590297,1.63376099722726,1.774036475590297,,2.142857142857143,10,5,15,15,0,0,0,10.2,250.48978438730896,2.4962692,10.6,3,4,3,5,0,0,0,3,150.0,-18.5,-131.0,0.0,-1144.5868372917175,-350.17249062906103,0.0,0
556,107,383,,cpu,6,-289.49079064150055,-48.24846510691676,0,True,False,,20,0,17,-0.18029473473628363,0.004521590385896464,0.013702092071374258,1.732867956161499,1.732867956161499,1.5874897241592407,1.732867956161499,,2.5,10,4,15,15,0,0,0,9.2,234.59090281990805,1.9822154,10.6,3,4,3,5,0,0,0,4,200.0,-41.0,-131.0,0.0,0.0,-317.4907906415005,0.0,0
557,168,219,,cpu,33,-138.88828887155523,-4.208736026410764,0,True,False,,18,0,15,0.023845738928877945,0.004800485676160847,0.017314363920101612,0.126026760448109,0.12602675864190765,0.20041680335998535,0.12602675864190765,,0.18181818181818182,3,29,6,6,0,0,0,5.0,0.0,0.0,0.0,0,0,0,6,0,0,0,3,150.0,-116.5,-90.0,0.0,0.0,-62.38828887155522,0.0,0
558,117,407,,cpu,6,-2133.785636232143,-355.6309393720239,7,True,False,2,9,0,7,-0.5936581293741862,0.018177103095998366,0.012685440635929504,2.746530612309774,2.746530612309774,1.3426850934823353,2.746530612309774,,2.5,10,4,15,15,0,0,0,6.333333333333333,103.31991775000978,1.5977125,10.6,3,4,3,5,1,0,0,0,50.0,-17.5,-131.0,0.0,-1782.7040314674377,-212.58160476470545,0.0,0
559,306,518,,cpu,6,-682.6732131548026,-113.77886885913377,1,True,False,2,8,0,5,-0.45830334226290387,0.007713381589079897,0.011779493652284145,2.746530612309774,2.746530612309774,1.9782124757766724,2.746530612309774,,2.5,10,4,15,15,0,0,0,6.866666666666666,121.69066233182745,1.7736877,10.6,3,4,3,5,1,0,0,0,50.0,-13.5,-131.0,0.0,-365.9118056297302,-222.26140752507243,0.0,0
560,170,513,,cpu,6,-622.9056197822648,-103.81760329704413,1,True,False,2,10,0,9,-0.3165735900402069,0.004461459117010236,0.012279359002908071,2.746530612309774,2.746530612309774,1.8480232258637745,2.746530612309774,,2.5,10,4,15,15,0,0,0,7.733333333333333,162.29663083510766,2.2194307,10.6,3,4,3,5,0,0,0,2,100.0,-21.0,-131.0,0.0,-283.1401228904724,-267.76549689179234,0.0,0
561,243,349,,cpu,5,-1421.0154701594022,-284.2030940318804,4,True,False,2,9,0,6,-0.4563004732131958,0.0037118726875633003,0.012142753228545189,3.2958367347717283,3.2958367347717283,2.4093985557556152,3.2958367347717283,,3.0,10,3,15,15,0,0,0,6.333333333333333,111.42628818866676,1.414908,10.6,3,4,3,5,1,0,0,0,50.0,-13.0,-131.0,0.0,-1114.9490356445312,-212.06643451487088,0.0,0
562,14,572,,cpu,6,-1683.4710524488314,-280.5785087414719,4,True,False,2,12,0,9,-0.19733398904403052,0.0007509861673800818,0.012416775183131298,2.746530612309774,2.746530612309774,1.7225331664085388,2.746530612309774,,2.5,10,4,15,15,0,0,0,9.4,195.66938045188215,2.2809496,10.6,3,4,3,5,0,0,0,3,150.0,-26.0,-131.0,0.0,-1349.7878074645996,-316.68324498423186,0.0,0
563,92,512,,cpu,150,-76366.95309916943,-509.11302066112955,227,False,True,35,217,141,175,-0.6629503399009505,0.738080301016139,0.1399258663629492,0.885654278198878,0.8823643136024475,0.152534059882164,0.8823643136024475,,0.8733333333333333,10,84,131,131,0,0,0,8.396946564885496,161.54304410176127,2.6583161,10.6,26,37,23,45,10,5,1,5,750.0,-8752.5,-1170.0,0.0,-63664.801799297325,-2499.651299872112,0.0,0
564,116,536,,cpu,6,-347.32611951105844,-57.887686585176404,0,True,False,,19,0,13,0.365371177593867,0.016986288440724213,0.013189658988267183,1.732867956161499,1.732867956161499,1.5428938368956249,1.732867956161499,,2.5,10,4,15,15,0,0,0,9.466666666666667,201.43384121584756,2.3988323,10.6,3,4,3,5,0,0,0,3,150.0,-31.5,-131.0,0.0,0.0,-324.82611951105844,0.0,0
565,23,376,,cpu,6,-433.89731003190826,-72.31621833865138,0,True,False,,10,0,7,0.5957032044728597,0.02560851847132047,0.013002519806226095,1.732867956161499,1.732867956161499,1.9102940559387207,1.732867956161499,,2.5,10,4,15,15,0,0,0,11.0,302.06270456026067,2.1703548,10.6,3,4,3,5,0,0,0,2,100.0,-17.5,-131.0,0.0,0.0,-375.3973100319083,0.0,0
566,11,557,,cpu,13,-2097.9796054967765,-161.3830465766751,5,True,False,2,9,0,7,0.20519689413217398,0.022214584195843108,0.012933918848060645,1.2676295133737416,1.2676295133737416,0.73472804748095,1.2676295133737416,,1.1538461538461537,10,11,15,15,0,0,0,9.333333333333334,191.03371577782667,2.9403036,10.6,3,4,3,5,0,1,0,1,50.0,-21.5,-131.0,0.0,-1609.9907159805298,-315.4888895162469,0.0,0
567,97,552,,cpu,6,-1248.2441755222585,-208.0406959203764,3,True,False,2,11,0,7,0.4988810320695241,0.02385016903281212,0.012661643015841642,2.746530612309774,2.746530612309774,1.4745329022407532,2.746530612309774,,2.5,10,4,15,15,0,0,0,9.466666666666667,201.43384121584756,2.3988323,10.6,3,4,3,5,0,0,0,3,150.0,-20.5,-131.0,0.0,-911.9180560112,-324.82611951105844,0.0,0
568,72,532,,cpu,6,-333.9888895162469,-55.664814919374486,0,True,False,,14,0,10,0.6261099874973297,0.02746523047486941,0.012888932600617409,1.732867956161499,1.732867956161499,1.6912364959716797,1.732867956161499,,2.5,10,4,15,15,0,0,0,9.333333333333334,191.03371577782667,2.1129234,10.6,3,4,3,5,0,0,0,3,150.0,-27.5,-131.0,0.0,0.0,-315.4888895162469,0.0,0
569,302,159,,cpu,8,-703.4199262534644,-87.92749078168305,1,True,False,4,9,0,7,0.3228890523314476,0.016203739563934505,0.011853236006572843,1.6353528499603271,1.5507495403289795,1.2781294584274292,1.5507495403289795,,1.875,10,6,15,15,0,0,0,8.533333333333333,172.12537734417984,2.2281742,8.4,3,4,3,5,1,0,0,1,100.0,-22.5,-131.0,0.0,-297.6670205593109,-292.25290569415347,0.0,0
570,261,163,,cpu,150,-55818.56479365159,-372.1237652910106,152,False,True,28,135,132,108,-0.10765404383341472,0.6850407538563013,0.07423492897922794,0.9402656777699788,0.868390261332194,0.14648392220338186,0.868390261332194,,0.8933333333333333,10,75,134,134,0,0,0,7.835820895522388,139.2664534939967,2.2828696,10.6,31,36,27,40,10,10,0,12,1100.0,-5630.5,-1124.0,0.0,-46819.41727399826,-2374.647519653327,0.0,0
571,283,201,,cpu,7,-2309.978379234784,-329.9969113192548,6,True,False,2,9,0,7,-0.04074010652090822,0.0015940830463867833,0.011978853227836745,2.35416909626552,2.35416909626552,1.334592648914882,2.35416909626552,,2.142857142857143,10,5,15,15,0,0,0,8.4,171.28179716568886,2.193572,10.6,3,4,3,5,1,0,0,1,100.0,-20.5,-131.0,0.0,-1945.950722694397,-282.52765654038683,0.0,0
572,241,531,,cpu,7,-870.3558085353307,-124.3365440764758,2,True,False,2,7,0,6,0.04994037853819983,0.0004231259938803435,0.011787567819867815,3.5595095498221263,3.426410130092076,1.4137818472726005,3.426410130092076,,2.142857142857143,10,5,15,15,0,0,0,7.266666666666667,140.40416791044083,2.068208,8.2,3,4,3,5,0,0,0,2,100.0,-13.5,-131.0,0.0,-552.0914852619171,-243.76432327341348,0.0,0
573,239,344,,cpu,5,-1441.4889910026084,-288.2977982005217,4,True,False,2,13,0,11,-0.34250065088272097,0.002478671504650265,0.012209326215088367,3.3201809883117677,3.27131929397583,2.152171277999878,3.27131929397583,,3.0,10,3,15,15,0,0,0,7.266666666666667,148.0547678004561,1.5945438,10.6,3,4,3,5,1,0,0,0,50.0,-22.5,-131.0,0.0,-1095.325207710266,-242.6637832923423,0.0,0
574,116,459,,cpu,6,-1996.962424022115,-332.8270706703525,6,True,False,2,14,0,14,-0.5513403018315634,0.009368235555787882,0.012829176305482784,2.746530612309774,2.746530612309774,1.7668320337931316,2.746530612309774,,2.5,10,4,15,15,0,0,0,6.333333333333333,103.40893826817786,1.6283299,10.6,3,4,3,5,1,0,0,2,150.0,-30.0,-131.0,0.0,-1773.3541131019592,-212.60831092015587,0.0,0
575,284,395,,cpu,5,-1256.115613830438,-251.22312276608758,3,True,False,2,8,0,5,-0.5140155553817749,0.006890022568404675,0.011558564007282257,3.2958367347717283,3.2958367347717283,2.049555206298828,3.2958367347717283,,3.0,10,3,15,15,0,0,0,6.333333333333333,111.42628818866676,1.414908,10.6,3,4,3,5,1,0,0,0,50.0,-12.5,-131.0,0.0,-950.549179315567,-212.06643451487088,0.0,0
576,213,511,,cpu,14,-333.73239163924933,-23.838027974232094,0,True,False,,15,0,13,-0.054211528439606936,0.002394288233647655,0.013202656858733721,0.8996023109980992,0.8996023109980992,0.6412837590490069,0.8996023109980992,,1.2142857142857142,10,10,17,17,0,0,0,7.411764705882353,156.52079548371657,2.5240457,10.6,4,4,4,5,2,2,0,2,200.0,-43.5,-139.0,0.0,0.0,-291.23239163924933,0.0,0
577,304,259,,cpu,5,-1679.903326887435,-335.980665377487,4,True,False,2,6,0,6,-0.49216999411582946,0.0052084811497479675,0.01138601191341877,3.2958367347717283,3.2958367347717283,2.072913920879364,3.2958367347717283,,3.0,10,3,15,15,0,0,0,8.133333333333333,158.53281448861856,1.4734495,10.6,3,4,3,5,1,0,0,0,50.0,-7.0,-131.0,0.0,-1321.3261187076569,-270.5772081797782,0.0,0
578,90,464,,cpu,5,-1191.0473485732537,-238.20946971465074,3,True,False,2,6,0,6,-0.16582660675048827,0.0007314668095204979,0.011802093684673309,3.2958367347717283,3.2958367347717283,1.9283480644226074,3.2958367347717283,,3.0,10,3,15,15,0,0,0,6.333333333333333,103.40491883653775,1.4597561,10.6,3,4,3,5,0,0,0,0,0.0,-7.0,-131.0,0.0,-840.4402434825897,-212.60710509066385,0.0,0
579,139,515,,cpu,18,-407.103948443815,-22.616886024656388,0,True,False,,16,0,12,0.10624137727750672,0.006523941575627153,0.013147858126709858,0.6931471824645996,0.6931471824645996,0.6860976848337386,0.6931471824645996,,1.0,10,14,18,18,0,0,0,9.11111111111111,192.81311282404386,3.1810768,10.6,4,6,3,5,3,1,0,2,250.0,-61.5,-152.0,0.0,0.0,-373.60394844381506,0.0,0
580,131,119,,cpu,7,-470.81586765495865,-67.2594096649941,0,True,False,,18,0,12,0.2109680644103459,0.003972064637179885,0.01238138135522604,1.4853153909955705,1.4853153909955705,1.5851773193904333,1.4853153909955705,,2.142857142857143,10,5,15,15,0,0,0,13.133333333333333,284.58627336238817,2.7152317,10.6,3,4,3,5,0,0,0,3,150.0,-36.5,-131.0,0.0,0.0,-453.31586765495865,0.0,0
581,235,180,,cpu,17,-235.91843006695487,-13.877554709820874,0,True,False,,30,0,24,0.0977051284383325,0.012741916237727684,0.014687419759438318,0.24464018204632929,0.24464018204632929,0.6505703032016754,0.24464018204632929,,1.0588235294117647,10,13,18,18,0,0,0,7.611111111111111,153.59009937368955,2.1760728,10.6,4,5,4,5,3,1,0,4,350.0,-104.5,-147.0,0.0,0.0,-304.4184300669549,0.0,0
582,89,454,,cpu,6,-345.6071050906638,-57.601184181777306,0,True,False,,10,0,9,0.22687455515066782,0.0036103571377073727,0.012327931666125854,1.732867956161499,1.732867956161499,1.6612730622291565,1.732867956161499,,2.5,10,4,15,15,0,0,0,6.333333333333333,103.40491883653775,1.6587454,10.6,3,4,3,5,1,0,0,0,50.0,-22.0,-131.0,0.0,0.0,-212.60710509066385,0.0,0
583,315,403,,cpu,5,-1618.5151185977584,-323.70302371955165,4,True,False,2,5,0,5,-0.051932162046432494,0.0003476839570794255,0.011188306100666522,3.2958367347717283,3.2958367347717283,1.9516841292381286,3.2958367347717283,,3.0,10,3,15,15,0,0,0,6.133333333333334,96.88792734799297,1.262413,10.6,3,4,3,5,1,0,0,0,50.0,-6.0,-131.0,0.0,-1332.5926661491394,-198.92245244861903,0.0,0
584,96,500,,cpu,6,-468.56162072706434,-78.09360345451073,0,True,False,,11,0,10,0.03840326021114985,0.00020249341393234013,0.01227862574160099,1.732867956161499,1.732867956161499,1.8107645908991497,1.732867956161499,,2.5,10,4,15,15,0,0,0,9.533333333333333,202.2188452692004,2.2922113,10.6,3,4,3,5,0,0,0,1,50.0,-22.5,-131.0,0.0,0.0,-325.0616207270643,0.0,0
585,8,573,,cpu,6,-2475.511076493178,-412.58517941552964,6,True,False,2,8,0,7,-0.5317283173402151,0.009392980175713697,0.011288200815518698,2.746530612309774,2.746530612309774,1.7221554517745972,2.746530612309774,,2.5,10,4,15,15,0,0,0,9.4,196.38378583697838,2.2898827,10.6,3,4,3,5,0,0,0,1,50.0,-12.5,-131.0,0.0,-2045.1135098934174,-316.8975665997607,0.0,0
586,241,300,,cpu,150,-169176.2355427052,-1127.8415702847012,506,False,True,80,341,217,256,-3.3910055369883776,10.341206296255308,0.21421977647890647,0.9714941763877869,0.9570662188529968,0.18512707725167274,0.9570662188529968,,0.9266666666666666,10,73,139,139,0,0,0,7.280575539568345,130.88578375302959,1.8120168,8.4,35,38,26,40,11,8,0,11,1100.0,-14790.0,-1157.0,0.0,-151053.64661812782,-2245.5889245773624,0.0,0
587,78,568,,cpu,6,-1070.556246745156,-178.42604112419266,2,True,False,2,8,0,5,-0.5674166977405548,0.009247803594917059,0.011509999011953672,4.016274611155192,4.023532549540202,1.6792204280694325,4.023532549540202,,2.5,10,4,15,15,0,0,0,9.2,193.04598007446032,2.1931212,9.6,3,4,3,5,0,0,0,1,50.0,-13.5,-131.0,0.0,-640.6456172466278,-315.41062949852807,0.0,0
588,252,393,,cpu,7,-1242.6804431473984,-177.52577759248547,3,True,False,2,12,0,9,-0.46812303577150616,0.008715274610689707,0.011208520936114448,2.35416909626552,2.35416909626552,1.8326849596840995,2.35416909626552,,2.142857142857143,10,5,15,15,0,0,0,6.333333333333333,111.4772778669257,1.771705,9.4,3,4,3,5,1,0,0,1,100.0,-20.0,-131.0,0.0,-949.5987117290497,-212.08173141834857,0.0,0
589,46,496,,cpu,6,-1608.763762296093,-268.1272937160155,4,True,False,2,8,0,7,-0.4406520624955495,0.007372075614208977,0.011558019866545996,2.746530612309774,2.746530612309774,1.6521358092625935,2.746530612309774,,2.5,10,4,15,15,0,0,0,9.333333333333334,191.03371577782667,2.1129234,10.6,3,4,3,5,0,0,0,2,100.0,-17.0,-131.0,0.0,-1225.2748727798462,-315.4888895162469,0.0,0
590,202,484,,cpu,36,-4938.80354392032,-137.18898733112002,15,True,False,4,23,0,19,-0.1062459217177497,0.030686354170080046,0.018839082396071818,0.9402189254760742,0.9416995512114631,0.4035244294338756,0.9416995512114631,,0.9722222222222222,10,23,35,35,0,0,0,7.4,147.03374685010195,2.3768492,10.6,8,9,8,10,3,3,3,3,300.0,-213.5,-286.0,0.0,-3963.268913021687,-596.0346308986337,0.0,0
591,273,201,,cpu,17,-4864.633485771557,-286.1549109277387,14,True,False,2,12,0,10,-0.30223771453122883,0.016884189366357855,0.011598711833357811,1.2278607592863195,1.2278607592863195,0.6770763958201689,1.2278607592863195,,1.1176470588235294,10,11,19,19,0,0,0,7.7368421052631575,157.446039217886,2.5425358,10.6,5,5,4,5,3,0,0,1,200.0,-63.0,-152.0,0.0,-4432.048052549362,-327.5854332221955,0.0,0
592,70,446,,cpu,6,-364.7810513531392,-60.79684189218987,0,True,False,,8,0,8,0.08358634511629741,0.0005182547398211076,0.01148084302743276,1.732867956161499,1.732867956161499,1.7259140014648438,1.732867956161499,,2.5,10,4,15,15,0,0,0,7.133333333333334,127.1781707701222,1.9754475,9.6,3,4,3,5,0,0,0,1,50.0,-17.0,-131.0,0.0,0.0,-236.78105135313925,0.0,0
593,171,487,,cpu,6,-2080.486148987758,-346.7476914979597,6,True,False,2,8,0,7,-0.2473935733238856,0.0008806053010630421,0.01135690308486422,2.746530612309774,2.746530612309774,2.4504660765329995,2.746530612309774,,2.5,10,4,15,15,0,0,0,7.733333333333333,164.299747417912,2.068099,10.6,3,4,3,5,0,0,0,1,50.0,-16.0,-131.0,0.0,-1705.1197171211243,-268.3664318666336,0.0,0
594,135,377,,cpu,150,-91990.34625689594,-613.2689750459729,271,False,True,19,383,383,290,-1.1567011717458566,1.3075578406134931,0.2540001248816649,0.9640739432970683,0.9494542912642161,0.1438313864171505,0.9494542912642161,,0.9066666666666666,10,76,136,136,0,0,0,7.779411764705882,161.88142262838022,2.081725,10.6,32,34,25,45,7,7,0,5,600.0,-13896.5,-1182.0,0.0,-74072.61399924755,-2369.2322576483893,0.0,0
595,219,459,,cpu,7,-575.4074285657156,-82.20106122367365,1,True,False,4,14,0,13,0.18543808800833567,0.0038461635454690884,0.01168920538787331,1.7749333381652832,1.7749333381652832,1.363046211855752,1.7749333381652832,,2.142857142857143,10,5,15,15,0,0,0,7.4,137.51175440193418,1.841665,10.6,3,4,3,5,1,0,0,2,150.0,-36.5,-131.0,0.0,-294.358891248703,-243.54853731701257,0.0,0
596,100,465,,cpu,6,-2031.013713672207,-338.5022856120345,6,True,False,2,13,0,10,0.01494374762599667,0.0009597119813046598,0.011812075196454922,2.746530612309774,2.746530612309774,1.5350989898045857,2.746530612309774,,2.5,10,4,15,15,0,0,0,6.333333333333333,103.40491883653775,1.6587454,10.6,3,4,3,5,1,0,0,1,100.0,-27.0,-131.0,0.0,-1740.406608581543,-212.60710509066385,0.0,0
597,219,547,,cpu,150,-113773.09650146152,-758.4873100097435,291,False,True,13,410,376,305,-1.6427161117643119,2.253571197652879,0.08741640439257026,1.0931123642126719,1.0642431410153708,0.16534511223435402,1.0642431410153708,,0.98,10,65,147,147,0,0,0,6.605442176870748,114.57205555847301,1.9722701,10.6,34,37,32,44,24,3,0,18,2100.0,-11856.0,-1222.0,0.0,-99725.5997478962,-2149.4967535653263,0.0,0
598,220,197,,cpu,150,-108953.29197734778,-726.3552798489852,335,False,True,13,234,159,179,-0.8446196447064479,1.9209254731376617,0.1387412551417947,0.5575470213095347,0.5526868677139283,0.2144251884520054,0.5526868677139283,,0.7066666666666667,10,86,106,106,0,0,0,7.4245283018867925,132.50852873103509,1.570126,10.6,23,27,20,36,11,12,2,7,900.0,-7817.5,-931.0,0.0,-98688.88726963739,-1745.9047077103821,0.0,0
599,89,519,,cpu,6,-397.82611951105844,-66.30435325184307,0,True,False,,10,0,9,0.2719501306613286,0.007950872493286928,0.011230692733079195,1.732867956161499,1.732867956161499,1.616335799296697,1.732867956161499,,2.5,10,4,15,15,0,0,0,9.466666666666667,201.43384121584756,2.3988323,10.6,3,4,3,5,0,0,0,2,100.0,-22.0,-131.0,0.0,0.0,-324.82611951105844,0.0,0
600,120,431,,cpu,6,-785.9248271728019,-130.98747119546698,2,True,False,4,15,0,12,0.3140689432621002,0.004479076713323593,0.011943430174142122,2.0707555611928306,2.0707555611928306,1.8618126312891643,2.0707555611928306,,2.5,10,4,15,15,0,0,0,6.333333333333333,103.40491883653775,1.6587454,10.6,3,4,3,5,1,0,0,2,150.0,-31.5,-131.0,0.0,-550.8177220821381,-212.60710509066385,0.0,0
601,40,426,,cpu,6,-2129.284423783941,-354.8807372973235,6,True,False,2,7,0,6,-0.025183021401365597,0.001037017585720908,0.010926678776741028,2.746530612309774,2.746530612309774,1.6835296551386516,2.746530612309774,,2.5,10,4,15,15,0,0,0,7.133333333333334,127.1781707701222,1.9754475,9.6,3,4,3,5,0,0,0,1,50.0,-11.5,-131.0,0.0,-1770.0033724308014,-236.78105135313925,0.0,0
602,310,457,,cpu,5,-1359.1925638342923,-271.83851276685846,3,True,False,2,13,0,10,-0.012590097635984421,0.00028692912014776083,0.010431194864213466,3.2958367347717283,3.2958367347717283,1.7166280388832091,3.2958367347717283,,3.0,10,3,15,15,0,0,0,6.133333333333334,96.95713252512085,1.2879518,10.6,3,4,3,5,1,0,0,0,50.0,-22.5,-131.0,0.0,-1056.7493498325348,-198.94321400175738,0.0,0
603,203,187,,cpu,150,-111501.94121803557,-743.3462747869038,353,False,True,2,169,128,131,-0.6750703940478464,1.7763266251254632,0.12820771686732768,0.5068466977278392,0.5003079342842102,0.19395351121822993,0.5003079342842102,,0.7133333333333334,10,88,107,107,0,0,0,7.401869158878505,132.2997687903284,1.6073995,10.6,23,27,20,37,7,12,2,12,950.0,-6591.5,-946.0,0.0,-102502.16353245347,-1752.277685582091,0.0,0
604,11,380,,cpu,150,-27973.755555692078,-186.49170370461385,49,False,True,26,392,381,293,0.5105807493130367,0.8853900702049334,0.28442150426407653,0.7872547884782155,0.797185796101888,0.12107113480567933,0.797185796101888,,0.8333333333333334,10,83,125,125,0,0,0,9.536,228.5270169575382,2.2761514,10.6,27,30,23,45,8,5,0,8,800.0,-12819.5,-1119.0,0.0,-11194.853475689888,-2710.402080002189,0.0,0
605,162,489,,cpu,6,-337.76549689179234,-56.29424948196539,0,True,False,,9,0,8,-0.1365694006284078,0.0029515560696988055,0.01102124247699976,1.732867956161499,1.732867956161499,1.5542058646678925,1.732867956161499,,2.5,10,4,15,15,0,0,0,7.733333333333333,162.29663083510766,2.2194307,10.6,3,4,3,5,0,0,0,2,100.0,-19.0,-131.0,0.0,0.0,-267.76549689179234,0.0,0
606,308,217,,cpu,6,-1403.8589321244642,-233.9764886874107,3,True,False,2,7,0,5,-0.43676402668158215,0.007259895869841178,0.010061091277748346,2.746530612309774,2.746530612309774,1.6273177365461986,2.746530612309774,,2.5,10,4,15,15,0,0,0,8.4,171.3678738285461,1.943399,10.6,3,4,3,5,1,0,0,0,50.0,-11.5,-131.0,0.0,-1028.8054525852203,-282.553479539244,0.0,0
607,298,325,,cpu,6,-1782.568085340986,-297.09468089016434,5,True,False,2,10,0,7,-0.44169409076372784,0.00890460687999924,0.010280774751057228,2.746530612309774,2.746530612309774,1.4924548616011937,2.746530612309774,,2.5,10,4,15,15,0,0,0,6.333333333333333,111.40222544911815,1.6173528,10.6,3,4,3,5,1,0,0,0,50.0,-15.0,-131.0,0.0,-1474.5088696479797,-212.0592156930063,0.0,0
608,310,268,,cpu,5,-1708.3383440006573,-341.6676688001315,4,True,False,2,7,0,6,-0.44322537183761596,0.004766505397856236,0.010092917084693908,3.2958367347717283,3.2958367347717283,1.9083575308322906,3.2958367347717283,,3.0,10,3,15,15,0,0,0,8.133333333333333,158.26627604191933,1.4794604,10.6,3,4,3,5,1,0,0,0,50.0,-10.5,-131.0,0.0,-1346.341097354889,-270.4972466457684,0.0,0
609,115,534,,cpu,12,-441.32611951105844,-36.777176625921534,0,True,False,,11,0,8,0.005910737595210473,0.00017662668834835435,0.011619000773256024,0.8664339780807495,0.8664339780807495,0.8115603228410085,0.8664339780807495,,1.25,10,10,15,15,0,0,0,9.466666666666667,201.43384121584756,3.300912,10.6,3,4,3,5,1,1,0,1,100.0,-35.5,-131.0,0.0,0.0,-324.82611951105844,0.0,0
610,246,493,,cpu,6,-984.2129056634741,-164.03548427724567,2,True,False,2,8,0,8,0.05351953456799189,0.00045721664719167165,0.010189544099072615,2.746530612309774,2.746530612309774,1.4636608560880024,2.746530612309774,,2.5,10,4,15,15,0,0,0,6.866666666666666,121.51730615472856,1.8252426,10.6,3,4,3,5,1,0,0,0,50.0,-12.5,-131.0,0.0,-668.5035049915314,-222.20940067194272,0.0,0
611,144,388,,cpu,6,-372.66134103538917,-62.1102235058982,0,True,False,,10,0,9,0.1847397287686666,0.002415187773294747,0.011416117660701275,1.732867956161499,1.732867956161499,1.6289733250935872,1.732867956161499,,2.5,10,4,15,15,0,0,0,9.266666666666667,235.15940413287004,2.0752537,10.6,3,4,3,5,0,0,0,2,100.0,-24.0,-131.0,0.0,0.0,-317.6613410353891,0.0,0
612,176,284,,cpu,150,-35498.867142768875,-236.65911428512584,59,False,True,49,646,519,498,0.27552199870347976,0.47531056170041364,0.3030206592877706,0.6810979843139648,0.6980382386843363,0.1374640692770481,0.6980382386843363,,0.88,10,71,132,132,0,0,0,8.159090909090908,163.32708235371402,2.052265,10.6,31,35,25,41,8,3,1,5,650.0,-18859.5,-1125.0,0.0,-12648.399818294105,-2425.967324474765,0.0,0
613,115,407,,cpu,6,-744.4021757388572,-124.06702928980953,2,True,False,2,17,0,11,0.13788950939973196,0.001326377843118583,0.01149258359024922,2.746530612309774,2.746530612309774,1.4906416535377502,2.746530612309774,,2.5,10,4,15,15,0,0,0,6.333333333333333,103.40491883653775,1.6587454,10.6,3,4,3,5,1,0,0,2,150.0,-32.0,-131.0,0.0,-508.79507064819336,-212.60710509066385,0.0,0
614,289,489,,cpu,6,-2641.908394637958,-440.31806577299295,6,True,False,2,7,0,6,-0.2762884845336278,0.001988567825624917,0.009968927595764399,2.746530612309774,2.746530612309774,1.4942818383375804,2.746530612309774,,2.5,10,4,15,15,0,0,0,6.866666666666666,121.53242204176128,1.705506,10.6,3,4,3,5,1,0,0,0,50.0,-12.5,-131.0,0.0,-2326.1944591999054,-222.21393543805257,0.0,0
615,18,436,,cpu,6,-2495.98599171068,-415.9976652851133,7,True,False,2,10,0,8,-0.3513288547595342,0.0022786401774889478,0.010566535716255506,2.746530612309774,2.746530612309774,1.7875075141588848,2.746530612309774,,2.5,10,4,15,15,0,0,0,7.133333333333334,127.18800169113187,1.9688917,9.6,3,4,3,5,0,0,0,2,100.0,-21.0,-131.0,0.0,-2197.201991081238,-236.78400062944218,0.0,0
616,292,453,,cpu,5,-1978.3738253737515,-395.6747650747503,5,True,False,2,6,0,6,-0.22084455490112304,0.0011431094753788784,0.00966476071625948,3.2958367347717283,3.2958367347717283,1.8508398056030273,3.2958367347717283,,3.0,10,3,15,15,0,0,0,6.133333333333334,96.95713252512085,1.2879518,10.6,3,4,3,5,1,0,0,0,50.0,-8.0,-131.0,0.0,-1690.430611371994,-198.94321400175738,0.0,0
617,147,536,,cpu,37,-3454.1363082871953,-93.35503535911339,9,True,False,2,17,0,13,0.05615621855532801,0.03471677691084404,0.014989106286619161,1.0200970897803436,1.0102099599065006,0.3346178253760209,1.0102099599065006,,1.027027027027027,10,21,38,38,0,0,0,8.5,163.15823108688792,2.7807,10.6,8,11,6,13,3,2,1,3,300.0,-143.5,-341.0,0.0,-2333.14120452201,-736.4951037651851,0.0,0
618,131,387,,cpu,150,-62475.83195324878,-416.50554635499185,182,False,True,14,287,248,231,-0.3584052312374115,0.25142727227340705,0.18841896252706647,0.8981565833091736,0.8896675952275594,0.11359281092882156,0.8896675952275594,,0.9066666666666666,10,74,136,136,0,0,0,7.779411764705882,161.64113441728867,2.0049706,10.6,32,34,25,45,20,6,3,17,1850.0,-10362.5,-1182.0,0.0,-49613.74384064163,-2367.588112607153,0.0,0
619,231,182,,cpu,150,-54798.3270676404,-365.322180450936,163,False,True,10,228,228,176,-0.09088024434012672,0.2313097509702978,0.06013555884982149,0.5790704496701559,0.5524962131182353,0.1940301810701688,0.5524962131182353,,0.7866666666666666,10,93,118,118,0,0,0,7.771186440677966,149.75602470481547,2.0371873,10.6,27,32,24,35,9,10,2,7,800.0,-4168.5,-988.0,0.0,-47560.951375961304,-2050.875691679092,0.0,0
620,47,412,,cpu,9,-293.2840006294422,-32.58711118104913,0,True,False,,12,0,7,0.25949110587437946,0.0068789503744079005,0.010860108149548372,1.155245304107666,1.155245304107666,0.9931941231091818,1.155245304107666,,1.6666666666666667,10,7,15,15,0,0,0,7.133333333333334,127.18800169113187,2.416653,9.6,3,4,3,5,2,1,0,1,150.0,-25.5,-131.0,0.0,0.0,-236.78400062944218,0.0,0
621,27,357,,cpu,7,-345.02986154517953,-49.289980220739935,0,True,False,,14,0,10,0.3631655403545925,0.007734728045761585,0.011592522396573,1.4853153909955705,1.4853153909955705,1.5374042306627547,1.4853153909955705,,2.142857142857143,10,5,15,15,0,0,0,11.066666666666666,302.5045429378314,2.4252508,10.6,3,4,3,5,0,0,0,4,200.0,-28.5,-131.0,0.0,0.0,-375.52986154517953,0.0,0
622,90,563,,cpu,6,-1729.1843692534849,-288.1973948755808,4,True,False,2,7,0,6,0.14653369784355164,0.0025950869506535432,0.010125961775581041,2.746530612309774,2.746530612309774,1.5505464474360149,2.746530612309774,,2.5,10,4,15,15,0,0,0,9.133333333333333,191.75420728682448,2.1976495,9.6,3,4,3,5,0,0,0,1,50.0,-14.0,-131.0,0.0,-1269.8896646499634,-314.29470460352144,0.0,0
623,206,518,,cpu,6,-353.2654968917924,-58.87758281529873,0,True,False,,17,0,13,0.2145272195339203,0.0038152030707957842,0.010487263556569815,1.732867956161499,1.732867956161499,1.4760946134726207,1.732867956161499,,2.5,10,4,15,15,0,0,0,7.733333333333333,162.29663083510766,2.2194307,10.6,3,4,3,5,0,0,0,2,100.0,-34.5,-131.0,0.0,0.0,-267.76549689179234,0.0,0
624,296,278,,cpu,5,-701.291748427232,-140.2583496854464,1,True,False,2,11,0,9,0.11040706932544708,0.000484512782713864,0.009783411398530006,3.2958367347717283,3.2958367347717283,1.8226697981357574,3.2958367347717283,,3.0,10,3,15,15,0,0,0,8.133333333333333,158.26627604191933,1.4794604,10.6,3,4,3,5,1,0,0,0,50.0,-19.5,-131.0,0.0,-330.2945017814636,-270.4972466457684,0.0,0
625,202,360,,cpu,150,-99267.15087515068,-661.7810058343379,310,False,True,2,115,72,89,-1.0357144330938657,1.697037298079716,0.0799902779981494,0.9974138939380646,1.0178273646036784,0.1259264123936494,1.0178273646036784,,0.9266666666666666,10,71,139,139,0,0,0,7.302158273381295,145.55364196751427,2.0125034,10.6,35,38,26,40,12,12,1,5,850.0,-4554.5,-1157.0,0.0,-91127.11465122909,-2248.536223921588,0.0,0
626,14,386,,cpu,6,-1477.7546653881247,-246.29244423135412,4,True,False,2,12,0,7,-0.33297597368558246,0.004012145800516009,0.010426111053675413,2.746530612309774,2.746530612309774,1.573211709658305,2.746530612309774,,2.5,10,4,15,15,0,0,0,11.0,302.06270456026067,2.1703548,10.6,3,4,3,5,0,0,0,2,100.0,-19.0,-131.0,0.0,-1042.3573553562164,-375.3973100319083,0.0,0
627,303,317,,cpu,7,-1215.3600059931937,-173.62285799902767,3,True,False,2,8,0,6,-0.24781199438231333,0.004369035928643176,0.009574128181806632,2.35416909626552,2.35416909626552,1.2026422704969133,2.35416909626552,,2.142857142857143,10,5,15,15,0,0,0,8.133333333333333,158.53281448861856,1.928455,10.6,3,4,3,5,1,0,0,1,100.0,-16.0,-131.0,0.0,-877.7827978134155,-270.5772081797782,0.0,0
628,88,495,,cpu,12,-1561.8648253368642,-130.15540211140535,4,True,False,2,15,0,10,-0.1720211406548818,0.004979738732799888,0.011230110889300704,1.373265306154887,1.373265306154887,0.6512307673692703,1.373265306154887,,1.25,10,10,15,15,0,0,0,9.466666666666667,201.43384121584756,3.300912,10.6,3,4,3,5,1,1,0,2,150.0,-39.5,-131.0,0.0,-1176.5387058258057,-324.82611951105844,0.0,0
629,96,555,,cpu,6,-1377.3466800140645,-229.5577800023441,3,True,False,2,10,0,8,-0.19534820318222046,0.0018064816055508952,0.010189609291652838,2.746530612309774,2.746530612309774,1.4339587191740673,2.746530612309774,,2.5,10,4,15,15,0,0,0,9.466666666666667,201.43384121584756,2.3988323,10.6,3,4,3,5,0,0,0,1,50.0,-19.5,-131.0,0.0,-922.020560503006,-324.82611951105844,0.0,0
630,309,182,,cpu,7,-1623.9836169578036,-231.9976595654005,4,True,False,2,10,0,8,-0.10513182197298322,0.0004368997961137211,0.009455791275416101,2.35416909626552,2.35416909626552,1.1935923780713762,2.35416909626552,,2.142857142857143,10,5,15,15,0,0,0,8.4,171.4190019737752,2.1740756,10.6,3,4,3,5,1,0,0,1,100.0,-22.0,-131.0,0.0,-1258.4147989749908,-282.56881798281273,0.0,0
631,27,468,,cpu,6,-1906.196261600179,-317.69937693336317,5,True,False,2,7,0,7,-0.0032576962063709893,0.0005259709223537357,0.00980594956005613,2.746530612309774,2.746530612309774,1.5179938673973083,2.746530612309774,,2.5,10,4,15,15,0,0,0,7.133333333333334,127.1781707701222,1.9754475,9.6,3,4,3,5,0,0,0,1,50.0,-12.5,-131.0,0.0,-1545.9152102470398,-236.78105135313925,0.0,0
632,253,348,,cpu,7,-1134.701848638406,-162.10026409120087,3,True,False,2,9,0,9,0.19677727563040598,0.0038926232207034317,0.009905369686228889,2.35416909626552,2.35416909626552,1.3777959517070226,2.35416909626552,,2.142857142857143,10,5,15,15,0,0,0,6.333333333333333,111.42628818866676,1.7929424,10.6,3,4,3,5,1,0,0,1,100.0,-16.0,-131.0,0.0,-845.6354141235352,-212.06643451487088,0.0,0
633,17,473,,cpu,6,-2258.7630204712577,-376.4605034118763,6,True,False,2,7,0,7,0.044970035552978516,0.0013847202038353619,0.009698607493191957,2.746530612309774,2.746530612309774,1.451086421807607,2.746530612309774,,2.5,10,4,15,15,0,0,0,7.133333333333334,127.1781707701222,1.9754475,9.6,3,4,3,5,0,0,0,1,50.0,-10.5,-131.0,0.0,-1900.4819691181183,-236.78105135313925,0.0,0
634,229,178,,cpu,150,-93123.78561208752,-620.8252374139169,274,False,True,16,422,414,330,-0.6068703935916225,1.356308175271988,0.11856295391296347,0.39604373097419737,0.41532419244448343,0.18425028423468273,0.41532419244448343,,0.7666666666666667,10,88,115,115,0,0,0,7.6173913043478265,138.93808444603417,1.8270502,10.6,27,29,23,36,7,4,1,14,1050.0,-9951.5,-976.0,0.0,-80489.22222484963,-1967.0633872379128,0.0,0
635,54,466,,cpu,6,-910.7889077221578,-151.7981512870263,2,True,False,2,8,0,6,0.3640941083431244,0.005356522044166923,0.009858964631954828,2.746530612309774,2.746530612309774,1.759265144666036,2.746530612309774,,2.5,10,4,15,15,0,0,0,7.133333333333334,127.1781707701222,1.9754475,9.6,3,4,3,5,0,0,0,1,50.0,-13.5,-131.0,0.0,-549.5078563690186,-236.78105135313925,0.0,0
636,282,479,,cpu,8,-2180.7672632592603,-272.59590790740754,5,True,False,2,7,0,7,0.021741137839853764,0.0024713752162597302,0.009385747136548162,2.0737597346305847,2.0597771406173706,1.0856528356671333,2.0597771406173706,,1.875,10,6,15,15,0,0,0,6.4,106.70020304709959,1.563041,7.4,3,4,3,5,1,1,1,1,100.0,-14.5,-131.0,0.0,-1877.2055208683014,-208.06174239095884,0.0,0
637,190,316,,cpu,7,-371.36519363720527,-53.05217051960075,0,True,False,,20,0,13,0.18376387442861283,0.002434192574582994,0.01023841303374086,1.4853153909955705,1.4853153909955705,1.37470577444349,1.4853153909955705,,2.142857142857143,10,5,15,15,0,0,0,8.733333333333333,178.71373763047202,2.219957,10.6,3,4,3,5,0,0,0,2,100.0,-39.5,-131.0,0.0,0.0,-290.86519363720527,0.0,0
638,121,425,,cpu,150,-76209.30136529662,-508.0620091019775,231,False,True,2,247,231,190,-0.692618570216,0.6444374383162101,0.2006123395015796,1.0947062838077546,1.0638965102036795,0.13829258129000663,1.0638965102036795,,0.9933333333333333,10,64,149,149,0,0,0,6.523489932885906,107.14383297881375,1.7468086,10.6,36,39,29,45,14,9,3,7,1050.0,-10919.5,-1254.0,0.0,-61899.97394946034,-2155.8274158362824,0.0,0
639,235,231,,cpu,150,-146405.72103594764,-976.0381402396509,452,False,True,64,182,182,137,-2.0670103718837103,5.815047258272146,0.09037825576961041,0.7516664711634318,0.7082582171758016,0.19668384497364363,0.7082582171758016,,0.86,10,86,129,129,0,0,0,7.542635658914729,139.72222040333125,2.0693345,10.6,30,34,25,40,14,12,2,14,1400.0,-6211.0,-1097.0,0.0,-137567.7316468199,-2169.9893891277393,0.0,0
640,224,551,,cpu,6,-291.76549689179234,-48.62758281529872,0,True,False,,18,0,13,0.03428847094376882,0.00041341748935034656,0.009641729295253754,1.732867956161499,1.732867956161499,1.6266490121682484,1.732867956161499,,2.5,10,4,15,15,0,0,0,7.733333333333333,162.29663083510766,2.2194307,10.6,3,4,3,5,0,0,0,3,150.0,-33.0,-131.0,0.0,0.0,-267.76549689179234,0.0,0
641,299,190,,cpu,7,-1347.7616979927948,-192.53738542754212,3,True,False,2,9,0,9,-0.09767676144838333,0.0005259809861724664,0.009175861786518778,2.35416909626552,2.35416909626552,1.1711063299860274,2.35416909626552,,2.142857142857143,10,5,15,15,0,0,0,8.4,171.28179716568886,2.193572,10.6,3,4,3,5,1,0,0,1,100.0,-20.5,-131.0,0.0,-983.7340414524078,-282.52765654038683,0.0,0
642,136,498,,cpu,6,-395.82611951105844,-65.97101991850974,0,True,False,,10,0,8,0.08446441342433293,0.0006628034035263871,0.009897186420857906,1.732867956161499,1.732867956161499,1.4974147627751033,1.732867956161499,,2.5,10,4,15,15,0,0,0,9.466666666666667,201.43384121584756,2.3988323,10.6,3,4,3,5,0,0,0,2,100.0,-20.0,-131.0,0.0,0.0,-324.82611951105844,0.0,0
643,181,132,,cpu,8,-395.1003092001484,-49.38753865001855,0,True,False,,14,0,10,0.09280609712004662,0.0003920193664725957,0.010284813004545867,1.2996509671211243,1.2996509671211243,1.2070483267307281,1.2996509671211243,,1.875,10,6,15,15,0,0,0,10.2,250.70285538104974,2.7400131,10.6,3,4,3,5,0,0,0,3,150.0,-32.5,-131.0,0.0,0.0,-351.6003092001484,0.0,0
644,208,370,,cpu,10,-378.89667015840683,-37.889667015840686,0,True,False,,12,0,11,0.06294856816530228,0.0003140500767713661,0.010201912000775337,1.0397207736968994,1.0397207736968994,1.069269096851349,1.0397207736968994,,1.5,10,8,15,15,0,0,0,7.666666666666667,164.01852044938104,2.4224834,10.6,3,4,3,5,2,1,0,0,100.0,-31.5,-131.0,0.0,0.0,-256.3966701584068,0.0,0
645,204,385,,cpu,150,-102157.23248505735,-681.048216567049,317,False,True,11,172,172,132,-1.2655108821555041,1.6484714614393912,0.09483418948948383,0.9906860546271006,0.9974120163917541,0.1893703094124794,0.9974120163917541,,0.9266666666666666,10,73,139,139,0,0,0,7.316546762589928,144.87179376505404,2.0007756,10.6,36,37,26,40,10,14,0,3,650.0,-5509.0,-1154.0,0.0,-92855.14216423035,-2249.0903208270106,0.0,0
646,310,483,,cpu,6,-1005.4996015032409,-167.58326691720683,2,True,False,2,8,0,7,-0.03436836130761852,0.00016853072399432753,0.008824523538351059,2.746530612309774,2.746530612309774,1.7086302042007446,2.746530612309774,,2.5,10,4,15,15,0,0,0,6.866666666666666,121.7807114042587,1.8896699,10.6,3,4,3,5,1,0,0,0,50.0,-14.5,-131.0,0.0,-687.7111792564392,-222.2884222468018,0.0,0
647,117,498,,cpu,6,-916.9968717979694,-152.83281196632825,2,True,False,2,13,0,11,0.05518862108389536,0.00031711529481981415,0.010140955448150635,2.746530612309774,2.746530612309774,1.525477131207784,2.746530612309774,,2.5,10,4,15,15,0,0,0,9.466666666666667,201.43384121584756,2.3988323,10.6,3,4,3,5,0,0,0,3,150.0,-29.0,-131.0,0.0,-572.170752286911,-324.82611951105844,0.0,0
648,180,559,,cpu,6,-260.52114550975534,-43.420190918292555,0,True,False,,18,0,10,0.2079855998357137,0.0009604006918380037,0.009509634381781021,1.732576608657837,1.732867956161499,2.1355643272399902,1.732867956161499,,2.5,10,4,15,15,0,0,0,7.266666666666667,150.51605543366102,1.7531916,9.6,3,4,3,5,0,0,0,3,150.0,-28.0,-131.0,0.0,0.0,-251.52114550975534,0.0,0
649,106,121,,cpu,7,-462.81586765495865,-66.11655252213696,0,True,False,,13,0,9,0.1033214841570173,0.0008614371846696096,0.00989846738853625,1.4853153909955705,1.4853153909955705,1.5568901130131312,1.4853153909955705,,2.142857142857143,10,5,15,15,0,0,0,13.133333333333333,284.58627336238817,2.7152317,10.6,3,4,3,5,0,0,0,3,150.0,-28.5,-131.0,0.0,0.0,-453.31586765495865,0.0,0
650,227,510,,cpu,6,-699.6417173564988,-116.6069528927498,1,True,False,4,7,0,6,0.030653403451045353,0.0001666239713813411,0.008750077802687883,2.0707555611928306,2.0707555611928306,1.7600507140159607,2.0707555611928306,,2.5,10,4,15,15,0,0,0,7.733333333333333,162.29663083510766,2.2194307,10.6,3,4,3,5,0,0,0,1,50.0,-10.0,-131.0,0.0,-310.8762204647064,-267.76549689179234,0.0,0
651,101,398,,cpu,6,-1086.7527480301437,-181.12545800502394,3,True,False,2,8,0,6,-0.19351411362489065,0.0005591162116616033,0.00942243728786707,4.050567706425984,4.021793206532796,1.8388932545979817,4.021793206532796,,2.5,10,4,15,15,0,0,0,8.066666666666666,184.4949787178903,1.3918242,7.4,3,4,3,5,1,0,0,1,100.0,-16.5,-131.0,0.0,-731.9805532693863,-277.27219476075754,0.0,0
652,30,464,,cpu,6,-2516.9624782711862,-419.49374637853106,7,True,False,2,8,0,7,-0.48384130001068115,0.0061869358469266444,0.008783985394984484,2.746530612309774,2.746530612309774,1.8657934665679932,2.746530612309774,,2.5,10,4,15,15,0,0,0,7.133333333333334,127.32899169938857,1.8421141,9.6,3,4,3,5,0,0,0,1,50.0,-11.0,-131.0,0.0,-2148.136180639267,-236.82629763191915,0.0,0
653,116,435,,cpu,6,-294.58160476470545,-49.09693412745091,0,True,False,,11,0,8,-0.008655513947208723,0.00013884814903282935,0.00902504272138079,1.732867956161499,1.732867956161499,1.8018204470475514,1.732867956161499,,2.5,10,4,15,15,0,0,0,6.333333333333333,103.31991775000978,1.5977125,10.6,3,4,3,5,1,0,0,1,100.0,-21.0,-131.0,0.0,0.0,-212.58160476470545,0.0,0
654,305,480,,cpu,6,-307.30248288473865,-51.217080480789775,0,True,False,,9,0,7,0.04065054034193357,0.00020067412212180594,0.008213740152617296,1.7396389643351238,1.7328484853108723,1.8511606454849243,1.7328484853108723,,2.5,10,4,15,15,0,0,0,6.533333333333333,110.30940837960837,1.5309452,7.6,3,4,3,5,1,1,0,0,50.0,-16.0,-131.0,0.0,0.0,-210.30248288473865,0.0,0
655,215,369,,cpu,7,-227.85556450816154,-32.550794929737364,0,True,False,,19,0,15,0.0425842148917062,0.0003149555975271921,0.009448690073830741,1.4853153909955705,1.4853153909955705,1.2426591260092599,1.4853153909955705,,2.142857142857143,10,5,15,15,0,0,0,7.666666666666667,163.8815016152302,2.16609,10.6,3,4,3,5,1,0,0,3,200.0,-40.5,-131.0,0.0,0.0,-256.35556450816154,0.0,0
656,182,549,,cpu,150,-147722.38107401345,-984.8158738267564,431,False,True,12,412,375,313,-2.227506209760904,3.8398416332238896,0.17489104193945726,1.0291948274771372,1.0083002543449402,0.19084395875533422,1.0083002543449402,,0.9333333333333333,10,73,140,140,0,0,0,7.164285714285715,132.9402460206546,2.0965135,10.6,31,35,29,45,8,15,0,13,1050.0,-13625.5,-1197.0,0.0,-130705.03194928169,-2274.849124731747,0.0,0
657,239,326,,cpu,150,-106280.61579488404,-708.5374386325602,316,False,True,33,235,189,183,-1.313231024891138,1.737606299459391,0.1803012734403213,1.0250641262531281,1.0117786053816478,0.19528633773326873,1.0117786053816478,,0.9666666666666667,10,73,145,145,0,0,0,6.931034482758621,125.4053441519369,1.6424887,10.6,38,40,27,40,21,9,0,12,1650.0,-10641.0,-1191.0,0.0,-92919.81418170035,-2228.801613183694,0.0,0
658,191,548,,cpu,8,-267.4536683703426,-33.431708546292825,0,True,False,,20,0,15,0.06990515813231468,0.0010873386345338076,0.009539910010062158,1.2996509671211243,1.2996509671211243,1.3829988837242126,1.2996509671211243,,1.875,10,6,15,15,0,0,0,7.733333333333333,162.92386909694198,2.4796782,10.6,3,4,3,5,1,0,0,3,200.0,-38.5,-131.0,0.0,0.0,-267.9536683703426,0.0,0
659,276,535,,cpu,6,-323.2094006719427,-53.86823344532379,0,True,False,,9,0,7,0.08101358513037364,0.0006894567632116377,0.00801254614877204,1.732867956161499,1.732867956161499,1.8454471627871196,1.732867956161499,,2.5,10,4,15,15,0,0,0,6.866666666666666,121.51730615472856,1.8252426,10.6,3,4,3,5,1,0,0,0,50.0,-20.0,-131.0,0.0,0.0,-222.20940067194272,0.0,0
660,227,300,,cpu,150,-168960.43830745496,-1126.4029220496998,506,False,True,29,420,288,317,-2.4094124378760657,6.469864411122787,0.3516855304626127,0.8739629586537679,0.8638034558296204,0.15288359542687735,0.8638034558296204,,0.9066666666666666,10,79,136,136,0,0,0,7.463235294117647,136.78534614751413,1.9723856,10.6,35,35,26,40,11,10,0,8,950.0,-18365.5,-1133.0,0.0,-147122.37699069083,-2249.5613167641177,0.0,0
661,308,171,,cpu,6,-970.2435011715819,-161.70725019526364,2,True,False,2,7,0,5,-0.13468499357501665,0.0005078880579579467,0.00775369683591028,2.746530612309774,2.746530612309774,1.580555260181427,2.746530612309774,,2.5,10,4,15,15,0,0,0,8.4,171.28179716568886,1.9824275,10.6,3,4,3,5,1,0,0,0,50.0,-11.0,-131.0,0.0,-595.7158446311951,-282.52765654038683,0.0,0
662,285,175,,cpu,7,-899.9297473282744,-128.56139247546778,2,True,False,2,16,0,13,-0.06097712820129735,0.00020254384703223747,0.008234982777919089,2.35416909626552,2.35416909626552,1.4165471877370561,2.35416909626552,,2.142857142857143,10,5,15,15,0,0,0,8.4,171.28179716568886,2.193572,10.6,3,4,3,5,1,0,0,2,150.0,-32.5,-131.0,0.0,-583.9020907878876,-282.52765654038683,0.0,0
663,220,373,,cpu,29,-1962.7744920169268,-67.68187903506644,4,True,False,6,24,0,20,0.09891865453843413,0.0346023364018709,0.012390048066475269,0.9058270783259951,0.904630315714869,0.5417033711384083,0.904630315714869,,1.103448275862069,10,17,32,32,0,0,0,7.25,143.50988071202985,2.137575,10.6,7,9,6,10,4,1,0,2,300.0,-88.0,-275.0,0.0,-1196.5369880199432,-513.2375039969837,0.0,0
664,267,265,,cpu,7,-353.4972466457685,-50.49960666368121,0,True,False,,11,0,10,0.08745329082012177,0.0016679595158036267,0.0084506699017116,1.4853153909955705,1.4853153909955705,1.2253463438579015,1.4853153909955705,,2.142857142857143,10,5,15,15,0,0,0,8.133333333333333,158.26627604191933,1.9327484,10.6,3,4,3,5,1,0,0,1,100.0,-22.0,-131.0,0.0,0.0,-270.4972466457684,0.0,0
665,71,552,,cpu,6,-2205.196246867492,-367.53270781124866,6,True,False,2,7,0,7,-0.23275324453910193,0.0013864011895445099,0.008302522823214531,2.746530612309774,2.746530612309774,1.5890594124794006,2.746530612309774,,2.5,10,4,15,15,0,0,0,9.333333333333334,191.42358639581744,1.9931374,10.6,3,4,3,5,0,0,0,1,50.0,-12.0,-131.0,0.0,-1756.5903961658478,-315.6058507016441,0.0,0
666,107,464,,cpu,6,-1469.5470829465444,-244.92451382442405,4,True,False,2,7,0,7,-0.09131812676787376,0.000386896041163709,0.008389747701585293,2.746530612309774,2.746530612309774,1.6907438337802887,2.746530612309774,,2.5,10,4,15,15,0,0,0,6.333333333333333,103.31991775000978,1.5977125,10.6,3,4,3,5,1,0,0,1,100.0,-16.0,-131.0,0.0,-1179.965478181839,-212.58160476470545,0.0,0
667,296,105,,cpu,7,-456.58896552102163,-65.22699507443166,0,True,False,,9,0,9,0.10210468087877546,0.0014985517731734685,0.007573310152760574,1.4853153909955705,1.4853153909955705,1.4960810456957137,1.4853153909955705,,2.142857142857143,10,5,15,15,0,0,0,8.866666666666667,177.0593009194055,2.3445675,10.6,3,4,3,5,1,0,0,0,50.0,-19.5,-131.0,0.0,0.0,-306.0889655210216,0.0,0
668,270,247,,cpu,7,-292.57720817977827,-41.79674402568261,0,True,False,,16,0,13,0.12673124245234899,0.0014873859389419003,0.008459853607096843,1.4853153909955705,1.4853153909955705,1.4674348490578788,1.4853153909955705,,2.142857142857143,10,5,15,15,0,0,0,8.133333333333333,158.53281448861856,1.928455,10.6,3,4,3,5,1,0,0,2,150.0,-31.0,-131.0,0.0,0.0,-270.5772081797782,0.0,0
669,227,312,,cpu,12,-194.86519363720527,-16.23876613643377,0,True,False,,19,0,16,0.04233457644780477,0.0009585992308226802,0.009614420084593197,0.8664339780807495,0.8664339780807495,0.9363812605539957,0.8664339780807495,,1.25,10,10,15,15,0,0,0,8.733333333333333,178.71373763047202,2.5272777,10.6,3,4,3,5,3,1,0,3,300.0,-53.0,-131.0,0.0,0.0,-290.86519363720527,0.0,0
670,235,521,,cpu,6,-1250.9602808178024,-208.4933801363004,3,True,False,2,17,0,13,-0.22074562311172485,0.002721733801687757,0.008098472918694219,2.746530612309774,2.746530612309774,1.6048043171564739,2.746530612309774,,2.5,10,4,15,15,0,0,0,7.733333333333333,162.29663083510766,2.2194307,10.6,3,4,3,5,0,0,0,2,100.0,-34.0,-131.0,0.0,-898.1947839260101,-267.76549689179234,0.0,0
671,267,485,,cpu,6,-1456.2360555132507,-242.70600925220845,3,True,False,2,8,0,6,-0.3926686743895213,0.005505533578495185,0.007532270547623436,2.746530612309774,2.746530612309774,1.824603001276652,2.746530612309774,,2.5,10,4,15,15,0,0,0,6.866666666666666,121.7807114042587,1.8896699,10.6,3,4,3,5,1,0,0,0,50.0,-17.5,-131.0,0.0,-1135.447633266449,-222.2884222468018,0.0,0
672,0,494,,cpu,7,-1317.8671873603323,-188.26674105147603,3,True,False,2,5,0,5,-0.3319996637957437,0.004973888696570482,0.007480284199118614,2.35416909626552,2.35416909626552,1.5535902551242284,2.35416909626552,,2.142857142857143,10,5,15,15,0,0,0,9.333333333333334,192.050122123702,2.384028,10.6,3,4,3,5,0,0,0,2,100.0,-12.5,-131.0,0.0,-928.5733759403229,-315.79381142000943,0.0,0
673,186,523,,cpu,42,-9312.315471436454,-221.7217969389632,28,True,False,2,37,0,32,-0.0962580745773656,0.09092505756234459,0.017955473424600705,1.177084593545823,1.177084593545823,0.39247062305609387,1.177084593545823,,1.0714285714285714,10,24,45,45,0,0,0,7.177777777777778,136.72009799489,2.313993,10.6,10,11,9,15,6,2,2,4,500.0,-354.0,-390.0,0.0,-8093.604332208633,-744.7111392278211,0.0,0
674,13,572,,cpu,11,-3055.561833422266,-277.7783484929333,8,True,False,2,15,0,14,-0.29420063170519745,0.00744529171391729,0.008509777232327244,1.4981076067144221,1.4981076067144221,0.9776684045791626,1.4981076067144221,,1.3636363636363635,10,9,15,15,0,0,0,9.4,195.66938045188215,3.0600045,10.6,3,4,3,5,0,0,0,3,150.0,-37.5,-131.0,0.0,-2690.378588438034,-316.68324498423186,0.0,0
675,130,400,,cpu,150,-21003.24314454492,-140.02162096363278,42,False,True,51,257,229,194,0.8775278902053834,1.3902907361503942,0.1862320065777749,0.9039868768056234,0.8879673477013906,0.18234012444814046,0.8879673477013906,,0.9133333333333333,10,75,137,137,0,0,0,7.700729927007299,156.35413857123442,1.954955,10.6,32,34,26,45,21,6,1,13,1700.0,-8063.5,-1185.0,0.0,-10233.148315504077,-2361.594829040842,0.0,0
676,282,462,,cpu,5,-1958.6181011188155,-391.7236202237631,5,True,False,2,5,0,5,-0.2303805023431778,0.0014567488437023713,0.007084105350077152,3.2958367347717283,3.2958367347717283,1.9909892678260803,3.2958367347717283,,3.0,10,3,15,15,0,0,0,6.133333333333334,96.88792734799297,1.262413,10.6,3,4,3,5,1,0,0,0,50.0,-6.0,-131.0,0.0,-1672.6956486701965,-198.92245244861903,0.0,0
677,8,499,,cpu,6,-2308.3004220136527,-384.71673700227547,6,True,False,2,7,0,6,-0.14554027716318765,0.0006318967692398777,0.007469309959560633,2.746530612309774,2.746530612309774,1.855067292849223,2.746530612309774,,2.5,10,4,15,15,0,0,0,9.333333333333334,191.03371577782667,2.1129234,10.6,3,4,3,5,0,0,0,1,50.0,-9.5,-131.0,0.0,-1872.311532497406,-315.4888895162469,0.0,0
678,243,485,,cpu,7,-1214.9021508249823,-173.55745011785461,3,True,False,2,15,0,9,0.20667240449360438,0.0036618123828832594,0.007817387647394623,2.35416909626552,2.35416909626552,1.5256685018539429,2.35416909626552,,2.142857142857143,10,5,15,15,0,0,0,6.866666666666666,121.82439702359453,2.0490515,10.6,3,4,3,5,2,0,0,1,150.0,-31.0,-131.0,0.0,-970.6006228923798,-222.30152793260254,0.0,0
679,290,332,,cpu,5,-594.998604190698,-118.9997208381396,1,True,False,2,6,0,6,0.6035304188728332,0.008431870955973864,0.007067390438169241,3.2958367347717283,3.2958367347717283,2.5640018463134764,3.2958367347717283,,3.0,10,3,15,15,0,0,0,6.333333333333333,111.42628818866676,1.414908,10.6,3,4,3,5,1,0,0,0,50.0,-8.0,-131.0,0.0,-293.932169675827,-212.06643451487088,0.0,0
680,184,380,,cpu,150,-104408.57359151008,-696.0571572767338,311,False,True,28,193,113,153,-0.8192149472484986,1.7775782529249167,0.2187973395952334,0.9735202936331431,0.9745089689890544,0.22074073493480684,0.9745089689890544,,0.92,10,73,138,138,0,0,0,7.3768115942028984,146.25752471593333,1.9611154,10.6,34,37,26,41,7,15,0,11,900.0,-8465.0,-1159.0,0.0,-92443.51049363613,-2261.063097873949,0.0,0
681,262,225,,cpu,150,-121664.51782986839,-811.0967855324559,356,False,True,2,241,241,176,-1.1185215138147275,1.5622030009104249,0.12823399089897672,1.0380145168304444,1.0363386718432108,0.16731730461120606,1.0363386718432108,,0.9266666666666666,10,70,139,139,0,0,0,7.517985611510792,139.6723735218966,2.0709412,10.6,35,37,27,40,7,12,0,12,950.0,-7092.5,-1152.0,0.0,-111037.79627084732,-2332.2215590210635,0.0,0
682,191,290,,cpu,150,-47738.891303251185,-318.2592753550079,104,False,True,19,540,496,429,0.2602982930839062,0.4369039834818492,0.4203257939592004,0.8286657526095709,0.8245814474423726,0.1374756948153178,0.8245814474423726,,0.88,10,74,132,132,0,0,0,7.992424242424242,156.72069702924898,1.8993021,10.6,32,35,25,40,13,4,0,7,1000.0,-19413.5,-1115.0,0.0,-24817.240595258772,-2363.1507079924127,0.0,0
683,138,397,,cpu,150,-98073.00155641865,-653.8200103761243,302,False,True,27,314,257,248,-0.7714367050925891,0.8325536852421344,0.3264418763015419,0.8885046005249023,0.8883348365624746,0.19064937124649683,0.8883348365624746,,0.96,10,72,144,144,0,0,0,7.1875,136.44208690498618,1.6556884,9.6,35,37,27,45,20,10,0,12,1600.0,-12608.0,-1227.0,0.0,-82646.76008224487,-2301.2414741737675,0.0,0
684,195,164,,cpu,7,-2037.4267854518541,-291.0609693502649,7,True,False,2,8,0,6,0.07826752322060722,0.05563499831727573,0.007226652066622462,0.15694461550031388,0.15694461550031388,0.1820199830191476,0.15694461550031388,,0.14285714285714285,1,6,1,1,0,0,0,5.0,0.0,0.0,0.0,0,0,0,1,0,0,0,1,50.0,-14.0,-15.0,0.0,-2048.028737306595,-10.398048145259203,0.0,0
685,264,133,,cpu,150,-70987.74093171123,-473.2516062114082,192,False,True,12,230,158,174,-0.09065004060665767,0.9076712396440174,0.12726916988380255,0.9586219040552775,0.945704878171285,0.18240069309870402,0.945704878171285,,0.8866666666666667,10,79,133,133,0,0,0,7.849624060150376,138.35700388399349,2.3253844,10.6,30,36,27,40,11,12,0,6,850.0,-8608.5,-1119.0,0.0,-58744.44167017937,-2365.7992615318667,0.0,0
686,154,400,,cpu,7,-274.03439534479094,-39.147770763541565,0,True,False,,16,0,12,1.085107377597264,0.07903393783739635,0.009263658563473396,1.501617704119001,1.4851333073207311,1.858609710420881,1.4851333073207311,,2.142857142857143,10,5,15,15,0,0,0,6.466666666666667,114.07024903496564,1.3574497,8.4,3,4,3,5,1,0,0,2,150.0,-37.0,-131.0,0.0,0.0,-216.03439534479094,0.0,0
687,95,473,,cpu,6,-303.6492832499905,-50.60821387499842,0,True,False,,16,0,12,1.1520531574885051,0.07580024252335231,0.008550501428544521,1.732867956161499,1.732867956161499,2.183171192804972,1.732867956161499,,2.5,10,4,15,15,0,0,0,6.333333333333333,103.54551270095992,1.5500206,10.6,3,4,3,5,1,0,0,1,100.0,-30.0,-131.0,0.0,0.0,-212.6492832499905,0.0,0
688,46,512,,cpu,7,-1931.584525922344,-275.94064656033487,5,True,False,2,11,0,8,0.8646854502814156,0.04529091343283653,0.008006868351783072,2.35416909626552,2.35416909626552,1.803408486502511,2.35416909626552,,2.142857142857143,10,5,15,15,0,0,0,9.333333333333334,192.050122123702,2.384028,10.6,3,4,3,5,0,0,0,2,100.0,-22.0,-131.0,0.0,-1532.7907145023346,-315.79381142000943,0.0,0
689,298,440,,cpu,6,-248.92245244861903,-41.48707540810317,0,True,False,,11,0,8,0.8820758163928986,0.047107173750797905,0.007086400718738635,1.732867956161499,1.732867956161499,2.1034525632858276,1.732867956161499,,2.5,10,4,15,15,0,0,0,6.133333333333334,96.88792734799297,1.4295572,10.6,3,4,3,5,2,0,0,0,100.0,-19.0,-131.0,0.0,0.0,-198.92245244861903,0.0,0
690,290,240,,cpu,8,-982.2509407772704,-122.7813675971588,2,True,False,6,14,0,9,0.5424663126468658,0.01824305742047727,0.007468043419066817,1.5498666763305664,1.5530587434768677,1.8155785351991653,1.5530587434768677,,1.875,10,6,15,15,0,0,0,8.133333333333333,161.67934604022952,2.0165935,7.4,3,4,3,5,1,0,1,2,150.0,-35.0,-131.0,0.0,-654.4240713119507,-271.8268694653198,0.0,0
691,277,267,,cpu,5,-370.1303285596925,-74.0260657119385,0,True,False,,10,0,9,0.5888254284858704,0.00875264098867774,0.007376580685377121,2.079441547393799,2.079441547393799,3.101866340637207,2.079441547393799,,3.0,10,3,15,15,0,0,0,8.133333333333333,158.70988242166612,1.4351902,9.6,3,4,3,5,1,0,0,0,50.0,-18.5,-131.0,0.0,0.0,-270.63032855969254,0.0,0
692,46,475,,cpu,42,-5795.218304398638,-137.98138819996757,17,True,False,13,28,0,22,0.06970961396360681,0.05680395883869745,0.0184427701557676,1.1096007596878779,1.1095917224884033,0.3437089636212304,1.1095917224884033,,1.0952380952380953,10,23,46,46,0,0,0,6.521739130434782,102.3801723357917,2.314046,9.6,10,13,8,15,5,4,1,3,400.0,-267.5,-403.0,0.0,-4615.574170633922,-659.1441337647161,0.0,0
693,290,420,,cpu,6,-1928.222319097673,-321.37038651627887,5,True,False,2,7,0,6,-0.6330161690711975,0.014033854318161806,0.006931092279652755,2.746530612309774,2.746530612309774,2.0561496814092,2.746530612309774,,2.5,10,4,15,15,0,0,0,6.133333333333334,97.02132483626423,1.4368504,10.6,3,4,3,5,2,1,0,0,100.0,-11.5,-131.0,0.0,-1686.7598474025726,-198.96247169510042,0.0,0
694,228,554,,cpu,7,-320.95366837034265,-45.850524052906096,0,True,False,,20,0,15,-0.3947045547621591,0.02233872695692948,0.007621452345379761,1.4853153909955705,1.4853153909955705,1.8447638579777308,1.4853153909955705,,2.142857142857143,10,5,15,15,0,0,0,7.733333333333333,162.92386909694198,2.3502815,10.6,3,4,3,5,0,0,0,3,150.0,-42.0,-131.0,0.0,0.0,-267.9536683703426,0.0,0
695,82,494,,cpu,6,-1877.7613004765694,-312.9602167460949,5,True,False,2,14,0,12,-0.9992653727531433,0.04856427510579427,0.00831766853419443,2.746530612309774,2.746530612309774,1.984487811724345,2.746530612309774,,2.5,10,4,15,15,0,0,0,9.466666666666667,201.6194177059053,2.4180958,10.6,3,4,3,5,0,0,0,2,100.0,-29.5,-131.0,0.0,-1482.3795080184937,-324.8817924580758,0.0,0
696,306,436,,cpu,5,-649.6307253553024,-129.9261450710605,1,True,False,2,10,0,7,-0.9758556842803955,0.03729994371533394,0.006922622490674257,3.2958367347717283,3.2958367347717283,2.51308274269104,3.2958367347717283,,3.0,10,3,15,15,0,0,0,6.133333333333334,97.02132483626423,1.2711649,10.6,3,4,3,5,1,0,0,0,50.0,-15.0,-131.0,0.0,-354.668253660202,-198.96247169510042,0.0,0
697,183,415,,cpu,8,-305.5653560991072,-38.1956695123884,0,True,False,,15,0,13,-0.4556063264608383,0.031190411653369665,0.00901949853869155,1.2996509671211243,1.2996509671211243,1.695620372891426,1.2996509671211243,,1.875,10,6,15,15,0,0,0,7.4,139.2344836755831,1.9516854,10.6,3,4,3,5,2,0,0,1,150.0,-40.5,-131.0,0.0,0.0,-244.0653560991072,0.0,0
698,253,451,,cpu,7,-1852.1868648223774,-264.5981235460539,5,True,False,2,7,0,6,-0.8297415971755981,0.02869623659976891,0.007177605493260282,2.35416909626552,2.35416909626552,1.9501368999481201,2.35416909626552,,2.142857142857143,10,5,15,15,0,0,0,6.133333333333334,97.02140589167496,1.577284,10.6,3,4,3,5,1,1,0,0,50.0,-13.5,-131.0,0.0,-1538.7243688106537,-198.9624960117236,0.0,0
699,115,482,,cpu,150,-121542.6726974802,-810.284484649868,392,False,True,7,193,153,143,-2.193816297526161,3.355807812125422,0.12629343672655524,1.0067689335346222,1.0022327168782552,0.2416028732061386,1.0022327168782552,,0.9666666666666667,10,84,145,145,0,0,0,6.7172413793103445,107.1603585342463,2.020382,10.6,32,40,28,45,16,12,3,8,1200.0,-6702.5,-1239.0,0.0,-111649.60986021168,-2171.562837268511,0.0,0
700,173,377,,cpu,150,-102459.50849756849,-683.0633899837899,316,False,True,34,151,80,115,-1.570058101216952,2.164836122324341,0.13933306503420076,0.8919400604565938,0.8945063813527425,0.26895483483870825,0.8945063813527425,,0.9266666666666666,10,80,139,139,0,0,0,7.280575539568345,143.21932623602186,1.9187797,10.6,35,37,27,40,16,13,2,14,1500.0,-6302.0,-1152.0,0.0,-93401.76223899619,-2233.746258572305,0.0,0
701,105,556,,cpu,7,-362.8817924580758,-51.8402560654394,0,True,False,,14,0,13,0.16591405868530273,0.0018399941119631486,0.008086499092834336,1.4853153909955705,1.4853153909955705,1.6862289564950126,1.4853153909955705,,2.142857142857143,10,5,15,15,0,0,0,9.466666666666667,201.6194177059053,2.6791298,10.6,3,4,3,5,0,0,0,3,150.0,-27.0,-131.0,0.0,0.0,-324.8817924580758,0.0,0
702,125,388,,cpu,13,-288.27617214032415,-22.17509016464032,0,True,False,,18,0,14,0.17532039605654204,0.006743978332871428,0.009709287649736954,0.7997852105360764,0.7997852105360764,1.0851935056539683,0.7997852105360764,,1.1538461538461537,10,11,15,15,0,0,0,9.266666666666667,235.5421744826535,2.6377146,10.6,3,4,3,5,2,0,0,3,250.0,-49.5,-131.0,0.0,0.0,-317.77617214032415,0.0,0
703,8,499,,cpu,3,-2012.419534245639,-670.806511415213,5,True,False,2,5,0,5,0.31527359286944073,0.0009494506618163238,0.007131112273782492,5.493061224619548,5.493061224619548,4.880754868189494,5.493061224619548,,5.0,10,1,15,15,0,0,0,9.333333333333334,192.81410406240533,0.62560385,5.0,3,4,3,5,0,0,0,0,0.0,-5.0,-131.0,0.0,-1560.3965282440186,-316.02300600162044,0.0,0
704,53,490,,cpu,17,-1223.501824318726,-71.97069554816035,3,True,False,2,10,0,6,0.11909468734965604,0.010704817709184307,0.009393805637955666,1.0339879989624023,1.0339879989624023,0.7969997560276705,1.0339879989624023,,0.9411764705882353,10,14,16,16,0,0,0,9.125,186.88165424773013,2.8693292,10.6,3,5,3,5,2,1,0,3,250.0,-38.0,-139.0,0.0,-897.4303364753723,-329.07148784335374,0.0,0
705,142,572,,cpu,150,-53240.4620414979,-354.936413609986,131,False,True,57,256,194,204,-0.17264009799808264,0.26897584018898973,0.20250770882082483,0.9155189947287241,0.8881353290875753,0.22705054968595506,0.8881353290875753,,0.8866666666666667,10,76,133,133,0,0,0,8.225563909774436,152.73803492508222,2.4537625,10.6,25,38,25,45,19,7,2,17,1800.0,-12585.0,-1179.0,0.0,-38029.538731508095,-2476.9233099898015,0.0,0
706,277,443,,cpu,6,-1569.8088004283802,-261.6348000713967,4,True,False,2,8,0,7,0.04990718265374502,0.0006994137584115379,0.007170629609997074,2.746530612309774,2.746530612309774,2.313797911008199,2.746530612309774,,2.5,10,4,15,15,0,0,0,6.133333333333334,97.02140589167496,1.4637656,10.6,3,4,3,5,2,1,0,0,100.0,-16.0,-131.0,0.0,-1323.8463044166565,-198.9624960117236,0.0,0
707,204,335,,cpu,7,-2288.512627515516,-326.93037535935946,7,True,False,2,7,0,6,-0.16062346526554652,0.000947906147692785,0.0074337321732725415,2.35416909626552,2.35416909626552,1.723186458860125,2.35416909626552,,2.142857142857143,10,5,15,15,0,0,0,7.666666666666667,163.8815016152302,2.16609,10.6,3,4,3,5,1,0,0,0,50.0,-13.5,-131.0,0.0,-1907.6570630073547,-256.35556450816154,0.0,0
708,15,509,,cpu,6,-723.0645706704399,-120.51076177840666,1,True,False,4,14,0,12,0.07777579128742218,0.00036986523309678887,0.00807844614610076,2.0707555611928306,2.0707555611928306,2.233177363872528,2.0707555611928306,,2.5,10,4,15,15,0,0,0,9.333333333333334,191.42358639581744,1.9931374,10.6,3,4,3,5,0,0,0,2,100.0,-30.0,-131.0,0.0,-316.4587199687958,-315.6058507016441,0.0,0
709,306,355,,cpu,7,-1214.4504502724897,-173.49292146749852,3,True,False,2,10,0,7,-0.11091717864785876,0.0006338573376914221,0.007162851347987141,2.35416909626552,2.35416909626552,1.8265532766069685,2.35416909626552,,2.142857142857143,10,5,15,15,0,0,0,6.333333333333333,111.44759393112435,1.8248237,10.6,3,4,3,5,1,0,0,1,100.0,-18.5,-131.0,0.0,-932.8776240348816,-212.07282623760813,0.0,0
710,82,526,,cpu,150,-56074.60973919409,-373.8307315946273,165,False,True,38,153,46,120,-0.3335029783324959,0.26422450410160614,0.1323678513771544,0.890427195628484,0.892035448551178,0.1696297174692154,0.892035448551178,,0.86,10,76,129,129,0,0,0,8.542635658914728,164.60144680371775,2.7784958,10.6,25,37,22,45,19,6,1,16,1750.0,-6997.0,-1162.0,0.0,-46373.66726887634,-2511.942470317747,0.0,0
711,55,497,,cpu,6,-375.60580835091537,-62.6009680584859,0,True,False,,9,0,7,0.10610710581143697,0.0005329227897163946,0.007944198480496803,1.732867956161499,1.732867956161499,2.125330328941345,1.732867956161499,,2.5,10,4,15,15,0,0,0,9.333333333333334,191.42344522672187,2.0885642,10.6,3,4,3,5,0,0,0,2,100.0,-19.0,-131.0,0.0,0.0,-315.6058083509154,0.0,0
712,312,190,,cpu,6,-2310.5508457728833,-385.0918076288139,6,True,False,2,7,0,6,-0.2799311528603236,0.0014621844469123364,0.006991245861475666,2.746530612309774,2.746530612309774,2.3736770153045654,2.746530612309774,,2.5,10,4,15,15,0,0,0,8.4,171.70003873855947,1.8195168,10.6,3,4,3,5,1,0,0,0,50.0,-14.0,-131.0,0.0,-1932.8977167606354,-282.653129012248,0.0,0
713,259,542,,cpu,7,-278.76140752507246,-39.82305821786749,0,True,False,,16,0,13,0.13149862630026682,0.0013200174518195646,0.007439708935895136,1.4853153909955705,1.4853153909955705,1.8477811643055506,1.4853153909955705,,2.142857142857143,10,5,15,15,0,0,0,6.866666666666666,121.69066233182745,1.920953,10.6,3,4,3,5,2,0,0,1,150.0,-35.5,-131.0,0.0,0.0,-222.26140752507243,0.0,0
714,298,164,,cpu,6,-1287.1832691527804,-214.53054485879673,3,True,False,2,9,0,6,-0.02440111277004083,0.00012536427084341994,0.007132867972056071,2.746530612309774,2.746530612309774,2.1226086417833963,2.746530612309774,,2.5,10,4,15,15,0,0,0,8.4,171.4190019737752,1.9596816,10.6,3,4,3,5,1,0,0,0,50.0,-15.5,-131.0,0.0,-908.1144511699677,-282.56881798281273,0.0,0
715,40,589,,cpu,6,-296.9946747718951,-49.49911246198252,0,True,False,,22,0,15,0.08779861032962799,0.0004215790648913753,0.008176299355303248,1.732867956161499,1.732867956161499,2.382410685221354,1.732867956161499,,2.5,10,4,15,15,0,0,0,9.4,195.04081307742663,2.2295973,10.6,3,4,3,5,0,0,0,4,200.0,-39.5,-131.0,0.0,0.0,-316.4946747718952,0.0,0
716,270,368,,cpu,5,-913.7582436513197,-182.75164873026395,2,True,False,2,9,0,6,-0.2008724331855774,0.001009669085033238,0.00702774366363883,3.2958367347717283,3.2958367347717283,2.603120803833008,3.2958367347717283,,3.0,10,3,15,15,0,0,0,6.333333333333333,111.44759393112435,1.4595419,10.6,3,4,3,5,1,0,0,0,50.0,-13.5,-131.0,0.0,-607.1854174137115,-212.07282623760813,0.0,0
717,167,174,,cpu,22,-942.9874407385031,-42.863065488113776,3,True,False,12,15,0,12,0.007343395189805465,0.002979352609558687,0.008634500480680303,0.19439391656355423,0.19439391656355423,0.29625900225205853,0.19439391656355423,,0.22727272727272727,1,17,5,5,0,0,0,5.0,0.0,0.0,0.0,0,0,0,5,0,0,0,4,200.0,-67.5,-75.0,0.0,-948.497200012207,-51.990240726296015,0.0,0
718,279,267,,cpu,5,-1281.2582184122527,-256.25164368245055,3,True,False,2,6,0,5,-0.5252658486366272,0.0048535177018493416,0.006818123999983073,3.2958367347717283,3.2958367347717283,3.146768856048584,3.2958367347717283,,3.0,10,3,15,15,0,0,0,8.133333333333333,161.36909828533308,1.4230667,9.6,3,4,3,5,1,0,0,0,50.0,-8.5,-131.0,0.0,-920.3301250934601,-271.4280933187926,0.0,0
719,280,435,,cpu,6,-915.3052559519832,-152.5508759919972,2,True,False,2,8,0,6,-0.33305785059928894,0.0038608910593514643,0.006736841673652331,2.746530612309774,2.746530612309774,2.3324853579203286,2.746530612309774,,2.5,10,4,15,15,0,0,0,6.133333333333334,96.95713252512085,1.4508395,10.6,3,4,3,5,2,1,0,0,100.0,-13.5,-131.0,0.0,-671.8620419502258,-198.94321400175738,0.0,0
720,113,497,,cpu,6,-1018.7887024007027,-169.7981170667838,2,True,False,4,9,0,8,-0.22950119773546854,0.003939919270730267,0.007484057142088811,2.0707555611928306,2.0707555611928306,2.106917381286621,2.0707555611928306,,2.5,10,4,15,15,0,0,0,9.466666666666667,201.6194177059053,2.4180958,10.6,3,4,3,5,0,0,0,1,50.0,-18.5,-131.0,0.0,-574.406909942627,-324.8817924580758,0.0,0
721,272,147,,cpu,150,-56753.03431259191,-378.3535620839461,148,False,True,33,173,127,139,-0.1703974943483869,0.666911031386742,0.08356116536383827,0.986205005645752,0.9822317043940226,0.14142852266629538,0.9822317043940226,,0.8866666666666667,10,70,133,133,0,0,0,7.917293233082707,139.73795994461236,2.3746905,10.6,30,36,27,40,6,9,0,6,600.0,-6566.0,-1119.0,0.0,-46206.54761791229,-2381.486694679617,0.0,0
722,30,425,,cpu,21,-2068.6608892494824,-98.50766139283249,6,True,False,2,10,0,9,0.036678797964538844,0.008728530809613793,0.010150643065571785,1.4205919220334007,1.4205919220334007,0.6796870061329433,1.4205919220334007,,1.380952380952381,10,10,29,29,0,0,0,6.344827586206897,101.39218238197407,2.431249,9.6,6,8,5,10,4,1,3,2,300.0,-52.5,-259.0,0.0,-1583.231302669301,-403.9295865801813,0.0,0
723,178,376,,cpu,7,-290.3774495853343,-41.482492797904904,0,True,False,,17,0,13,0.145273962191173,0.0013875564493771111,0.00786204416570919,1.4853153909955705,1.4853153909955705,1.9976461955479212,1.4853153909955705,,2.142857142857143,10,5,15,15,0,0,0,7.666666666666667,163.95445187247284,2.105188,10.6,3,4,3,5,1,0,0,2,150.0,-33.0,-131.0,0.0,0.0,-256.3774495853343,0.0,0
724,194,280,,cpu,8,-238.86519363720532,-29.858149204650665,0,True,False,,22,0,19,0.09940383024513721,0.0011036526630050503,0.008791841159109026,1.2996509671211243,1.2996509671211243,1.4482666552066803,1.2996509671211243,,1.875,10,6,15,15,0,0,0,8.733333333333333,178.71373763047202,2.3317032,10.6,3,4,3,5,1,0,0,4,250.0,-57.0,-131.0,0.0,0.0,-290.86519363720527,0.0,0
725,292,183,,cpu,6,-1948.7617255083767,-324.7936209180628,5,True,False,2,9,0,8,-0.27103311320145923,0.0017560260945804391,0.006433683525150021,2.746530612309774,2.746530612309774,2.1980185508728027,2.746530612309774,,2.5,10,4,15,15,0,0,0,8.466666666666667,171.77807132600734,2.0395138,10.6,3,4,3,5,1,0,0,0,50.0,-16.0,-131.0,0.0,-1569.0851867198944,-282.6765387884824,0.0,0
726,248,232,,cpu,8,-343.70991747215305,-42.96373968401913,0,True,False,,14,0,11,0.020034202374517918,6.071993786349594e-05,0.007504783512558788,1.2996509671211243,1.2996509671211243,1.589614525437355,1.2996509671211243,,1.875,10,6,15,15,0,0,0,8.466666666666667,171.88933360490967,2.4055476,10.6,3,4,3,5,1,0,0,2,150.0,-30.0,-131.0,0.0,0.0,-282.70991747215305,0.0,0
727,95,548,,cpu,6,-2215.858693946381,-369.30978232439685,6,True,False,2,7,0,7,-0.37265098094940186,0.0025418078863973883,0.00676618757036825,2.746530612309774,2.746530612309774,2.4134658376375833,2.746530612309774,,2.5,10,4,15,15,0,0,0,9.4,200.869473511752,2.2963464,10.6,3,4,3,5,0,0,0,1,50.0,-11.5,-131.0,0.0,-1758.7018847465515,-324.6568091998298,0.0,0
728,29,382,,cpu,150,-28058.427675645835,-187.05618450430558,60,False,True,24,300,264,229,0.13041595836480457,0.19038966909671823,0.21641715435000758,0.8700729326407115,0.8789817293485006,0.16353791902462642,0.8789817293485006,,0.8333333333333334,10,83,125,125,0,0,0,9.376,226.40331248821363,2.329979,10.6,27,30,23,45,7,8,0,8,750.0,-10258.5,-1119.0,0.0,-13836.82587146759,-2664.101804178245,0.0,0
729,280,444,,cpu,5,-637.2798913300667,-127.45597826601333,1,True,False,2,15,0,12,0.0749496877193451,0.0002973192691570148,0.006454033870249986,3.2958367347717283,3.2958367347717283,2.3334023714065553,3.2958367347717283,,3.0,10,3,15,15,0,0,0,6.133333333333334,96.84911624465799,1.2185633,10.6,3,4,3,5,1,0,0,0,50.0,-24.0,-131.0,0.0,-333.3690822124481,-198.9108091176185,0.0,0
730,219,493,,cpu,21,-2605.1672840478773,-124.05558495466082,8,True,False,8,15,0,9,-0.012268595574867158,0.006642590193916389,0.008756577769028289,1.1228835923331124,1.1228835923331124,0.7911575890722728,1.1228835923331124,,1.2857142857142858,10,13,27,27,0,0,0,7.0,134.36362496972004,2.4379778,10.6,6,6,5,10,2,2,2,2,200.0,-53.0,-243.0,0.0,-1984.003845835779,-435.1634382120984,0.0,0
731,297,295,,cpu,5,-372.9972466457684,-74.59944932915369,0,True,False,,15,0,10,0.03789314478635788,0.00016923788116400828,0.006219689734280109,2.079441547393799,2.079441547393799,2.634484052658081,2.079441547393799,,3.0,10,3,15,15,0,0,0,8.133333333333333,158.26627604191933,1.4794604,10.6,3,4,3,5,1,0,0,0,50.0,-21.5,-131.0,0.0,0.0,-270.4972466457684,0.0,0
732,157,145,,cpu,8,-1016.7235738582813,-127.09044673228516,2,True,False,2,14,0,13,-0.1605503261089325,0.0009581358099239878,0.007042237964924425,2.3792983293533325,2.379159092903137,1.5646594762802124,2.379159092903137,,1.875,10,6,15,15,0,0,0,13.066666666666666,285.4885085517644,2.9140668,10.6,3,4,3,5,0,0,0,3,150.0,-41.0,-131.0,0.0,-519.9172258377075,-454.80634802057375,0.0,0
733,222,299,,cpu,150,-132020.08637967214,-880.1339091978142,380,False,True,35,433,326,325,-2.6128707188367843,5.601840712477763,0.2803528733706723,0.9488043824831645,0.9487756145000458,0.22481305261452994,0.9487756145000458,,0.92,10,73,138,138,0,0,0,7.427536231884058,136.46348263795838,1.7175462,10.6,35,37,26,40,15,9,0,15,1500.0,-18712.5,-1149.0,0.0,-110453.83846964687,-2284.7479100252717,0.0,0
734,96,471,,cpu,6,-251.5898868955847,-41.93164781593078,0,True,False,,13,0,11,-0.03773363338162502,0.0001353158156784199,0.007300655823200941,1.732867956161499,1.732867956161499,2.54923685391744,1.732867956161499,,2.5,10,4,15,15,0,0,0,6.333333333333333,103.34752485294068,1.5754865,10.6,3,4,3,5,1,0,0,2,150.0,-28.0,-131.0,0.0,0.0,-212.58988689558473,0.0,0
735,195,473,,cpu,150,-95429.55184292092,-636.1970122861395,309,False,True,2,67,42,51,-1.473211216678222,1.5204545812386399,0.049115239639456076,1.0474774837493896,1.0551007874806722,0.17185093035300572,1.0551007874806722,,0.9333333333333333,10,66,140,140,0,0,0,7.014285714285714,123.4869959502737,1.9303787,10.6,34,38,28,40,11,14,4,4,750.0,-2503.5,-1158.0,0.0,-89348.45542478605,-2139.5964181348586,0.0,0
736,277,226,,cpu,8,-964.2000411383359,-120.52500514229199,2,True,False,2,8,0,6,0.038760166615247726,0.0010572799756118911,0.0061055998667143285,2.0598979592323303,2.0598979592323303,1.654072493314743,2.0598979592323303,,1.875,10,6,15,15,0,0,0,8.466666666666667,171.77807132600734,2.394745,10.6,3,4,3,5,1,1,0,2,150.0,-17.0,-131.0,0.0,-643.5235023498535,-282.6765387884824,0.0,0
737,15,591,,cpu,7,-1049.8446126942058,-149.97780181345797,2,True,False,2,15,0,11,0.06393227832657951,0.0014405446792287485,0.006519963698727744,2.35416909626552,2.35416909626552,1.7697156497410365,2.35416909626552,,2.142857142857143,10,5,15,15,0,0,0,9.4,197.1844361332811,2.5444934,10.6,3,4,3,5,0,0,0,3,150.0,-33.0,-131.0,0.0,-688.7068510055542,-317.1377616886515,0.0,0
738,250,222,,cpu,7,-265.52765654038683,-37.9325223629124,0,True,False,,21,0,16,0.11940635315009526,0.002486739257749702,0.0071534998049693444,1.4853153909955705,1.4853153909955705,1.7100388833454676,1.4853153909955705,,2.142857142857143,10,5,15,15,0,0,0,8.4,171.28179716568886,2.193572,10.6,3,4,3,5,1,0,0,3,200.0,-42.0,-131.0,0.0,0.0,-282.52765654038683,0.0,0
739,81,585,,cpu,150,-33928.66260692517,-226.19108404616782,78,False,True,44,228,183,178,-0.14571873406925684,0.1193968405056156,0.10770821739919484,0.8944204036394755,0.8904463402430216,0.17204250047604244,0.8904463402430216,,0.88,10,78,132,132,0,0,0,8.265151515151516,155.11818980981164,2.5571153,9.6,26,39,22,45,16,6,0,14,1500.0,-7230.5,-1183.0,0.0,-23658.344328403473,-2476.8182785216973,0.0,0
740,213,560,,cpu,7,-337.2662869205276,-48.180898131503945,0,True,False,,18,0,12,0.01945441429104124,0.0005124822304683871,0.0065468645521572656,1.507110357284546,1.4848014286586217,1.9953789710998535,1.4848014286586217,,2.142857142857143,10,5,15,15,0,0,0,8.533333333333333,178.7635875273261,2.175797,6.2,3,4,3,5,0,0,0,3,150.0,-35.5,-131.0,0.0,0.0,-290.7662869205276,0.0,0
741,203,171,,cpu,3,-927.7192544765122,-309.23975149217074,3,True,False,2,5,0,5,-0.03405584394931793,0.0017747210804373026,0.005631508771330118,0.36620410283406574,0.36620410283406574,0.43289001782735187,0.36620410283406574,,0.3333333333333333,1,2,1,1,0,0,0,5.0,0.0,0.0,0.0,0,0,0,1,0,0,0,0,0.0,-5.0,-15.0,0.0,-897.321206331253,-10.398048145259203,0.0,0
742,192,471,,cpu,19,-1878.3365564152793,-98.8598187586989,7,True,False,2,18,0,14,-0.13569272093867002,0.0021404130012869197,0.008456897921860218,1.2142556592037803,1.2142556592037803,0.7729753726407101,1.2142556592037803,,1.105263157894737,10,12,21,21,0,0,0,7.142857142857143,133.663427229578,2.1351295,10.6,5,6,5,5,3,1,2,0,150.0,-88.0,-163.0,0.0,-1350.006357460871,-327.33019895440833,0.0,0
743,303,390,,cpu,5,-1575.4645622681867,-315.0929124536373,4,True,False,2,7,0,6,-0.365505063533783,0.0018793594759699771,0.005539840925484896,3.2958367347717283,3.2958367347717283,2.5502599239349366,3.2958367347717283,,3.0,10,3,15,15,0,0,0,6.333333333333333,111.44759393112435,1.4595419,10.6,3,4,3,5,1,0,0,0,50.0,-9.5,-131.0,0.0,-1272.8917360305786,-212.07282623760813,0.0,0
744,202,205,,cpu,12,-2242.155667218987,-186.84630560158226,7,True,False,2,13,0,8,-0.030441572268803913,0.0024177174891519826,0.006508253049105406,0.4577551285425822,0.4577551285425822,0.540131131807963,0.4577551285425822,,0.4166666666666667,2,9,5,5,0,0,0,5.0,0.0,0.0,0.0,0,0,0,5,0,0,0,2,100.0,-28.5,-75.0,0.0,-2156.665426492691,-51.990240726296015,0.0,0
745,17,408,,cpu,6,-897.4229327762438,-149.57048879604062,2,True,False,2,9,0,7,-0.02110148050511877,0.0005045947709542512,0.006342446897178888,2.746530612309774,2.746530612309774,2.6794529358545938,2.746530612309774,,2.5,10,4,15,15,0,0,0,7.133333333333334,126.95890818643164,1.9296745,9.6,3,4,3,5,0,0,0,2,100.0,-19.5,-131.0,0.0,-590.2076601982117,-236.71527257803208,0.0,0
746,295,237,,cpu,11,-1396.1789145321777,-126.92535586656162,3,True,False,2,10,0,7,-0.08296056498180736,0.0005266247069564336,0.006071603433652358,1.4981076067144221,1.4981076067144221,1.1097489595413208,1.4981076067144221,,1.3636363636363635,10,9,15,15,0,0,0,8.4,171.28179716568886,2.6257796,10.6,3,4,3,5,2,1,0,0,100.0,-28.0,-131.0,0.0,-994.6512579917908,-282.52765654038683,0.0,0
747,282,452,,cpu,5,-1963.6750903750485,-392.7350180750097,5,True,False,2,8,0,7,-0.41047399640083315,0.0031110209976759505,0.005450885184109211,3.2958367347717283,3.2958367347717283,2.3574876308441164,3.2958367347717283,,3.0,10,3,15,15,0,0,0,6.133333333333334,96.95713252512085,1.2879518,10.6,3,4,3,5,1,0,0,0,50.0,-11.0,-131.0,0.0,-1672.731876373291,-198.94321400175738,0.0,0
748,224,317,,cpu,7,-328.556958914137,-46.93670841630529,0,True,False,,19,0,15,-0.016529949648039683,2.560198238045684e-05,0.007033830175974539,1.4853153909955705,1.4853153909955705,1.6758713211332048,1.4853153909955705,,2.142857142857143,10,5,15,15,0,0,0,8.733333333333333,177.68628855357795,2.22449,10.6,3,4,3,5,0,0,0,3,150.0,-47.0,-131.0,0.0,0.0,-290.5569589141371,0.0,0
749,40,398,,cpu,7,-339.6995491487545,-48.52850702125064,0,True,False,,14,0,12,-0.008183672558516264,5.2673142306502996e-05,0.008122888460223163,3.0241102491106306,2.9678731645856584,1.9384422642844064,2.9678731645856584,,2.142857142857143,10,5,15,15,0,0,0,7.4,148.03106598687995,1.6272217,7.4,3,4,3,5,0,1,0,2,100.0,-31.0,-131.0,0.0,0.0,-247.69954914875444,0.0,0
750,215,311,,cpu,150,-83189.03374643323,-554.5935583095549,225,False,True,51,493,377,383,-1.2647009448210398,1.643558195332686,0.21222902063590784,0.8533152616024018,0.8483803637822469,0.17207224567731222,0.8483803637822469,,0.9,10,74,135,135,0,0,0,7.711111111111111,146.4724195300877,1.9215741,10.6,34,36,25,40,14,5,0,8,1100.0,-16636.0,-1133.0,0.0,-63190.6214883551,-2319.412258078128,0.0,0
751,224,503,,cpu,6,-1019.1040191889633,-169.8506698648272,2,True,False,2,6,0,5,-0.019477519517143566,0.00022146083726208113,0.005395503869901101,2.746530612309774,2.746530612309774,1.8671406904856365,2.746530612309774,,2.5,10,4,15,15,0,0,0,7.733333333333333,162.44260215328396,2.0847902,10.6,3,4,3,5,0,0,0,1,50.0,-9.0,-131.0,0.0,-621.2947309017181,-267.8092882872452,0.0,0
752,313,319,,cpu,7,-1534.8375721916136,-219.26251031308766,4,True,False,2,10,0,8,-0.11761562739099775,0.0004887520501922284,0.005294049491307565,2.3511074611118863,2.3541436195373535,1.7414894444601876,2.3541436195373535,,2.142857142857143,10,5,15,15,0,0,0,7.466666666666667,139.26987316370227,1.7278563,8.6,3,4,3,5,1,0,0,1,100.0,-18.5,-131.0,0.0,-1197.1406817436218,-248.19689044799173,0.0,0
753,195,379,,cpu,19,-521.7432731230753,-27.46017226963554,0,True,False,,20,0,14,0.03221125709579179,0.0008039725055967114,0.007826485524052068,0.8025914744326943,0.8025914744326943,0.8026071253575777,0.8025914744326943,,1.1578947368421053,10,11,22,22,0,0,0,7.681818181818182,171.53782167766866,2.0908535,10.6,6,6,5,5,4,1,0,0,200.0,-65.0,-168.0,0.0,0.0,-378.74327312307526,0.0,0
754,135,367,,cpu,6,-571.1561721618185,-95.19269536030309,1,True,False,2,20,0,15,-0.006878006582458814,4.004766681949453e-05,0.006548789329826832,2.746530612309774,2.746530612309774,2.0544185837109885,2.746530612309774,,2.5,10,4,15,15,0,0,0,9.2,234.8657981479496,2.034847,10.6,3,4,3,5,0,0,0,3,150.0,-38.0,-131.0,0.0,-234.58291292190552,-317.573259239913,0.0,0
755,289,269,,cpu,5,-1639.7307992686956,-327.9461598537391,4,True,False,2,5,0,5,-0.4364106357097626,0.0035164207452908157,0.004980272147804499,3.2958367347717283,3.2958367347717283,2.5446778297424317,3.2958367347717283,,3.0,10,3,15,15,0,0,0,8.133333333333333,158.9749305255185,1.5439413,10.6,3,4,3,5,1,0,0,0,50.0,-6.0,-131.0,0.0,-1282.0209562778473,-270.7098429908482,0.0,0
756,240,391,,cpu,5,-1546.377841529208,-309.2755683058416,4,True,False,2,8,0,5,-0.45144363641738894,0.0041985491057857875,0.00504511184990406,3.3429914474487306,3.2937453269958494,2.5758127093315126,3.2937453269958494,,3.0,10,3,15,15,0,0,0,6.333333333333333,111.40222544911815,1.3932178,10.6,3,4,3,5,1,0,0,0,50.0,-10.5,-131.0,0.0,-1244.3305909633636,-210.54725056584425,0.0,0
757,109,115,,cpu,7,-586.0743534528079,-83.72490763611542,0,True,False,,10,0,10,-0.11932859356914248,0.0011145752796437591,0.005820911311145339,1.4853153909955705,1.4853153909955705,2.0628518717629567,1.4853153909955705,,2.142857142857143,10,5,15,15,0,0,0,13.066666666666666,283.78122602188597,2.6864636,10.6,3,4,3,5,0,0,0,1,50.0,-22.0,-131.0,0.0,0.0,-453.07435345280794,0.0,0
758,245,374,,cpu,5,-1836.8115302369647,-367.36230604739296,5,True,False,2,9,0,8,-0.3891008675098419,0.002488627689308487,0.005129608977586031,3.2958367347717283,3.2958367347717283,2.700619876384735,3.2958367347717283,,3.0,10,3,15,15,0,0,0,6.333333333333333,111.40594072661773,1.3188516,9.6,3,4,3,5,1,0,0,0,50.0,-14.5,-131.0,0.0,-1529.2511999607086,-212.06033027625614,0.0,0
759,306,460,,cpu,6,-2297.772386136157,-382.96206435602613,6,True,False,2,9,0,8,-0.2674595316251119,0.0014822237405193543,0.004881470697000623,2.746530612309774,2.746530612309774,2.1236714919408164,2.746530612309774,,2.5,10,4,15,15,0,0,0,6.133333333333334,96.95713252512085,1.4508395,10.6,3,4,3,5,2,1,0,0,100.0,-17.0,-131.0,0.0,-2050.8291721343994,-198.94321400175738,0.0,0
760,164,120,,cpu,7,-459.60030920014833,-65.65718702859262,0,True,False,,7,0,5,0.2123956424849374,0.003462256065436772,0.0056150539645126885,1.4853153909955705,1.4853153909955705,1.9507723876408167,1.4853153909955705,,2.142857142857143,10,5,15,15,0,0,0,10.2,250.70285538104974,2.5782363,10.6,3,4,3,5,0,0,0,1,50.0,-17.0,-131.0,0.0,0.0,-351.6003092001484,0.0,0
761,47,500,,cpu,13,-1007.9640190023581,-77.53569376941216,2,True,False,2,18,0,12,0.16420294229800886,0.0051824668995462935,0.006775234145327256,1.2676295133737416,1.2676295133737416,1.218081309245183,1.2676295133737416,,1.1538461538461537,10,11,15,15,0,0,0,9.333333333333334,191.25455933463934,2.971277,10.6,3,4,3,5,1,1,0,2,150.0,-39.0,-131.0,0.0,-612.4088764190674,-315.55514258329066,0.0,0
762,249,175,,cpu,150,-88896.58520433666,-592.6439013622444,265,False,True,31,145,92,108,-1.0685452191283304,1.1072563234169501,0.0905652362263451,0.9559030628204346,0.9281922348340352,0.18356808761755625,0.9281922348340352,,0.92,10,71,138,138,0,0,0,7.760869565217392,142.63066286767364,2.2244053,10.6,33,37,28,40,11,14,1,6,850.0,-6140.5,-1145.0,0.0,-79059.06051216487,-2422.0246921717758,0.0,0
763,21,382,,cpu,16,-433.7738776270622,-27.110867351691386,0,True,False,,22,0,16,0.15993493422865868,0.013328055327292532,0.009136729553574696,0.6498254835605621,0.6498254835605621,0.8641787245869637,0.6498254835605621,,0.9375,10,14,15,15,0,0,0,11.0,301.6512632107737,2.9464936,10.6,3,4,3,5,2,0,0,2,200.0,-77.5,-131.0,0.0,0.0,-375.27387762706223,0.0,0
764,71,560,,cpu,7,-1336.2681540468923,-190.89545057812748,3,True,False,2,10,0,8,0.30547734669276644,0.006235929472105843,0.005736307507114751,2.4032331875392368,2.352694034576416,2.157451629638672,2.352694034576416,,2.142857142857143,10,5,15,15,0,0,0,9.4,192.58221850806643,2.2255576,9.6,3,4,3,5,0,0,0,2,100.0,-21.5,-131.0,0.0,-929.0652394294739,-314.7029146174183,0.0,0
765,172,198,,cpu,150,-101346.68786191662,-675.6445857461108,296,False,True,11,382,328,288,-0.5578506905150911,1.6313792494539459,0.16304301227132478,0.36482297817866005,0.3582741912206014,0.25411353369553885,0.3582741912206014,,0.5,10,108,75,75,0,0,0,8.76,177.18545726049683,1.2392415,10.6,13,15,11,36,4,3,0,9,650.0,-9992.0,-758.0,0.0,-89281.74133598804,-1464.9465259285842,0.0,0
766,29,449,,cpu,6,-1845.0997352902673,-307.5166225483779,5,True,False,2,9,0,6,0.1577129289507866,0.0028520789249644927,0.005246400600299239,2.746530612309774,2.746530612309774,2.633629401524862,2.746530612309774,,2.5,10,4,15,15,0,0,0,7.133333333333334,127.34521820098075,1.8355584,9.6,3,4,3,5,0,0,0,2,100.0,-16.5,-131.0,0.0,-1540.7685697078705,-236.83116558239684,0.0,0
767,177,553,,cpu,6,-389.4536683703426,-64.90894472839044,0,True,False,,10,0,8,0.280048335591952,0.003887618329220762,0.005263419666637977,1.732867956161499,1.732867956161499,2.1975240310033164,1.732867956161499,,2.5,10,4,15,15,0,0,0,7.733333333333333,162.92386909694198,2.1525002,10.6,3,4,3,5,0,0,0,1,50.0,-20.5,-131.0,0.0,0.0,-267.9536683703426,0.0,0
768,122,507,,cpu,150,-97040.38540990642,-646.9359027327095,302,False,True,25,182,127,141,-0.9465426889434457,1.390918425363052,0.15117696413770318,0.9072395666440328,0.9120743111769358,0.16130898276964822,0.9120743111769358,,0.8933333333333333,10,80,134,134,0,0,0,8.194029850746269,157.63509812492367,2.674678,10.6,28,37,24,45,12,9,1,5,850.0,-7441.5,-1183.0,0.0,-85820.20683255911,-2505.6785773472993,0.0,0
769,175,517,,cpu,6,-389.52227502352173,-64.92037917058695,0,True,False,,16,0,13,0.12832186867793402,0.0005459065215897377,0.005452312684307496,1.732867956161499,1.732867956161499,2.1821308930714927,1.732867956161499,,2.5,10,4,15,15,0,0,0,7.733333333333333,163.1525579408724,2.1521456,10.6,3,4,3,5,0,0,0,1,50.0,-30.5,-131.0,0.0,0.0,-268.02227502352173,0.0,0
770,213,455,,cpu,103,-44608.78373684049,-433.09498773631543,142,True,False,2,43,0,36,-0.22855137393457217,0.8851048125034218,0.027634479761015154,1.0823096517220283,1.0880309158158534,0.24158981558188652,1.0880309158158534,,0.9805825242718447,10,49,101,101,0,0,0,6.96039603960396,117.0216488180928,1.974375,10.6,25,26,20,30,8,11,3,5,650.0,-976.5,-843.0,0.0,-41221.20382528774,-1538.0799115527464,0.0,0
771,74,562,,cpu,6,-745.2448158692462,-124.20746931154103,1,True,False,2,7,0,7,-0.11391109973192215,0.0014599033117216702,0.0051797473182280855,2.746530612309774,2.746530612309774,1.8423256874084473,2.746530612309774,,2.5,10,4,15,15,0,0,0,9.4,196.38378583697838,2.2898827,10.6,3,4,3,5,0,0,0,1,50.0,-13.0,-131.0,0.0,-314.3472492694855,-316.8975665997607,0.0,0
772,305,387,,cpu,5,-1565.4275555228596,-313.08551110457194,4,True,False,2,6,0,6,-0.4130113244056702,0.003828090336173773,0.004437814746052027,3.2958367347717283,3.2958367347717283,2.835850715637207,3.2958367347717283,,3.0,10,3,15,15,0,0,0,6.333333333333333,111.45605497738092,1.4841245,10.6,3,4,3,5,1,0,0,0,50.0,-8.5,-131.0,0.0,-1263.8521909713745,-212.0753645514851,0.0,0
773,34,482,,cpu,42,-4329.925152170688,-103.09345600406401,13,True,False,2,26,0,20,0.02005475712940097,0.03791440765267647,0.011293663155464899,1.0612374146779378,1.0612374146779378,0.46607325616337003,1.0612374146779378,,1.0714285714285714,10,25,45,45,0,0,0,7.266666666666667,122.41195734925428,2.6544626,10.6,9,13,8,15,5,1,2,4,450.0,-204.5,-398.0,0.0,-3203.9581374791787,-723.4670146915097,0.0,0
774,290,316,,cpu,10,-279.9972466457685,-27.99972466457685,0,True,False,,21,0,14,0.00669750077649951,0.0006875228517174037,0.005392220383509993,1.0397207736968994,1.0397207736968994,1.2475229918956756,1.0397207736968994,,1.5,10,8,15,15,0,0,0,8.133333333333333,158.26627604191933,2.260354,10.6,3,4,3,5,2,1,0,2,200.0,-38.5,-131.0,0.0,0.0,-270.4972466457684,0.0,0
775,198,559,,cpu,150,-89074.86826270963,-593.8324550847309,267,False,True,67,386,311,296,-1.0734442458550135,1.158660501978981,0.08447832159077127,0.9026253084341685,0.897426600853602,0.20689785361289978,0.897426600853602,,0.94,10,71,141,141,0,0,0,7.24822695035461,131.6430038158065,2.2702298,9.6,31,36,29,45,13,8,2,12,1250.0,-10059.0,-1205.0,0.0,-75802.88732967025,-2297.9809330393837,0.0,0
776,99,378,,cpu,6,-685.2444543893347,-114.20740906488912,1,True,False,2,12,0,9,0.1668450484673182,0.0006938274770315426,0.005617776497577627,2.746530612309774,2.746530612309774,2.282084107398987,2.746530612309774,,2.5,10,4,15,15,0,0,0,9.2,234.8657981479496,2.034847,10.6,3,4,3,5,0,0,0,1,50.0,-24.5,-131.0,0.0,-242.1711951494217,-317.573259239913,0.0,0
777,299,286,,cpu,5,-1334.7214939808912,-266.94429879617826,3,True,False,2,6,0,5,0.07428781986236573,0.0002947938628949487,0.004431159608066082,3.2958367347717283,3.2958367347717283,3.119985580444336,3.2958367347717283,,3.0,10,3,15,15,0,0,0,8.133333333333333,160.24978549878824,1.5236254,9.6,3,4,3,5,1,0,0,0,50.0,-9.0,-131.0,0.0,-973.6291944980621,-271.0922994828291,0.0,0
778,220,508,,cpu,6,-951.4063554297529,-158.56772590495882,2,True,False,2,16,0,14,0.10727481544017792,0.0001935003278295729,0.0055561852641403675,2.746530612309774,2.746530612309774,2.8122006257375083,2.746530612309774,,2.5,10,4,15,15,0,0,0,7.733333333333333,165.56988946490813,2.0379784,10.6,3,4,3,5,0,0,0,2,100.0,-34.0,-131.0,0.0,-607.6588809490204,-268.7474744807325,0.0,0
779,15,375,,cpu,12,-481.89594816908937,-40.157995680757445,0,True,False,,13,0,10,0.03643044829368591,0.00015689686406024825,0.006624459172599018,0.8664339780807495,0.8664339780807495,1.2751988569895427,0.8664339780807495,,1.25,10,10,15,15,0,0,0,11.0,302.0581650175309,2.92725,10.6,3,4,3,5,1,0,0,1,100.0,-35.5,-131.0,0.0,0.0,-375.39594816908937,0.0,0
780,198,432,,cpu,7,-1161.8129580948744,-165.97327972783918,3,True,False,2,15,0,12,-0.10655193350144795,0.001089653534498731,0.005444700230977365,2.35416909626552,2.35416909626552,1.8517020685332162,2.35416909626552,,2.142857142857143,10,5,15,15,0,0,0,7.4,137.6620583429208,1.7474359,10.6,3,4,3,5,1,0,0,1,100.0,-37.0,-131.0,0.0,-810.2193295955658,-243.59362849930852,0.0,0
781,18,560,,cpu,24,-5198.929543358497,-216.62206430660402,15,True,False,2,23,0,19,-0.24399192247074097,0.013995750946681559,0.00946227761839206,1.1781259775161743,1.1681579152743022,0.9234738647937775,1.1681579152743022,,1.125,10,16,27,27,0,0,0,8.333333333333334,156.39229544885256,2.6243517,9.6,5,7,5,10,0,1,1,2,100.0,-123.0,-246.0,0.0,-4264.987429902565,-504.94211345593175,0.0,0
782,15,444,,cpu,6,-1573.2341436897939,-262.20569061496565,4,True,False,2,10,0,6,-0.12178252885739009,0.00029075227757857647,0.004934838352104028,2.746530612309774,2.746530612309774,2.193568448225657,2.746530612309774,,2.5,10,4,15,15,0,0,0,7.133333333333334,127.1781707701222,1.9754475,9.6,3,4,3,5,0,0,0,2,100.0,-18.0,-131.0,0.0,-1267.4530923366547,-236.78105135313925,0.0,0
783,265,534,,cpu,150,-177613.70048587114,-1184.0913365724743,456,False,True,28,227,163,178,-2.7120036321133374,7.491448731731798,0.07851581792968015,1.023471683661143,1.0104882796605428,0.22845680395762125,1.0104882796605428,,0.98,10,68,147,147,0,0,0,6.414965986394558,106.8937909320169,1.8997964,10.6,36,39,32,40,11,8,0,5,800.0,-9573.0,-1188.0,0.0,-164435.9265089035,-2036.773976967651,0.0,0
784,10,395,,cpu,7,-1853.6693241336116,-264.80990344765877,5,True,False,2,8,0,7,0.13144192951066153,0.0032720894918644,0.005146563119654145,2.35416909626552,2.35416909626552,1.8911393880844116,2.35416909626552,,2.142857142857143,10,5,15,15,0,0,0,11.0,302.55313780403657,2.4427054,10.6,3,4,3,5,0,0,0,2,100.0,-17.5,-131.0,0.0,-1399.6248841285706,-375.54444000504105,0.0,0
785,267,238,,cpu,7,-375.2162096836561,-53.60231566909373,0,True,False,,13,0,9,0.5041314533778599,0.012414970568248205,0.004898430846099343,2.4914908749716624,2.475414208003453,2.039002639906747,2.475414208003453,,2.142857142857143,10,5,15,15,0,0,0,8.533333333333333,173.80876220260038,1.9027933,7.4,3,4,3,5,1,0,0,1,100.0,-26.5,-131.0,0.0,0.0,-287.7162096836561,0.0,0
786,13,356,,cpu,12,-310.8959481690893,-25.90799568075744,0,True,False,,23,0,13,0.2591673831144969,0.013193198324491581,0.007199931074865162,0.8664339780807495,0.8664339780807495,1.3015706737836201,0.8664339780807495,,1.25,10,10,15,15,0,0,0,11.0,302.0581650175309,2.92725,10.6,3,4,3,5,1,0,0,4,250.0,-44.5,-131.0,0.0,0.0,-375.39594816908937,0.0,0
787,279,423,,cpu,5,-1953.290977063281,-390.6581954126562,5,True,False,2,10,0,9,0.2072731912136078,0.004184273420833051,0.004370112903416157,3.2958367347717283,3.2958367347717283,2.5123571157455444,3.2958367347717283,,3.0,10,3,15,15,0,0,0,6.133333333333334,96.95713252512085,1.2879518,10.6,3,4,3,5,1,0,0,0,50.0,-16.5,-131.0,0.0,-1656.8477630615234,-198.94321400175738,0.0,0
788,125,358,,cpu,150,-55958.86817843686,-373.05912118957906,160,False,True,15,365,307,285,-0.1666748707353448,0.20479878921074154,0.252390789501369,0.8769499305884043,0.8973324239253998,0.2247585000594457,0.8973324239253998,,0.8933333333333333,10,76,134,134,0,0,0,8.074626865671641,179.3127678198691,2.1825888,10.6,30,34,25,45,13,15,1,12,1250.0,-12517.0,-1172.0,0.0,-40257.18547552824,-2452.682702908619,0.0,0
789,271,480,,cpu,17,-3125.865442938928,-183.87443781993693,7,True,False,2,6,0,5,-0.056456997990608215,0.0027512783331485814,0.005543645060456851,1.5333510567160213,1.537342352025649,0.956688758204965,1.537342352025649,,1.2352941176470589,10,12,21,21,0,0,0,6.380952380952381,113.16663548443752,2.1474953,10.6,5,6,5,5,2,1,0,0,100.0,-25.5,-163.0,0.0,-2629.76958155632,-287.59586138260795,0.0,0
790,303,239,,cpu,7,-691.7818924428343,-98.82598463469061,1,True,False,4,6,0,6,0.08190156306539263,0.0005850355436060843,0.00410057810534324,1.7819200924464635,1.774907044001988,1.9162539413997106,1.774907044001988,,2.142857142857143,10,5,15,15,0,0,0,8.2,164.19886706520447,1.877114,7.6,3,4,3,5,1,0,0,1,100.0,-10.0,-131.0,0.0,-336.2707316875458,-274.5111607552885,0.0,0
791,106,551,,cpu,6,-999.9714512097262,-166.66190853495436,2,True,False,2,11,0,8,-0.1736747274796168,0.0007849819085095078,0.004932751723875602,2.746530612309774,2.746530612309774,2.633555253346761,2.746530612309774,,2.5,10,4,15,15,0,0,0,9.466666666666667,201.01427961122755,2.3588238,10.6,3,4,3,5,0,0,0,2,100.0,-23.0,-131.0,0.0,-601.2712001800537,-324.7002510296725,0.0,0
792,192,415,,cpu,150,-184082.71996023317,-1227.218133068221,575,False,True,11,197,179,151,-3.190825388332208,7.66227798270178,0.11116241370638212,0.9834140010674794,1.0051515849431356,0.18361410975456238,1.0051515849431356,,0.9466666666666667,10,68,142,142,0,0,0,6.767605633802817,116.94176376823035,1.7496853,10.6,35,39,28,40,13,11,6,11,1200.0,-7206.0,-1171.0,0.0,-173847.38305902336,-2088.336901209853,0.0,0
793,204,356,,cpu,112,-37170.28055025361,-331.8775049129786,113,True,False,9,42,0,37,0.024214522780052254,0.7015221484554266,0.02601881926446887,0.9639267442481858,0.9735155786786761,0.27171593585184645,0.9735155786786761,,0.9285714285714286,10,56,104,104,0,0,0,7.3076923076923075,141.7139477699556,2.0628355,10.6,26,28,20,30,12,9,2,6,900.0,-1238.0,-864.0,0.0,-33578.42225492469,-1679.8582953289172,0.0,0
794,19,414,,cpu,7,-2142.9194835484623,-306.13135479263747,6,True,False,2,10,0,10,-0.555672858442579,0.010468951459707958,0.005195503389196736,2.35416909626552,2.35416909626552,1.7633673633847917,2.35416909626552,,2.142857142857143,10,5,15,15,0,0,0,7.133333333333334,127.41624818063951,2.2072535,9.6,3,4,3,5,0,0,0,2,100.0,-24.0,-131.0,0.0,-1811.067008972168,-236.85247457629444,0.0,0
795,81,419,,cpu,8,-294.2019922034036,-36.77524902542545,0,True,False,,21,0,15,-0.17748387902975082,0.0018360529647907242,0.0072855023317970335,2.594055712223053,2.599252223968506,1.825647234916687,2.599252223968506,,1.875,10,6,15,15,0,0,0,6.733333333333333,114.26816504380125,2.0682392,8.6,3,4,3,5,2,1,0,1,150.0,-41.5,-131.0,0.0,0.0,-221.70199220340365,0.0,0
796,270,449,,cpu,5,-1578.186098796806,-315.6372197593612,4,True,False,2,8,0,8,-0.457635772228241,0.00314279249869287,0.0042059595696628095,3.2958367347717283,3.2958367347717283,3.0549559593200684,3.2958367347717283,,3.0,10,3,15,15,0,0,0,6.133333333333334,96.88777391195642,1.3066858,10.6,3,4,3,5,1,0,0,0,50.0,-12.0,-131.0,0.0,-1286.2636923789978,-198.92240641780805,0.0,0
797,202,465,,cpu,10,-1531.9871090357658,-153.19871090357657,4,True,False,2,16,0,11,-0.10803388953208923,0.00042408098977517736,0.005485958885401487,1.6479183673858642,1.6479183673858642,1.369920587539673,1.6479183673858642,,1.5,10,8,15,15,0,0,0,7.533333333333333,144.1130364535401,2.0012543,10.6,3,4,3,5,1,1,0,1,100.0,-39.0,-131.0,0.0,-1156.4581871032715,-245.5289219324943,0.0,0
798,217,538,,cpu,6,-1183.133433415235,-197.18890556920584,3,True,False,2,9,0,7,0.13166946172714233,0.0012906561993683379,0.004668611179416378,2.746530612309774,2.746530612309774,2.3998578786849976,2.746530612309774,,2.5,10,4,15,15,0,0,0,7.733333333333333,163.32955678422178,2.028404,10.6,3,4,3,5,0,0,0,2,100.0,-18.0,-131.0,0.0,-846.0580587387085,-268.07537467652656,0.0,0
799,189,378,,cpu,7,-341.3966701584068,-48.770952879772395,0,True,False,,17,0,16,0.28044777257101877,0.0060099247576934954,0.005836414572383676,1.4853153909955705,1.4853153909955705,1.9475082669939314,1.4853153909955705,,2.142857142857143,10,5,15,15,0,0,0,7.666666666666667,164.01852044938104,2.200376,10.6,3,4,3,5,1,0,0,1,100.0,-44.0,-131.0,0.0,0.0,-256.3966701584068,0.0,0
800,304,280,,cpu,5,-704.0126675551597,-140.80253351103195,1,True,False,2,12,0,9,0.3662677824497223,0.005663719307631254,0.004601178225129843,3.2958367347717283,3.2958367347717283,2.2607433795928955,3.2958367347717283,,3.0,10,3,15,15,0,0,0,8.133333333333333,158.53281448861856,1.4734495,10.6,3,4,3,5,1,0,0,0,50.0,-20.5,-131.0,0.0,-331.93545937538147,-270.5772081797782,0.0,0
801,139,361,,cpu,12,-321.16134103538917,-26.76344508628243,0,True,False,,10,0,8,0.15412703653176626,0.005960157606750727,0.005254827400979896,0.8664339780807495,0.8664339780807495,1.1511088609695435,0.8664339780807495,,1.25,10,10,15,15,0,0,0,9.266666666666667,235.15940413287004,2.6766958,10.6,3,4,3,5,2,0,0,2,200.0,-32.5,-131.0,0.0,0.0,-317.6613410353891,0.0,0
802,218,177,,cpu,150,-82120.95544623029,-547.4730363082019,253,False,True,20,240,207,178,-0.5282370872795582,0.7083631512185639,0.12337553624684612,0.744996747970581,0.7404523332913716,0.18829574167728425,0.7404523332913716,,0.7533333333333333,10,75,113,113,0,0,0,7.522123893805309,132.3397968630772,1.6806,10.6,26,28,22,37,13,9,0,18,1550.0,-8371.5,-975.0,0.0,-71751.57606899738,-1922.8793772329072,0.0,0
803,189,315,,cpu,7,-319.0569589141371,-45.57956555916245,0,True,False,,17,0,13,0.14647873597485678,0.002187217236496508,0.005188307192708764,1.4853153909955705,1.4853153909955705,1.6957229375839233,1.4853153909955705,,2.142857142857143,10,5,15,15,0,0,0,8.733333333333333,177.68628855357795,2.22449,10.6,3,4,3,5,0,0,0,3,150.0,-37.5,-131.0,0.0,0.0,-290.5569589141371,0.0,0
804,49,566,,cpu,6,-1280.6690708164592,-213.44484513607654,3,True,False,2,6,0,5,-0.08281589299440384,0.0002019350771054936,0.004522260511294007,2.746530612309774,2.746530612309774,1.9588903188705444,2.746530612309774,,2.5,10,4,15,15,0,0,0,9.4,197.1844361332811,2.3047063,10.6,3,4,3,5,0,0,0,2,100.0,-12.5,-131.0,0.0,-920.0313091278076,-317.1377616886515,0.0,0
805,167,195,,cpu,150,-112966.6408237102,-753.1109388247347,341,False,True,15,327,327,247,-0.9166224411999185,2.050549476558129,0.1199256579640011,0.4268502187728882,0.43127660433451337,0.25508510241905846,0.43127660433451337,,0.6733333333333333,10,92,101,101,0,0,0,9.0,185.76009732343542,2.0820818,10.6,20,23,18,40,7,8,0,12,950.0,-8079.0,-938.0,0.0,-102228.68462502956,-2020.9561986806398,0.0,0
806,155,553,,cpu,150,-34732.85532880362,-231.5523688586908,87,False,True,37,282,282,215,0.24868825510144232,0.35394689730831147,0.08695525584431986,0.9803298425674438,0.9838403042157491,0.19389703969160715,0.9838403042157491,,0.9266666666666666,10,71,139,139,0,0,0,7.848920863309353,149.40567702766472,2.1932921,10.6,30,36,28,45,21,3,2,16,1850.0,-8217.5,-1197.0,0.0,-23841.602222342226,-2486.7531064613913,0.0,0
807,298,346,,cpu,5,-311.0753645514851,-62.215072910297025,0,True,False,,10,0,9,-0.11947709619998932,0.0007401397975627333,0.0042855960316956045,2.4849066734313965,2.4849066734313965,2.7457456827163695,2.4849066734313965,,3.0,10,3,15,15,0,0,0,6.333333333333333,111.45605497738092,1.4841245,10.6,3,4,3,5,1,0,0,0,50.0,-18.0,-131.0,0.0,0.0,-212.0753645514851,0.0,0
808,283,258,,cpu,7,-232.57720817977824,-33.22531545425404,0,True,False,,16,0,13,-0.027608582749962807,0.00035134344190217756,0.004742996101932866,1.4853153909955705,1.4853153909955705,1.6579693726130895,1.4853153909955705,,2.142857142857143,10,5,15,15,0,0,0,8.133333333333333,158.53281448861856,1.928455,10.6,3,4,3,5,1,0,0,3,200.0,-31.0,-131.0,0.0,0.0,-270.5772081797782,0.0,0
809,312,529,,cpu,8,-255.74342558113267,-31.967928197641584,0,True,False,,21,0,17,0.03681930527091026,9.539949843428985e-05,0.004490950726903975,1.2996509671211243,1.2996509671211243,1.742540717124939,1.2996509671211243,,1.875,10,6,15,15,0,0,0,6.866666666666666,121.63072251869498,2.1212049,10.6,3,4,3,5,2,0,0,2,200.0,-42.5,-131.0,0.0,0.0,-222.24342558113267,0.0,0
810,281,186,,cpu,6,-2506.944753537317,-417.8241255895528,7,True,False,2,9,0,8,-0.34713531533877057,0.0031057525926977783,0.004134050803259015,2.746530612309774,2.746530612309774,1.9394851128260295,2.746530612309774,,2.5,10,4,15,15,0,0,0,8.4,171.4190019737752,1.9596816,10.6,3,4,3,5,1,0,0,0,50.0,-15.0,-131.0,0.0,-2128.3759355545044,-282.56881798281273,0.0,0
811,227,506,,cpu,6,-689.1988748655198,-114.86647914425329,1,True,False,2,8,0,6,0.10002941886583964,0.0002781534518968935,0.0043097041392078,2.746530612309774,2.746530612309774,2.5864082972208657,2.746530612309774,,2.5,10,4,15,15,0,0,0,7.733333333333333,164.299747417912,2.068099,10.6,3,4,3,5,0,0,0,1,50.0,-15.0,-131.0,0.0,-314.8324429988861,-268.3664318666336,0.0,0
812,247,426,,cpu,5,-297.922452448619,-59.584490489723805,0,True,False,,10,0,9,0.1623363345861435,0.0013048397027887403,0.004400158952921629,2.079441547393799,2.079441547393799,2.23541464805603,2.079441547393799,,3.0,10,3,15,15,0,0,0,6.133333333333334,96.88792734799297,1.262413,10.6,3,4,3,5,1,0,0,0,50.0,-18.0,-131.0,0.0,0.0,-198.92245244861903,0.0,0
813,245,488,,cpu,7,-577.9955909294212,-82.57079870420303,1,True,False,4,13,0,10,0.0630831920674869,0.00022793172674287883,0.0042947097681462765,1.7749333381652832,1.7749333381652832,1.67630512373788,1.7749333381652832,,2.142857142857143,10,5,15,15,0,0,0,6.866666666666666,122.19355259251873,2.0000985,10.6,3,4,3,5,2,0,0,1,150.0,-28.0,-131.0,0.0,-336.58331632614136,-222.4122746032798,0.0,0
814,107,504,,cpu,150,-74051.18704406089,-493.67458029373927,228,False,True,20,211,102,164,-0.663497860096395,0.5443409229322667,0.09722059773591657,0.8934928838411967,0.8930478549003601,0.19610657413800558,0.8930478549003601,,0.8733333333333333,10,79,131,131,0,0,0,8.374045801526718,161.62210461925872,2.7303016,10.6,26,37,23,45,14,10,0,11,1250.0,-6480.5,-1170.0,0.0,-64273.76980483532,-2496.917239225572,0.0,0
815,66,536,,cpu,6,-380.6058083509155,-63.43430139181925,0,True,False,,10,0,9,0.026137135922908783,8.934381215415972e-05,0.004835292852173249,1.732867956161499,1.732867956161499,2.004905660947164,1.732867956161499,,2.5,10,4,15,15,0,0,0,9.333333333333334,191.42344522672187,2.0885642,10.6,3,4,3,5,0,0,0,2,100.0,-24.0,-131.0,0.0,0.0,-315.6058083509154,0.0,0
816,183,479,,cpu,118,-30097.36910750383,-255.06245006359177,96,True,False,2,45,0,36,0.20400878660759683,0.5397181126399565,0.03120158912645558,1.100802967103861,1.1067868026636414,0.18769579923759072,1.1067868026636414,,0.9661016949152542,10,58,114,114,0,0,0,7.087719298245614,129.38248865145596,2.0589714,9.4,26,29,24,35,15,10,7,12,1350.0,-1180.5,-959.0,0.0,-26853.97992722806,-1823.8891802757657,0.0,0
817,279,429,,cpu,6,-909.9670855987197,-151.66118093311994,2,True,False,2,8,0,7,-0.1033727340400219,0.0003607808636540237,0.0037811685275907316,2.746530612309774,2.746530612309774,1.7934087415536244,2.746530612309774,,2.5,10,4,15,15,0,0,0,6.133333333333334,96.88792734799297,1.4295572,10.6,3,4,3,5,2,0,0,0,100.0,-12.5,-131.0,0.0,-667.5446331501007,-198.92245244861903,0.0,0
818,239,502,,cpu,6,-1630.7013382615696,-271.7835563769283,4,True,False,2,9,0,7,-0.2519359191258748,0.0009869265492549555,0.003956598540147145,2.8273213704427085,2.74423615137736,2.1408838431040444,2.74423615137736,,2.5,10,4,15,15,0,0,0,7.266666666666667,143.11902009533324,1.9576267,8.4,3,4,3,5,1,0,0,1,100.0,-18.0,-131.0,0.0,-1326.3567626476288,-245.34457561394083,0.0,0
819,164,339,,cpu,150,-74759.99896317176,-498.39999308781177,235,False,True,36,425,395,322,-0.7692431351759782,0.58064295284273,0.15130051737340788,0.943927325407664,0.9501209545135498,0.23978591412305833,0.9501209545135498,,0.92,10,74,138,138,0,0,0,7.5144927536231885,150.87718298647516,2.0223038,10.6,34,37,26,41,9,16,0,13,1100.0,-10328.5,-1159.0,0.0,-61146.86398413032,-2305.6349790414397,0.0,0
820,144,150,,cpu,150,-93357.3318415506,-622.382212277004,250,False,True,29,570,499,432,-0.7551902101437251,1.1070155315815646,0.29077355345866335,0.7258734027544658,0.7332743382453919,0.1755617666244507,0.7332743382453919,,0.8066666666666666,10,83,121,121,0,0,0,9.884297520661157,210.08707673824046,2.68792,10.6,26,31,24,40,11,4,1,12,1150.0,-20125.0,-1050.0,0.0,-69792.10033416748,-2700.231507383117,0.0,0
821,247,209,,cpu,6,-376.70991747215305,-62.784986245358844,0,True,False,,8,0,6,0.3957456648349762,0.007649474854891499,0.0038034182895595827,1.732867956161499,1.732867956161499,2.3366278409957886,1.732867956161499,,2.5,10,4,15,15,0,0,0,8.466666666666667,171.88933360490967,2.053917,10.6,3,4,3,5,1,0,0,0,50.0,-13.0,-131.0,0.0,0.0,-282.70991747215305,0.0,0
822,274,321,,cpu,5,-313.8543569690926,-62.77087139381852,0,True,False,,8,0,5,0.7607036828994751,0.012460912019014359,0.00390203595161438,3.31400089263916,3.293231201171875,2.669143724441528,3.293231201171875,,3.0,10,3,15,15,0,0,0,6.266666666666667,108.79305239471601,1.0744432,7.4,3,4,3,5,1,0,0,0,50.0,-11.5,-131.0,0.0,0.0,-211.35435696909258,0.0,0
823,101,471,,cpu,6,-301.6492832499905,-50.274880541665084,0,True,False,,14,0,10,0.4846583604812622,0.013192908993611733,0.004857796709984541,1.732867956161499,1.732867956161499,2.275933881600698,1.732867956161499,,2.5,10,4,15,15,0,0,0,6.333333333333333,103.54551270095992,1.5500206,10.6,3,4,3,5,1,0,0,1,100.0,-28.0,-131.0,0.0,0.0,-212.6492832499905,0.0,0
824,211,186,,cpu,9,-1828.4052219218856,-203.1561357690984,6,True,False,2,7,0,6,0.013941072755389743,0.009167275779570142,0.004151503477866451,0.12206803427802192,0.12206803427802192,0.14070419470469156,0.12206803427802192,,0.1111111111111111,1,8,1,1,0,0,0,5.0,0.0,0.0,0.0,0,0,0,1,0,0,0,1,50.0,-19.0,-15.0,0.0,-1834.0071737766266,-10.398048145259203,0.0,0
825,151,136,,cpu,7,-545.4581744301851,-77.92259634716929,0,True,False,,13,0,9,0.28310554368155344,0.006515031613941703,0.004580943479335734,1.4853153909955705,1.4853153909955705,1.8457441244806563,1.4853153909955705,,2.142857142857143,10,5,15,15,0,0,0,13.066666666666666,283.3939626131431,2.647178,10.6,3,4,3,5,0,0,0,2,100.0,-31.5,-131.0,0.0,0.0,-452.9581744301852,0.0,0
826,180,195,,cpu,150,-92470.24253955495,-616.468283597033,285,False,True,2,249,249,191,-0.46159831154470643,1.1699750971306335,0.10468802983717372,0.3022446537017822,0.2982992513974508,0.21192546387513478,0.2982992513974508,,0.47333333333333333,10,107,71,71,0,0,0,7.873239436619718,142.86632326439346,0.9985645,10.6,12,15,11,33,7,5,0,10,850.0,-6956.5,-708.0,0.0,-84017.466750741,-1228.275788813945,0.0,0
827,95,583,,cpu,6,-289.44877598019065,-48.241462663365105,0,True,False,,22,0,13,0.15890931089719137,0.0016655190653788547,0.004677375002453725,1.732867956161499,1.732867956161499,2.161074529091517,1.732867956161499,,2.5,10,4,15,15,0,0,0,9.133333333333333,190.60111187572187,2.3254573,10.6,3,4,3,5,0,0,0,4,200.0,-34.5,-131.0,0.0,0.0,-313.94877598019065,0.0,0
828,143,376,,cpu,150,-78833.72701398241,-525.558180093216,236,False,True,50,267,165,206,-0.8529143635431925,0.7437540175851124,0.14753144419907283,0.9790255292256673,0.9751358000437419,0.14556346337000528,0.9751358000437419,,0.9333333333333333,10,69,140,140,0,0,0,7.4714285714285715,149.16677278744504,2.0037267,10.6,33,36,27,44,20,7,1,17,1850.0,-8604.5,-1194.0,0.0,-67715.12191537369,-2330.1050986087207,0.0,0
829,305,468,,cpu,5,-288.9921938440728,-57.79843876881456,0,True,False,,7,0,7,-0.041444390267133716,0.00016856074798852206,0.0034216801635921002,2.079441547393799,2.079441547393799,3.132678747177124,2.079441547393799,,3.0,10,3,15,15,0,0,0,6.133333333333334,97.12039866617228,1.1685024,9.4,3,4,3,5,1,0,0,0,50.0,-9.0,-131.0,0.0,0.0,-198.9921938440728,0.0,0
830,297,457,,cpu,5,-1971.6724570418423,-394.3344914083685,5,True,False,2,9,0,9,-0.4811229109764099,0.0039253609313163905,0.003567115031182766,3.2958367347717283,3.2958367347717283,2.712679862976074,3.2958367347717283,,3.0,10,3,15,15,0,0,0,6.133333333333334,96.95713252512085,1.2879518,10.6,3,4,3,5,1,0,0,0,50.0,-14.0,-131.0,0.0,-1677.7292430400848,-198.94321400175738,0.0,0
831,135,359,,cpu,6,-382.1492456873575,-63.69154094789292,0,True,False,,10,0,9,-0.0006434110303719839,2.753717446542699e-05,0.004480706877075136,1.732867956161499,1.732867956161499,2.357863505681356,1.732867956161499,,2.5,10,4,15,15,0,0,0,9.266666666666667,236.7857529727648,2.0023859,10.6,3,4,3,5,0,0,0,2,100.0,-23.0,-131.0,0.0,0.0,-318.1492456873575,0.0,0
832,146,136,,cpu,150,-60658.98109628795,-404.39320730858634,155,False,True,24,424,340,318,-0.07669330631693204,0.7032085934087323,0.2567669989246254,0.7891577728589376,0.8025341935952505,0.14053367406129838,0.8025341935952505,,0.7933333333333333,10,81,119,119,0,0,0,10.050420168067227,213.4609659623042,2.6401935,10.6,25,31,23,40,9,7,0,9,900.0,-16238.0,-1042.0,0.0,-40701.22078061104,-2707.7603156769082,0.0,0
833,122,556,,cpu,12,-578.354685934562,-48.19622382788017,1,True,False,8,18,0,12,0.0676535318295161,0.0024674031495427093,0.0053728326844672365,0.8664339780807495,0.8664339780807495,1.0060996611913045,0.8664339780807495,,1.25,10,10,15,15,0,0,0,9.466666666666667,201.6194177059053,3.3105438,10.6,3,4,3,5,1,1,0,4,250.0,-48.0,-131.0,0.0,-304.4728934764862,-324.8817924580758,0.0,0
834,77,443,,cpu,6,-325.2810513531393,-54.213508558856546,0,True,False,,13,0,9,0.20745616654555002,0.0028152544206629195,0.004588561093745132,1.732867956161499,1.732867956161499,2.1460453271865845,1.732867956161499,,2.5,10,4,15,15,0,0,0,7.133333333333334,127.1781707701222,1.97079,9.6,3,4,3,5,0,0,0,2,100.0,-27.5,-131.0,0.0,0.0,-236.78105135313928,0.0,0
835,104,120,,cpu,7,-593.9581744301852,-84.85116777574073,0,True,False,,10,0,9,0.0962694308587483,0.0013951870829000004,0.004383295974028962,1.4853153909955705,1.4853153909955705,1.5689680576324463,1.4853153909955705,,2.142857142857143,10,5,15,15,0,0,0,13.066666666666666,283.3939626131431,2.647178,10.6,3,4,3,5,0,0,0,1,50.0,-20.0,-131.0,0.0,0.0,-452.9581744301852,0.0,0
836,131,461,,cpu,12,-292.5393399609618,-24.37827833008015,0,True,False,,24,0,14,0.036446010073026024,0.0011190478762728162,0.005925690658235301,0.9241962432861328,0.9241962432861328,0.9913048446178436,0.9241962432861328,,1.3333333333333333,10,9,16,16,0,0,0,6.1875,99.8593419609758,1.9848746,10.6,4,4,3,5,3,1,0,1,200.0,-55.0,-136.0,0.0,0.0,-221.53933996096185,0.0,0
837,71,399,,cpu,6,-281.1294886940646,-46.8549147823441,0,True,False,,10,0,8,-0.06925674589971702,0.00017865243232032904,0.004814574184517066,1.5291983286539714,1.7238516807556152,1.873371998469035,1.7238516807556152,,2.5,10,4,15,15,0,0,0,8.0,177.99415523731633,1.3840493,5.4,3,4,3,5,0,0,0,3,150.0,-22.5,-131.0,0.0,0.0,-267.6294886940646,0.0,0
838,313,489,,cpu,7,-2740.30251977173,-391.4717885388186,7,True,False,2,7,0,7,-0.6449277486119952,0.013728034083864518,0.0038391154459012406,2.35416909626552,2.35416909626552,1.8195744582584925,2.35416909626552,,2.142857142857143,10,5,15,15,0,0,0,6.866666666666666,121.63072251869498,2.0235846,10.6,3,4,3,5,2,0,0,0,100.0,-18.0,-131.0,0.0,-2429.0590941905975,-222.24342558113267,0.0,0
839,174,517,,cpu,7,-352.9786756054777,-50.42552508649681,0,True,False,,7,0,6,-0.24714632545198714,0.005415149498730898,0.003807353221678308,1.4853153909955705,1.4853153909955705,1.589063082422529,1.4853153909955705,,2.142857142857143,10,5,15,15,0,0,0,7.733333333333333,163.007226547392,2.384306,10.6,3,4,3,5,0,0,0,2,100.0,-14.0,-131.0,0.0,0.0,-267.97867560547763,0.0,0
840,279,478,,cpu,5,-2177.5497699554453,-435.50995399108905,5,True,False,2,8,0,6,-1.0666872978210449,0.01335861925035715,0.003415763331577182,4.822884941101075,4.828275680541992,2.208551597595215,4.828275680541992,,3.0,10,3,15,15,0,0,0,6.4,104.28744896041353,1.3079904,6.2,3,4,3,5,1,0,0,0,50.0,-10.5,-131.0,0.0,-1879.5121312141418,-206.53763874130357,0.0,0
841,288,362,,cpu,5,-915.5844236576061,-183.11688473152122,2,True,False,2,9,0,8,-0.5103278517723083,0.004852769710123539,0.003466328280046582,3.2958367347717283,3.2958367347717283,2.655868148803711,3.2958367347717283,,3.0,10,3,15,15,0,0,0,6.333333333333333,111.42174864593696,1.4721819,10.6,3,4,3,5,1,0,0,0,50.0,-13.5,-131.0,0.0,-609.0193510055542,-212.06507265205192,0.0,0
842,227,378,,cpu,13,-2838.5926696119873,-218.35328227784518,8,True,False,2,8,0,6,-0.3105788705870509,0.006752208732975235,0.00403058804714909,1.32094852740948,1.32094852740948,1.0650606063696055,1.32094852740948,,1.2307692307692308,10,10,16,16,0,0,0,7.375,156.93266364532016,2.2957807,10.6,4,4,3,5,2,0,0,0,100.0,-27.5,-136.0,0.0,-2422.562003135681,-262.53066647630607,0.0,0
843,122,545,,cpu,6,-573.9459658550526,-95.65766097584209,1,True,False,2,20,0,14,-0.012432845930258432,2.874052243366047e-05,0.004753138171508908,2.746530612309774,2.746530612309774,1.6849571267763774,2.746530612309774,,2.5,10,4,15,15,0,0,0,9.466666666666667,201.43384121584756,2.3988323,10.6,3,4,3,5,0,0,0,4,200.0,-36.0,-131.0,0.0,-282.11984634399414,-324.82611951105844,0.0,0
844,174,287,,cpu,7,-281.6333100892957,-40.23333001275653,0,True,False,,21,0,19,0.11583312920161656,0.0014485302880140288,0.0051715147814580375,1.4853153909955705,1.4853153909955705,1.8108967457498824,1.4853153909955705,,2.142857142857143,10,5,15,15,0,0,0,8.733333333333333,177.94079247077352,2.162152,10.6,3,4,3,5,0,0,0,4,200.0,-50.0,-131.0,0.0,0.0,-290.6333100892957,0.0,0
845,8,572,,cpu,6,-2129.184653324996,-354.8641088874993,5,True,False,2,6,0,6,-0.1440376564860344,0.0007479655760107562,0.003553137027968963,2.746530612309774,2.746530612309774,2.0586016178131104,2.746530612309774,,2.5,10,4,15,15,0,0,0,9.4,196.38378583697838,2.2898827,10.6,3,4,3,5,0,0,0,1,50.0,-12.0,-131.0,0.0,-1699.287086725235,-316.8975665997607,0.0,0
846,177,186,,cpu,150,-105422.37263071262,-702.8158175380842,327,False,True,11,201,182,157,-0.46007410594650233,1.6138939504558463,0.12005457723047584,0.3940896459420522,0.36763716538747154,0.23650002539157866,0.36763716538747154,,0.49333333333333335,10,103,74,74,0,0,0,7.837837837837838,140.33867887135975,1.1106066,10.6,12,16,11,35,5,2,0,10,750.0,-6970.5,-746.0,0.0,-96692.97626316547,-1272.8963675471514,0.0,0
847,293,249,,cpu,7,-1297.1054722254935,-185.30078174649907,3,True,False,2,7,0,6,0.14248875635010855,0.0034076772031507324,0.0034640714792268617,2.35416909626552,2.35416909626552,1.548050914491926,2.35416909626552,,2.142857142857143,10,5,15,15,0,0,0,8.133333333333333,158.53281448861856,1.928455,10.6,3,4,3,5,1,0,0,1,100.0,-12.5,-131.0,0.0,-963.0282640457153,-270.5772081797782,0.0,0
848,205,391,,cpu,19,-1190.0107720911965,-62.63214589953666,3,True,False,8,12,0,10,0.09647947667460692,0.010214927820733896,0.0061253664132795834,0.8301308531510202,0.8301308531510202,0.6078340693524009,0.8301308531510202,,1.105263157894737,10,12,21,21,0,0,0,7.571428571428571,168.07863325240365,2.0245647,10.6,6,5,5,5,3,1,1,0,150.0,-55.0,-160.0,0.0,-659.0655641758196,-355.94520791537667,0.0,0
849,103,95,,cpu,7,-522.9512849000276,-74.70732641428967,0,True,False,,10,0,8,0.20797641362462724,0.003702430420422128,0.003968832914584449,1.4853153909955705,1.4853153228759766,1.890327044895717,1.4853153228759766,,2.142857142857143,10,5,15,15,0,0,0,13.133333333333333,285.03766417928466,2.6775055,10.6,3,4,3,5,0,0,0,2,100.0,-18.5,-131.0,0.0,0.0,-453.45128490002764,0.0,0
850,208,449,,cpu,46,-7461.44279830521,-162.2052782240263,25,True,False,2,21,0,15,0.13490204535343725,0.17164089438839533,0.009473858841532923,1.1702609165855076,1.170260919177014,0.36148872323658154,1.170260919177014,,1.065217391304348,10,22,49,49,0,0,0,7.183673469387755,124.06688661658666,1.9118674,10.6,11,13,10,15,7,3,3,5,600.0,-275.0,-414.0,0.0,-6344.20165655832,-768.2411417468902,0.0,0
851,95,359,,cpu,6,-399.99079064150055,-66.66513177358343,0,True,False,,14,0,13,-0.012912069136897722,0.00020840066592124154,0.005052723262148599,1.732867956161499,1.7328678766886394,1.6797073980172474,1.7328678766886394,,2.5,10,4,15,15,0,0,0,9.2,234.59090281990805,1.9822154,10.6,3,4,3,5,0,0,0,2,100.0,-31.5,-131.0,0.0,0.0,-317.4907906415005,0.0,0
852,59,420,,cpu,6,-318.2810513531392,-53.04684189218987,0,True,False,,9,0,9,-0.07660696282982826,0.0009391937322410134,0.004074856561298172,1.732867956161499,1.732867956161499,2.0546168386936188,1.732867956161499,,2.5,10,4,15,15,0,0,0,7.133333333333334,127.1781707701222,1.97079,9.6,3,4,3,5,0,0,0,2,100.0,-20.5,-131.0,0.0,0.0,-236.78105135313928,0.0,0
853,268,396,,cpu,5,-1889.2117315327894,-377.8423463065579,5,True,False,2,7,0,7,-0.5618446350097657,0.005608608527109027,0.003258210700005293,3.2958367347717283,3.2958367347717283,2.750885581970215,3.2958367347717283,,3.0,10,3,15,15,0,0,0,6.333333333333333,111.4772778669257,1.3851757,9.4,3,4,3,5,1,0,0,0,50.0,-11.0,-131.0,0.0,-1585.130000114441,-212.08173141834857,0.0,0
854,168,126,,cpu,150,-13726.544743752254,-91.51029829168169,0,False,True,,322,322,242,0.33611819489548606,0.597860906450563,0.17472237697336823,0.5377420504887899,0.5637090714772542,0.17318975379069645,0.5637090714772542,,0.82,10,94,123,123,0,0,0,9.276422764227643,204.81601161036244,2.6390996,10.6,26,32,25,40,5,12,0,3,400.0,-9505.0,-1061.0,0.0,0.0,-2580.544743752255,0.0,0
855,181,151,,cpu,7,-384.45300605656746,-54.92185800808107,0,True,False,,17,0,9,-0.03768072377092072,0.0003848247145989652,0.003898716964093702,1.4853153909955705,1.4853153909955705,1.8374951907566615,1.4853153909955705,,2.142857142857143,10,5,15,15,0,0,0,10.2,250.21184490244642,2.418606,10.6,3,4,3,5,0,0,0,3,150.0,-32.0,-131.0,0.0,0.0,-351.45300605656735,0.0,0
856,132,455,,cpu,150,-71523.09453169985,-476.82063021133234,223,False,True,2,189,67,140,-0.8228087111065785,0.42689177291467784,0.10999318173931291,1.1384468324979147,1.103517411549886,0.1834509660800298,1.103517411549886,,1.0066666666666666,10,68,151,151,0,0,0,6.337748344370861,96.53591127758982,1.8486519,10.6,35,41,30,45,15,14,3,9,1200.0,-6177.0,-1268.0,0.0,-62159.03075576411,-2129.063775935737,0.0,0
857,102,485,,cpu,150,-128416.56926477436,-856.1104617651624,408,False,True,13,186,146,141,-1.5356430411338806,3.433362669616472,0.15461551424736777,1.024210752248764,1.0121119499206543,0.2069361078739166,1.0121119499206543,,0.98,10,73,147,147,0,0,0,6.73469387755102,108.06352938209734,1.9104764,10.6,34,40,28,45,17,10,1,11,1400.0,-8008.5,-1249.0,0.0,-117347.30196875267,-2211.7672960216887,0.0,0
858,123,433,,cpu,6,-312.08160476470545,-52.01360079411757,0,True,False,,19,0,15,0.2935479978720347,0.006550976851334174,0.004906295488278071,1.732867956161499,1.732867956161499,1.9338366786638896,1.732867956161499,,2.5,10,4,15,15,0,0,0,6.333333333333333,103.31991775000978,1.5977125,10.6,3,4,3,5,1,0,0,1,100.0,-38.5,-131.0,0.0,0.0,-212.58160476470545,0.0,0
859,221,330,,cpu,7,-1900.968378982282,-271.5669112831832,6,True,False,2,11,0,9,0.16393190622329712,0.0048447606220309225,0.0038370633431311163,2.35416909626552,2.35416909626552,1.6628678355898177,2.35416909626552,,2.142857142857143,10,5,15,15,0,0,0,7.666666666666667,163.7508483928769,2.1438973,10.6,3,4,3,5,1,0,0,1,100.0,-28.0,-131.0,0.0,-1555.6520104408264,-256.3163685414555,0.0,0
860,100,350,,cpu,6,-377.77617214032415,-62.962695356720694,0,True,False,,10,0,8,0.4505929152170817,0.01009906797359387,0.00405706581659615,1.732867956161499,1.7328680356343586,2.3957011699676514,1.7328680356343586,,2.5,10,4,15,15,0,0,0,9.266666666666667,235.5421744826535,2.0033584,10.6,3,4,3,5,0,0,0,2,100.0,-19.0,-131.0,0.0,0.0,-317.77617214032415,0.0,0
861,165,543,,cpu,23,-2134.7671437671183,-92.8159627724834,5,True,False,2,24,0,20,0.12132206235242926,0.015604147884954253,0.007292623965717528,1.196409681568975,1.1964097852292268,0.5598894720492156,1.1964097852292268,,1.2173913043478262,10,14,28,28,0,0,0,7.142857142857143,138.1397060999721,2.3274965,10.6,6,7,5,10,3,2,0,3,300.0,-113.0,-251.0,0.0,-1509.7611784934998,-461.0059652736188,0.0,0
862,132,397,,cpu,7,-337.16134103538917,-48.16590586219845,0,True,False,,8,0,7,0.20866807018007552,0.003452587506866881,0.004151784349232912,1.4853153909955705,1.4853153228759766,1.6465058497020177,1.4853153228759766,,2.142857142857143,10,5,15,15,0,0,0,9.266666666666667,235.15940413287004,2.2749608,10.6,3,4,3,5,0,0,0,3,150.0,-18.5,-131.0,0.0,0.0,-317.6613410353891,0.0,0
863,3,454,,cpu,6,-334.9094639776986,-55.818243996283094,0,True,False,,13,0,11,0.09591518094142278,0.0005059255678740252,0.004040921339765191,1.732867956161499,1.732867956161499,2.1142361958821616,1.732867956161499,,2.5,10,4,15,15,0,0,0,7.133333333333334,127.60621285198654,1.8164636,9.6,3,4,3,5,0,0,0,2,100.0,-27.0,-131.0,0.0,0.0,-236.90946397769858,0.0,0
864,229,428,,cpu,7,-624.8727966953438,-89.26754238504911,1,True,False,4,13,0,9,-0.1653433654989515,0.002200974733568728,0.003950739545481545,1.7749333381652832,1.7749333381652832,1.9224699565342493,1.7749333381652832,,2.142857142857143,10,5,15,15,0,0,0,7.533333333333333,141.73010020898755,1.8019259,10.6,3,4,3,5,1,0,0,1,100.0,-30.0,-131.0,0.0,-309.0587556362152,-244.81404105912856,0.0,0
865,19,409,,cpu,6,-1438.9395533242948,-239.82325888738248,4,True,False,2,10,0,8,-0.6153453489144644,0.008271414941797653,0.003863864733527104,2.746530612309774,2.746530612309774,2.4263689517974854,2.746530612309774,,2.5,10,4,15,15,0,0,0,7.133333333333334,126.98730354608527,1.7963411,9.6,3,4,3,5,0,0,0,3,150.0,-19.0,-131.0,0.0,-1182.2157621383667,-236.72379118592818,0.0,0
866,146,414,,cpu,6,-247.08160476470547,-41.18026746078424,0,True,False,,20,0,12,-0.22072442124287286,0.006733534896435837,0.004607866518199444,1.732867956161499,1.7328678766886394,1.532147616147995,1.7328678766886394,,2.5,10,4,15,15,0,0,0,6.333333333333333,103.31991775000978,1.5977125,10.6,3,4,3,5,1,0,0,2,150.0,-33.5,-131.0,0.0,0.0,-212.58160476470545,0.0,0
867,173,360,,cpu,150,-83252.38367498897,-555.0158911665932,256,False,True,41,92,66,71,-0.9510397305587928,0.9283426904590548,0.07952050356660038,0.8799273260434468,0.9003574363390605,0.25571527883410455,0.9003574363390605,,0.9133333333333333,10,83,137,137,0,0,0,7.372262773722627,147.50759824364687,2.0277653,10.6,34,37,26,40,13,10,3,10,1150.0,-4093.5,-1144.0,0.0,-75957.04578735982,-2237.8378876291513,0.0,0
868,312,262,,cpu,5,-1704.0279678342897,-340.80559356685797,4,True,False,2,6,0,5,-0.6720290422439575,0.00927885277196765,0.0029094363562762737,3.2958367347717283,3.2958367347717283,2.5583131551742553,3.2958367347717283,,3.0,10,3,15,15,0,0,0,8.133333333333333,158.70988242166612,1.4351902,9.6,3,4,3,5,1,0,0,0,50.0,-7.0,-131.0,0.0,-1345.3976392745972,-270.63032855969254,0.0,0
869,209,409,,cpu,10,-420.59362849930847,-42.05936284993085,0,True,False,,9,0,8,-0.04404159300029278,0.0010800197371281684,0.003930148412473499,1.0397207736968994,1.0397207736968994,0.9954122185707093,1.0397207736968994,,1.5,10,8,15,15,0,0,0,7.4,137.6620583429208,1.9961258,10.6,3,4,3,5,1,1,0,0,50.0,-26.0,-131.0,0.0,0.0,-243.59362849930852,0.0,0
870,205,340,,cpu,35,-12266.896979638146,-350.48277084680416,43,True,False,2,23,0,18,-0.35404026210308076,0.07854057906702759,0.008895865441965205,1.0986122812543597,1.0986123391560145,0.45417047568729946,1.0986123391560145,,1.0,10,20,35,35,0,0,0,7.485714285714286,153.92239753216992,2.121475,10.6,9,9,7,10,5,1,4,2,350.0,-215.5,-288.0,0.0,-11341.433869701514,-581.9631099366325,0.0,0
871,14,465,,cpu,6,-371.36996872807293,-61.894994788012156,0,True,False,,7,0,5,0.26772014796733856,0.00420363813949128,0.0033751464604089656,1.732867956161499,1.732867956161499,2.0620881716410318,1.732867956161499,,2.5,10,4,15,15,0,0,0,7.133333333333334,127.47456201990104,1.8585688,9.6,3,4,3,5,0,0,0,1,50.0,-13.5,-131.0,0.0,0.0,-236.86996872807293,0.0,0
872,168,548,,cpu,7,-208.52227502352176,-29.78889643193168,0,True,False,,27,0,17,0.36269284571920124,0.01071919540741614,0.004819218601499285,1.4853153909955705,1.4853153909955705,1.666907685143607,1.4853153909955705,,2.142857142857143,10,5,15,15,0,0,0,7.733333333333333,163.1525579408724,2.3499777,10.6,3,4,3,5,0,0,0,5,250.0,-49.5,-131.0,0.0,0.0,-268.02227502352173,0.0,0
873,93,417,,cpu,6,-293.6071050906638,-48.934517515110635,0,True,False,,15,0,11,0.4142977098623912,0.013281850144267082,0.004644438934822877,1.732867956161499,1.732867916425069,1.9198243220647175,1.732867916425069,,2.5,10,4,15,15,0,0,0,6.333333333333333,103.40491883653775,1.6587454,10.6,3,4,3,5,1,0,0,1,100.0,-30.0,-131.0,0.0,0.0,-212.60710509066385,0.0,0
874,213,210,,cpu,10,-72.49024072629601,-7.2490240726296005,0,True,False,,17,0,13,0.13646849393844604,0.019698732532560825,0.004739418812096119,0.3465735912322998,0.34657357931137084,0.5863907217979432,0.34657357931137084,,0.5,2,6,5,5,0,0,0,5.0,0.0,0.0,0.0,0,0,0,5,0,0,0,2,100.0,-45.5,-75.0,0.0,0.0,-51.990240726296015,0.0,0
875,199,497,,cpu,6,-342.7382168525007,-57.12303614208346,0,True,False,,17,0,13,0.3842809200286865,0.009022466683139404,0.004214160765210788,1.732867956161499,1.732867956161499,2.200921058654785,1.732867956161499,,2.5,10,4,15,15,0,0,0,7.733333333333333,163.87236403746905,2.0280492,10.6,3,4,3,5,0,0,0,2,100.0,-33.5,-131.0,0.0,0.0,-268.2382168525007,0.0,0
876,52,584,,cpu,7,-367.1377616886515,-52.448251669807355,0,True,False,,17,0,15,0.2559887000492641,0.004019783909565636,0.004530443377526743,1.4853153909955705,1.4853153909955705,1.6140119688851493,1.4853153909955705,,2.142857142857143,10,5,15,15,0,0,0,9.4,197.1844361332811,2.5444934,10.6,3,4,3,5,0,0,0,3,150.0,-39.0,-131.0,0.0,0.0,-317.1377616886515,0.0,0
877,282,522,,cpu,7,-1763.2594435257042,-251.89420621795776,4,True,False,2,10,0,8,-0.15466244305883134,0.0007295297690299256,0.0034532462512808187,2.35416909626552,2.35416909626552,1.6343985285077776,2.35416909626552,,2.142857142857143,10,5,15,15,0,0,0,6.866666666666666,122.19355259251873,2.0000985,10.6,3,4,3,5,2,0,0,0,100.0,-22.5,-131.0,0.0,-1467.3471689224243,-222.4122746032798,0.0,0
878,132,372,,cpu,150,-39986.1219461162,-266.57414630744137,110,False,True,2,152,136,115,0.023543622965614002,0.17091228258175153,0.13293367315549404,0.8781044004360835,0.8740671388308208,0.13334618185957273,0.8740671388308208,,0.9066666666666666,10,77,136,136,0,0,0,7.926470588235294,170.90598519441542,2.1029794,10.6,32,34,25,45,22,6,0,10,1600.0,-6534.0,-1182.0,0.0,-30589.511609077454,-2420.610337038748,0.0,0
879,25,366,,cpu,6,-521.296193336937,-86.8826988894895,0,True,False,,14,0,8,-0.15148175756136575,0.003046381190263977,0.0047325299043829245,1.732867956161499,1.732867956161499,1.7136875291665394,1.732867956161499,,2.5,10,4,15,15,0,0,0,11.0,301.7256489103566,2.0347347,10.6,3,4,3,5,0,0,0,1,50.0,-25.0,-131.0,0.0,0.0,-375.2961933369371,0.0,0
880,272,440,,cpu,6,-1870.16935284242,-311.69489214040334,5,True,False,2,10,0,8,-0.6604881882667542,0.011478128222127756,0.0031593944877386093,2.746530612309774,2.746530612309774,1.9276007413864136,2.746530612309774,,2.5,10,4,15,15,0,0,0,6.133333333333334,96.90253232124627,1.3678402,9.4,3,4,3,5,2,0,0,0,100.0,-17.0,-131.0,0.0,-1613.242518901825,-198.926833940595,0.0,0
881,278,289,,cpu,5,-369.07720817977827,-73.81544163595565,0,True,False,,10,0,8,-0.2557499349117279,0.005072574084624648,0.003514523385092616,2.079441547393799,2.079441547393799,1.9095610618591308,2.079441547393799,,3.0,10,3,15,15,0,0,0,8.133333333333333,158.53281448861856,1.4734495,10.6,3,4,3,5,1,0,0,0,50.0,-17.5,-131.0,0.0,0.0,-270.5772081797782,0.0,0
882,12,454,,cpu,6,-1658.2464244721186,-276.37440407868644,4,True,False,2,10,0,9,-0.567650685707728,0.010092117357999086,0.003610101412050426,2.746530612309774,2.7465306917826333,2.0577792525291443,2.7465306917826333,,2.5,10,4,15,15,0,0,0,7.133333333333334,127.45193993772635,1.8651247,9.6,3,4,3,5,0,0,0,1,50.0,-17.5,-131.0,0.0,-1272.8832423686981,-236.8631821034205,0.0,0
883,275,108,,cpu,7,-374.03897861629224,-53.434139802327465,0,True,False,,15,0,12,-0.07515938473599297,0.0012825820595026016,0.003745660019506301,1.4853153909955705,1.4853153909955705,1.4434771622930254,1.4853153909955705,,2.142857142857143,10,5,15,15,0,0,0,8.866666666666667,176.89267790364096,2.3087811,10.6,3,4,3,5,1,0,0,2,150.0,-37.0,-131.0,0.0,0.0,-306.03897861629224,0.0,0
884,62,528,,cpu,6,-392.76885241033744,-65.46147540172291,0,True,False,,11,0,10,0.013635902665555477,7.234091363746605e-05,0.004244498908519745,1.732867956161499,1.732867956161499,1.9606663783391316,1.732867956161499,,2.5,10,4,15,15,0,0,0,9.333333333333334,191.9669254247952,1.9687783,10.6,3,4,3,5,0,0,0,2,100.0,-26.0,-131.0,0.0,0.0,-315.76885241033744,0.0,0
885,276,152,,cpu,150,-64022.39326296733,-426.81595508644887,176,False,True,10,177,148,139,-0.35642442256212237,0.7875751524163449,0.08072723442067703,1.0507884112993877,1.003183198372523,0.16514695515235264,1.003183198372523,,0.8866666666666667,10,84,133,133,0,0,0,7.902255639097745,139.73978948531337,2.3401484,10.6,30,36,27,40,9,6,0,11,1000.0,-5956.0,-1119.0,0.0,-54535.67552566528,-2381.717737302043,0.0,0
886,6,592,,cpu,6,-1768.38156585208,-294.73026097534665,4,True,False,2,10,0,8,0.05902627234657606,0.0013318697237991728,0.003445740711564819,2.746530612309774,2.746530612309774,1.814006249109904,2.746530612309774,,2.5,10,4,15,15,0,0,0,9.4,196.38378583697838,2.2898827,10.6,3,4,3,5,0,0,0,2,100.0,-20.0,-131.0,0.0,-1390.4839992523193,-316.8975665997607,0.0,0
887,267,525,,cpu,7,-1339.1348194082855,-191.30497420118363,3,True,False,2,10,0,9,0.21190527507237025,0.0037674323955018607,0.003751848026045731,2.35416909626552,2.35416909626552,1.786153997693743,2.35416909626552,,2.142857142857143,10,5,15,15,0,0,0,6.866666666666666,121.7807114042587,2.0203664,10.6,3,4,3,5,2,0,0,0,100.0,-23.0,-131.0,0.0,-1032.8463971614838,-222.2884222468018,0.0,0
888,282,364,,cpu,5,-1519.7250853822284,-303.94501707644565,4,True,False,2,9,0,8,0.23244032263755798,0.0026693792780861257,0.0032903407234698536,3.2958367347717283,3.2958367347717283,2.270190382003784,3.2958367347717283,,3.0,10,3,15,15,0,0,0,6.333333333333333,111.40594072661773,1.3188516,9.6,3,4,3,5,1,0,0,0,50.0,-16.0,-131.0,0.0,-1210.6647551059723,-212.06033027625614,0.0,0
889,250,543,,cpu,150,-177144.18567039302,-1180.9612378026202,457,False,True,28,365,197,277,-2.929176936795314,7.349434200376048,0.09789276015634338,1.090232203801473,1.0028784664471944,0.22109270721673965,1.0028784664471944,,1.0,10,74,150,150,0,0,0,6.373333333333333,107.73422896064572,1.9136589,10.6,37,38,32,43,10,14,0,10,1000.0,-13093.5,-1230.0,0.0,-160657.25727677345,-2093.428393619583,0.0,0
890,118,570,,cpu,6,-347.85942956356575,-57.97657159392762,0,True,False,,24,0,18,0.2564741571744283,0.004590293547759454,0.0045971542519206805,1.732867956161499,1.732867956161499,1.8699196378389995,1.732867956161499,,2.5,10,4,15,15,0,0,0,9.133333333333333,190.3032904869721,2.4690468,10.6,3,4,3,5,0,0,0,3,150.0,-43.0,-131.0,0.0,0.0,-313.85942956356575,0.0,0
891,72,551,,cpu,6,-1884.6598703241557,-314.10997838735926,5,True,False,2,5,0,5,-0.03601019274598608,0.000692100720966001,0.003348422780012091,2.746530612309774,2.746530612309774,2.066122849782308,2.746530612309774,,2.5,10,4,15,15,0,0,0,9.333333333333334,191.9669254247952,1.9687783,10.6,3,4,3,5,0,0,0,1,50.0,-7.0,-131.0,0.0,-1450.8910179138184,-315.76885241033744,0.0,0
892,114,118,,cpu,150,-56903.02004663351,-379.3534669775567,131,False,True,28,657,646,493,-0.40579900160431864,0.3204608389855518,0.2806447150511667,0.6226518074671428,0.6297458497683207,0.0862087460855643,0.6297458497683207,,0.74,10,86,111,111,0,0,0,11.17117117117117,223.14807643283643,2.7815003,10.6,22,28,21,40,3,4,0,6,450.0,-19045.0,-997.0,0.0,-33574.52490925789,-2826.4951373756185,0.0,0
893,233,485,,cpu,6,-295.22901101954335,-49.20483516992389,0,True,False,,12,0,11,0.049881295611461006,0.00015959798656695057,0.0034070377393315234,1.732867956161499,1.732867956161499,1.998842438062032,1.732867956161499,,2.5,10,4,15,15,0,0,0,7.8,165.5083445942776,1.996994,10.6,3,4,3,5,0,0,0,3,150.0,-25.5,-131.0,0.0,0.0,-268.7290110195433,0.0,0
894,43,480,,cpu,8,-373.9102924976448,-46.7387865622056,0,True,False,,11,0,9,-0.05503205209970474,0.0007479316973331152,0.003971798199927434,1.4160265028476715,1.2947041392326355,1.4485188871622086,1.2947041392326355,,1.875,10,6,15,15,0,0,0,8.266666666666667,158.38181760230555,2.1672983,8.6,3,4,3,5,1,0,0,1,100.0,-27.5,-131.0,0.0,0.0,-275.4102924976448,0.0,0
895,293,178,,cpu,6,-1595.6352833816022,-265.9392138969337,4,True,False,2,5,0,5,-0.4814111689726512,0.004996967152692378,0.002854942266518871,2.746530612309774,2.746530612309774,2.2101614475250244,2.746530612309774,,2.5,10,4,15,15,0,0,0,8.4,171.70003873855947,1.8195168,10.6,3,4,3,5,1,0,0,0,50.0,-7.0,-131.0,0.0,-1224.9821543693542,-282.653129012248,0.0,0
896,234,549,,cpu,9,-209.76549689179237,-23.307277432421373,0,True,False,,17,0,9,-0.0709604960348871,0.0023678201638783016,0.003433890770085984,1.155245304107666,1.155245304107666,1.1827824380662706,1.155245304107666,,1.6666666666666667,10,7,15,15,0,0,0,7.733333333333333,162.29663083510766,2.6853952,10.6,3,4,3,5,2,0,0,3,250.0,-31.0,-131.0,0.0,0.0,-267.76549689179234,0.0,0
897,139,353,,cpu,6,-348.3913694550238,-58.06522824250396,0,True,False,,23,0,17,-0.13843801617622375,0.001538942432186256,0.004505410130756597,1.732867956161499,1.732867956161499,2.2387677431106567,1.732867956161499,,2.5,10,4,15,15,0,0,0,9.266666666666667,235.9261655316523,1.9827051,10.6,3,4,3,5,0,0,0,3,150.0,-39.5,-131.0,0.0,0.0,-317.8913694550238,0.0,0
898,226,318,,cpu,150,-122844.38513004054,-818.9625675336035,363,False,True,81,314,218,243,-2.044098301529884,3.4054502968428038,0.19382130787086985,1.0581237697601318,1.0024603792031606,0.18543144822120666,1.0024603792031606,,0.9133333333333333,10,79,137,137,0,0,0,7.635036496350365,141.25821299436598,1.7673303,10.6,34,36,27,40,14,3,0,8,1100.0,-13896.0,-1139.0,0.0,-105566.62113368511,-2302.7639963554257,0.0,0
899,29,522,,cpu,6,-393.4888895162469,-65.58148158604115,0,True,False,,12,0,10,0.0906706228852272,0.0005847627641439127,0.0038860507387047014,1.732867956161499,1.7328678766886394,1.705568750699361,1.7328678766886394,,2.5,10,4,15,15,0,0,0,9.333333333333334,191.03371577782667,2.1129234,10.6,3,4,3,5,0,0,0,2,100.0,-27.0,-131.0,0.0,0.0,-315.4888895162469,0.0,0
900,281,142,,cpu,8,-372.58896552102163,-46.573620690127704,0,True,False,,16,0,12,0.09066003747284412,0.0011581179496715777,0.0035520360979717225,1.2996509671211243,1.2996509671211243,1.1778006851673126,1.2996509671211243,,1.875,10,6,15,15,0,0,0,8.866666666666667,177.0593009194055,2.4972184,10.6,3,4,3,5,1,0,0,2,150.0,-35.5,-131.0,0.0,0.0,-306.0889655210216,0.0,0
901,221,214,,cpu,150,-113148.07572756936,-754.3205048504624,340,False,True,46,223,205,169,-0.931988110418121,2.2944236066215673,0.12568945397622883,0.6074089662233988,0.5857604078451792,0.17221672102808952,0.5857604078451792,,0.7133333333333334,10,87,107,107,0,0,0,7.308411214953271,129.82371998019778,1.5557898,10.6,23,27,20,37,10,12,0,13,1150.0,-8123.5,-946.0,0.0,-102852.58834958076,-1735.9873779885909,0.0,0
902,17,545,,cpu,6,-338.9888895162469,-56.498148252707814,0,True,False,,19,0,12,0.14926645656426749,0.002019677524610112,0.003903374153499802,1.732867956161499,1.732867956161499,1.5748132715622585,1.732867956161499,,2.5,10,4,15,15,0,0,0,9.333333333333334,191.03371577782667,2.1129234,10.6,3,4,3,5,0,0,0,3,150.0,-32.5,-131.0,0.0,0.0,-315.4888895162469,0.0,0
903,114,351,,cpu,150,-25651.112956634606,-171.00741971089738,54,False,True,80,284,270,218,0.26554177838896675,0.268259899431942,0.16779617981829992,0.7522117578983307,0.7546100421746572,0.15609061310688654,0.7546100421746572,,0.8866666666666667,10,83,133,133,0,0,0,8.233082706766917,183.46120812896274,2.168995,10.6,30,34,24,45,16,8,0,6,1100.0,-9144.5,-1169.0,0.0,-13041.527965664864,-2476.0849909697404,0.0,0
904,298,281,,cpu,150,-66504.45064603843,-443.36300430692285,189,False,True,2,114,81,87,-0.33924602112422386,0.41000323959113977,0.04423949587934961,0.9838051358858745,0.9875381545225779,0.1474528940518697,0.9875381545225779,,0.92,10,74,138,138,0,0,0,7.369565217391305,133.88232289096518,1.8964545,10.6,37,35,26,40,7,8,0,5,600.0,-4199.5,-1143.0,0.0,-58353.29089164734,-2268.6597543910875,0.0,0
905,14,370,,cpu,150,-28450.650792133263,-189.6710052808884,44,False,True,35,476,475,370,0.2577242754461865,0.3198846878761348,0.2759719760498653,0.7561127748092016,0.7681672887007396,0.0811553966999054,0.7681672887007396,,0.8,10,83,120,120,0,0,0,9.875,247.4098099521789,2.4773235,10.6,25,29,21,45,11,6,0,6,850.0,-14651.5,-1095.0,0.0,-9959.816536307335,-2694.3342558259283,0.0,0
906,42,562,,cpu,18,-1510.1724717400377,-83.89847065222432,3,True,False,8,10,0,9,0.010188464489248063,0.0027015288037988386,0.005050444626249373,0.85171021355523,0.8723820911513435,0.6177928199370702,0.8723820911513435,,1.0,10,14,18,18,0,0,0,9.0,185.709362103532,2.6438818,9.6,4,6,3,5,0,1,0,1,50.0,-28.5,-152.0,0.0,-903.8285136222839,-365.8439581177539,0.0,0
907,72,515,,cpu,150,-59738.424580307714,-398.2561638687181,176,False,True,30,199,102,156,-0.3709442460381736,0.28156496636046846,0.12411926170811056,0.9318117109934488,0.9418882958094279,0.15641557415326438,0.9418882958094279,,0.86,10,82,129,129,0,0,0,8.550387596899224,162.66364340644142,2.5751052,10.6,25,37,22,45,13,3,0,17,1500.0,-7283.5,-1162.0,0.0,-49404.489919543266,-2498.4346607644466,0.0,0
908,289,535,,cpu,7,-349.21393543805254,-49.88770506257894,0,True,False,,19,0,15,0.054873489907809665,0.0002589701168602687,0.0032607289031147957,1.4853153909955705,1.4853153909955705,1.4537180662155151,1.4853153909955705,,2.142857142857143,10,5,15,15,0,0,0,6.866666666666666,121.53242204176128,1.9014727,10.6,3,4,3,5,2,0,0,0,100.0,-36.0,-131.0,0.0,0.0,-222.21393543805257,0.0,0
909,244,549,,cpu,7,-161.20940067194275,-23.029914381706106,0,True,False,,20,0,13,0.018365275114774704,0.00010534498974428581,0.003451753507501313,1.4853153909955705,1.4853153909955705,1.4264960714748927,1.4853153909955705,,2.142857142857143,10,5,15,15,0,0,0,6.866666666666666,121.51730615472856,2.0041041,10.6,3,4,3,5,2,0,0,3,250.0,-38.0,-131.0,0.0,0.0,-222.20940067194272,0.0,0
910,113,478,,cpu,7,-247.86542427547394,-35.40934632506771,0,True,False,,23,0,15,-0.10102313756942749,0.0007802002822115485,0.004480494518897363,2.373704160962786,2.469941888536726,1.7904129028320312,2.469941888536726,,2.142857142857143,10,5,15,15,0,0,0,7.6,140.37565065546735,1.6886693,10.6,3,4,3,5,1,0,0,3,200.0,-41.0,-131.0,0.0,0.0,-255.8654242754739,0.0,0
911,126,542,,cpu,24,-966.1559030398973,-40.256495959995725,1,True,False,14,14,0,10,-0.00661060605974247,0.004015694024928962,0.006319123815046623,0.8255660931269327,0.8255660980939865,0.5032247429092725,0.8255660980939865,,1.1666666666666667,10,15,28,28,0,0,0,8.678571428571429,169.6103595652224,3.0130665,10.6,6,7,5,10,2,2,0,4,300.0,-72.5,-251.0,0.0,-267.6702320575714,-554.9856709823259,0.0,0
912,296,169,,cpu,6,-689.170584663861,-114.86176411064349,1,True,False,2,10,0,8,-0.16886171698570251,0.001844163266165803,0.0032126903533935547,2.746530612309774,2.746530612309774,1.4475177526474,2.746530612309774,,2.5,10,4,15,15,0,0,0,8.4,171.28179716568886,1.9824275,10.6,3,4,3,5,1,0,0,0,50.0,-21.5,-131.0,0.0,-304.1429281234741,-282.52765654038683,0.0,0
913,33,496,,cpu,6,-1679.6588688501245,-279.9431448083541,4,True,False,2,6,0,6,-0.3366388976573944,0.0027390558000964424,0.00313570536673069,2.746530612309774,2.746530612309774,1.6656714876492817,2.746530612309774,,2.5,10,4,15,15,0,0,0,9.333333333333334,191.03371577782667,2.1129234,10.6,3,4,3,5,0,0,0,1,50.0,-8.0,-131.0,0.0,-1245.1699793338776,-315.4888895162469,0.0,0
914,129,371,,cpu,6,-371.6613410353891,-61.94355683923152,0,True,False,,11,0,8,0.047264594584703445,0.0002206923187865565,0.003926163384069999,1.732867956161499,1.7328678766886394,1.8049795428911846,1.7328678766886394,,2.5,10,4,15,15,0,0,0,9.266666666666667,235.15940413287004,2.0752537,10.6,3,4,3,5,0,0,0,2,100.0,-23.0,-131.0,0.0,0.0,-317.6613410353891,0.0,0
915,293,208,,cpu,7,-2020.5846923224178,-288.6549560460597,5,True,False,2,9,0,7,-0.1803728767803737,0.0010086928336282394,0.003000326454639435,2.35416909626552,2.35416909626552,1.5264863116400582,2.35416909626552,,2.142857142857143,10,5,15,15,0,0,0,8.466666666666667,171.77807132600734,2.2425032,10.6,3,4,3,5,1,0,0,1,100.0,-16.5,-131.0,0.0,-1670.4081535339355,-282.6765387884824,0.0,0
916,45,507,,cpu,6,-2544.054169476879,-424.0090282461465,7,True,False,2,16,0,10,-0.18504996597766876,0.0013042613960957776,0.003986341568330924,2.746530612309774,2.746530612309774,1.5648573438326518,2.746530612309774,,2.5,10,4,15,15,0,0,0,9.333333333333334,191.03371577782667,2.1129234,10.6,3,4,3,5,0,0,0,2,100.0,-28.5,-131.0,0.0,-2149.0652799606323,-315.4888895162469,0.0,0
917,125,542,,cpu,6,-448.3817924580758,-74.73029874301263,0,True,False,,10,0,10,0.24478826423486075,0.005663839789728324,0.0037070404117306075,1.732867956161499,1.732867995897929,1.757468044757843,1.732867995897929,,2.5,10,4,15,15,0,0,0,9.466666666666667,201.6194177059053,2.4180958,10.6,3,4,3,5,0,0,0,1,50.0,-22.5,-131.0,0.0,0.0,-324.8817924580758,0.0,0
918,315,405,,cpu,5,-619.8222722995406,-123.96445445990813,1,True,False,2,5,0,5,0.3515689015388489,0.006184646673500538,0.002735364343971014,3.2958367347717283,3.2958367347717283,1.9293016076087952,3.2958367347717283,,3.0,10,3,15,15,0,0,0,6.133333333333334,96.88792734799297,1.262413,10.6,3,4,3,5,1,0,0,0,50.0,-6.0,-131.0,0.0,-333.89981985092163,-198.92245244861903,0.0,0
919,284,119,,cpu,7,-688.0298632437718,-98.28998046339598,1,True,False,2,11,0,9,0.2086644513266427,0.004731612413057259,0.0030067164251314743,2.35416909626552,2.35416909626552,1.5774823256901331,2.35416909626552,,2.142857142857143,10,5,15,15,0,0,0,8.866666666666667,177.44879349641946,2.2144692,9.6,3,4,3,5,1,0,0,2,150.0,-29.0,-131.0,0.0,-321.824049949646,-306.2058132941258,0.0,0
920,197,444,,cpu,8,-915.6644959303331,-114.45806199129164,2,True,False,2,11,0,9,0.06833775714039803,0.0009833504554990213,0.0037361556314863265,2.0598979592323303,2.0598981976509094,1.6948327124118805,2.0598981976509094,,1.875,10,6,15,15,0,0,0,7.4,140.39644331630083,1.869235,10.6,3,4,3,5,2,0,0,0,100.0,-31.5,-131.0,0.0,-558.7505519390106,-244.41394399132253,0.0,0
921,114,467,,cpu,24,-942.9964980355295,-39.2915207514804,1,True,False,17,21,0,16,0.02012713595953149,0.0023464609575209274,0.006556915740172069,1.1149420539538066,1.1149420489867528,0.509676160911719,1.1149420489867528,,1.2916666666666667,10,13,31,31,0,0,0,6.193548387096774,93.10465705590939,1.7650748,10.6,7,8,6,10,4,2,1,2,300.0,-92.0,-267.0,0.0,-295.1016306877136,-428.89486734781593,0.0,0
922,69,533,,cpu,6,-394.60585070164416,-65.76764178360736,0,True,False,,10,0,6,-0.15178255985180536,0.0022344525593022504,0.0034388607600703835,1.732867956161499,1.7328678766886394,1.7152792513370514,1.7328678766886394,,2.5,10,4,15,15,0,0,0,9.333333333333334,191.42358639581744,1.9931374,10.6,3,4,3,5,0,0,0,2,100.0,-18.0,-131.0,0.0,0.0,-315.6058507016441,0.0,0
923,272,431,,cpu,6,-903.1276596213405,-150.52127660355674,2,True,False,2,12,0,10,-0.4223752518494924,0.007358534494414926,0.0029586157761514187,2.746530612309774,2.746530612309774,1.6975207130114238,2.746530612309774,,2.5,10,4,15,15,0,0,0,6.133333333333334,96.95713252512085,1.4508395,10.6,3,4,3,5,2,1,0,0,100.0,-22.0,-131.0,0.0,-651.1844456195831,-198.94321400175738,0.0,0
924,0,431,,cpu,6,-1332.5481856224787,-222.09136427041312,3,True,False,2,6,0,4,-0.6226184566815695,0.010876620188355446,0.0029366890667006373,2.746530612309774,2.7465309302012124,1.8062514464060466,2.7465309302012124,,2.5,10,4,15,15,0,0,0,7.133333333333334,127.45193993772635,1.8651247,9.6,3,4,3,5,0,0,0,1,50.0,-11.0,-131.0,0.0,-953.6850035190582,-236.8631821034205,0.0,0
925,300,196,,cpu,7,-1714.5050720283002,-244.9292960040429,4,True,False,2,7,0,6,-0.6096862980297634,0.01165801745706371,0.002582109533250332,2.35416909626552,2.35416909626552,1.639569708279201,2.35416909626552,,2.142857142857143,10,5,15,15,0,0,0,8.4,171.70003873855947,2.0539343,10.6,3,4,3,5,1,0,0,1,100.0,-14.5,-131.0,0.0,-1336.3519430160522,-282.653129012248,0.0,0
926,211,387,,cpu,150,-66757.59127728255,-445.05060851521705,198,False,True,10,126,126,96,-0.784974016447862,0.5757040981513758,0.07845496737398207,0.9591508980592092,0.9806294091542562,0.15470440194010734,0.9806294091542562,,0.92,10,73,138,138,0,0,0,7.391304347826087,147.28028627864524,1.951488,10.6,35,37,26,40,8,12,1,4,600.0,-4724.5,-1149.0,0.0,-58148.34303910425,-2255.7482381783075,0.0,0
927,246,224,,cpu,6,-380.02765654038683,-63.33794275673114,0,True,False,,9,0,8,-0.1179020603497823,0.0011464750665860872,0.003212378166305522,1.732867956161499,1.732867956161499,1.6105067332585652,1.732867956161499,,2.5,10,4,15,15,0,0,0,8.4,171.28179716568886,1.9824275,10.6,3,4,3,5,1,0,0,0,50.0,-16.5,-131.0,0.0,0.0,-282.52765654038683,0.0,0
928,81,557,,cpu,6,-1981.1533409814683,-330.19222349691137,5,True,False,2,8,0,8,-0.4258291721343994,0.0023353435238580764,0.0032313917375480137,4.022873083750407,4.0235921541849775,2.100952704747518,4.0235921541849775,,2.5,10,4,15,15,0,0,0,9.6,200.76212894988885,1.8523623,9.6,3,4,3,5,0,0,0,1,50.0,-14.5,-131.0,0.0,-1529.8811614513397,-325.7721795301285,0.0,0
929,108,551,,cpu,6,-998.8168076597785,-166.46946794329642,2,True,False,2,8,0,7,0.08256876468658447,0.0011200738590559922,0.0030998847990607223,2.746530612309774,2.746530612309774,2.0918972492218018,2.746530612309774,,2.5,10,4,15,15,0,0,0,9.533333333333333,203.74736710312163,2.2515507,10.6,3,4,3,5,0,0,0,2,100.0,-14.0,-131.0,0.0,-598.2966303825378,-325.5201772772407,0.0,0
930,138,504,,cpu,150,-156084.99718274336,-1040.5666478849557,504,False,True,22,226,207,176,-2.4789070051908495,5.258064599469265,0.12771349294732015,0.9283294081687927,0.9407661962509155,0.1646213893095652,0.9407661962509155,,0.9066666666666666,10,73,136,136,0,0,0,7.698529411764706,143.17400146468566,2.186235,10.6,29,35,27,45,14,15,2,3,850.0,-8572.0,-1181.0,0.0,-143837.78494782734,-2384.212234916022,0.0,0
931,286,198,,cpu,7,-2308.419691929956,-329.77424170427946,6,True,False,2,10,0,9,0.07170519871371132,0.005348196980776265,0.0028865500685891937,2.35416909626552,2.35416909626552,1.5169024297169276,2.35416909626552,,2.142857142857143,10,5,15,15,0,0,0,8.4,171.4190019737752,2.1740756,10.6,3,4,3,5,1,0,0,1,100.0,-20.0,-131.0,0.0,-1944.8508739471436,-282.56881798281273,0.0,0
932,212,489,,cpu,6,-1273.7895278156357,-212.2982546359393,3,True,False,2,8,0,5,0.34384026130040485,0.010228734851504365,0.002944560255855322,2.746530612309774,2.746530612309774,1.8286603887875874,2.746530612309774,,2.5,10,4,15,15,0,0,0,7.733333333333333,162.29663083510766,2.2194307,10.6,3,4,3,5,0,0,0,1,50.0,-12.0,-131.0,0.0,-883.0240309238434,-267.76549689179234,0.0,0
933,197,365,,cpu,7,-617.1682380768871,-88.16689115384101,1,True,False,4,8,0,8,0.3851251176425389,0.012046573417527335,0.0032737943609910353,1.7749333381652832,1.7749334062848772,1.7743811437061854,1.7749334062848772,,2.142857142857143,10,5,15,15,0,0,0,7.666666666666667,163.8815016152302,2.16609,10.6,3,4,3,5,1,0,0,1,100.0,-21.5,-131.0,0.0,-288.3126735687256,-256.35556450816154,0.0,0
934,315,347,,cpu,5,-1235.0127791447733,-247.00255582895466,3,True,False,2,5,0,4,0.3010348081588745,0.006424202956259251,0.0025188222527503966,3.2958367347717283,3.2958367347717283,2.0906243205070494,3.2958367347717283,,3.0,10,3,15,15,0,0,0,6.333333333333333,111.40222544911815,1.3932178,10.6,3,4,3,5,1,0,0,0,50.0,-6.0,-131.0,0.0,-935.953563451767,-212.0592156930063,0.0,0
935,15,402,,cpu,150,-33620.43788323999,-224.13625255493326,82,False,True,2,336,318,249,0.079373473127683,0.19331143368656437,0.18039263455662877,0.7342256494363149,0.8179669137795766,0.1988393289844195,0.8179669137795766,,0.8333333333333334,10,90,125,125,0,0,0,9.168,217.06940651779726,2.305979,9.6,27,31,22,45,13,10,0,11,1200.0,-10219.5,-1124.0,0.0,-20029.18091714382,-2607.756966096168,0.0,0
936,278,482,,cpu,6,-2235.7916719647997,-372.6319453274666,5,True,False,2,6,0,6,-0.19295083234707514,0.0011848329644029338,0.0026266450295224786,2.746530612309774,2.746530612309774,1.8531909982363384,2.746530612309774,,2.5,10,4,15,15,0,0,0,6.866666666666666,121.63072251869498,1.8934245,10.6,3,4,3,5,1,0,0,0,50.0,-10.0,-131.0,0.0,-1922.548246383667,-222.24342558113267,0.0,0
937,291,344,,cpu,7,-605.24026267327,-86.46289466761,1,True,False,2,11,0,10,0.010784571724278586,0.00012552115958897048,0.0029596840364060233,2.35416909626552,2.35416909626552,1.8181400639670235,2.35416909626552,,2.142857142857143,10,5,15,15,0,0,0,6.333333333333333,111.43778087023826,1.7398236,9.4,3,4,3,5,1,0,0,1,100.0,-22.5,-131.0,0.0,-299.6703803539276,-212.06988231934233,0.0,0
938,91,527,,cpu,6,-398.6792714928723,-66.44654524881206,0,True,False,,18,0,16,-0.11916253467400868,0.0006374071914857874,0.003528789423095683,1.732867956161499,1.732867956161499,2.1043623288472495,1.732867956161499,,2.5,10,4,15,15,0,0,0,9.533333333333333,202.6110144885605,2.3004663,10.6,3,4,3,5,0,0,0,2,100.0,-32.5,-131.0,0.0,0.0,-325.1792714928723,0.0,0
939,14,459,,cpu,6,-361.2840006294422,-60.21400010490703,0,True,False,,11,0,10,-0.17486480871836343,0.002363713923841715,0.0033015805141379437,1.732867956161499,1.7328678766886394,1.7436583439509075,1.7328678766886394,,2.5,10,4,15,15,0,0,0,7.133333333333334,127.18800169113187,1.9688917,9.6,3,4,3,5,0,0,0,1,50.0,-23.5,-131.0,0.0,0.0,-236.78400062944218,0.0,0
940,207,494,,cpu,42,-8005.302121685111,-190.6024314686931,22,True,False,16,26,0,21,-0.18286886216983908,0.07493523349971622,0.011991433389041396,1.0033138479505266,1.0033138479505266,0.33758081815072466,1.0033138479505266,,1.0714285714285714,10,21,45,45,0,0,0,7.177777777777778,136.69940010570588,2.3266788,10.6,10,11,9,15,3,4,0,3,300.0,-290.5,-390.0,0.0,-6590.109610557556,-744.6925111275555,0.0,0
941,245,465,,cpu,6,-1797.7936015819141,-299.632266930319,5,True,False,2,9,0,7,-0.47576377789179486,0.006276574645501872,0.0027880272439991436,2.746530612309774,2.746530612309774,1.7608617047468822,2.746530612309774,,2.5,10,4,15,15,0,0,0,6.133333333333334,97.04470528173024,1.3611193,8.6,3,4,3,5,2,1,0,0,100.0,-15.0,-131.0,0.0,-1552.8241157531738,-198.96948582874018,0.0,0
942,221,434,,cpu,150,-99066.05452680707,-660.4403635120472,304,False,True,15,82,32,63,-1.079061658984671,1.6070036113136303,0.0617135789586852,1.031018272638321,1.0318816526730856,0.15997149686018625,1.0318816526730856,,0.9866666666666667,10,65,148,148,0,0,0,6.405405405405405,105.39830720230526,1.7121464,10.6,37,40,31,40,19,17,4,9,1400.0,-2680.5,-1198.0,0.0,-93605.15912189754,-2052.3954049095364,0.0,0
943,97,367,,cpu,150,-37213.11594596184,-248.0874396397456,85,False,True,20,384,376,292,-0.05814824546376864,0.1342944318864708,0.24857287323102356,0.9485988398392995,0.9152073041598002,0.12613512327273688,0.9152073041598002,,0.8666666666666667,10,82,130,130,0,0,0,8.515384615384615,192.1103178976441,2.2402341,10.6,29,33,23,45,7,8,0,7,700.0,-13395.0,-1153.0,0.0,-19874.53094124794,-2500.5850047139065,0.0,0
944,286,457,,cpu,5,-623.3329102981215,-124.6665820596243,1,True,False,2,6,0,6,0.20449615120887757,0.0019629340153187514,0.0024701828602701425,3.2958367347717283,3.2958367347717283,1.5800646901130677,3.2958367347717283,,3.0,10,3,15,15,0,0,0,6.133333333333334,96.88792734799297,1.262413,10.6,3,4,3,5,1,0,0,0,50.0,-8.0,-131.0,0.0,-335.41045784950256,-198.92245244861903,0.0,0
945,196,521,,cpu,120,-90271.54148397944,-752.2628456998286,285,True,False,2,69,0,52,-1.1634561906491097,1.5796454408202711,0.050307948666159064,1.0278009220957756,1.0451747208833695,0.17446743740389745,1.0451747208833695,,0.9583333333333334,10,60,115,115,0,0,0,7.095652173913043,131.9929841835568,2.1631558,10.6,26,29,25,35,5,13,2,3,400.0,-2416.5,-962.0,0.0,-84571.6320088994,-1861.4094750800461,0.0,0
946,315,527,,cpu,5,-359.24342558113267,-71.84868511622653,0,True,False,,5,0,5,0.3953664183616638,0.010462044924497604,0.0025564625859260557,2.079441547393799,2.0794415950775145,1.873683762550354,2.0794415950775145,,3.0,10,3,15,15,0,0,0,6.866666666666666,121.63072251869498,1.6416985,10.6,3,4,3,5,0,0,0,0,0.0,-6.0,-131.0,0.0,0.0,-222.24342558113267,0.0,0
947,198,230,,cpu,150,-135014.38479552863,-900.0958986368576,387,False,True,39,405,370,318,-1.1888178837299348,3.969277672621732,0.26750603585193555,0.5208016508817672,0.5306940666834513,0.1454940981666247,0.5306940666834513,,0.7933333333333333,10,80,119,119,0,0,0,7.966386554621849,152.19182521381975,1.7315837,10.6,28,32,22,37,16,6,1,5,1050.0,-15468.0,-1017.0,0.0,-116613.2621794939,-2126.122616034718,0.0,0
948,169,493,,cpu,8,-2100.9019487048154,-262.6127435881019,6,True,False,2,8,0,7,0.2625173330307007,0.010815312329214066,0.0035244542523287237,2.0598979592323303,2.059898316860199,1.4562309384346008,2.059898316860199,,1.875,10,6,15,15,0,0,0,7.733333333333333,162.92386909694198,2.4796782,10.6,3,4,3,5,1,0,0,1,100.0,-20.0,-131.0,0.0,-1731.9482803344727,-267.9536683703426,0.0,0
949,211,451,,cpu,7,-1234.0328057641768,-176.29040082345384,3,True,False,2,9,0,7,0.42564569200788227,0.014652986744684833,0.0031488410396767513,2.35416909626552,2.35416909626552,1.469463280269078,2.35416909626552,,2.142857142857143,10,5,15,15,0,0,0,7.4,139.2344836755831,1.879391,10.6,3,4,3,5,1,0,0,0,50.0,-20.0,-131.0,0.0,-868.9674496650696,-244.0653560991072,0.0,0
950,120,112,,cpu,7,-466.31586765495865,-66.61655252213696,0,True,False,,16,0,9,0.38091098410742624,0.017448599051151956,0.00407540744968823,1.4853153909955705,1.4853153909955705,1.347497752734593,1.4853153909955705,,2.142857142857143,10,5,15,15,0,0,0,13.133333333333333,284.58627336238817,2.7152317,10.6,3,4,3,5,0,0,0,3,150.0,-32.0,-131.0,0.0,0.0,-453.31586765495865,0.0,0
951,137,489,,cpu,18,-2771.1640855333017,-153.95356030740564,9,True,False,2,21,0,14,0.036511048674583435,0.006162928735041835,0.006442016611496608,1.0535605748494465,1.0535605880949233,0.5187595337629318,1.0535605880949233,,1.0,10,14,18,18,0,0,0,9.11111111111111,192.81311282404386,3.1810768,10.6,4,6,3,5,2,2,1,2,200.0,-79.5,-152.0,0.0,-2306.0601370894865,-373.60394844381506,0.0,0
952,120,414,,cpu,6,-339.6071050906638,-56.601184181777306,0,True,False,,7,0,6,0.20406357944011688,0.00357494472215573,0.0035602638187507787,1.732867956161499,1.732867956161499,1.4445547262827556,1.732867956161499,,2.5,10,4,15,15,0,0,0,6.333333333333333,103.40491883653775,1.6587454,10.6,3,4,3,5,1,0,0,0,50.0,-16.0,-131.0,0.0,0.0,-212.60710509066385,0.0,0
953,127,530,,cpu,150,-116286.53154821906,-775.2435436547937,348,False,True,35,351,306,270,-1.5853289566934108,2.664167984256831,0.1502545578374217,0.9330137741565704,0.9260185273488363,0.1374143546819687,0.9260185273488363,,0.9,10,75,135,135,0,0,0,8.103703703703705,154.7728573169017,2.3400352,10.6,28,37,25,45,7,11,1,4,550.0,-12145.5,-1186.0,0.0,-100019.67082754252,-2485.360720676546,0.0,0
954,107,392,,cpu,29,-2387.2697212690027,-82.3196455610001,6,True,False,4,19,0,14,-0.07043327766888101,0.012083151101611794,0.007948520384600451,0.8848274822892814,0.8848274822892814,0.413402724882652,0.8848274822892814,,1.0344827586206897,10,19,30,30,0,0,0,9.166666666666666,217.9795457651371,2.3455381,10.6,6,8,6,10,2,1,0,3,250.0,-109.5,-262.0,0.0,-1470.7549542188644,-625.0147670501385,0.0,0
955,97,490,,cpu,6,-2104.988502829006,-350.83141713816764,6,True,False,2,15,0,11,-0.4860338866710663,0.012368943930293122,0.004160902656925221,2.746530612309774,2.7465309302012124,1.37012912829717,2.7465309302012124,,2.5,10,4,15,15,0,0,0,9.466666666666667,201.43384121584756,2.3988323,10.6,3,4,3,5,0,0,0,3,150.0,-29.0,-131.0,0.0,-1760.1623833179474,-324.82611951105844,0.0,0
956,101,465,,cpu,6,-1750.0771549487572,-291.67952582479285,5,True,False,2,16,0,12,-0.5544000466664633,0.013369934245323142,0.004227494277680914,2.746530612309774,2.746530612309774,1.6756529410680134,2.746530612309774,,2.5,10,4,15,15,0,0,0,6.333333333333333,103.40491883653775,1.6587454,10.6,3,4,3,5,1,0,0,1,100.0,-31.5,-131.0,0.0,-1454.9700498580933,-212.60710509066385,0.0,0
957,47,441,,cpu,150,-61300.1947516565,-408.6679650110433,180,False,True,9,261,254,197,-0.5847568676248193,0.3758391057174837,0.1355722804289932,1.059455040693283,1.060959227879842,0.1097055388490359,1.060959227879842,,0.9933333333333333,10,65,149,149,0,0,0,6.449664429530201,101.81273442901204,2.0243363,9.6,34,42,28,45,10,6,1,10,1000.0,-8817.5,-1265.0,0.0,-48962.455485778875,-2115.2392658776225,0.0,0
958,231,505,,cpu,6,-1667.3851583148007,-277.8975263858001,4,True,False,2,6,0,6,-0.3762913743654887,0.007614781497977674,0.0031316919485107064,2.746530612309774,2.746530612309774,1.3663421074549358,2.746530612309774,,2.5,10,4,15,15,0,0,0,7.733333333333333,162.92386909694198,2.1525002,10.6,3,4,3,5,0,0,0,1,50.0,-10.5,-131.0,0.0,-1287.931489944458,-267.9536683703426,0.0,0
959,167,180,,cpu,150,-93822.32660687783,-625.4821773791856,286,False,True,12,170,127,131,-0.5942825743680199,1.3006756439800908,0.10248771006551882,0.444767746925354,0.4000429670015971,0.18369099338849385,0.4000429670015971,,0.6933333333333334,10,102,104,104,0,0,0,9.086538461538462,188.84535316686257,2.1251135,10.6,21,25,21,37,11,4,1,10,1050.0,-6709.5,-923.0,0.0,-84449.78889983834,-2100.0377070394925,0.0,0
960,248,500,,cpu,7,-949.9996035280066,-135.7142290754295,2,True,False,2,16,0,13,0.032567250941480906,0.0003161426346715806,0.0037345790437289645,2.35416909626552,2.35416909626552,1.3273073860577174,2.35416909626552,,2.142857142857143,10,5,15,15,0,0,0,6.866666666666666,121.51730615472856,2.0041041,10.6,3,4,3,5,2,0,1,1,150.0,-35.0,-131.0,0.0,-681.7902028560638,-222.20940067194272,0.0,0
961,2,498,,cpu,6,-1626.7195546007365,-271.11992576678944,4,True,False,2,9,0,7,0.012572908774018288,0.000589070505914909,0.003621638946545621,2.746530612309774,2.746530612309774,1.774181306362152,2.746530612309774,,2.5,10,4,15,15,0,0,0,9.333333333333334,191.9669254247952,1.9687783,10.6,3,4,3,5,0,0,0,2,100.0,-17.5,-131.0,0.0,-1242.4507021903992,-315.76885241033744,0.0,0
962,117,445,,cpu,6,-1037.5456410193901,-172.9242735032317,3,True,False,2,13,0,10,0.15367864072322845,0.0014099364343564957,0.004011621349491179,2.746530612309774,2.746530612309774,1.563655972480774,2.746530612309774,,2.5,10,4,15,15,0,0,0,6.333333333333333,103.40491883653775,1.6587454,10.6,3,4,3,5,1,0,0,3,200.0,-25.5,-131.0,0.0,-868.4385359287262,-212.60710509066385,0.0,0
963,271,220,,cpu,7,-944.2262779571016,-134.88946827958594,2,True,False,2,11,0,10,0.08476130025727409,0.0009562577678090227,0.00358140079437622,2.35416909626552,2.35416909626552,1.3340776988438197,2.35416909626552,,2.142857142857143,10,5,15,15,0,0,0,8.4,171.4190019737752,2.1740756,10.6,3,4,3,5,1,0,0,2,150.0,-25.5,-131.0,0.0,-635.1574599742889,-282.56881798281273,0.0,0
964,21,545,,cpu,150,-62917.46452349666,-419.4497634899777,185,False,True,12,188,176,142,-0.2042667955905199,0.4986792254386819,0.06752055076882243,0.8770720640818278,0.8772145462036133,0.10876727104187012,0.8772145462036133,,0.86,10,79,129,129,0,0,0,8.589147286821705,164.51378084721455,2.5593824,10.6,26,36,22,45,14,12,2,11,1250.0,-4951.5,-1159.0,0.0,-54698.864000135494,-2508.1005233611613,0.0,0
965,186,510,,cpu,6,-574.9891168296891,-95.83151947161485,1,True,False,2,10,0,10,0.028681765000025432,6.54264510444591e-05,0.0036786625472207866,2.746530612309774,2.7465309302012124,1.6368604848782222,2.7465309302012124,,2.5,10,4,15,15,0,0,0,7.733333333333333,162.29663083510766,2.2194307,10.6,3,4,3,5,0,0,0,3,150.0,-23.5,-131.0,0.0,-292.72361993789673,-267.76549689179234,0.0,0
966,299,261,,cpu,7,-1979.9482435215314,-282.8497490745045,5,True,False,2,8,0,7,-0.23235387461526052,0.002736821712460369,0.0029576524227325407,2.35416909626552,2.35416909626552,1.193588329213006,2.35416909626552,,2.142857142857143,10,5,15,15,0,0,0,8.133333333333333,158.26627604191933,1.9327484,10.6,3,4,3,5,1,0,0,1,100.0,-15.0,-131.0,0.0,-1633.450996875763,-270.4972466457684,0.0,0
967,298,341,,cpu,5,-915.3541523340847,-183.07083046681694,2,True,False,2,9,0,9,-0.21520748734474182,0.0012648577918298542,0.0030147182289510964,3.2958367347717283,3.2958367347717283,2.067719912528992,3.2958367347717283,,3.0,10,3,15,15,0,0,0,6.333333333333333,111.42628818866676,1.414908,10.6,3,4,3,5,1,0,0,0,50.0,-16.0,-131.0,0.0,-606.2877178192139,-212.06643451487088,0.0,0
968,217,319,,cpu,26,-796.7589803813494,-30.64457616851344,0,True,False,,30,0,25,0.014586293317664128,0.003772357846313613,0.00756237196485297,0.9707767711235926,1.0842215969012334,0.47929310225523436,1.0842215969012334,,1.1923076923076923,10,15,31,31,0,0,0,7.967741935483871,156.39104200832165,2.137988,10.6,7,8,6,10,2,1,0,4,300.0,-140.0,-267.0,0.0,0.0,-549.7589803813494,0.0,0
969,23,505,,cpu,6,-1658.1233778050682,-276.3538963008447,4,True,False,2,11,0,9,-0.29056460162003833,0.0023952253880755356,0.0033023477687189975,2.746530612309774,2.746530612309774,1.6757821639378865,2.746530612309774,,2.5,10,4,15,15,0,0,0,9.333333333333334,191.42358639581744,1.9931374,10.6,3,4,3,5,0,0,0,2,100.0,-22.5,-131.0,0.0,-1259.017527103424,-315.6058507016441,0.0,0
970,201,145,,cpu,150,-26809.048385098664,-178.7269892339911,31,False,True,89,329,284,255,0.22220887074867884,0.3497194857352103,0.23426462781460336,0.7739788452784221,0.6983277316888173,0.13935430079698563,0.6983277316888173,,0.8466666666666667,10,91,127,127,0,0,0,8.84251968503937,184.3059228557585,2.5269976,10.6,29,33,25,40,11,6,1,8,950.0,-14775.5,-1084.0,0.0,-8432.46884884263,-2537.079536256033,0.0,0
971,113,445,,cpu,6,-1176.5438357620167,-196.09063929366945,3,True,False,2,14,0,10,-0.1419696087638537,0.0009895296874068056,0.003621666614587108,2.746530612309774,2.746530612309774,1.6986405650774639,2.746530612309774,,2.5,10,4,15,15,0,0,0,6.333333333333333,103.54564317902553,1.5720555,10.6,3,4,3,5,1,0,0,1,100.0,-26.0,-131.0,0.0,-866.8945133686066,-212.6493223934102,0.0,0
972,302,348,,cpu,5,-1840.5412045998667,-368.10824091997335,5,True,False,2,8,0,6,-0.169577893614769,0.0009662919079346466,0.0026234498713165522,3.2958367347717283,3.2958373069763183,1.6069273471832275,3.2958373069763183,,3.0,10,3,15,15,0,0,0,6.333333333333333,111.40222544911815,1.3932178,10.6,3,4,3,5,1,0,0,0,50.0,-11.5,-131.0,0.0,-1535.9819889068604,-212.0592156930063,0.0,0
973,258,162,,cpu,7,-378.6108645231666,-54.08726636045237,0,True,False,,13,0,11,0.1589380247252328,0.001838962863465505,0.0033539108865495238,1.4853153909955705,1.4853153909955705,1.5566840853009904,1.4853153909955705,,2.142857142857143,10,5,15,15,0,0,0,8.4,171.55915710828805,2.1406226,10.6,3,4,3,5,1,0,0,1,100.0,-25.0,-131.0,0.0,0.0,-282.6108645231666,0.0,0
974,191,340,,cpu,25,-4977.283472144629,-199.09133888578515,16,True,False,2,14,0,11,-0.07066486187279225,0.010759993914398365,0.00570294912904501,1.2163117790222169,1.2163117790222169,0.5791585922241211,1.2163117790222169,,1.24,10,14,31,31,0,0,0,7.516129032258065,151.16131753223553,2.1316695,10.6,7,8,6,10,4,2,0,1,250.0,-87.5,-267.0,0.0,-4236.326879262924,-516.4565928817048,0.0,0
975,96,483,,cpu,150,-112452.88441044807,-749.6858960696537,356,False,True,11,189,93,152,-1.1258302076409261,2.563692948241466,0.14470397160078088,1.0740631481011709,1.0471122523148855,0.16524822582801182,1.0471122523148855,,0.98,10,72,147,147,0,0,0,6.619047619047619,105.61188349501565,1.9383807,10.6,35,40,27,45,16,12,3,14,1500.0,-7697.0,-1251.0,0.0,-101931.17056813532,-2163.713842312732,0.0,0
976,102,447,,cpu,150,-67688.52290018277,-451.2568193345518,208,False,True,15,250,232,188,-0.3318006067102154,0.7541488116605433,0.07348422771474968,1.0039615086714426,0.9721215558052063,0.1474350709716479,0.9721215558052063,,1.0133333333333334,10,62,152,152,0,0,0,6.171052631578948,90.81706776376423,1.7856005,10.6,37,41,29,45,24,8,5,5,1450.0,-5261.5,-1275.0,0.0,-59515.70940533073,-2076.313494852036,0.0,0
977,242,294,,cpu,10,-287.3517928680659,-28.73517928680659,0,True,False,,20,0,11,0.2879796206951141,0.01393131334334612,0.004050073865801096,1.295928382873535,1.3295346260070802,1.0718641400337219,1.3295346260070802,,1.5,10,8,15,15,0,0,0,8.333333333333334,165.25893112641762,1.807214,7.6,3,4,3,5,2,1,0,2,200.0,-38.0,-131.0,0.0,0.0,-278.35179286806596,0.0,0
978,297,134,,cpu,7,-1990.2533572770794,-284.3219081824399,5,True,False,2,7,0,7,0.21403046165193831,0.007561500683160765,0.0027127332453216824,2.35416909626552,2.35416909626552,1.5192533220563615,2.35416909626552,,2.142857142857143,10,5,15,15,0,0,0,8.866666666666667,177.0593009194055,2.3445675,10.6,3,4,3,5,1,0,0,0,50.0,-11.5,-131.0,0.0,-1541.6643917560577,-306.0889655210216,0.0,0
979,228,336,,cpu,7,-2226.6808257656303,-318.0972608236615,7,True,False,2,14,0,9,0.17657225472586496,0.004600468756897109,0.0034655326910849127,2.35416909626552,2.35416909626552,1.3889585733413696,2.35416909626552,,2.142857142857143,10,5,15,15,0,0,0,7.666666666666667,164.01852044938104,2.200376,10.6,3,4,3,5,1,0,0,1,100.0,-31.5,-131.0,0.0,-1897.7841556072235,-256.3966701584068,0.0,0
980,178,311,,cpu,150,-37850.418582713,-252.33612388475333,82,False,True,30,429,393,331,-0.054016785517645376,0.11751083416974628,0.20522310115396977,0.8956250751018524,0.8899172302087148,0.14837249755859375,0.8899172302087148,,0.8866666666666667,10,75,133,133,0,0,0,7.7368421052631575,150.90099633911802,1.9574599,10.6,33,35,25,40,20,12,0,14,1700.0,-15718.0,-1120.0,0.0,-19572.31379095465,-2300.104791758347,0.0,0
981,13,396,,cpu,6,-1888.8802898063834,-314.8133816343972,5,True,False,2,10,0,8,0.12220871945222218,0.002337187121156603,0.0034435722433651486,2.746530612309774,2.746530532836914,1.5122219324111938,2.746530532836914,,2.5,10,4,15,15,0,0,0,11.0,302.06270456026067,2.1703548,10.6,3,4,3,5,0,0,0,1,50.0,-15.5,-131.0,0.0,-1396.982979774475,-375.3973100319083,0.0,0
982,17,432,,cpu,6,-937.6178436581872,-156.26964060969786,2,True,False,2,13,0,8,0.21005533635616302,0.002409241918940097,0.0036712054473658404,2.746530612309774,2.746530612309774,1.9387996196746826,2.746530612309774,,2.5,10,4,15,15,0,0,0,7.133333333333334,127.34521820098075,1.8355584,9.6,3,4,3,5,0,0,0,2,100.0,-22.0,-131.0,0.0,-627.7866780757904,-236.83116558239684,0.0,0
983,129,370,,cpu,6,-386.99079064150055,-64.49846510691675,0,True,False,,9,0,7,0.09572214136521022,0.000734527386763754,0.003617534957205256,1.732867956161499,1.732867956161499,1.490236113468806,1.732867956161499,,2.5,10,4,15,15,0,0,0,9.2,234.59090281990805,1.9822154,10.6,3,4,3,5,0,0,0,2,100.0,-18.5,-131.0,0.0,0.0,-317.4907906415005,0.0,0
984,88,471,,cpu,6,-283.1083109201559,-47.184718486692645,0,True,False,,15,0,10,-0.04555906169116497,0.0006893328269749569,0.0042233863690247135,1.732867956161499,1.732867956161499,1.8670049905776978,1.732867956161499,,2.5,10,4,15,15,0,0,0,6.333333333333333,103.40893826817786,1.6283299,10.6,3,4,3,5,1,0,0,1,100.0,-29.5,-131.0,0.0,0.0,-212.60831092015587,0.0,0
985,267,446,,cpu,5,-1546.3272970768935,-309.2654594153787,4,True,False,2,7,0,6,-0.4665209293365479,0.006301260692998767,0.002924635587260127,3.2958367347717283,3.2958367347717283,1.8933472871780395,3.2958367347717283,,3.0,10,3,15,15,0,0,0,6.133333333333334,96.90283919331938,1.1440796,9.6,3,4,3,5,1,0,0,0,50.0,-10.5,-131.0,0.0,-1255.9003710746765,-198.92692600221693,0.0,0
986,111,463,,cpu,12,-1525.598412953977,-127.13320107949808,4,True,False,2,10,0,9,-0.20531152235344052,0.006319382014529158,0.004160368756856769,1.4310275713602703,1.4310275713602703,0.7430298129717509,1.4310275713602703,,1.3333333333333333,10,9,16,16,0,0,0,6.1875,99.83317260940953,2.039237,10.6,4,4,3,5,2,1,0,1,150.0,-39.0,-136.0,0.0,-1189.0674471855164,-221.53096576846065,0.0,0
987,31,401,,cpu,7,-1049.613596077328,-149.9447994396183,3,True,False,2,11,0,10,-0.32484867743083407,0.004639364413118788,0.004396427522546479,3.081838607788086,2.8196414538792203,1.5794625282287598,2.8196414538792203,,2.142857142857143,10,5,15,15,0,0,0,9.066666666666666,227.32143524571023,1.7290373,7.2,3,4,3,5,0,0,0,5,250.0,-29.0,-131.0,0.0,-822.4904179573059,-307.1231781200223,0.0,0
988,275,309,,cpu,7,-314.4972466457685,-44.928178092252644,0,True,False,,25,0,19,-0.06570946531636375,0.0018607934803834983,0.003990791338895049,1.4853153909955705,1.4853153909955705,1.2139116440500533,1.4853153909955705,,2.142857142857143,10,5,15,15,0,0,0,8.133333333333333,158.26627604191933,1.9327484,10.6,3,4,3,5,1,0,0,2,150.0,-43.0,-131.0,0.0,0.0,-270.4972466457684,0.0,0
989,204,371,,cpu,10,-376.35556450816154,-37.63555645081615,0,True,False,,10,0,8,-0.004329088050872088,0.00037530838605022155,0.003999967547133565,1.0397207736968994,1.0397207260131835,1.0820233583450318,1.0397207260131835,,1.5,10,8,15,15,0,0,0,7.666666666666667,163.8815016152302,2.3984833,10.6,3,4,3,5,2,1,0,0,100.0,-29.0,-131.0,0.0,0.0,-256.35556450816154,0.0,0
990,315,460,,cpu,5,-285.96001134203703,-57.19200226840741,0,True,False,,5,0,5,0.17573947906494142,0.0012715172138996421,0.0028226177208125593,2.079441547393799,2.079441547393799,2.17585608959198,2.079441547393799,,3.0,10,3,15,15,0,0,0,6.133333333333334,97.01312365938637,1.1696186,9.4,3,4,3,5,1,0,0,0,50.0,-6.0,-131.0,0.0,0.0,-198.96001134203703,0.0,0
991,80,408,,cpu,6,-198.05481577167652,-33.009135961946086,0,True,False,,35,0,24,0.23550701638062796,0.003879282584724327,0.005795467256878813,1.732925017674764,1.7328678766886394,1.794075608253479,1.7328678766886394,,2.5,10,4,15,15,0,0,0,6.133333333333334,97.51616842173775,1.6230383,8.6,3,4,3,5,1,0,0,3,200.0,-54.0,-131.0,0.0,0.0,-203.05481577167652,0.0,0
992,308,173,,cpu,6,-1873.0209600777557,-312.1701600129593,5,True,False,2,5,0,5,0.024557006855805714,0.0010618055545516352,0.0027872177694613733,2.746530612309774,2.746530612309774,1.7117546796798706,2.746530612309774,,2.5,10,4,15,15,0,0,0,8.4,171.28179716568886,1.9824275,10.6,3,4,3,5,1,0,0,0,50.0,-6.5,-131.0,0.0,-1502.9933035373688,-282.52765654038683,0.0,0
993,209,209,,cpu,150,-113577.34981308901,-757.1823320872601,345,False,True,11,294,274,216,-1.1998667033513386,3.257482359906038,0.14403265768972537,0.557471721569697,0.5202983474731445,0.14196224768956503,0.5202983474731445,,0.6866666666666666,10,92,103,103,0,0,0,7.533980582524272,138.40645055337973,1.6340871,10.6,24,26,20,33,7,15,4,5,600.0,-10535.5,-883.0,0.0,-100354.14952069498,-1724.7002923940279,0.0,0
994,290,224,,cpu,6,-2032.106102690213,-338.68435044836883,5,True,False,2,5,0,5,-0.017676128384967644,0.0008999233154251366,0.002656165432805816,2.746530612309774,2.746530612309774,1.798989752928416,2.746530612309774,,2.5,10,4,15,15,0,0,0,8.4,171.28179716568886,1.9824275,10.6,3,4,3,5,1,0,0,0,50.0,-6.5,-131.0,0.0,-1662.078446149826,-282.52765654038683,0.0,0
995,90,427,,cpu,6,-240.10710509066385,-40.01785084844398,0,True,False,,18,0,14,0.17102006326119104,0.002182522410294041,0.004158637680423756,1.732867956161499,1.732867956161499,1.5925570329030354,1.732867956161499,,2.5,10,4,15,15,0,0,0,6.333333333333333,103.40491883653775,1.6587454,10.6,3,4,3,5,1,0,0,2,150.0,-36.5,-131.0,0.0,0.0,-212.60710509066385,0.0,0
996,59,537,,cpu,150,-68389.2707778982,-455.9284718526547,200,False,True,2,207,160,161,-1.0188351873556774,0.9675403941671054,0.12481626773097863,0.8991021903355917,0.9007522137959798,0.15952198684215546,0.9007522137959798,,0.86,10,78,129,129,0,0,0,8.55813953488372,163.8118324445431,2.644832,10.6,26,36,22,45,10,6,0,16,1300.0,-8229.5,-1159.0,0.0,-56908.267614245415,-2502.503163652781,0.0,0
997,282,502,,cpu,7,-2606.5812773885564,-372.3687539126509,6,True,False,2,14,0,9,-0.3028677659375327,0.0032909864002346823,0.003159724308976105,2.35416909626552,2.35416909626552,1.4222573978560311,2.35416909626552,,2.142857142857143,10,5,15,15,0,0,0,6.866666666666666,121.51730615472856,2.0041041,10.6,3,4,3,5,2,0,1,1,150.0,-26.5,-131.0,0.0,-2346.8718767166138,-222.20940067194272,0.0,0
998,288,104,,cpu,7,-451.08896552102163,-64.44128078871738,0,True,False,,7,0,7,0.029551238885947635,0.00011740032706646681,0.0024430313081081423,1.4853153909955705,1.4853153909955705,1.3212732587541853,1.4853153909955705,,2.142857142857143,10,5,15,15,0,0,0,8.866666666666667,177.0593009194055,2.3445675,10.6,3,4,3,5,1,0,0,0,50.0,-14.0,-131.0,0.0,0.0,-306.0889655210216,0.0,0
999,269,466,,cpu,5,-1954.9736602021806,-390.99473204043613,5,True,False,2,6,0,6,-0.2943696975708008,0.0013733009165662225,0.002430001273751259,3.2958367347717283,3.2958367347717283,2.310599994659424,3.2958367347717283,,3.0,10,3,15,15,0,0,0,6.133333333333334,97.02132483626423,1.2711649,10.6,3,4,3,5,1,0,0,0,50.0,-7.0,-131.0,0.0,-1668.01118850708,-198.96247169510042,0.0,0
1000,78,398,,cpu,150,-87213.3137660194,-581.4220917734627,283,False,True,36,429,360,324,-1.5837218097845713,1.5766121279696623,0.1786967215143765,1.0545909257729849,1.1195526878039042,0.16799997592965762,1.1195526878039042,,0.9066666666666666,10,79,136,136,0,0,0,7.794117647058823,162.21500910957008,2.0147889,8.6,32,36,23,45,11,6,1,11,1100.0,-11832.0,-1192.0,0.0,-71950.66019915452,-2368.653566864877,0.0,0
1001,302,251,,cpu,7,-1977.3620952930205,-282.48029932757436,5,True,False,2,6,0,6,-0.028879936252321516,0.0012768319065799005,0.002368414175829717,2.35416909626552,2.35416909626552,1.7288520336151123,2.35416909626552,,2.142857142857143,10,5,15,15,0,0,0,8.133333333333333,159.94815948874296,1.8796505,9.6,3,4,3,5,1,0,0,1,100.0,-11.0,-131.0,0.0,-1634.360283613205,-271.00181167981555,0.0,0
1002,259,127,,cpu,7,-466.364689870333,-66.62352712433328,0,True,False,,11,0,9,0.2289314099720546,0.003328704973682761,0.003108691058254668,1.4853153909955705,1.4853153909955705,1.7573818138667516,1.4853153909955705,,2.142857142857143,10,5,15,15,0,0,0,8.866666666666667,177.9783820837769,2.3320885,9.6,3,4,3,5,1,0,0,0,50.0,-29.0,-131.0,0.0,0.0,-306.364689870333,0.0,0
1003,226,427,,cpu,7,-336.5485373170126,-48.07836247385894,0,True,False,,12,0,9,0.1394446407045637,0.0027702950007681337,0.003075238417035767,1.4853153909955705,1.4853153909955705,1.2706655689648219,1.4853153909955705,,2.142857142857143,10,5,15,15,0,0,0,7.4,137.51175440193418,1.841665,10.6,3,4,3,5,1,0,0,1,100.0,-32.0,-131.0,0.0,0.0,-243.54853731701257,0.0,0
1004,217,485,,cpu,7,-305.52227502352173,-43.64603928907453,0,True,False,,17,0,9,0.13132448068686894,0.001001089857059664,0.0032207202166318893,1.4853153909955705,1.4853153909955705,1.6142821993146623,1.4853153909955705,,2.142857142857143,10,5,15,15,0,0,0,7.733333333333333,163.1525579408724,2.3499777,10.6,3,4,3,5,0,0,0,3,150.0,-26.5,-131.0,0.0,0.0,-268.02227502352173,0.0,0
1005,256,365,,cpu,34,-9900.46916753467,-291.1902696333726,34,True,False,2,19,0,15,-0.3620330349624376,0.04837555203467298,0.006966881994979785,1.227860787335564,1.227860787335564,0.33173662774703083,1.227860787335564,,1.1176470588235294,10,18,38,38,0,0,0,5.973684210526316,101.0259960817704,1.6347162,10.6,10,10,8,10,6,4,5,2,400.0,-194.5,-304.0,0.0,-9128.908533567721,-503.0606339669481,0.0,0
1006,228,306,,cpu,150,-112052.314791068,-747.0154319404534,318,False,True,88,356,259,266,-1.7190207813183467,3.39083876965257,0.20757269571069628,0.8487191049257914,0.8340898044904073,0.14091198856631915,0.8340898044904073,,0.9333333333333333,10,74,140,140,0,0,0,7.285714285714286,130.62677549463572,1.7892718,10.6,35,38,27,40,14,11,0,12,1300.0,-14351.5,-1160.0,0.0,-94624.6789097786,-2246.1358812894073,0.0,0
1007,141,497,,cpu,24,-1928.1425330028185,-80.33927220845077,4,True,False,6,20,0,15,-0.059294523748879634,0.003911946009642027,0.007065425161272287,0.8931436141331991,0.8931436141331991,0.4716049103687207,0.8931436141331991,,1.1666666666666667,10,15,28,28,0,0,0,8.678571428571429,169.6103595652224,3.0130665,10.6,6,7,5,10,2,1,1,3,250.0,-117.5,-251.0,0.0,-1124.6568620204926,-554.9856709823259,0.0,0
1008,152,511,,cpu,6,-387.3817924580758,-64.56363207634597,0,True,False,,11,0,7,-0.034296431889136635,0.0005972576733862903,0.002698802660840253,1.732867956161499,1.7328678766886394,1.5341081619262695,1.7328678766886394,,2.5,10,4,15,15,0,0,0,9.466666666666667,201.6194177059053,2.4180958,10.6,3,4,3,5,0,0,0,2,100.0,-21.5,-131.0,0.0,0.0,-324.8817924580758,0.0,0
1009,173,158,,cpu,8,-1077.087845810569,-134.63598072632112,2,True,False,2,6,0,6,-0.0737672820687294,0.00022430654401439654,0.0024290874716825783,2.4144838452339172,2.3777608275413513,1.1391229629516602,2.3777608275413513,,1.875,10,6,15,15,0,0,0,10.2,250.74379148774793,2.7487187,10.6,3,4,3,5,0,0,0,1,50.0,-17.0,-131.0,0.0,-578.8391530513763,-350.24869275919275,0.0,0
1010,263,471,,cpu,5,-1622.910833659274,-324.5821667318548,4,True,False,2,7,0,5,-0.07342040687799453,0.00031207160500343887,0.002193563524633646,3.2958367347717283,3.2958367347717283,2.003129506111145,3.2958367347717283,,3.0,10,3,15,15,0,0,0,6.133333333333334,96.95713252512085,1.2879518,10.6,3,4,3,5,1,0,0,0,50.0,-8.5,-131.0,0.0,-1334.4676196575165,-198.94321400175738,0.0,0
1011,282,176,,cpu,7,-900.0681907035311,-128.58117010050444,2,True,False,2,18,0,16,0.1347336939402989,0.0014674376829394273,0.003082885972357222,2.35416909626552,2.35416909626552,1.4818963323320662,2.35416909626552,,2.142857142857143,10,5,15,15,0,0,0,8.4,171.4190019737752,2.1740756,10.6,3,4,3,5,1,0,0,2,150.0,-40.0,-131.0,0.0,-576.4993727207184,-282.56881798281273,0.0,0
1012,298,189,,cpu,6,-1682.9572117180755,-280.49286861967926,4,True,False,2,6,0,6,0.020642772316932678,0.00047557165104687255,0.0020827190407241383,2.746530612309774,2.746530612309774,1.5216496686140697,2.746530612309774,,2.5,10,4,15,15,0,0,0,8.4,171.28179716568886,1.9824275,10.6,3,4,3,5,1,0,0,0,50.0,-9.0,-131.0,0.0,-1310.4295551776886,-282.52765654038683,0.0,0
1013,295,535,,cpu,150,-165925.97101327576,-1106.173140088505,425,False,True,38,177,134,135,-2.6139107775191466,6.307427199120769,0.07397354658537855,1.0092986671129862,0.9925039652983347,0.1991624982158343,0.9925039652983347,,0.98,10,77,147,147,0,0,0,6.408163265306122,106.67058889974517,1.9125966,10.6,36,39,32,40,4,5,0,4,400.0,-8350.0,-1188.0,0.0,-153475.08084774017,-2032.8901655356012,0.0,0
1014,290,338,,cpu,5,-1190.8138698462155,-238.16277396924312,3,True,False,2,7,0,6,0.038067955523729324,0.00021938233621767722,0.002102829050272703,3.2958367347717283,3.2958367347717283,1.9108965635299682,3.2958367347717283,,3.0,10,3,15,15,0,0,0,6.333333333333333,111.42628818866676,1.414908,10.6,3,4,3,5,1,0,0,0,50.0,-8.5,-131.0,0.0,-889.2474353313446,-212.06643451487088,0.0,0
1015,154,505,,cpu,6,-1515.1513005184438,-252.52521675307398,4,True,False,2,9,0,7,-0.07650988052288692,0.00016584443339221858,0.0025347820095097027,2.746530612309774,2.746530612309774,1.4964981476465862,2.746530612309774,,2.5,10,4,15,15,0,0,0,9.466666666666667,201.43384121584756,2.3988323,10.6,3,4,3,5,0,0,0,2,100.0,-16.0,-131.0,0.0,-1123.3251810073853,-324.82611951105844,0.0,0
1016,261,115,,cpu,150,-60346.143998520405,-402.3076266568027,154,False,True,40,226,91,172,-0.25874815627932546,0.3565136117736499,0.15367051399157694,0.8918092199166616,0.8637060372034708,0.11569324612617493,0.8637060372034708,,0.8866666666666667,10,76,133,133,0,0,0,7.947368421052632,141.7625460502005,2.3786821,10.6,30,36,27,40,5,10,0,5,500.0,-8797.5,-1119.0,0.0,-47447.55389094353,-2392.0901075768797,0.0,0
1017,29,390,,cpu,10,-471.39731003190826,-47.139731003190825,0,True,False,,16,0,11,0.07773588299751281,0.0009368260609335266,0.0044797796057537195,1.0397207736968994,1.0397207260131835,0.9892506957054138,1.0397207260131835,,1.5,10,8,15,15,0,0,0,11.0,302.06270456026067,2.7817066,10.6,3,4,3,5,0,0,0,2,100.0,-35.0,-131.0,0.0,0.0,-375.3973100319083,0.0,0
1018,60,410,,cpu,21,-556.5464388776957,-26.502211375128365,0,True,False,,30,0,19,0.06843390058548678,0.0025462327035451642,0.006926445379143669,0.9572032519749233,0.9572032519749233,0.5400203934737614,0.9572032519749233,,1.380952380952381,10,10,29,29,0,0,0,6.344827586206897,100.73158289492989,2.4071918,9.6,6,8,5,10,4,0,0,2,300.0,-84.0,-259.0,0.0,0.0,-403.5464388776956,0.0,0
1019,273,489,,cpu,7,-2580.2985960444094,-368.61408514920134,6,True,False,2,11,0,7,-0.264516110931124,0.00271102345349001,0.002662553684785962,2.35416909626552,2.35416909626552,1.4245643275124686,2.35416909626552,,2.142857142857143,10,5,15,15,0,0,0,6.866666666666666,121.7807114042587,2.0203664,10.6,3,4,3,5,2,0,1,1,150.0,-22.5,-131.0,0.0,-2344.5101737976074,-222.2884222468018,0.0,0
1020,244,319,,cpu,5,-286.8735543721043,-57.37471087442086,0,True,False,,13,0,12,0.09835594892501831,0.0005886220576940104,0.002736910618841648,1.8883844852447509,2.0711925506591795,1.8104097366333007,2.0711925506591795,,3.0,10,3,15,15,0,0,0,7.0,127.19767421048387,1.0732775,6.2,3,4,3,5,2,0,0,0,100.0,-23.0,-131.0,0.0,0.0,-232.8735543721043,0.0,0
1021,178,554,,cpu,6,-279.4536683703426,-46.5756113950571,0,True,False,,16,0,12,0.03461365277568499,0.00021070569346193224,0.0031457639609773955,1.732867956161499,1.732867956161499,1.5642675161361694,1.732867956161499,,2.5,10,4,15,15,0,0,0,7.733333333333333,162.92386909694198,2.1525002,10.6,3,4,3,5,0,0,0,3,150.0,-30.5,-131.0,0.0,0.0,-267.9536683703426,0.0,0
1022,66,416,,cpu,6,-312.7810513531393,-52.13017522552321,0,True,False,,12,0,10,-0.004427543996522824,0.0003504785987994789,0.0031472995178774,1.732867956161499,1.732867956161499,1.57392817735672,1.732867956161499,,2.5,10,4,15,15,0,0,0,7.133333333333334,127.1781707701222,1.9754475,9.6,3,4,3,5,0,0,0,2,100.0,-25.0,-131.0,0.0,0.0,-236.78105135313925,0.0,0
1023,188,296,,cpu,7,-319.06929553128964,-45.58132793304138,0,True,False,,15,0,13,0.007703912045274462,0.00013121980452979187,0.0030764721533549683,1.4853153909955705,1.4853153909955705,1.4767707586288452,1.4853153909955705,,2.142857142857143,10,5,15,15,0,0,0,8.733333333333333,179.39407727742,2.1591978,10.6,3,4,3,5,0,0,0,3,150.0,-37.0,-131.0,0.0,0.0,-291.0692955312897,0.0,0
1024,151,480,,cpu,9,-344.8474551247977,-38.3163839027553,0,True,False,,22,0,14,0.0545670058992174,0.00047806982507204846,0.0044345795176923275,1.1943432490030925,1.1541632546318903,1.1010665893554688,1.1541632546318903,,1.6666666666666667,10,7,15,15,0,0,0,8.666666666666666,176.51700807288321,2.679201,8.6,3,4,3,5,1,1,0,2,150.0,-38.0,-131.0,0.0,0.0,-295.84745512479765,0.0,0
1025,29,487,,cpu,97,-21258.539709937097,-219.1602031952278,64,True,False,8,41,0,31,0.5184148560018883,0.8153085717391318,0.03188484733607428,1.0330545705618317,1.0323128675677113,0.15447710869238548,1.0323128675677113,,0.9690721649484536,10,47,94,94,0,0,0,7.148936170212766,116.34162843428462,2.3359563,10.6,20,28,16,30,12,13,1,11,1150.0,-803.5,-822.0,0.0,-18772.91613817215,-1490.1235717649486,0.0,0
1026,157,510,,cpu,150,-84266.70259080696,-561.7780172720464,271,False,True,2,87,86,71,-0.779857551107804,0.6517097780193823,0.056322305084516605,1.0935910034179688,1.087207555770874,0.15720790872971216,1.087207555770874,,0.9333333333333333,10,73,140,140,0,0,0,7.335714285714285,138.01485138766884,2.1299484,8.6,31,35,29,45,12,11,5,14,1300.0,-2926.0,-1197.0,0.0,-78180.52962179197,-2353.1729690149855,0.0,0
1027,298,245,,cpu,5,-365.57720817977827,-73.11544163595565,0,True,False,,8,0,7,0.2083490014076233,0.001636792451608926,0.0020433919271454215,2.4849066734313965,2.4849066734313965,1.9002165794372559,2.4849066734313965,,3.0,10,3,15,15,0,0,0,8.133333333333333,158.53281448861856,1.4734495,10.6,3,4,3,5,1,0,0,0,50.0,-14.0,-131.0,0.0,0.0,-270.5772081797782,0.0,0
1028,30,569,,cpu,6,-441.1832449842318,-73.5305408307053,0,True,False,,8,0,6,0.09520718952020009,0.0013515464476464938,0.002455514312411348,1.732867956161499,1.7328680356343586,1.302585522333781,1.7328680356343586,,2.5,10,4,15,15,0,0,0,9.4,195.66938045188215,2.2809496,10.6,3,4,3,5,0,0,0,1,50.0,-13.5,-131.0,0.0,0.0,-316.68324498423186,0.0,0
1029,36,461,,cpu,6,-1563.8341288124745,-260.63902146874574,4,True,False,2,8,0,7,-0.12830371409654617,0.0003989525156124311,0.002587382720472912,2.746530612309774,2.746530612309774,1.638874312241872,2.746530612309774,,2.5,10,4,15,15,0,0,0,7.133333333333334,127.1781707701222,1.9754475,9.6,3,4,3,5,0,0,0,1,50.0,-15.5,-131.0,0.0,-1200.5530774593353,-236.78105135313925,0.0,0
1030,293,261,,cpu,5,-1328.161853689498,-265.6323707378996,3,True,False,2,10,0,8,-0.11002943813800811,0.00029982505075167867,0.0020705014700070023,3.2958367347717283,3.2958367347717283,1.8161325693130492,3.2958367347717283,,3.0,10,3,15,15,0,0,0,8.133333333333333,158.53281448861856,1.4734495,10.6,3,4,3,5,1,0,0,0,50.0,-15.0,-131.0,0.0,-961.5846455097198,-270.5772081797782,0.0,0
1031,180,145,,cpu,9,-410.60030920014833,-45.62225657779426,0,True,False,,13,0,11,0.05701651010248396,0.0010463143763546315,0.003155423871551951,1.155245304107666,1.155245304107666,1.0519083870781794,1.155245304107666,,1.6666666666666667,10,7,15,15,0,0,0,10.2,250.70285538104974,2.8492422,10.6,3,4,3,5,1,1,0,2,150.0,-38.0,-131.0,0.0,0.0,-351.6003092001484,0.0,0
1032,46,434,,cpu,6,-2041.4925448452657,-340.24875747421095,6,True,False,2,10,0,8,-0.1853384499748548,0.0009899238495260458,0.0029389533835152784,2.746530612309774,2.746530612309774,1.3975510398546855,2.746530612309774,,2.5,10,4,15,15,0,0,0,7.133333333333334,127.1781707701222,1.9754475,9.6,3,4,3,5,0,0,0,2,100.0,-20.5,-131.0,0.0,-1733.2114934921265,-236.78105135313925,0.0,0
1033,9,446,,cpu,6,-1583.0570029770558,-263.8428338295093,4,True,False,2,11,0,7,-0.06595907857020696,0.0003648829660960473,0.0026358462249239287,2.746530612309774,2.746530612309774,1.4125454823176067,2.746530612309774,,2.5,10,4,15,15,0,0,0,7.133333333333334,127.1781707701222,1.9754475,9.6,3,4,3,5,0,0,0,2,100.0,-20.0,-131.0,0.0,-1275.2759516239166,-236.78105135313925,0.0,0
1034,7,570,,cpu,6,-1050.934141678725,-175.15569027978748,2,True,False,2,6,0,6,0.03752089415987333,0.0005523453758845184,0.002114781023313602,2.746530612309774,2.746530612309774,1.489604075749715,2.746530612309774,,2.5,10,4,15,15,0,0,0,9.4,196.38378583697838,2.2898827,10.6,3,4,3,5,0,0,0,2,100.0,-13.5,-131.0,0.0,-679.5365750789642,-316.8975665997607,0.0,0
1035,310,269,,cpu,5,-1708.8577765410607,-341.77155530821216,4,True,False,2,8,0,6,-0.15435991287231446,0.0005531628150492907,0.0018544560531154274,3.2958367347717283,3.2958367347717283,1.9407470703125,3.2958367347717283,,3.0,10,3,15,15,0,0,0,8.133333333333333,158.53281448861856,1.4734495,10.6,3,4,3,5,1,0,0,0,50.0,-10.5,-131.0,0.0,-1346.7805683612823,-270.5772081797782,0.0,0
1036,54,483,,cpu,6,-439.4888895162469,-73.24814825270782,0,True,False,,7,0,6,0.07425298790136974,0.0003821609240427885,0.0025312619594236216,1.732867956161499,1.732867956161499,1.572595477104187,1.732867956161499,,2.5,10,4,15,15,0,0,0,9.333333333333334,191.03371577782667,2.1129234,10.6,3,4,3,5,0,0,0,1,50.0,-13.0,-131.0,0.0,0.0,-315.4888895162469,0.0,0
1037,178,514,,cpu,6,-1197.6102016116147,-199.60170026860246,3,True,False,2,12,0,9,-0.11379887660344441,0.0004202617807701851,0.002541482759018739,2.746530612309774,2.746530612309774,1.5144425630569458,2.746530612309774,,2.5,10,4,15,15,0,0,0,7.733333333333333,162.92386909694198,2.1525002,10.6,3,4,3,5,0,0,0,2,100.0,-25.5,-131.0,0.0,-863.156533241272,-267.9536683703426,0.0,0
1038,271,408,,cpu,5,-617.5381670619075,-123.50763341238151,1,True,False,2,9,0,7,-0.013002725970000028,7.990438009528589e-05,0.002042516367509961,3.2958367347717283,3.2958367347717283,2.0425906658172606,3.2958367347717283,,3.0,10,3,15,15,0,0,0,6.133333333333334,96.95713252512085,1.2879518,10.6,3,4,3,5,1,0,0,0,50.0,-15.5,-131.0,0.0,-322.09495306015015,-198.94321400175738,0.0,0
1039,174,205,,cpu,150,-97330.01004220812,-648.8667336147208,286,False,True,9,315,228,243,-0.2394230701494962,1.4937334559635989,0.19516178553613522,0.26517991940180463,0.2612239440282186,0.10743096227447192,0.2612239440282186,,0.44,10,110,66,66,0,0,0,8.803030303030303,181.27574723608663,1.2540653,10.6,14,16,12,24,11,4,0,4,750.0,-10253.5,-594.0,0.0,-85491.05015397072,-1291.459888237402,0.0,0
1040,27,538,,cpu,17,-582.7322323689244,-34.27836660993673,1,True,False,14,14,0,11,0.0502879080526969,0.002574059406898039,0.005019509343101698,0.6762247085571289,0.6762247085571289,0.5260358557981604,0.6762247085571289,,0.9411764705882353,10,14,16,16,0,0,0,9.125,188.97811382017903,2.8773527,10.6,3,5,3,5,3,1,2,3,300.0,-66.0,-139.0,0.0,-307.9898774623871,-329.74235490653734,0.0,0
1041,249,333,,cpu,7,-571.2057644410227,-81.60082349157467,1,True,False,2,18,0,16,0.19392586605889456,0.0023019094785143223,0.00261788657267711,2.35416909626552,2.35416909626552,1.325014897755214,2.35416909626552,,2.142857142857143,10,5,15,15,0,0,0,6.333333333333333,111.40222544911815,1.7774494,10.6,3,4,3,5,1,0,0,1,100.0,-30.5,-131.0,0.0,-257.64654874801636,-212.0592156930063,0.0,0
1042,252,172,,cpu,150,-79568.04554538394,-530.4536369692263,234,False,True,22,146,68,113,-0.5576786727209886,0.8511487018430974,0.15290789754983658,0.9897375098864237,0.96725772579511,0.11285358235239983,0.96725772579511,,0.9066666666666666,10,75,136,136,0,0,0,7.720588235294118,139.54415622939686,2.217041,10.6,32,36,28,40,18,9,0,13,1550.0,-6995.0,-1132.0,0.0,-69717.10596978664,-2383.939575597295,0.0,0
1043,40,454,,cpu,11,-338.1710628609397,-30.742823896449064,0,True,False,,10,0,8,0.14534006064588373,0.003571945581246506,0.0032542532902549615,1.008214083584872,1.008214083584872,1.0188931118358264,1.008214083584872,,1.4545454545454546,10,8,16,16,0,0,0,6.8125,119.97954381502018,2.484662,9.6,3,5,3,5,1,0,0,2,150.0,-29.0,-139.0,0.0,0.0,-240.17106286093968,0.0,0
1044,240,224,,cpu,14,-212.542228480292,-15.181587748592287,0,True,False,,21,0,16,0.12212224357894488,0.0033298935824339943,0.004770275837342654,0.9092507702963692,0.8907548018864223,0.7574915375028338,0.8907548018864223,,1.2857142857142858,10,9,18,18,0,0,0,7.722222222222222,155.2167320444231,2.6326258,10.6,4,5,4,5,3,0,0,4,350.0,-68.5,-147.0,0.0,0.0,-307.042228480292,0.0,0
1045,301,131,,cpu,7,-1658.270219508777,-236.895745644111,4,True,False,2,5,0,5,-0.04844916079725538,0.0001274635564446466,0.0019576710016865817,2.35416909626552,2.35416909626552,1.4752108539853777,2.35416909626552,,2.142857142857143,10,5,15,15,0,0,0,8.866666666666667,176.80035634906926,2.3435287,10.6,3,4,3,5,1,1,0,0,50.0,-11.5,-131.0,0.0,-1209.7589373588562,-306.0112821499207,0.0,0
1046,260,134,,cpu,7,-357.2144668417076,-51.03063812024394,0,True,False,,24,0,21,0.06596644009862628,0.00021623860376556486,0.003123175086719649,1.4853153909955705,1.4853153909955705,1.4955873148781913,1.4853153909955705,,2.142857142857143,10,5,15,15,0,0,0,8.866666666666667,177.47763865502546,2.3647945,10.6,3,4,3,5,1,0,0,2,150.0,-50.0,-131.0,0.0,0.0,-306.2144668417076,0.0,0
1047,309,203,,cpu,7,-2661.604939828058,-380.22927711829396,7,True,False,2,15,0,9,-0.402155339717865,0.006046597654598632,0.002305164617220206,2.35416909626552,2.35416909626552,1.6606155123029436,2.35416909626552,,2.142857142857143,10,5,15,15,0,0,0,8.4,171.4190019737752,2.1740756,10.6,3,4,3,5,1,0,0,2,150.0,-29.5,-131.0,0.0,-2348.5361218452454,-282.56881798281273,0.0,0
1048,205,328,,cpu,7,-1791.4438468996123,-255.92054955708747,6,True,False,2,9,0,7,-0.3066914677619934,0.005118327182052391,0.002272592025942036,2.35416909626552,2.35416909626552,1.7159895556313651,2.35416909626552,,2.142857142857143,10,5,15,15,0,0,0,7.666666666666667,164.4086583557299,2.1562803,10.6,3,4,3,5,1,0,0,1,100.0,-20.0,-131.0,0.0,-1473.9301353693008,-256.51371153031147,0.0,0
1049,297,511,,cpu,12,-3976.4978760084805,-331.3748230007067,10,True,False,2,8,0,7,-0.3012531653124218,0.010201686559715503,0.0032455797772854567,1.4310275713602703,1.4310275713602703,0.7454266250133514,1.4310275713602703,,1.3333333333333333,10,9,16,16,0,0,0,6.6875,119.75278198328925,2.2702992,10.6,4,4,3,5,2,1,1,2,200.0,-26.0,-136.0,0.0,-3723.889648914337,-230.6082270941435,0.0,0
1050,173,513,,cpu,6,-614.1666555548672,-102.36110925914454,1,True,False,2,9,0,8,0.018921369686722755,0.00026328770960996434,0.0022797045530751348,2.746530612309774,2.746530612309774,1.5044853885968525,2.746530612309774,,2.5,10,4,15,15,0,0,0,7.733333333333333,162.92386909694198,2.1525002,10.6,3,4,3,5,0,0,0,2,100.0,-19.5,-131.0,0.0,-285.71298718452454,-267.9536683703426,0.0,0
1051,308,501,,cpu,6,-1040.9086868497484,-173.48478114162472,2,True,False,2,9,0,7,0.08696107069651286,0.00023773408490039097,0.0017839102462554972,2.746530612309774,2.746530612309774,1.8032223184903462,2.746530612309774,,2.5,10,4,15,15,0,0,0,6.866666666666666,121.63072251869498,1.8934245,10.6,3,4,3,5,1,0,0,0,50.0,-14.0,-131.0,0.0,-723.6652612686157,-222.24342558113267,0.0,0
1052,98,494,,cpu,6,-1619.2721918510701,-269.878698641845,4,True,False,2,10,0,7,0.0504539522031943,0.00025357678593233385,0.002672380108075837,2.746530612309774,2.746530612309774,1.3774121006329854,2.746530612309774,,2.5,10,4,15,15,0,0,0,9.466666666666667,201.43384121584756,2.3988323,10.6,3,4,3,5,0,0,0,1,50.0,-17.5,-131.0,0.0,-1165.9460723400116,-324.82611951105844,0.0,0
1053,83,533,,cpu,7,-313.5529097345163,-44.79327281921661,0,True,False,,17,0,15,0.22903262291635787,0.002032433985732496,0.0031449448184243272,1.4853153909955705,1.4853153909955705,1.5876675844192505,1.4853153909955705,,2.142857142857143,10,5,15,15,0,0,0,9.533333333333333,203.8564752940403,2.6466272,10.6,3,4,3,5,0,0,0,4,200.0,-37.0,-131.0,0.0,0.0,-325.5529097345163,0.0,0
1054,287,404,,cpu,8,-578.9472793130758,-72.36840991413447,1,True,False,6,18,0,17,0.14262915030121803,0.0008330902892339509,0.002639191341586411,1.5530666708946228,1.5530666708946228,1.4373736679553986,1.5530666708946228,,1.875,10,6,15,15,0,0,0,6.133333333333334,97.01312365938637,1.5962551,9.4,3,4,3,5,2,1,1,1,150.0,-33.5,-131.0,0.0,-325.4872679710388,-198.96001134203703,0.0,0
1055,102,387,,cpu,6,-452.99079064150055,-75.49846510691675,0,True,False,,12,0,10,0.08107118805249532,0.0005040798050686135,0.0028412186463053026,1.732867956161499,1.732867956161499,1.4323841830094655,1.732867956161499,,2.5,10,4,15,15,0,0,0,9.2,234.59090281990805,1.9822154,10.6,3,4,3,5,0,0,0,1,50.0,-24.5,-131.0,0.0,0.0,-317.4907906415005,0.0,0
1056,296,299,,cpu,5,-366.2098429908482,-73.24196859816963,0,True,False,,9,0,6,0.0005326701793819666,0.0005014044598993905,0.0017013330245390535,2.079441547393799,2.079441547393799,2.1217292308807374,2.079441547393799,,3.0,10,3,15,15,0,0,0,8.133333333333333,158.9749305255185,1.5439413,10.6,3,4,3,5,1,0,0,0,50.0,-14.5,-131.0,0.0,0.0,-270.7098429908482,0.0,0
1057,5,463,,cpu,6,-887.9522466217702,-147.99204110362837,2,True,False,2,15,0,10,-0.14332136263449988,0.0019290218964063872,0.0026574088842608035,2.746530612309774,2.746530612309774,1.7376646995544434,2.746530612309774,,2.5,10,4,15,15,0,0,0,7.133333333333334,127.1781707701222,1.9754475,9.6,3,4,3,5,0,0,0,3,150.0,-27.5,-131.0,0.0,-632.671195268631,-236.78105135313925,0.0,0
1058,16,359,,cpu,150,-24348.91821875561,-162.32612145837075,35,False,True,20,376,344,286,0.22786427879085144,0.2768607314502394,0.3300838043913245,0.7365379210313161,0.7373016397158305,0.14050743579864503,0.7373016397158305,,0.8,10,83,120,120,0,0,0,9.691666666666666,241.19279706533044,2.5001514,10.6,25,29,21,45,11,2,0,14,1250.0,-13102.5,-1095.0,0.0,-7892.837113142014,-2648.581105613599,0.0,0
1059,71,421,,cpu,6,-378.2810513531393,-63.04684189218988,0,True,False,,15,0,12,-0.04374866001307964,0.001042351049060623,0.003223719211140027,1.732867956161499,1.732867956161499,1.7804805835088093,1.732867956161499,,2.5,10,4,15,15,0,0,0,7.133333333333334,127.1781707701222,1.9754475,9.6,3,4,3,5,0,0,0,1,50.0,-30.5,-131.0,0.0,0.0,-236.78105135313925,0.0,0
1060,154,511,,cpu,57,-8102.08940621892,-142.14191940734946,25,True,False,4,33,0,26,0.36841824629523773,0.38250041724766787,0.015987511528165715,1.0050542291842008,1.0186792298367149,0.27450946443959284,1.0186792298367149,,1.0175438596491229,10,30,58,58,0,0,0,7.810344827586207,146.6757869351729,2.36281,10.6,12,15,11,20,8,4,2,5,650.0,-471.5,-513.0,0.0,-6469.850141725871,-1037.7392644930483,0.0,0
1061,126,466,,cpu,150,-167945.083548613,-1119.6338903240867,540,False,True,18,198,146,153,-2.987815869487822,5.716776766532955,0.21965981118536243,1.0904079310099284,1.116297550201416,0.17271359379092852,1.116297550201416,,0.9933333333333333,10,59,149,149,0,0,0,6.5369127516778525,102.95164657934986,1.774739,10.6,36,39,29,45,9,9,1,8,850.0,-9272.0,-1254.0,0.0,-154993.4303005992,-2165.6532480138376,0.0,0
1062,240,399,,cpu,7,-2179.744871336816,-311.39212447668797,6,True,False,2,9,0,9,-0.23446975435529435,0.0014198081145358238,0.0020538706365706666,3.396998950413295,3.445626531328474,1.2474104506628854,3.445626531328474,,2.142857142857143,10,5,15,15,0,0,0,6.6,115.13847961308485,1.3359244,7.2,3,4,3,5,1,1,0,1,100.0,-15.0,-131.0,0.0,-1877.170354127884,-216.57451720893187,0.0,0
1063,213,308,,cpu,7,-306.08856356407796,-43.72693765201114,0,True,False,,16,0,13,0.13635201113564627,0.0009662123588246427,0.002561857541357832,1.4853153909955705,1.4853153909955705,1.70343051637922,1.4853153909955705,,2.142857142857143,10,5,15,15,0,0,0,8.733333333333333,181.12497072004746,2.1941943,10.6,3,4,3,5,0,0,0,3,150.0,-33.5,-131.0,0.0,0.0,-291.5885635640779,0.0,0
1064,141,148,,cpu,150,-98758.11528302083,-658.3874352201389,255,False,True,27,585,585,434,-0.8786032247015586,1.3438374718936938,0.3868205526618597,0.6927855853239695,0.7085122748215993,0.0974211826423804,0.7085122748215993,,0.7933333333333333,10,77,119,119,0,0,0,9.915966386554622,209.27772727218735,2.6538286,10.6,25,30,24,40,9,6,2,10,950.0,-23108.0,-1037.0,0.0,-72047.05437913886,-2666.060903881971,0.0,0
1065,175,207,,cpu,150,-93348.08075912585,-622.3205383941723,277,False,True,10,336,328,261,-0.47931243263805906,1.136215682645173,0.12797299024493744,0.26219980597496034,0.27533955256144205,0.16378896633783976,0.27533955256144205,,0.38,10,121,57,57,0,0,0,7.754385964912281,136.40088257850613,0.8152713,10.6,10,11,9,27,8,4,0,8,800.0,-7988.0,-570.0,0.0,-84313.92263770103,-966.1581214248131,0.0,0
1066,277,511,,cpu,7,-1078.753886673128,-154.10769809616113,2,True,False,2,11,0,8,0.24644356540271214,0.004870736505836248,0.0020515039463394453,2.35416909626552,2.35416909626552,1.426974586078099,2.35416909626552,,2.142857142857143,10,5,15,15,0,0,0,6.866666666666666,121.63072251869498,2.0235846,10.6,3,4,3,5,2,0,0,0,100.0,-23.5,-131.0,0.0,-762.0104610919952,-222.24342558113267,0.0,0
1067,213,544,,cpu,14,-856.0049056748005,-61.14320754820004,2,True,False,7,19,0,14,0.13467826587813242,0.008611908099347991,0.0032266488415189087,0.8416787215641567,0.8416787215641567,0.7592331681932721,0.8416787215641567,,1.2142857142857142,10,10,17,17,0,0,0,7.411764705882353,156.04412641718088,2.7205715,10.6,4,4,4,5,3,1,0,2,250.0,-51.0,-139.0,0.0,-564.9345815181732,-291.0703241566273,0.0,0
1068,25,361,,cpu,6,-448.7738776270622,-74.79564627117703,0,True,False,,10,0,8,0.3086892267068227,0.007762778860827287,0.0032546839211136103,1.732867956161499,1.732867956161499,1.7928578456242878,1.732867956161499,,2.5,10,4,15,15,0,0,0,11.0,301.6512632107737,2.1106842,10.6,3,4,3,5,0,0,0,2,100.0,-22.5,-131.0,0.0,0.0,-375.27387762706223,0.0,0
1069,263,495,,cpu,7,-1021.9290929021674,-145.98987041459534,2,True,False,2,12,0,9,0.1665536676134382,0.003051694648872529,0.0020830960046233876,2.35416909626552,2.35416909626552,1.2778649755886622,2.35416909626552,,2.142857142857143,10,5,15,15,0,0,0,6.866666666666666,121.51730615472856,2.0041041,10.6,3,4,3,5,2,0,1,1,150.0,-27.5,-131.0,0.0,-761.2196922302246,-222.20940067194272,0.0,0
1070,302,405,,cpu,6,-1233.64899808417,-205.60816634736167,3,True,False,2,9,0,9,0.03413501506050428,0.00014810895031066215,0.0017922028782777488,2.746530612309774,2.746530612309774,1.7738960981369019,2.746530612309774,,2.5,10,4,15,15,0,0,0,6.133333333333334,96.95713252512085,1.4508395,10.6,3,4,3,5,2,1,0,0,100.0,-15.0,-131.0,0.0,-988.7057840824127,-198.94321400175738,0.0,0
1071,290,233,,cpu,7,-1667.8116701475826,-238.25881002108324,4,True,False,2,8,0,7,-0.22890759365899221,0.0022621557748477373,0.0018466893317443983,2.35416909626552,2.35416909626552,1.6019471032278878,2.35416909626552,,2.142857142857143,10,5,15,15,0,0,0,8.466666666666667,171.77807132600734,2.2425032,10.6,3,4,3,5,1,0,0,1,100.0,-17.0,-131.0,0.0,-1317.1351313591003,-282.6765387884824,0.0,0
1072,111,406,,cpu,6,-252.08160476470545,-42.01360079411757,0,True,False,,23,0,14,-0.085973526040713,0.002083335246425122,0.003418668289668858,1.732867956161499,1.732867956161499,1.6382052103678386,1.732867956161499,,2.5,10,4,15,15,0,0,0,6.333333333333333,103.31991775000978,1.5977125,10.6,3,4,3,5,1,0,0,2,150.0,-38.5,-131.0,0.0,0.0,-212.58160476470545,0.0,0
1073,281,451,,cpu,6,-1917.71212298254,-319.61868716375665,5,True,False,2,10,0,9,-0.5423977176348368,0.00848858019647499,0.0019044035191958149,2.746530612309774,2.746530612309774,2.0129623413085938,2.746530612309774,,2.5,10,4,15,15,0,0,0,6.133333333333334,97.12252827272862,1.3382392,9.4,3,4,3,5,2,1,0,0,100.0,-17.5,-131.0,0.0,-1670.2192902565002,-198.9928327260397,0.0,0
1074,310,168,,cpu,7,-956.5981108046968,-136.65687297209953,2,True,False,2,10,0,8,-0.25531957830701557,0.00467128589350198,0.0021212775692609803,2.35416909626552,2.35416909626552,1.5346015521458216,2.35416909626552,,2.142857142857143,10,5,15,15,0,0,0,8.4,171.4190019737752,2.1740756,10.6,3,4,3,5,1,0,0,1,100.0,-22.5,-131.0,0.0,-590.5292928218842,-282.56881798281273,0.0,0
1075,200,362,,cpu,7,-875.8444802566136,-125.12064003665908,2,True,False,2,15,0,10,-0.14421477700982774,0.0017451873115663017,0.002410455440570201,2.35416909626552,2.35416909626552,1.4483605367796761,2.35416909626552,,2.142857142857143,10,5,15,15,0,0,0,7.666666666666667,163.77400923142866,2.082995,10.6,3,4,3,5,1,0,0,2,150.0,-25.0,-131.0,0.0,-583.5211634635925,-256.3233167930211,0.0,0
1076,167,552,,cpu,6,-395.26549689179234,-65.87758281529872,0,True,False,,9,0,6,0.030506473034620285,0.0001734003556824367,0.0022276516926164427,1.732867956161499,1.732867956161499,1.5338761409123738,1.732867956161499,,2.5,10,4,15,15,0,0,0,7.733333333333333,162.29663083510766,2.2194307,10.6,3,4,3,5,0,0,0,1,50.0,-16.5,-131.0,0.0,0.0,-267.76549689179234,0.0,0
1077,290,339,,cpu,6,-1493.3036741299723,-248.8839456883287,4,True,False,2,9,0,7,-0.0239317575081562,6.369762513950643e-05,0.0018575632517846923,2.746530612309774,2.746530612309774,1.4478294849395752,2.746530612309774,,2.5,10,4,15,15,0,0,0,6.333333333333333,111.40222544911815,1.6173528,10.6,3,4,3,5,1,0,0,0,50.0,-14.5,-131.0,0.0,-1185.744458436966,-212.0592156930063,0.0,0
1078,265,405,,cpu,5,-1256.5492629720322,-251.30985259440644,3,True,False,2,9,0,7,0.19256579875946045,0.0016983942477963865,0.001891458104364574,3.2958367347717283,3.2958367347717283,2.3418730735778808,3.2958367347717283,,3.0,10,3,15,15,0,0,0,6.133333333333334,97.02132483626423,1.2711649,10.6,3,4,3,5,1,0,0,0,50.0,-15.0,-131.0,0.0,-961.5867912769318,-198.96247169510042,0.0,0
1079,266,335,,cpu,35,-6754.145961374177,-192.97559889640507,22,True,False,2,12,0,10,-0.03680120099868093,0.03495877765152337,0.006505981190795345,1.2125832557678222,1.2125832557678222,0.30453261264732906,1.2125832557678222,,1.1142857142857143,10,18,39,39,0,0,0,6.0256410256410255,102.93356231091252,1.5898386,9.6,10,11,8,10,4,7,1,2,300.0,-118.0,-312.0,0.0,-5892.895704069652,-521.2502573045256,0.0,0
1080,200,215,,cpu,150,-73828.86477196276,-492.1924318130851,223,False,True,9,177,145,137,-0.23870634033034246,0.4778635866162949,0.14961958719262233,0.45876657446225483,0.4588929148515066,0.16715079774459204,0.4588929148515066,,0.5933333333333334,10,99,89,89,0,0,0,7.235955056179775,123.78939372032053,1.2006098,10.6,19,21,15,34,11,8,1,6,850.0,-7450.5,-818.0,0.0,-64433.721793117336,-1426.6429788454382,0.0,0
1081,198,295,,cpu,150,-52487.49418605582,-349.9166279070388,116,False,True,40,613,613,474,-0.19657248419554282,0.13062427170281807,0.2957646015433905,0.8326370350519816,0.8056199749310812,0.14555652260780336,0.8056199749310812,,0.8933333333333333,10,70,134,134,0,0,0,7.858208955223881,151.88772354185548,1.8698928,10.6,34,35,25,40,11,7,1,10,1050.0,-19564.0,-1125.0,0.0,-29509.462399077664,-2349.0317869781534,0.0,0
1082,253,409,,cpu,5,-1891.7424864757186,-378.3484972951437,5,True,False,2,10,0,8,0.27552284598350524,0.006920278025791049,0.001980765722692013,3.2958367347717283,3.2958367347717283,1.906311821937561,3.2958367347717283,,3.0,10,3,15,15,0,0,0,6.133333333333334,96.88792734799297,1.262413,10.6,3,4,3,5,1,0,0,0,50.0,-16.5,-131.0,0.0,-1595.3200340270996,-198.92245244861903,0.0,0
1083,194,409,,cpu,7,-513.8196726664873,-73.40281038092677,1,True,False,5,15,0,13,0.4178794537271772,0.013370324059256486,0.0030315952275746633,1.4853153909955705,1.4853153909955705,1.5431342124938965,1.4853153909955705,,2.142857142857143,10,5,15,15,0,0,0,7.4,138.33656234849184,1.8949983,10.6,3,4,3,5,1,0,0,2,150.0,-38.5,-131.0,0.0,-240.5236929655075,-243.79597970097984,0.0,0
1084,230,213,,cpu,150,-137298.02261488035,-915.320150765869,420,False,True,38,274,250,219,-1.3649953770637513,3.0993446726847713,0.11514951977257927,0.6896516191959381,0.6467745836575826,0.1667170084019502,0.6467745836575826,,0.8133333333333334,10,75,122,122,0,0,0,7.434426229508197,135.9142368765556,1.9235476,10.6,29,32,24,37,8,11,3,9,850.0,-7939.5,-1028.0,0.0,-126316.76885255372,-2023.7537623266119,0.0,0
1085,276,393,,cpu,5,-1561.1204208258298,-312.22408416516595,4,True,False,2,6,0,6,0.4496140778064728,0.008519411273300647,0.0017983509693294763,3.2958367347717283,3.2958367347717283,2.202476644515991,3.2958367347717283,,3.0,10,3,15,15,0,0,0,6.333333333333333,111.42628818866676,1.414908,10.6,3,4,3,5,1,0,0,0,50.0,-8.0,-131.0,0.0,-1260.0539863109589,-212.06643451487088,0.0,0
1086,268,251,,cpu,7,-343.8558409662546,-49.122262995179234,0,True,False,,12,0,8,0.39324575662612915,0.012028930309627737,0.0023609164470274535,1.4853153909955705,1.4853153909955705,1.744598116193499,1.4853153909955705,,2.142857142857143,10,5,15,15,0,0,0,8.133333333333333,159.46159044353973,1.9514781,9.6,3,4,3,5,1,0,0,1,100.0,-22.0,-131.0,0.0,0.0,-270.8558409662546,0.0,0
1087,298,397,,cpu,5,-1275.6897271916919,-255.13794543833836,3,True,False,2,9,0,8,0.29570028781890867,0.004728968441486359,0.0019054371863603593,3.2958367347717283,3.2958367347717283,2.0034255385398865,3.2958367347717283,,3.0,10,3,15,15,0,0,0,6.333333333333333,111.40594072661773,1.3188516,9.6,3,4,3,5,1,0,0,0,50.0,-15.0,-131.0,0.0,-967.6293969154358,-212.06033027625614,0.0,0
1088,2,563,,cpu,6,-2078.4976278309246,-346.4162713051541,5,True,False,2,7,0,6,-0.03828608493010203,0.0007716194819901526,0.0020529994702277086,2.746530612309774,2.746530612309774,1.652827759583791,2.746530612309774,,2.5,10,4,15,15,0,0,0,9.4,197.1844361332811,2.3047063,10.6,3,4,3,5,0,0,0,2,100.0,-14.5,-131.0,0.0,-1715.859866142273,-317.1377616886515,0.0,0
1089,44,512,,cpu,6,-1896.769220707482,-316.128203451247,5,True,False,2,8,0,5,-0.19182158013184866,0.0009603566190511023,0.0022239643149077892,2.746530612309774,2.746530612309774,1.7834734916687012,2.746530612309774,,2.5,10,4,15,15,0,0,0,9.333333333333334,191.85635781547455,2.1117325,10.6,3,4,3,5,0,0,0,2,100.0,-11.5,-131.0,0.0,-1538.5335385799408,-315.7356821275412,0.0,0
1090,256,373,,cpu,5,-1226.3547524336484,-245.27095048672967,3,True,False,2,8,0,7,-0.24196566939353942,0.001399539748672396,0.0020540511002764108,3.2958367347717283,3.2958367347717283,2.27616662979126,3.2958367347717283,,3.0,10,3,15,15,0,0,0,6.333333333333333,111.42628818866676,1.414908,10.6,3,4,3,5,1,0,0,0,50.0,-12.5,-131.0,0.0,-920.7883179187775,-212.06643451487088,0.0,0
1091,191,377,,cpu,150,-210518.32291004498,-1403.4554860669666,676,False,True,12,184,135,137,-3.3765501493091383,9.864379150379682,0.1337716592863823,0.9811130483945211,0.9666067512830099,0.20238584299882253,0.9666067512830099,,0.9266666666666666,10,78,139,139,0,0,0,7.309352517985611,141.67438299789055,1.8564237,10.6,35,37,27,40,11,5,6,7,900.0,-9039.0,-1152.0,0.0,-197941.3019767205,-2236.020933324488,0.0,0
1092,254,205,,cpu,8,-939.3340061999758,-117.41675077499697,2,True,False,2,14,0,10,-0.1690179519355297,0.00236847170162946,0.00270033793640323,2.0598979592323303,2.0598979592323303,1.4522644579410553,2.0598979592323303,,1.875,10,6,15,15,0,0,0,8.4,171.4190019737752,2.334871,10.6,3,4,3,5,1,1,0,2,150.0,-30.5,-131.0,0.0,-605.2651882171631,-282.56881798281273,0.0,0
1093,201,414,,cpu,7,-879.517293277477,-125.64532761106815,2,True,False,4,12,0,10,-0.07380598783493042,0.0017033468466252089,0.0028888703257377657,1.7749333381652832,1.7749333381652832,1.4565088748931885,1.7749333381652832,,2.142857142857143,10,5,15,15,0,0,0,7.4,137.51175440193418,1.841665,10.6,3,4,3,5,1,0,0,1,100.0,-32.0,-131.0,0.0,-542.9687559604645,-243.54853731701257,0.0,0
1094,294,223,,cpu,6,-2049.5502815098694,-341.5917135849782,5,True,False,2,6,0,6,-0.18841726084550223,0.001218260209498112,0.0019257513534588118,2.746530612309774,2.746530612309774,1.7127231458822887,2.746530612309774,,2.5,10,4,15,15,0,0,0,8.4,171.28179716568886,1.9824275,10.6,3,4,3,5,1,0,0,0,50.0,-10.0,-131.0,0.0,-1676.0226249694824,-282.52765654038683,0.0,0
1095,131,345,,cpu,7,-355.16134103538917,-50.737334433627026,0,True,False,,19,0,15,0.1734467957701002,0.0021041034654315028,0.003898939084527748,1.4853153909955705,1.4853153909955705,1.4641503606523787,1.4853153909955705,,2.142857142857143,10,5,15,15,0,0,0,9.266666666666667,235.15940413287004,2.2749608,10.6,3,4,3,5,0,0,0,3,150.0,-36.5,-131.0,0.0,0.0,-317.6613410353891,0.0,0
1096,103,413,,cpu,150,-55053.03404765647,-367.02022698437645,167,False,True,33,290,271,227,0.2381851739063859,0.6779158058022343,0.16282064941711724,0.9906375122070312,0.9880769844849905,0.12925729483366014,0.9880769844849905,,0.9733333333333334,10,62,146,146,0,0,0,6.6506849315068495,112.17797879292277,1.6872119,10.6,34,38,29,45,18,16,1,4,1100.0,-9768.0,-1236.0,0.0,-41990.81457846609,-2158.2194691903774,0.0,0
1097,239,418,,cpu,7,-210.3576449980763,-30.051092142582327,0,True,False,,12,0,11,0.29302973406655447,0.008212106302380562,0.0026822333623256,1.6001722131456648,1.470078468322754,1.6232128824506487,1.470078468322754,,2.142857142857143,10,5,15,15,0,0,0,6.133333333333334,97.02132483626423,1.5542138,10.6,3,4,3,5,2,1,0,1,150.0,-23.5,-131.0,0.0,0.0,-195.8576449980763,0.0,0
1098,271,440,,cpu,5,-1254.9732437787436,-250.99464875574873,3,True,False,2,7,0,7,0.4604894697666168,0.0049990511033684015,0.0019408315420150757,3.2958367347717283,3.2958367347717283,2.719254493713379,3.2958367347717283,,3.0,10,3,15,15,0,0,0,6.133333333333334,97.12252827272862,1.1528314,9.4,3,4,3,5,1,0,0,0,50.0,-9.5,-131.0,0.0,-965.4804110527039,-198.9928327260397,0.0,0
1099,151,354,,cpu,7,-293.1492456873575,-41.8784636696225,0,True,False,,24,0,13,0.3936665654182434,0.007912520784884691,0.0031545360439590047,1.4853153909955705,1.4853153909955705,1.9180796146392822,1.4853153909955705,,2.142857142857143,10,5,15,15,0,0,0,9.266666666666667,236.7857529727648,2.2125027,10.6,3,4,3,5,0,0,0,4,200.0,-34.0,-131.0,0.0,0.0,-318.1492456873575,0.0,0
1100,128,431,,cpu,6,-272.1493931032784,-45.35823218387973,0,True,False,,10,0,7,0.4178978204727173,0.005728477806163331,0.002544731522599856,1.732867956161499,1.732867956161499,2.279212156931559,1.732867956161499,,2.5,10,4,15,15,0,0,0,6.333333333333333,103.54587887858607,1.5291351,10.6,3,4,3,5,1,0,0,1,100.0,-18.5,-131.0,0.0,0.0,-212.64939310327833,0.0,0
1101,162,549,,cpu,9,-327.97867560547763,-36.44207506727529,0,True,False,,12,0,9,0.1707488927576277,0.00277109291507966,0.0027943506526450315,1.155245304107666,1.155245304107666,1.3385530047946506,1.155245304107666,,1.6666666666666667,10,7,15,15,0,0,0,7.733333333333333,163.007226547392,2.5367787,10.6,3,4,3,5,1,0,0,2,150.0,-29.0,-131.0,0.0,0.0,-267.97867560547763,0.0,0
1102,207,540,,cpu,7,-253.95366837034263,-36.27909548147752,0,True,False,,17,0,15,0.15075984384332383,0.000798250727062363,0.0027892287221870254,1.4853153909955705,1.4853153909955705,1.755040969167437,1.4853153909955705,,2.142857142857143,10,5,15,15,0,0,0,7.733333333333333,162.92386909694198,2.3502815,10.6,3,4,3,5,0,0,0,4,200.0,-35.0,-131.0,0.0,0.0,-267.9536683703426,0.0,0
1103,304,194,,cpu,6,-2036.907454381128,-339.484575730188,5,True,False,2,7,0,6,-0.28974612553914386,0.0034342014502423504,0.0017146641427340608,2.746530612309774,2.746530612309774,1.8470781048138936,2.746530612309774,,2.5,10,4,15,15,0,0,0,8.4,171.4190019737752,1.9596816,10.6,3,4,3,5,1,0,0,0,50.0,-9.0,-131.0,0.0,-1664.3386363983154,-282.56881798281273,0.0,0
1104,207,471,,cpu,59,-19065.26238812932,-323.1400404767681,65,True,False,2,32,0,26,-0.01723476184405765,0.5436873612490086,0.012176594057641292,1.140729354599775,1.140729354599775,0.25979848231299446,1.140729354599775,,1.0508474576271187,10,27,62,62,0,0,0,7.016129032258065,117.72412272576591,1.9932259,10.6,14,16,12,20,8,3,5,4,600.0,-455.5,-534.0,0.0,-17419.966239015237,-945.7961491140818,0.0,0
1105,190,340,,cpu,7,-1705.4400004479503,-243.6342857782786,5,True,False,2,7,0,7,-0.39604305369513376,0.008791930175253324,0.002182040297027145,2.35416909626552,2.35416909626552,1.7214150428771973,2.35416909626552,,2.142857142857143,10,5,15,15,0,0,0,7.666666666666667,163.8815016152302,2.16609,10.6,3,4,3,5,1,0,0,0,50.0,-13.0,-131.0,0.0,-1325.0844359397888,-256.35556450816154,0.0,0
1106,293,273,,cpu,5,-1665.6328721494974,-333.1265744298995,4,True,False,2,6,0,6,-0.5957311749458313,0.00948532922193408,0.0018254450056701898,3.2958367347717283,3.2958367347717283,2.609116268157959,3.2958367347717283,,3.0,10,3,15,15,0,0,0,8.133333333333333,159.46159044353973,1.505682,9.6,3,4,3,5,1,0,0,0,50.0,-8.0,-131.0,0.0,-1305.7770311832428,-270.8558409662546,0.0,0
1107,19,474,,cpu,6,-1626.3022833173059,-271.0503805528843,4,True,False,2,7,0,5,-0.4476371804873149,0.007130814328168829,0.002066170796751976,2.746530612309774,2.746530612309774,2.24039093653361,2.746530612309774,,2.5,10,4,15,15,0,0,0,7.133333333333334,127.34521820098075,1.8355584,9.6,3,4,3,5,0,0,0,1,50.0,-12.0,-131.0,0.0,-1266.471117734909,-236.83116558239684,0.0,0
1108,204,208,,cpu,150,-67231.00753057645,-448.20671687050964,198,False,True,2,232,221,171,-0.12581613204131523,0.45054318177348857,0.13970535261401285,0.4811864217122396,0.46258164087931314,0.2316842954357465,0.46258164087931314,,0.6333333333333333,10,87,95,95,0,0,0,7.336842105263158,128.14677298919932,1.3447568,10.6,20,23,17,35,6,14,2,14,1000.0,-8566.0,-860.0,0.0,-56751.043715249325,-1543.9638153271273,0.0,0
1109,239,363,,cpu,7,-1241.077325602982,-177.296760800426,3,True,False,2,7,0,5,-0.041595772973128727,0.00135022671799691,0.001811415106723351,2.634500299181257,2.3108814103262767,1.8160316603524345,2.3108814103262767,,2.142857142857143,10,5,15,15,0,0,0,7.0,137.60245984195151,1.9666464,10.6,3,4,3,5,1,0,0,0,50.0,-13.0,-131.0,0.0,-894.7717130184174,-232.30561258456453,0.0,0
1110,251,432,,cpu,5,-606.0878680373256,-121.21757360746513,1,True,False,2,8,0,5,0.2737642407417297,0.0016432025673566385,0.0020394910592585803,3.2958367347717283,3.2958367347717283,2.329464912414551,3.2958367347717283,,3.0,10,3,15,15,0,0,0,6.133333333333334,96.95713252512085,1.2879518,10.6,3,4,3,5,1,0,0,0,50.0,-13.0,-131.0,0.0,-313.14465403556824,-198.94321400175738,0.0,0
1111,103,521,,cpu,7,-260.8160136829687,-37.25943052613838,0,True,False,,22,0,16,0.32319696460451397,0.003380053161111261,0.0031856567366048694,1.4853153909955705,1.4853153909955705,1.9950168473379952,1.4853153909955705,,2.142857142857143,10,5,15,15,0,0,0,9.466666666666667,201.40015512221473,2.671778,10.6,3,4,3,5,0,0,0,5,250.0,-45.0,-131.0,0.0,0.0,-324.8160136829686,0.0,0
1112,91,534,,cpu,6,-385.3817924580758,-64.23029874301263,0,True,False,,10,0,8,0.330068975687027,0.0038260531534130373,0.0025682525786881647,1.732867956161499,1.732867956161499,2.1926247278849282,1.732867956161499,,2.5,10,4,15,15,0,0,0,9.466666666666667,201.6194177059053,2.4180958,10.6,3,4,3,5,0,0,0,2,100.0,-19.5,-131.0,0.0,0.0,-324.8817924580758,0.0,0
1113,205,332,,cpu,7,-2256.4303175541972,-322.3471882220282,7,True,False,2,9,0,6,-0.01229640788265637,0.0002360745291168444,0.002363664929621986,2.35416909626552,2.35416909626552,1.5406177384512765,2.35416909626552,,2.142857142857143,10,5,15,15,0,0,0,7.666666666666667,163.8815016152302,2.16609,10.6,3,4,3,5,1,0,0,0,50.0,-17.0,-131.0,0.0,-1872.0747530460358,-256.35556450816154,0.0,0
1114,186,416,,cpu,150,-152752.3633824889,-1018.3490892165927,464,False,True,24,254,244,194,-2.1839977069199086,3.9414232372531357,0.12094988352619111,0.9798588347434998,0.975291717449824,0.1800305262207985,0.975291717449824,,0.96,10,68,144,144,0,0,0,6.791666666666667,119.43944313190678,1.6660981,10.6,36,39,29,40,11,16,0,10,1050.0,-9011.0,-1179.0,0.0,-140453.75921428204,-2148.604168206854,0.0,0
1115,20,541,,cpu,6,-325.6058083509154,-54.26763472515257,0,True,False,,17,0,9,0.31758858760197956,0.005666387150995433,0.0028932623099535704,1.732867956161499,1.732867956161499,1.9042795499165852,1.732867956161499,,2.5,10,4,15,15,0,0,0,9.333333333333334,191.42344522672187,2.0885642,10.6,3,4,3,5,0,0,0,3,150.0,-29.0,-131.0,0.0,0.0,-315.6058083509154,0.0,0
1116,304,284,,cpu,7,-892.1491240490277,-127.44987486414682,2,True,False,2,12,0,7,0.2510242334433964,0.003935160547760981,0.002229310173009123,2.35416909626552,2.35416909626552,1.5170947909355164,2.35416909626552,,2.142857142857143,10,5,15,15,0,0,0,8.133333333333333,158.26627604191933,1.9327484,10.6,3,4,3,5,1,0,0,3,200.0,-23.0,-131.0,0.0,-657.6518774032593,-270.4972466457684,0.0,0
1117,258,374,,cpu,5,-1224.2611070994046,-244.85222141988092,3,True,False,2,7,0,5,0.23976057171821594,0.0017363159218803047,0.0019795245490968226,3.2958367347717283,3.2958367347717283,2.3714484691619875,3.2958367347717283,,3.0,10,3,15,15,0,0,0,6.333333333333333,111.42628818866676,1.414908,10.6,3,4,3,5,1,0,0,0,50.0,-10.0,-131.0,0.0,-921.1946725845337,-212.06643451487088,0.0,0
1118,181,330,,cpu,150,-44152.365738856264,-294.34910492570845,117,False,True,12,433,425,333,0.0859966163833936,0.27421717619212965,0.13703417089922976,0.9905750477313995,1.0024214466412862,0.2207053303718567,1.0024214466412862,,0.9133333333333333,10,74,137,137,0,0,0,7.518248175182482,149.19221443652654,1.928267,10.6,34,37,26,40,15,12,1,14,1450.0,-13281.5,-1144.0,0.0,-27990.679204476586,-2296.1865343796753,0.0,0
1119,149,517,,cpu,6,-379.50080284538444,-63.250133807564076,0,True,False,,13,0,9,0.13589078187942505,0.0005824920814726889,0.0024134231304439404,1.732867956161499,1.732867956161499,2.03183650970459,1.732867956161499,,2.5,10,4,15,15,0,0,0,9.466666666666667,202.01611899693398,2.4405935,10.6,3,4,3,5,0,0,0,2,100.0,-23.5,-131.0,0.0,0.0,-325.0008028453844,0.0,0
1120,219,170,,cpu,150,-133026.1715911269,-886.8411439408461,407,False,True,38,314,237,236,-1.2356622060512503,3.104347019312748,0.14274814045988024,0.5812461753686269,0.5890953461329143,0.20193091948827108,0.5890953461329143,,0.7533333333333333,10,78,113,113,0,0,0,7.575221238938053,131.9949352831237,1.7024221,10.6,26,28,22,37,10,9,0,6,800.0,-11027.5,-975.0,0.0,-119127.50492095947,-1926.1666701674446,0.0,0
1121,50,420,,cpu,14,-205.89097334705752,-14.706498096218395,0,True,False,,20,0,12,0.006814291035490376,0.0008553426642866466,0.004050453725670066,0.8416787215641567,0.8416787215641567,0.9252500193459647,0.8416787215641567,,1.2142857142857142,10,10,17,17,0,0,0,6.764705882352941,119.45683659733892,2.531065,9.6,4,5,3,5,2,1,0,4,300.0,-47.5,-144.0,0.0,0.0,-254.3909733470575,0.0,0
1122,182,173,,cpu,19,-4046.2404186037575,-212.9600220317767,13,True,False,2,14,0,9,-0.036710331510556374,0.009011392259899845,0.0032814987322413607,0.23128680178993627,0.23128680178993627,0.2579470747395566,0.23128680178993627,,0.21052631578947367,1,15,4,4,0,0,0,5.0,0.0,0.0,0.0,0,0,0,4,0,0,0,3,150.0,-64.5,-60.0,0.0,-4030.1482260227203,-41.59219258103681,0.0,0
1123,213,524,,cpu,6,-341.4536683703426,-56.90894472839043,0,True,False,,15,0,14,0.03509356454014778,0.0005747402285578573,0.002577053557615727,1.732867956161499,1.732867956161499,2.050286372502645,1.732867956161499,,2.5,10,4,15,15,0,0,0,7.733333333333333,162.92386909694198,2.1525002,10.6,3,4,3,5,0,0,0,2,100.0,-32.5,-131.0,0.0,0.0,-267.9536683703426,0.0,0
1124,88,386,,cpu,150,-68125.75945692326,-454.17172971282173,204,False,True,2,468,438,356,-0.4616646205758055,0.42123569958110846,0.2568103350047022,1.0785685193538666,1.0939339057604471,0.15642208536465962,1.0939339057604471,,0.8866666666666667,10,72,133,133,0,0,0,7.879699248120301,164.61199346783698,1.994622,10.6,31,33,24,45,10,14,0,19,1450.0,-16084.5,-1166.0,0.0,-49144.57388520241,-2340.6855717208473,0.0,0
1125,245,496,,cpu,6,-1664.5255934926622,-277.42093224877704,4,True,False,2,11,0,10,0.07788064330816269,0.00036467952918428637,0.0022448391925233104,2.746530612309774,2.746530612309774,2.0283693075180054,2.746530612309774,,2.5,10,4,15,15,0,0,0,6.866666666666666,121.63072251869498,1.8934245,10.6,3,4,3,5,1,0,0,0,50.0,-23.0,-131.0,0.0,-1338.2821679115295,-222.24342558113267,0.0,0
1126,303,232,,cpu,6,-2081.7355545855958,-346.95592576426594,5,True,False,2,15,0,11,0.0716433897614479,0.0005710580104884381,0.0022238303596774736,2.746530612309774,2.746530612309774,1.9125255346298218,2.746530612309774,,2.5,10,4,15,15,0,0,0,8.4,171.4190019737752,1.9596816,10.6,3,4,3,5,1,0,0,0,50.0,-29.0,-131.0,0.0,-1689.1667366027832,-282.56881798281273,0.0,0
1127,275,320,,cpu,5,-319.10701183401056,-63.82140236680211,0,True,False,,13,0,9,0.48656452894210817,0.005877328850328922,0.0024235573131591082,2.120472240447998,2.078129768371582,2.92260799407959,2.078129768371582,,3.0,10,3,15,15,0,0,0,6.533333333333333,114.38619987640462,1.341679,8.2,3,4,3,5,1,0,0,0,50.0,-21.5,-131.0,0.0,0.0,-216.60701183401056,0.0,0
1128,281,251,,cpu,7,-323.255401745186,-46.17934310645514,0,True,False,,13,0,10,0.30421909264155794,0.004385243436055524,0.0022254162468016148,1.7749333381652832,1.7749333381652832,1.7287100042615617,1.7749333381652832,,2.142857142857143,10,5,15,15,0,0,0,8.133333333333333,159.12679303997797,1.9916228,10.6,3,4,3,5,1,0,0,1,100.0,-21.5,-131.0,0.0,0.0,-270.7554017451861,0.0,0
1129,301,181,,cpu,6,-694.0940722323854,-115.68234537206423,1,True,False,2,7,0,6,0.2551872630914052,0.0020905374355303743,0.001833669103992482,2.746530612309774,2.746530612309774,2.0333019892374673,2.746530612309774,,2.5,10,4,15,15,0,0,0,8.4,171.4190019737752,1.9596816,10.6,3,4,3,5,1,0,0,0,50.0,-11.5,-131.0,0.0,-319.02525424957275,-282.56881798281273,0.0,0
1130,33,517,,cpu,7,-1225.756674406594,-175.10809634379913,3,True,False,2,15,0,9,0.01759788447192737,4.5653219006323654e-05,0.002968652207138283,2.35416909626552,2.35416909626552,1.9867951699665614,2.35416909626552,,2.142857142857143,10,5,15,15,0,0,0,9.333333333333334,191.85635781547455,2.3240364,10.6,3,4,3,5,0,0,0,4,200.0,-31.0,-131.0,0.0,-938.0209922790527,-315.7356821275412,0.0,0
1131,212,443,,cpu,23,-5850.606608778902,-254.3742003816914,18,True,False,2,12,0,8,-0.24010594407825367,0.018943990848049947,0.003359673124657053,1.3675778637761655,1.3675778637761655,0.5920450635578322,1.3675778637761655,,1.2608695652173914,10,12,29,29,0,0,0,7.206896551724138,125.48597934869098,1.9686059,10.6,6,7,6,10,1,2,1,1,100.0,-66.0,-254.0,0.0,-5036.600902226265,-454.0057065526376,0.0,0
1132,279,520,,cpu,6,-1790.4151074620836,-298.4025179103473,4,True,False,2,9,0,8,-0.37135791778564453,0.0049144328804686666,0.0024238237917112806,2.746530612309774,2.746530612309774,2.0559429923693338,2.746530612309774,,2.5,10,4,15,15,0,0,0,6.866666666666666,121.63072251869498,1.8934245,10.6,3,4,3,5,1,0,0,0,50.0,-21.0,-131.0,0.0,-1466.171681880951,-222.24342558113267,0.0,0
1133,85,451,,cpu,6,-297.6071050906638,-49.601184181777306,0,True,False,,17,0,12,-0.07562261323134105,0.001748172825803825,0.0030341150510745742,1.732867956161499,1.732867956161499,2.178209741910299,1.732867956161499,,2.5,10,4,15,15,0,0,0,6.333333333333333,103.40491883653775,1.6587454,10.6,3,4,3,5,1,0,0,1,100.0,-34.0,-131.0,0.0,0.0,-212.60710509066385,0.0,0
1134,199,293,,cpu,7,-318.3651936372053,-45.48074194817219,0,True,False,,20,0,18,-0.036752049145953994,0.001174381330201868,0.002858339808881283,1.4853153909955705,1.4853153909955705,1.6600681032453264,1.4853153909955705,,2.142857142857143,10,5,15,15,0,0,0,8.733333333333333,178.71373763047202,2.219957,10.6,3,4,3,5,0,0,0,3,150.0,-46.5,-131.0,0.0,0.0,-290.86519363720527,0.0,0
1135,70,447,,cpu,54,-1322.8231807479792,-24.496725569407023,0,True,False,,19,0,15,0.263089665750697,0.3092346491767317,0.011318540705057481,0.7816051266811512,0.7798311235728087,0.2605103475076181,0.7798311235728087,,1.037037037037037,10,24,56,56,0,0,0,6.535714285714286,102.26433774526653,2.1888208,9.6,13,17,11,15,8,7,0,3,550.0,-290.5,-459.0,0.0,0.0,-803.3231807479791,0.0,0
1136,206,300,,cpu,150,-74844.0726195576,-498.960484130384,208,False,True,63,469,407,364,-0.758718800097704,0.5541595109854824,0.23865709397476167,0.8408000206947327,0.8434198188781739,0.22525298456350962,0.8434198188781739,,0.9066666666666666,10,77,136,136,0,0,0,7.852941176470588,151.68256434620295,1.8814551,10.6,34,36,26,40,14,5,0,14,1400.0,-18417.0,-1136.0,0.0,-53368.99812165648,-2382.074497901125,0.0,0
1137,292,127,,cpu,19,-2393.4775196663068,-125.97250103506877,7,True,False,2,25,0,18,-0.0661349338724425,0.004535319883296707,0.002939333863507368,1.0986122583088123,1.0986122583088123,0.7786915615985268,1.0986122583088123,,1.0,10,14,19,19,0,0,0,8.157894736842104,161.501962005072,2.6118624,10.6,5,5,4,5,3,1,3,2,250.0,-81.5,-152.0,0.0,-1985.3199508215475,-354.6575688447591,0.0,0
1138,150,176,,cpu,150,-129563.4901525961,-863.7566010173074,393,False,True,30,530,507,420,-0.8600376755992571,3.0288382876365603,0.1674798065346355,0.46567683776219687,0.4706920063495636,0.14146728912989298,0.4706920063495636,,0.8133333333333334,10,84,122,122,0,0,0,9.524590163934427,215.18713937615476,2.753248,10.6,26,32,24,40,13,8,4,16,1450.0,-13305.5,-1058.0,0.0,-113302.93564272278,-2607.0545098733196,0.0,0
1139,161,203,,cpu,8,-463.1077424738678,-57.888467809233475,0,True,False,,11,0,9,0.1183285266160965,0.0007331940905714873,0.0032293162075802684,1.6726990938186646,1.729671061038971,1.4725257009267807,1.729671061038971,,1.875,10,6,15,15,0,0,0,10.866666666666667,274.097255247633,2.838031,10.6,3,4,3,5,0,0,0,2,100.0,-30.5,-131.0,0.0,0.0,-371.6077424738678,0.0,0
1140,189,322,,cpu,7,-351.84291987026756,-50.26327426718108,0,True,False,,17,0,12,0.1261269279888698,0.0009222882571131257,0.0026147281418421437,1.7832540103367396,1.7747556141444616,1.6194307974406652,1.7747556141444616,,2.142857142857143,10,5,15,15,0,0,0,7.866666666666666,166.3617201380264,2.0509028,10.6,3,4,3,5,1,0,0,1,100.0,-38.0,-131.0,0.0,0.0,-262.8429198702675,0.0,0
1141,171,528,,cpu,79,-18922.67802671437,-239.52756995840974,58,True,False,2,38,0,31,0.3452351624263993,0.6422850041934091,0.01896391006457749,1.0817239616490617,1.0817239616490617,0.3258629018747354,1.0817239616490617,,1.0126582278481013,10,41,80,80,0,0,0,7.2625,136.72869907359737,2.2085698,10.6,18,20,17,25,4,9,2,5,450.0,-790.0,-676.0,0.0,-16051.674423990347,-1335.0036027240217,0.0,0
1142,158,176,,cpu,7,-460.70392467268175,-65.81484638181168,0,True,False,,15,0,12,0.009507968755705016,0.00021880294951058334,0.002847309141153736,2.0687999725341797,1.9755720411028181,2.133854559489659,1.9755720411028181,,2.142857142857143,10,5,15,15,0,0,0,10.933333333333334,273.865174329341,2.5520167,10.6,3,4,3,5,0,0,0,2,100.0,-37.5,-131.0,0.0,0.0,-372.2039246726818,0.0,0
1143,244,527,,cpu,6,-328.3369725386595,-54.72282875644325,0,True,False,,11,0,9,-0.03771232068538666,0.0005012385324031735,0.0018300592782907188,1.732867956161499,1.732867956161499,2.6067775090535483,1.732867956161499,,2.5,10,4,15,15,0,0,0,6.866666666666666,121.94254571045097,1.7699331,10.6,3,4,3,5,1,0,0,0,50.0,-25.0,-131.0,0.0,0.0,-222.3369725386595,0.0,0
1144,249,299,,cpu,7,-312.6836668883343,-44.669095269762046,0,True,False,,20,0,15,-0.01650205853262118,0.00040351808905013186,0.0025480517984500955,1.4853153909955705,1.4853153909955705,1.870356491633824,1.4853153909955705,,2.142857142857143,10,5,15,15,0,0,0,8.133333333333333,158.88767685047225,1.8292992,9.6,3,4,3,5,1,0,0,2,150.0,-31.0,-131.0,0.0,0.0,-270.6836668883343,0.0,0
1145,213,482,,cpu,6,-690.6748728896146,-115.11247881493576,1,True,False,2,12,0,11,-0.02915288119887312,0.0001445412336451568,0.002365948457736522,2.746530612309774,2.746530612309774,2.1399500568707785,2.746530612309774,,2.5,10,4,15,15,0,0,0,7.733333333333333,162.92386909694198,2.1525002,10.6,3,4,3,5,0,0,0,1,50.0,-27.5,-131.0,0.0,-294.22120451927185,-267.9536683703426,0.0,0
1146,133,550,,cpu,6,-379.50080284538444,-63.250133807564076,0,True,False,,11,0,10,0.12786927074193954,0.0006611009230255149,0.0025184736975158253,1.732867956161499,1.732867956161499,1.9582011699676514,1.732867956161499,,2.5,10,4,15,15,0,0,0,9.466666666666667,202.01611899693398,2.4405935,10.6,3,4,3,5,0,0,0,2,100.0,-23.5,-131.0,0.0,0.0,-325.0008028453844,0.0,0
1147,256,350,,cpu,5,-1161.4433626059201,-232.28867252118403,3,True,False,2,8,0,6,0.06039338707923889,0.0004132283938815817,0.0018733570817857982,3.2958367347717283,3.2958367347717283,2.403842258453369,3.2958367347717283,,3.0,10,3,15,15,0,0,0,6.333333333333333,111.42628818866676,1.414908,10.6,3,4,3,5,1,0,0,0,50.0,-12.0,-131.0,0.0,-856.3769280910492,-212.06643451487088,0.0,0
1148,286,391,,cpu,7,-853.6695328664076,-121.95279040948681,2,True,False,2,12,0,8,0.07691189220973424,0.0006127727267864559,0.0018640189498130763,2.35416909626552,2.35416909626552,1.9011808463505335,2.35416909626552,,2.142857142857143,10,5,15,15,0,0,0,6.333333333333333,111.44759393112435,1.8248237,10.6,3,4,3,5,1,0,0,2,150.0,-23.5,-131.0,0.0,-627.0967066287994,-212.07282623760813,0.0,0
1149,288,520,,cpu,7,-2915.375371191179,-416.48219588445414,7,True,False,2,12,0,10,-0.30358209354536875,0.0030339637399135555,0.0023147465461598976,2.35416909626552,2.35416909626552,1.695509706224714,2.35416909626552,,2.142857142857143,10,5,15,15,0,0,0,6.866666666666666,121.63072251869498,2.0235846,10.6,3,4,3,5,2,0,0,0,100.0,-27.0,-131.0,0.0,-2595.1319456100464,-222.24342558113267,0.0,0
1150,172,539,,cpu,6,-336.9536683703426,-56.15894472839043,0,True,False,,13,0,10,0.07410184542338054,0.0003059863899276631,0.002419449097942561,1.732867956161499,1.732867956161499,1.871963381767273,1.732867956161499,,2.5,10,4,15,15,0,0,0,7.733333333333333,162.92386909694198,2.1525002,10.6,3,4,3,5,0,0,0,2,100.0,-28.0,-131.0,0.0,0.0,-267.9536683703426,0.0,0
1151,30,421,,cpu,6,-368.82629763191915,-61.471049605319855,0,True,False,,7,0,6,0.022778630256652832,0.00010567780266986422,0.0020907073242900274,1.732867956161499,1.732867956161499,2.4756685892740884,1.732867956161499,,2.5,10,4,15,15,0,0,0,7.133333333333334,127.32899169938857,1.8421141,9.6,3,4,3,5,0,0,0,1,50.0,-11.0,-131.0,0.0,0.0,-236.82629763191915,0.0,0
1152,121,97,,cpu,21,-664.2574356144021,-31.63130645782867,0,True,False,,15,0,13,0.016600485358919417,0.002626102183718953,0.004689852319036921,0.7591611998421806,0.7591611998421806,0.6262054528508868,0.7591611998421806,,1.0952380952380953,10,15,23,23,0,0,0,10.91304347826087,211.62104333929668,3.3414028,10.6,4,5,4,10,2,1,0,3,250.0,-67.0,-222.0,0.0,0.0,-575.2574356144022,0.0,0
1153,292,271,,cpu,5,-1984.458035126076,-396.8916070252152,5,True,False,2,7,0,5,-0.4546036124229431,0.0045668331324122844,0.0015986904501914978,3.2958367347717283,3.2958367347717283,2.2537588119506835,3.2958367347717283,,3.0,10,3,15,15,0,0,0,8.133333333333333,159.12679303997797,1.5618846,10.6,3,4,3,5,1,0,0,0,50.0,-9.0,-131.0,0.0,-1623.70263338089,-270.7554017451861,0.0,0
1154,129,413,,cpu,17,-3514.1391494943714,-206.71406761731598,12,True,False,2,15,0,11,-0.2532097036703764,0.0069355656628698956,0.004142624778015649,1.357109266168931,1.357109266168931,0.8484663191963645,1.357109266168931,,1.2352941176470589,10,10,21,21,0,0,0,6.0476190476190474,96.61591647516562,1.9567108,10.6,5,6,5,5,3,1,2,0,150.0,-46.5,-163.0,0.0,-3072.9616071424543,-281.6775423519171,0.0,0
1155,262,502,,cpu,7,-1813.867101569998,-259.12387165285685,4,True,False,2,11,0,9,-0.2652838570731027,0.0025722634059742893,0.0017124597881255405,2.35416909626552,2.35416909626552,1.791639975139073,2.35416909626552,,2.142857142857143,10,5,15,15,0,0,0,6.866666666666666,121.7807114042587,2.0203664,10.6,3,4,3,5,2,0,0,0,100.0,-25.5,-131.0,0.0,-1505.0786793231964,-222.2884222468018,0.0,0
1156,257,207,,cpu,7,-685.9943384028871,-97.99919120041245,1,True,False,2,16,0,10,0.01769410925252097,7.086506125883066e-05,0.0023547699342348744,2.35416909626552,2.35416909626552,1.9225878715515137,2.35416909626552,,2.142857142857143,10,5,15,15,0,0,0,8.4,171.4190019737752,2.1740756,10.6,3,4,3,5,1,0,0,1,100.0,-32.5,-131.0,0.0,-309.92552042007446,-282.56881798281273,0.0,0
1157,309,403,,cpu,6,-1240.6150017405575,-206.7691669567596,3,True,False,2,9,0,9,-0.052483697732289634,0.0002404706938250456,0.0015273597091436386,2.746530612309774,2.746530612309774,2.105841855208079,2.746530612309774,,2.5,10,4,15,15,0,0,0,6.133333333333334,96.95713252512085,1.4508395,10.6,3,4,3,5,2,1,0,0,100.0,-18.0,-131.0,0.0,-992.6717877388,-198.94321400175738,0.0,0
1158,123,355,,cpu,6,-394.8913694550238,-65.81522824250396,0,True,False,,12,0,11,0.10380031416813533,0.0004975970853896191,0.0028814402176067233,1.732867956161499,1.732867956161499,2.4995608727137246,1.732867956161499,,2.5,10,4,15,15,0,0,0,9.266666666666667,235.9261655316523,1.9827051,10.6,3,4,3,5,0,0,0,2,100.0,-26.0,-131.0,0.0,0.0,-317.8913694550238,0.0,0
1159,172,187,,cpu,150,-128488.483095573,-856.58988730382,390,False,True,18,341,341,248,-0.5807461928731451,2.612336414668759,0.16453455553778137,0.3037987558046977,0.30176742394765216,0.1712832189599673,0.30176742394765216,,0.56,10,91,84,84,0,0,0,8.785714285714286,180.87597406661808,1.5591233,10.6,17,20,15,32,7,6,0,6,650.0,-9754.0,-770.0,0.0,-116429.52754497528,-1644.9555505977141,0.0,0
1160,175,536,,cpu,51,-7438.806350783026,-145.85894805456914,24,True,False,2,20,0,15,0.12177445761421148,0.22379896159006474,0.009400157310415571,1.0827116966247559,1.0827116966247559,0.40996040608368667,1.0827116966247559,,1.0,10,30,51,51,0,0,0,7.411764705882353,144.30146224967345,2.3025181,10.6,11,13,12,15,6,3,7,7,650.0,-264.5,-420.0,0.0,-6325.116829095782,-869.189521687243,0.0,0
1161,179,421,,cpu,7,-322.0485373170126,-46.00693390243037,0,True,False,,10,0,6,0.035968435662133355,0.00011125971056864208,0.0021852031350135803,1.4853153909955705,1.4853153909955705,1.663927708353315,1.4853153909955705,,2.142857142857143,10,5,15,15,0,0,0,7.4,137.51175440193418,1.841665,10.6,3,4,3,5,1,0,0,1,100.0,-17.5,-131.0,0.0,0.0,-243.54853731701257,0.0,0
1162,48,585,,cpu,7,-308.63776168865155,-44.09110881266451,0,True,False,,23,0,14,-0.03193311606134687,0.000285118294284205,0.002815976406314543,1.4853153909955705,1.4853153909955705,1.8078443493161882,1.4853153909955705,,2.142857142857143,10,5,15,15,0,0,0,9.4,197.1844361332811,2.5444934,10.6,3,4,3,5,0,0,0,4,200.0,-40.5,-131.0,0.0,0.0,-317.1377616886515,0.0,0
1163,39,549,,cpu,6,-1872.7620683644957,-312.1270113940826,5,True,False,2,9,0,9,-0.3247118890285492,0.003827537118922919,0.0018715477975395818,2.746530612309774,2.746530612309774,1.9239386717478435,2.746530612309774,,2.5,10,4,15,15,0,0,0,9.333333333333334,191.42344522672187,2.0885642,10.6,3,4,3,5,0,0,0,2,100.0,-16.5,-131.0,0.0,-1499.6562600135803,-315.6058083509154,0.0,0
1164,158,346,,cpu,7,-329.89512034247196,-47.127874334638854,0,True,False,,20,0,14,-0.03544107345598085,0.0002223157493322755,0.0032350978581234813,2.4633563586643765,2.4750704765319824,1.77259738104684,2.4750704765319824,,2.142857142857143,10,5,15,15,0,0,0,8.4,200.4197036786958,2.2367156,10.6,3,4,3,5,0,0,0,3,150.0,-42.0,-131.0,0.0,0.0,-286.89512034247196,0.0,0
1165,141,555,,cpu,6,-395.49970217075145,-65.91661702845857,0,True,False,,20,0,14,0.017422592577834923,1.8348198409512406e-05,0.0028509788874847195,1.732867956161499,1.732867956161499,2.363393863042196,1.732867956161499,,2.5,10,4,15,15,0,0,0,9.466666666666667,207.01245008149087,2.4747937,10.6,3,4,3,5,0,0,0,2,100.0,-38.0,-131.0,0.0,0.0,-326.49970217075145,0.0,0
1166,261,538,,cpu,150,-179885.20657161056,-1199.2347104774037,463,False,True,18,289,201,228,-2.4860205427308877,7.037447052530479,0.11005471889084827,1.0687649178504943,1.0547681665420532,0.23982475717862448,1.0547681665420532,,0.9733333333333334,10,76,146,146,0,0,0,6.52054794520548,110.75363946965504,1.9320776,10.6,36,38,32,40,11,8,0,10,1050.0,-12111.5,-1180.0,0.0,-164464.64136838913,-2069.0652032214207,0.0,0
1167,226,488,,cpu,6,-999.0912768984799,-166.5152128164133,2,True,False,2,6,0,5,0.0759219874938329,0.0005634584158542566,0.0014971594597833853,2.746530612309774,2.746530612309774,2.11385170618693,2.746530612309774,,2.5,10,4,15,15,0,0,0,7.733333333333333,162.92386909694198,2.1525002,10.6,3,4,3,5,0,0,0,1,50.0,-10.5,-131.0,0.0,-619.6376085281372,-267.9536683703426,0.0,0
1168,291,209,,cpu,6,-2047.4613320679596,-341.2435553446599,5,True,False,2,11,0,7,-0.07533579443891843,0.0005256611366348807,0.0015024594031274319,2.746530612309774,2.746530612309774,2.111920158068339,2.746530612309774,,2.5,10,4,15,15,0,0,0,8.4,171.28179716568886,1.9824275,10.6,3,4,3,5,1,0,0,0,50.0,-19.0,-131.0,0.0,-1664.9336755275726,-282.52765654038683,0.0,0
1169,258,469,,cpu,6,-1546.6807274806624,-257.78012124677707,4,True,False,2,8,0,6,0.017986643438537914,0.0008252355693609085,0.0014799970085732639,2.746530612309774,2.746530612309774,2.185784856478373,2.746530612309774,,2.5,10,4,15,15,0,0,0,6.133333333333334,96.88792734799297,1.4295572,10.6,3,4,3,5,2,0,0,0,100.0,-12.5,-131.0,0.0,-1304.2582750320435,-198.92245244861903,0.0,0
1170,271,427,,cpu,5,-1268.2462475015275,-253.6492495003055,3,True,False,2,7,0,6,0.008744065091013909,0.00024587808955232047,0.0014076484367251396,3.2958367347717283,3.2958367347717283,2.93847770690918,3.2958367347717283,,3.0,10,3,15,15,0,0,0,6.133333333333334,97.02132483626423,1.2711649,10.6,3,4,3,5,1,0,0,0,50.0,-11.0,-131.0,0.0,-977.283775806427,-198.96247169510042,0.0,0
1171,274,157,,cpu,7,-1506.2734944075137,-215.18192777250195,4,True,False,2,8,0,7,-0.15231029050690786,0.0004945411253304753,0.001734172725783927,2.712226595197405,2.718551908220564,2.0165506431034634,2.718551908220564,,2.142857142857143,10,5,15,15,0,0,0,8.733333333333333,177.2591556820265,2.121917,8.6,3,4,3,5,1,0,0,1,100.0,-19.5,-131.0,0.0,-1112.304949760437,-303.4685446470768,0.0,0
1172,148,393,,cpu,6,-390.49079064150055,-65.0817984402501,0,True,False,,10,0,10,0.017146265755097072,0.00017025178158291965,0.0025544536377613745,1.732867956161499,1.732867956161499,1.8324746787548065,1.732867956161499,,2.5,10,4,15,15,0,0,0,9.2,234.59090281990805,1.9822154,10.6,3,4,3,5,0,0,0,2,100.0,-22.0,-131.0,0.0,0.0,-317.4907906415005,0.0,0
1173,109,497,,cpu,7,-887.9900904602068,-126.85572720860098,2,True,False,4,16,0,11,-0.0669713978256498,0.0007310938672162592,0.003061340074054897,1.7749333381652832,1.7749333381652832,1.8485968283244543,1.7749333381652832,,2.142857142857143,10,5,15,15,0,0,0,9.466666666666667,202.01611899693398,2.6984134,10.6,3,4,3,5,0,0,0,4,200.0,-35.5,-131.0,0.0,-576.4892876148224,-325.0008028453844,0.0,0
1174,244,333,,cpu,7,-553.270688460242,-79.03866978003457,1,True,False,2,9,0,7,0.01809997484087944,6.389265633645534e-05,0.0015554864658042789,2.35416909626552,2.35416909626552,2.1507370812552318,2.35416909626552,,2.142857142857143,10,5,15,15,0,0,0,6.333333333333333,111.43778087023826,1.7398236,9.4,3,4,3,5,1,0,0,1,100.0,-18.0,-131.0,0.0,-252.20080614089966,-212.06988231934233,0.0,0
1175,259,478,,cpu,5,-644.4723080996976,-128.8944616199395,1,True,False,2,8,0,7,0.13187984973192216,0.0005717527499655261,0.0013780904468148948,4.84476490020752,4.827672386169434,2.1931310653686524,4.827672386169434,,3.0,10,3,15,15,0,0,0,6.266666666666667,103.27541452088104,1.3061559,5.6,3,4,3,5,1,0,0,0,50.0,-11.0,-131.0,0.0,-349.61938858032227,-202.85291951937535,0.0,0
1176,34,512,,cpu,6,-1949.7992219305247,-324.9665369884208,5,True,False,2,10,0,9,-0.125416599214077,0.00031414970362675376,0.00215289049083367,2.746530612309774,2.746530612309774,2.530973752339681,2.746530612309774,,2.5,10,4,15,15,0,0,0,9.333333333333334,191.9669254247952,1.9687783,10.6,3,4,3,5,0,0,0,2,100.0,-21.5,-131.0,0.0,-1561.5303695201874,-315.76885241033744,0.0,0
1177,118,113,,cpu,150,-50607.60443411297,-337.3840295607531,121,False,True,16,530,507,404,-0.13492056905912855,0.11793925687791453,0.24031779827705274,0.6371139856179555,0.6400274141629537,0.13960638930400213,0.6400274141629537,,0.7533333333333333,10,86,113,113,0,0,0,10.91150442477876,220.13435960139162,2.7849076,10.6,23,28,22,40,5,5,0,7,600.0,-15547.0,-1005.0,0.0,-30959.301152825356,-2806.3032812876127,0.0,0
1178,52,578,,cpu,6,-705.507646601282,-117.58460776688032,1,True,False,4,14,0,11,0.2712986121575038,0.0036940239757920303,0.002549509285017848,2.0707555611928306,2.0707555611928306,2.024671733379364,2.0707555611928306,,2.5,10,4,15,15,0,0,0,9.4,195.66938045188215,2.2809496,10.6,3,4,3,5,0,0,0,2,100.0,-28.5,-131.0,0.0,-309.32440161705017,-316.68324498423186,0.0,0
1179,43,482,,cpu,7,-408.29381142000955,-58.32768734571565,0,True,False,,16,0,12,0.3096715382167271,0.005194671884445208,0.002574022742919624,1.4853153909955705,1.4853153909955705,1.9316031166485377,1.4853153909955705,,2.142857142857143,10,5,15,15,0,0,0,9.333333333333334,192.050122123702,2.384028,10.6,3,4,3,5,0,0,0,2,100.0,-31.5,-131.0,0.0,0.0,-315.79381142000943,0.0,0
1180,233,207,,cpu,150,-139756.478780258,-931.7098585350534,435,False,True,22,205,200,154,-1.3846639480503897,3.4035450564385368,0.13870784111941853,0.7015792644023895,0.7116528948148092,0.24852852682272594,0.7116528948148092,,0.8733333333333333,10,72,131,131,0,0,0,7.519083969465649,139.17272106498314,2.0105603,10.6,31,35,25,40,18,11,4,11,1450.0,-8098.5,-1110.0,0.0,-129021.08751335119,-2186.891266906827,0.0,0
1181,272,390,,cpu,5,-1872.0148373843213,-374.40296747686426,5,True,False,2,8,0,7,0.17633554339408875,0.0024542559520341458,0.0013800778426229954,3.2958367347717283,3.2958367347717283,2.694884777069092,3.2958367347717283,,3.0,10,3,15,15,0,0,0,6.333333333333333,111.54313312006872,1.2883246,8.6,3,4,3,5,1,0,0,0,50.0,-13.0,-131.0,0.0,-1565.91334939003,-212.10148799429146,0.0,0
1182,98,502,,cpu,7,-270.1792714928724,-38.59703878469605,0,True,False,,29,0,21,0.3245971287999834,0.005244226926671607,0.0037436822562345435,1.4853153909955705,1.4853153909955705,2.23887266431536,1.4853153909955705,,2.142857142857143,10,5,15,15,0,0,0,9.533333333333333,202.6110144885605,2.5783043,10.6,3,4,3,5,0,0,0,5,250.0,-54.0,-131.0,0.0,0.0,-325.1792714928723,0.0,0
1183,190,312,,cpu,7,-375.5834260571279,-53.65477515101827,0,True,False,,22,0,16,0.2166880965232849,0.002253524709625968,0.002196885146466749,1.4853153909955705,1.4853153909955705,1.878078477723258,1.4853153909955705,,2.142857142857143,10,5,15,15,0,0,0,8.733333333333333,192.77451236354725,2.1855066,10.6,3,4,3,5,0,0,0,2,100.0,-39.5,-131.0,0.0,0.0,-295.0834260571279,0.0,0
1184,32,578,,cpu,7,-1618.5487969879528,-231.22125671256467,4,True,False,2,24,0,18,-0.060437287603105815,0.00019895279936983052,0.002650310401804745,2.35416909626552,2.35416909626552,2.078310183116368,2.35416909626552,,2.142857142857143,10,5,15,15,0,0,0,9.4,197.1844361332811,2.5444934,10.6,3,4,3,5,0,0,0,4,200.0,-45.5,-131.0,0.0,-1304.9110352993011,-317.1377616886515,0.0,0
1185,173,212,,cpu,15,-80.99024072629601,-5.399349381753067,0,True,False,,13,0,10,0.03179540038108826,0.0018432132666930557,0.004111069611584147,0.2310490608215332,0.2310490608215332,0.433536696434021,0.2310490608215332,,0.3333333333333333,1,10,5,5,0,0,0,5.0,0.0,0.0,0.0,0,0,0,5,0,0,0,2,100.0,-54.0,-75.0,0.0,0.0,-51.990240726296015,0.0,0
1186,165,391,,cpu,7,-389.95058821195323,-55.70722688742189,0,True,False,,9,0,9,-0.0053757239199642625,0.0006341034209153154,0.002418220675151263,1.4853153909955705,1.4853153909955705,2.0431928634643555,1.4853153909955705,,2.142857142857143,10,5,15,15,0,0,0,7.666666666666667,164.19824729453583,2.1394734,10.6,3,4,3,5,1,0,0,0,50.0,-22.5,-131.0,0.0,0.0,-256.45058821195323,0.0,0
1187,296,250,,cpu,5,-1977.277198934372,-395.4554397868744,5,True,False,2,8,0,6,-0.4515017569065094,0.003770435554906726,0.0013199892593547702,3.2958367347717283,3.2958367347717283,2.913119602203369,3.2958367347717283,,3.0,10,3,15,15,0,0,0,8.133333333333333,158.70988242166612,1.4351902,9.6,3,4,3,5,1,0,0,0,50.0,-11.5,-131.0,0.0,-1614.1468703746796,-270.63032855969254,0.0,0
1188,276,315,,cpu,7,-294.16902695781,-42.02414670825857,0,True,False,,21,0,21,-0.006757053413561412,0.0005910874390987633,0.0025910510116123726,1.4853153909955705,1.4853153909955705,2.0220046043395996,1.4853153909955705,,2.142857142857143,10,5,15,15,0,0,0,8.133333333333333,162.17221041539108,1.9128686,9.6,3,4,3,5,1,0,0,2,150.0,-41.5,-131.0,0.0,0.0,-271.66902695781,0.0,0
1189,13,452,,cpu,6,-1002.8290096843554,-167.1381682807259,2,True,False,2,9,0,8,-0.058032979567845665,0.0004413397412766547,0.0018579513028574486,2.746530612309774,2.746530612309774,2.6309749285380044,2.746530612309774,,2.5,10,4,15,15,0,0,0,7.133333333333334,126.95890818643164,1.9296745,9.6,3,4,3,5,0,0,0,1,50.0,-17.0,-131.0,0.0,-638.1137371063232,-236.71527257803208,0.0,0
1190,289,124,,cpu,12,-2253.3632747570373,-187.78027289641977,6,True,False,2,19,0,10,-0.07129199989140034,0.0007407280572806485,0.0018732779135461897,1.373265306154887,1.373265306154887,1.0719781319300334,1.373265306154887,,1.25,10,10,15,15,0,0,0,8.866666666666667,176.80035634906926,2.8251688,10.6,3,4,3,5,2,0,1,2,200.0,-42.0,-131.0,0.0,-1934.3519926071167,-306.0112821499207,0.0,0
1191,215,206,,cpu,150,-95357.75688087275,-635.7183792058183,290,False,True,46,309,302,230,-0.610888825180009,1.1050682682740778,0.12392217403432976,0.6002490345637004,0.6032686301072439,0.22285193244616192,0.6032686301072439,,0.5933333333333334,10,96,89,89,0,0,0,7.426966292134831,131.95026619986504,1.2928401,10.6,19,22,16,32,8,10,2,5,650.0,-8861.0,-799.0,0.0,-84290.17941953003,-1467.5774613427157,0.0,0
1192,10,390,,cpu,150,-30168.507492733617,-201.1233832848908,75,False,True,2,278,275,216,0.23516216268219675,0.3305232864993407,0.14273298242595048,0.752660204966863,0.7868194119135539,0.1397870699564616,0.7868194119135539,,0.8,10,78,120,120,0,0,0,9.883333333333333,245.13555601989444,2.4801798,10.6,25,29,21,45,12,9,2,10,1100.0,-7676.0,-1095.0,0.0,-19022.56842377605,-2694.9390689575666,0.0,0
1193,249,511,,cpu,6,-1949.2466557067955,-324.8744426177993,5,True,False,2,11,0,10,0.23141880333423615,0.002587456382267798,0.0015824955771677196,2.746530612309774,2.746530612309774,1.9526324272155762,2.746530612309774,,2.5,10,4,15,15,0,0,0,6.866666666666666,122.19355259251873,1.8660239,10.6,3,4,3,5,1,0,0,0,50.0,-19.5,-131.0,0.0,-1626.3343811035156,-222.4122746032798,0.0,0
1194,209,489,,cpu,6,-1275.9694334686355,-212.6615722447726,3,True,False,2,8,0,6,0.4226234058539073,0.007416216578955452,0.001745552911112706,2.746530612309774,2.746530612309774,2.3131954669952393,2.746530612309774,,2.5,10,4,15,15,0,0,0,7.733333333333333,162.29663083510766,2.2194307,10.6,3,4,3,5,0,0,0,1,50.0,-15.0,-131.0,0.0,-882.2039365768433,-267.76549689179234,0.0,0
1195,192,167,,cpu,9,-995.2181965444723,-110.57979961605248,3,True,False,2,7,0,7,0.1529735740688112,0.011335677674247159,0.0016300109887702598,0.6103401713901095,0.6103401713901095,0.7349590460459391,0.6103401713901095,,0.5555555555555556,1,4,5,5,0,0,0,5.0,0.0,0.0,0.0,0,0,0,5,0,0,0,1,50.0,-22.0,-75.0,0.0,-896.2279558181763,-51.990240726296015,0.0,0
1196,231,311,,cpu,150,-137940.16071925455,-919.601071461697,405,False,True,24,366,255,277,-1.906564180056254,3.7639915635481276,0.20248433441699792,0.8646966814994812,0.868127240339915,0.17771004190047582,0.868127240339915,,0.9066666666666666,10,72,136,136,0,0,0,7.522058823529412,137.2908617808224,1.8794165,10.6,34,36,26,40,12,8,0,12,1200.0,-15019.5,-1136.0,0.0,-119703.6238912493,-2261.036828005249,0.0,0
1197,24,359,,cpu,6,-449.46776386620684,-74.91129397770113,0,True,False,,11,0,11,0.38522621989250183,0.00540778487144659,0.0029824627951408425,1.732867956161499,1.732867956161499,2.6397063732147217,1.732867956161499,,2.5,10,4,15,15,0,0,0,11.0,302.29755067458944,2.0944054,10.6,3,4,3,5,0,0,0,2,100.0,-23.0,-131.0,0.0,0.0,-375.46776386620695,0.0,0
1198,186,134,,cpu,7,-421.9875686120675,-60.2839383731525,0,True,False,,8,0,6,0.20758584993226187,0.0026834129488893916,0.0018802920655746544,1.4853153909955705,1.4853154591151647,1.8454186575753349,1.4853154591151647,,2.142857142857143,10,5,15,15,0,0,0,10.2,250.32705342078012,2.4984698,10.6,3,4,3,5,0,0,0,2,100.0,-19.5,-131.0,0.0,0.0,-351.4875686120675,0.0,0
1199,143,393,,cpu,6,-404.5077805646563,-67.41796342744271,0,True,False,,12,0,10,0.1350534732143084,0.0005053293154257213,0.0027509386030336223,1.732867956161499,1.732867956161499,2.564070383707682,1.732867956161499,,2.5,10,4,15,15,0,0,0,9.266666666666667,236.31420256376072,1.9080782,10.6,3,4,3,5,0,0,0,2,100.0,-25.5,-131.0,0.0,0.0,-318.0077805646563,0.0,0
1200,297,461,,cpu,5,-1618.6414364005154,-323.7282872801031,4,True,False,2,6,0,5,-0.34148829579353335,0.0027822522446513177,0.001212386740371585,3.2958367347717283,3.2958367347717283,2.7528951168060303,3.2958367347717283,,3.0,10,3,15,15,0,0,0,6.133333333333334,96.95713252512085,1.2879518,10.6,3,4,3,5,1,0,0,0,50.0,-8.5,-131.0,0.0,-1330.198222398758,-198.94321400175738,0.0,0
1201,36,424,,cpu,14,-2821.042188980075,-201.5030134985768,9,True,False,2,12,0,6,-0.287096901530666,0.007702375818943048,0.0038598553094613764,1.334029163633074,1.334029163633074,1.028886045728411,1.334029163633074,,1.2142857142857142,10,10,17,17,0,0,0,6.764705882352941,119.69839762757789,2.4686513,9.6,4,5,3,5,3,2,0,4,350.0,-42.0,-144.0,0.0,-2690.569084882736,-254.47310409733876,0.0,0
1202,122,477,,cpu,7,-286.99712906618197,-40.999589866597425,0,True,False,,21,0,15,-0.15514068092618669,0.003648781101219356,0.002760609329145934,1.9553571428571428,1.9790658950805664,1.7583154610225133,1.9790658950805664,,2.142857142857143,10,5,15,15,0,0,0,6.8,115.6795113925224,1.5824307,10.6,3,4,3,5,2,0,0,1,150.0,-39.0,-131.0,0.0,0.0,-226.99712906618194,0.0,0
1203,240,424,,cpu,5,-1551.4102335539803,-310.28204671079607,4,True,False,2,8,0,7,-0.5195224523544312,0.006183583289384842,0.0019025082932785154,3.4052935600280763,3.28540620803833,2.701841616630554,3.28540620803833,,3.0,10,3,15,15,0,0,0,6.133333333333334,96.88792734799297,1.262413,10.6,3,4,3,5,1,0,0,0,50.0,-14.5,-131.0,0.0,-1257.7639877796173,-198.146245774363,0.0,0
1204,43,556,,cpu,6,-695.0928554585716,-115.84880924309527,1,True,False,2,8,0,7,-0.1546039879322052,0.0017320728074992076,0.0018950722684773307,2.746530612309774,2.746530612309774,2.0414138237635293,2.746530612309774,,2.5,10,4,15,15,0,0,0,9.333333333333334,191.42358639581744,1.9931374,10.6,3,4,3,5,0,0,0,2,100.0,-17.0,-131.0,0.0,-301.4870047569275,-315.6058507016441,0.0,0
1205,157,545,,cpu,55,-2822.0622758690433,-51.31022319761897,4,True,False,36,22,0,16,0.291285952787042,0.29211499208711095,0.009485652678730814,0.8328536228700117,0.8311345273798162,0.42391604618592693,0.8311345273798162,,0.9636363636363636,10,32,53,53,0,0,0,8.0,155.41587514857568,2.2154202,9.6,11,15,11,16,5,5,0,3,400.0,-300.0,-448.0,0.0,-1185.7327461242676,-968.329529744776,0.0,0
1206,209,544,,cpu,21,-716.6786191391457,-34.12755329234027,2,True,False,19,17,0,15,0.06252339127517882,0.003104991056023296,0.0034449519478671605,1.0786591484433128,1.0786591484433128,0.5663993983041673,1.0786591484433128,,1.3333333333333333,10,12,28,28,0,0,0,7.142857142857143,137.5664467123093,2.5230317,10.6,6,7,5,10,4,0,3,2,300.0,-80.0,-251.0,0.0,-144.99367912261803,-460.68494001652766,0.0,0
1207,212,361,,cpu,7,-1566.4773456197954,-223.78247794568506,4,True,False,2,15,0,12,-0.15189060143062047,0.0007010539411567152,0.0021121305014405933,2.35416909626552,2.35416909626552,2.3154328210013255,2.35416909626552,,2.142857142857143,10,5,15,15,0,0,0,7.666666666666667,164.3791948389059,2.122073,10.6,3,4,3,5,1,0,0,1,100.0,-35.0,-131.0,0.0,-1213.9724731445312,-256.5048724752642,0.0,0
1208,283,352,,cpu,5,-1195.949591965605,-239.189918393121,3,True,False,2,6,0,5,-0.04098258763551712,6.455102011386771e-05,0.0012144698528572917,3.2958367347717283,3.2958367347717283,2.827592611312866,3.2958367347717283,,3.0,10,3,15,15,0,0,0,6.333333333333333,111.44759393112435,1.4595419,10.6,3,4,3,5,1,0,0,0,50.0,-7.5,-131.0,0.0,-895.3767657279968,-212.07282623760813,0.0,0
1209,139,478,,cpu,12,-1757.8811882331777,-146.49009901943148,5,True,False,2,8,0,6,-0.021329601140071947,0.000728080992535259,0.002580139242733518,1.9913039207458496,2.008910576502482,1.135077695051829,2.008910576502482,,1.25,10,10,15,15,0,0,0,7.933333333333334,151.83739432561566,2.3429143,8.6,3,4,3,5,1,1,0,1,100.0,-31.5,-131.0,0.0,-1338.3308291435242,-267.05035908965345,0.0,0
1210,278,400,,cpu,15,-2666.8730999356735,-177.79153999571156,7,True,False,2,7,0,7,-0.057305474082628885,0.002547377311566379,0.0021163581249614557,1.3954403241475424,1.3915438652038574,0.914741865793864,1.3915438652038574,,1.2666666666666666,10,10,19,19,0,0,0,5.842105263157895,99.38558553442402,1.3202035,6.6,5,5,4,5,2,1,0,0,100.0,-19.5,-152.0,0.0,-2233.6173057556152,-241.75579418005822,0.0,0
1211,229,439,,cpu,3,-1885.5756272053356,-628.5252090684452,5,True,False,2,5,0,5,-0.18849358956019083,0.0005910546363641819,0.001225608866661787,5.493061224619548,5.493061224619548,4.638810316721599,5.493061224619548,,5.0,10,1,15,15,0,0,0,7.533333333333333,150.2148530383651,0.7358975,7.0,3,4,3,5,0,0,0,0,0.0,-5.0,-131.0,0.0,-1502.2161602973938,-247.35946690794182,0.0,0
1212,57,540,,cpu,7,-1307.2215667268747,-186.74593810383925,3,True,False,2,8,0,7,0.04186189227870533,0.0002859392699454994,0.002107606518880597,2.35416909626552,2.35416909626552,1.7536615644182478,2.35416909626552,,2.142857142857143,10,5,15,15,0,0,0,9.333333333333334,189.9410187576496,2.5305007,10.6,3,4,3,5,0,0,0,1,50.0,-20.5,-131.0,0.0,-850.5604863166809,-315.16108041019373,0.0,0
1213,235,449,,cpu,7,-1784.8244179893654,-254.97491685562363,5,True,False,2,13,0,9,-0.08361550952707018,0.00026221267645658893,0.0018135484507573502,2.35416909626552,2.35416909626552,2.2685815606798445,2.35416909626552,,2.142857142857143,10,5,15,15,0,0,0,7.533333333333333,141.73010020898755,1.8019259,10.6,3,4,3,5,1,0,0,1,100.0,-30.0,-131.0,0.0,-1469.0103769302368,-244.81404105912856,0.0,0
1214,55,533,,cpu,150,-59641.55842090818,-397.6103894727212,172,False,True,9,182,103,141,-0.19154972054064273,0.40442610802148315,0.14313346192861598,0.8568674119313558,0.8582919609546661,0.19460047086079915,0.8582919609546661,,0.86,10,79,129,129,0,0,0,8.589147286821705,166.47220335335115,2.6946654,10.6,25,37,22,45,18,6,2,11,1450.0,-7811.0,-1162.0,0.0,-48774.870815873146,-2513.6876050350356,0.0,0
1215,220,543,,cpu,6,-377.52227502352173,-62.920379170586955,0,True,False,,10,0,8,0.21914716561635336,0.0018490358876685302,0.0015437467372976243,1.732867956161499,1.732867956161499,2.1945231755574546,1.732867956161499,,2.5,10,4,15,15,0,0,0,7.733333333333333,163.1525579408724,2.1521456,10.6,3,4,3,5,0,0,0,1,50.0,-18.5,-131.0,0.0,0.0,-268.02227502352173,0.0,0
1216,304,524,,cpu,150,-107161.01767395074,-714.4067844930049,270,False,True,7,153,118,118,-1.1965130035796514,1.2472970363002727,0.03642055718305831,1.0308301981290182,1.0343998551368714,0.18605980455875396,1.0343998551368714,,0.98,10,67,147,147,0,0,0,6.36734693877551,105.4620543980249,1.8788483,10.6,36,39,32,40,20,8,0,4,1200.0,-4636.0,-1188.0,0.0,-99417.97315478325,-2019.044519167501,0.0,0
1217,249,475,,cpu,6,-1532.9705109311692,-255.49508515519486,4,True,False,2,8,0,7,0.08613571524620056,0.0006285075445096785,0.0014066093717701733,2.746530612309774,2.746530612309774,2.4739232063293457,2.746530612309774,,2.5,10,4,15,15,0,0,0,6.133333333333334,97.02132483626423,1.4368504,10.6,3,4,3,5,2,1,0,0,100.0,-14.0,-131.0,0.0,-1289.0080392360687,-198.96247169510042,0.0,0
1218,208,476,,cpu,7,-568.2900653714919,-81.18429505307027,1,True,False,4,21,0,16,0.1778203078678676,0.001369723501349134,0.0026801027956285645,1.7749333381652832,1.7749333381652832,1.7799016748155867,1.7749333381652832,,2.142857142857143,10,5,15,15,0,0,0,7.4,139.2344836755831,1.879391,10.6,3,4,3,5,1,0,0,2,150.0,-49.0,-131.0,0.0,-294.22470927238464,-244.0653560991072,0.0,0
1219,165,527,,cpu,42,-7468.836306765186,-177.82943587536158,23,True,False,2,19,0,16,-0.051097576190451424,0.05803590355018124,0.006178735178850946,1.167430661973499,1.167430661973499,0.5443771864686694,1.167430661973499,,1.0714285714285714,10,23,45,45,0,0,0,7.177777777777778,136.82114357061445,2.296616,10.6,10,11,9,15,7,1,2,4,550.0,-214.0,-390.0,0.0,-6440.034226519213,-744.8020802459732,0.0,0
1220,192,514,,cpu,6,-374.42390790446393,-62.403984650743986,0,True,False,,8,0,7,0.04503078696628412,0.00016590524580806232,0.0016173292727520068,1.732867956161499,1.732867956161499,2.2618524630864463,1.732867956161499,,2.5,10,4,15,15,0,0,0,7.8,166.1580008773463,2.1404598,10.6,3,4,3,5,0,0,0,1,50.0,-14.5,-131.0,0.0,0.0,-268.92390790446393,0.0,0
1221,25,397,,cpu,7,-457.8451708943885,-65.40645298491265,0,True,False,,10,0,9,-0.017262137894119536,0.0005279676466411079,0.00238924495144082,1.4853153909955705,1.4853153909955705,1.7880093881062098,1.4853153909955705,,2.142857142857143,10,5,15,15,0,0,0,11.0,303.55557410186145,2.4246192,10.6,3,4,3,5,0,0,0,2,100.0,-21.0,-131.0,0.0,0.0,-375.8451708943885,0.0,0
1222,3,491,,cpu,6,-1979.7882158713353,-329.96470264522253,5,True,False,2,6,0,6,-0.3407245973745982,0.0026327104424126446,0.0013786326550568144,2.746530612309774,2.746530612309774,2.420732100804647,2.746530612309774,,2.5,10,4,15,15,0,0,0,9.333333333333334,196.12786546945028,2.0600674,10.6,3,4,3,5,0,0,0,1,50.0,-11.0,-131.0,0.0,-1550.7710814476013,-317.017134423734,0.0,0
1223,283,225,,cpu,7,-1601.3994613520351,-228.7713516217193,4,True,False,2,10,0,7,-0.15131047793797084,0.001257559606788813,0.0014684074225702456,2.35416909626552,2.35416909626552,1.7767515863691057,2.35416909626552,,2.142857142857143,10,5,15,15,0,0,0,8.466666666666667,171.77807132600734,2.2425032,10.6,3,4,3,5,1,0,0,2,150.0,-22.5,-131.0,0.0,-1305.2229225635529,-282.6765387884824,0.0,0
1224,212,155,,cpu,150,-40012.69155937221,-266.7512770624814,88,False,True,117,246,174,186,-0.0824609696616729,0.0860049665074404,0.18091557824906582,0.7000137968858083,0.6980216705799103,0.18556049207846323,0.6980216705799103,,0.8733333333333333,10,85,131,131,0,0,0,8.358778625954198,165.7863604969859,2.3907435,10.6,30,34,27,40,20,12,1,17,1850.0,-10115.0,-1103.0,0.0,-27413.418716192245,-2481.272843179965,0.0,0
1225,209,178,,cpu,150,-95703.34149844742,-638.0222766563162,281,False,True,8,344,293,274,-0.5489968807436526,1.2020935817338856,0.185681099993332,0.5469436188538869,0.5471376077334086,0.1900467484196027,0.5471376077334086,,0.7066666666666667,10,84,106,106,0,0,0,7.962264150943396,147.39158752805943,1.6649833,10.6,22,25,19,40,14,3,0,13,1350.0,-12771.5,-967.0,0.0,-80750.18560886383,-1894.6558895835872,0.0,0
1226,89,400,,cpu,25,-679.3297697251346,-27.173190789005385,0,True,False,,20,0,16,0.16007399901747704,0.017023821529000997,0.007396320975385606,0.8773413300514221,0.9128056502342224,0.5213636493682862,0.9128056502342224,,1.2,10,13,30,30,0,0,0,7.3,139.2915142531491,2.0608757,10.6,6,8,6,10,4,2,0,3,350.0,-115.0,-262.0,0.0,0.0,-492.3297697251346,0.0,0
1227,294,539,,cpu,7,-203.74334754428273,-29.106192506326103,0,True,False,,17,0,14,0.5048100437436785,0.013858291187456675,0.0014845677318849734,1.4853153909955705,1.4853153909955705,2.2120979172842845,1.4853153909955705,,2.142857142857143,10,5,15,15,0,0,0,6.866666666666666,121.63046239586183,2.0103414,10.6,3,4,3,5,2,0,0,2,200.0,-30.5,-131.0,0.0,0.0,-222.24334754428273,0.0,0
1228,192,467,,cpu,7,-1754.8856341868188,-250.69794774097412,5,True,False,2,6,0,6,0.29424395731517244,0.007909029323075498,0.0016339993536738412,2.35416909626552,2.35416909626552,1.897013545036316,2.35416909626552,,2.142857142857143,10,5,15,15,0,0,0,7.466666666666667,141.38816055451295,1.8571063,10.6,3,4,3,5,1,0,0,0,50.0,-11.0,-131.0,0.0,-1408.1741750240326,-244.71145916278618,0.0,0
1229,131,557,,cpu,150,-45760.58900468005,-305.07059336453364,115,False,True,18,308,302,245,-0.03607424286504587,0.2232296829544551,0.11826516722949842,0.9405761845906575,0.9216046949227651,0.19167770405610401,0.9216046949227651,,0.8866666666666667,10,73,133,133,0,0,0,8.203007518796992,153.10969747475764,2.3324876,10.6,27,38,23,45,18,9,0,15,1650.0,-9457.5,-1183.0,0.0,-33494.531935453415,-2475.557069226632,0.0,0
1230,107,394,,cpu,10,-1630.4648683677271,-163.04648683677271,5,True,False,2,9,0,7,0.2301948368549347,0.0071421338245272635,0.0024493599310517313,1.6479183673858642,1.6479183673858642,1.4596610426902772,1.6479183673858642,,1.5,10,8,15,15,0,0,0,9.2,234.44044885775938,2.5395555,10.6,3,4,3,5,1,0,0,1,100.0,-20.5,-131.0,0.0,-1221.5192139148712,-317.44565445285593,0.0,0
1231,75,423,,cpu,24,-750.6494611211591,-31.277060880048296,0,True,False,,14,0,10,0.16004326411833367,0.013246049832863113,0.006171598569684041,0.8370993733406067,0.8375516335169474,0.7281815831859907,0.8375516335169474,,1.2083333333333333,10,14,29,29,0,0,0,6.413793103448276,100.651337312334,1.9303228,8.6,6,7,6,10,2,1,0,2,200.0,-94.5,-254.0,0.0,0.0,-412.1494611211591,0.0,0
1232,312,494,,cpu,6,-1721.5845983664487,-286.9307663944081,4,True,False,2,6,0,6,0.1090795025229454,0.0014145286550046876,0.0014781426871195436,2.746530612309774,2.746530612309774,2.4655014276504517,2.746530612309774,,2.5,10,4,15,15,0,0,0,6.866666666666666,121.94254571045097,1.7699331,10.6,3,4,3,5,1,0,0,0,50.0,-10.0,-131.0,0.0,-1408.2476258277893,-222.3369725386595,0.0,0
1233,178,127,,cpu,150,-14632.869996893432,-97.55246664595622,0,False,True,,329,320,249,0.21745765884717305,0.22985774881946175,0.15064018052614606,0.6453438240289688,0.6538074719905853,0.18647753119468688,0.6538074719905853,,0.8333333333333334,10,79,125,125,0,0,0,9.056,193.3928655229455,2.5574412,10.6,28,32,25,40,5,5,0,7,600.0,-10574.0,-1071.0,0.0,0.0,-2557.8699968934325,0.0,0
1234,211,457,,cpu,21,-1657.7674010567964,-78.9413048122284,4,True,False,2,25,0,14,-0.046618663414847106,0.0010389632859560802,0.003159599860997072,1.2717377344767253,1.271737740153358,0.7479953226589021,1.271737740153358,,1.3333333333333333,10,11,28,28,0,0,0,6.892857142857143,115.89539342271016,1.9710846,10.6,6,7,5,10,4,0,1,3,350.0,-81.5,-251.0,0.0,-1164.9083256721497,-420.35907538464676,0.0,0
1235,293,152,,cpu,43,-7763.17698328237,-180.53899961121792,21,True,False,10,26,0,23,-0.1519204307087632,0.06604995319638726,0.006710246451697204,0.8884258935617846,0.8884258935617846,0.40481993902561275,0.8884258935617846,,1.0232558139534884,10,25,44,44,0,0,0,7.840909090909091,134.7033053934972,2.5483217,10.6,10,11,8,15,3,5,0,1,200.0,-300.0,-387.0,0.0,-6230.684441328049,-785.4925419543215,0.0,0
1236,237,382,,cpu,17,-2964.8843427799643,-174.4049613399979,8,True,False,2,9,0,7,-0.29049772330943274,0.009097496027072124,0.0030369516736006037,1.4058689510121065,1.4040146154515885,0.9466866885914522,1.4040146154515885,,1.1176470588235294,10,12,19,19,0,0,0,6.842105263157895,144.33951726479054,1.9115324,10.6,6,5,3,5,2,1,0,0,100.0,-35.5,-154.0,0.0,-2456.069678068161,-289.3146647118032,0.0,0
1237,249,190,,cpu,6,-1722.112840781351,-287.01880679689185,5,True,False,2,7,0,6,-0.39839112758636475,0.00494978033627073,0.0018750566523522139,2.746530612309774,2.746530612309774,2.184672554334005,2.746530612309774,,2.5,10,4,15,15,0,0,0,8.4,171.4190019737752,1.9596816,10.6,3,4,3,5,1,0,0,0,50.0,-13.5,-131.0,0.0,-1345.0440227985382,-282.56881798281273,0.0,0
1238,237,350,,cpu,17,-1589.5779645145758,-93.50458614791623,4,True,False,2,11,0,10,-0.11256361878750955,0.0033089907421312735,0.0033119493232601706,1.2278607592863195,1.2278607592863195,0.8394501489751479,1.2278607592863195,,1.1176470588235294,10,12,19,19,0,0,0,6.947368421052632,148.12085406604888,2.0272639,10.6,6,5,3,5,2,1,0,1,150.0,-40.0,-154.0,0.0,-1131.593143939972,-293.984820574604,0.0,0
1239,18,435,,cpu,6,-1548.42679069689,-258.07113178281503,4,True,False,2,7,0,6,-0.18920638660589853,0.0007206988824085178,0.0021675775836532316,2.746530612309774,2.746530612309774,2.359345575173696,2.746530612309774,,2.5,10,4,15,15,0,0,0,7.133333333333334,129.26605798768497,2.0014074,9.6,3,4,3,5,0,0,0,2,100.0,-15.5,-131.0,0.0,-1254.519373178482,-237.4074175184081,0.0,0
1240,265,186,,cpu,6,-1212.3714512751965,-202.0619085458661,3,True,False,2,11,0,8,0.07124798124035199,0.00022569563589058816,0.002092597210624566,2.746530612309774,2.746530612309774,2.421189864476522,2.746530612309774,,2.5,10,4,15,15,0,0,0,8.466666666666667,171.78297815733148,2.06705,10.6,3,4,3,5,1,0,0,0,50.0,-23.0,-131.0,0.0,-825.6934404373169,-282.6780108378796,0.0,0
1241,276,179,,cpu,33,-4091.755688796099,-123.99259663018482,11,True,False,16,23,0,16,-0.05237473250775965,0.0088398624343082,0.004075898929978862,0.9107407945575137,0.910740796363715,0.5333652460213864,0.910740796363715,,1.0303030303030303,10,18,34,34,0,0,0,7.9411764705882355,151.81580136075692,2.4038563,10.6,8,9,7,10,4,1,0,4,400.0,-150.5,-283.0,0.0,-3266.1218881607056,-602.1338006353936,0.0,0
1242,254,480,,cpu,6,-1637.091181335159,-272.8485302225265,4,True,False,2,8,0,6,0.16268807649612427,0.0037954732154806456,0.0018536292676193018,2.735175530115763,2.7464176019032798,2.027742544809977,2.7464176019032798,,2.5,10,4,15,15,0,0,0,6.4,107.40935345387561,1.5527444,6.6,3,4,3,5,2,1,0,0,100.0,-13.5,-131.0,0.0,-1385.3562951087952,-207.234886226364,0.0,0
1243,63,451,,cpu,32,-1020.1657307370543,-31.880179085532948,1,True,False,18,14,0,12,0.13457507349085063,0.009843707764957799,0.007849947814975167,0.9857205264270306,0.9857789389789104,0.597939832136035,0.9857789389789104,,1.15625,10,18,37,37,0,0,0,6.54054054054054,106.73717018061048,2.28794,9.6,8,12,7,10,6,3,0,2,400.0,-129.0,-307.0,0.0,-261.95884346961975,-532.2068872674346,0.0,0
1244,112,355,,cpu,6,-323.64924568735756,-53.941540947892925,0,True,False,,11,0,9,0.3858365515867869,0.006060036364942789,0.002678987686522305,1.732867956161499,1.732867956161499,2.7466018994649253,1.732867956161499,,2.5,10,4,15,15,0,0,0,9.266666666666667,236.7857529727648,2.0023859,10.6,3,4,3,5,0,0,0,3,150.0,-24.5,-131.0,0.0,0.0,-318.1492456873575,0.0,0
1245,183,287,,cpu,150,-25790.482381644884,-171.9365492109659,28,False,True,24,515,515,377,-0.3523858197530111,0.22351760404805343,0.20223691986640915,0.8320004655917486,0.8297910881042481,0.2300056540966034,0.8297910881042481,,0.8733333333333333,10,73,131,131,0,0,0,8.229007633587786,165.30437021405893,1.935643,10.6,31,34,25,41,10,7,0,4,700.0,-16252.5,-1117.0,0.0,-5653.986691869795,-2426.995689775089,0.0,0
1246,14,521,,cpu,6,-700.9347229932494,-116.82245383220823,1,True,False,4,11,0,9,0.1677104483048121,0.0013602511511029054,0.0021799212166418633,2.0707555611928306,2.0707555611928306,2.016126275062561,2.0707555611928306,,2.5,10,4,15,15,0,0,0,9.333333333333334,191.42344522672187,2.0885642,10.6,3,4,3,5,0,0,0,2,100.0,-23.5,-131.0,0.0,-320.828914642334,-315.6058083509154,0.0,0
1247,161,533,,cpu,27,-4037.2044468662352,-149.5260906246754,12,True,False,2,20,0,16,-0.15580890373395825,0.00442067296275868,0.006151768564315581,1.5195720284073442,1.5022457440694172,0.6166961325539483,1.5022457440694172,,1.1111111111111112,10,15,30,30,0,0,0,8.166666666666666,162.90164501178498,2.2205677,7.4,6,8,6,10,3,2,1,4,350.0,-137.5,-262.0,0.0,-3285.520418114802,-562.1840287514332,0.0,0
1248,314,239,,cpu,5,-2746.7718371652822,-549.3543674330565,7,True,False,2,8,0,7,-0.4775469899177551,0.00306537443830166,0.001505065243691206,3.311696720123291,3.2956786155700684,3.218183135986328,3.2956786155700684,,3.0,10,3,15,15,0,0,0,8.266666666666667,166.95329916753778,1.4894472,8.6,3,4,3,5,1,0,0,0,50.0,-11.5,-131.0,0.0,-2376.6773760318756,-277.59446113340675,0.0,0
1249,81,485,,cpu,13,-397.7394647872908,-30.595343445176216,0,True,False,,17,0,11,0.06676270411564754,0.000306854300928395,0.0037035734947914113,1.5984571163470929,1.5995681469257061,1.0068191931797907,1.5995681469257061,,1.1538461538461537,10,11,15,15,0,0,0,9.4,198.96391362829124,2.7750754,9.6,3,4,3,5,1,1,0,2,150.0,-43.0,-131.0,0.0,0.0,-323.7394647872908,0.0,0
1250,37,498,,cpu,6,-2302.5733312940806,-383.76222188234675,6,True,False,2,8,0,6,-0.28878222902615863,0.001501953507613507,0.0017569443637815614,2.746530612309774,2.746530612309774,2.5019332567850747,2.746530612309774,,2.5,10,4,15,15,0,0,0,9.333333333333334,191.9669254247952,1.9687783,10.6,3,4,3,5,0,0,0,1,50.0,-13.5,-131.0,0.0,-1862.3044788837433,-315.76885241033744,0.0,0
1251,6,401,,cpu,7,-1567.4118672062266,-223.91598102946094,4,True,False,2,8,0,5,-0.10014123788901738,0.00023106173778484975,0.00195041109275605,2.9724057742527554,2.962266649518694,1.6464646203177316,2.962266649518694,,2.142857142857143,10,5,15,15,0,0,0,7.933333333333334,170.08169588936278,1.6693376,6.4,3,4,3,5,0,0,0,1,50.0,-16.0,-131.0,0.0,-1155.8021008968353,-264.6097663093914,0.0,0
1252,237,446,,cpu,7,-1815.8849788842215,-259.41213984060306,5,True,False,2,6,0,5,-0.0909050383738109,0.00029299082098077633,0.0013124343905864017,2.35416909626552,2.35416909626552,1.6471011298043388,2.35416909626552,,2.142857142857143,10,5,15,15,0,0,0,7.4,136.91258642802734,1.9513353,10.6,3,4,3,5,1,0,0,0,50.0,-7.5,-131.0,0.0,-1484.016191959381,-243.3687869248405,0.0,0
1253,124,455,,cpu,6,-2319.513466889779,-386.5855778149632,7,True,False,2,12,0,8,-0.13439767062664032,0.0005008115719344156,0.0022325869261597595,2.746530612309774,2.746530612309774,2.4728288650512695,2.746530612309774,,2.5,10,4,15,15,0,0,0,6.333333333333333,103.3199805642805,1.638537,10.6,3,4,3,5,1,0,0,1,100.0,-23.5,-131.0,0.0,-2042.4318432807922,-212.58162360898666,0.0,0
1254,253,443,,cpu,5,-293.49283272603975,-58.69856654520795,0,True,False,,10,0,6,0.35364932417869566,0.0038533422630280256,0.001449519139714539,2.079441547393799,2.079441547393799,3.043629360198975,2.079441547393799,,3.0,10,3,15,15,0,0,0,6.133333333333334,97.12252827272862,1.1528314,9.4,3,4,3,5,1,0,0,0,50.0,-13.5,-131.0,0.0,0.0,-198.9928327260397,0.0,0
1255,205,484,,cpu,6,-345.07537467652656,-57.51256244608776,0,True,False,,13,0,10,0.2582671791315079,0.003291287711666276,0.0019634716833631196,1.732867956161499,1.732867956161499,2.2662377754847207,1.732867956161499,,2.5,10,4,15,15,0,0,0,7.733333333333333,163.32955678422178,2.028404,10.6,3,4,3,5,0,0,0,2,100.0,-26.0,-131.0,0.0,0.0,-268.07537467652656,0.0,0
1256,312,368,,cpu,7,-608.5123159094971,-86.93033084421388,1,True,False,2,9,0,6,0.21975348251206533,0.0013510666072501668,0.0011975592767287577,2.35416909626552,2.35416909626552,2.235365799495152,2.35416909626552,,2.142857142857143,10,5,15,15,0,0,0,6.333333333333333,111.40213171122073,1.769316,10.6,3,4,3,5,1,0,0,1,100.0,-14.5,-131.0,0.0,-310.9531283378601,-212.05918757163707,0.0,0
1257,153,159,,cpu,150,-47771.264943213544,-318.4750996214236,134,False,True,19,243,183,192,-0.4558480080838005,0.4529514579987517,0.1626886100213354,0.7336400616168975,0.7438499820232392,0.1358651622136434,0.7438499820232392,,0.8133333333333334,10,74,122,122,0,0,0,9.344262295081966,201.69804292023204,2.6250646,9.6,26,32,24,40,12,4,2,24,1800.0,-10103.0,-1058.0,0.0,-35092.616116881836,-2567.648826331706,0.0,0
1258,70,555,,cpu,18,-2928.1818752580552,-162.67677084766973,8,True,False,2,12,0,9,-0.1448109701482786,0.0048096343772259485,0.003895699745044112,1.1596462726593018,1.1596462726593018,0.878984530766805,1.1596462726593018,,1.0555555555555556,10,13,19,19,0,0,0,9.052631578947368,186.77028557061837,2.8035505,10.6,5,6,3,5,1,1,0,2,150.0,-41.0,-157.0,0.0,-2401.8463015556335,-388.3355737024219,0.0,0
1259,64,561,,cpu,6,-1350.5321818098591,-225.08869696830985,3,True,False,2,8,0,8,-0.10489122072855632,0.00025564158568158746,0.0016441621313182015,3.2248303095499673,3.2259036699930825,2.6773611307144165,3.2259036699930825,,2.5,10,4,15,15,0,0,0,9.266666666666667,193.25179184568245,1.949562,9.6,3,4,3,5,0,0,0,1,50.0,-12.5,-131.0,0.0,-922.0274984836578,-315.0046833262012,0.0,0
1260,68,418,,cpu,150,-31117.287579693584,-207.44858386462388,94,False,True,64,172,101,134,-0.3983134064078331,0.1741738108934563,0.17571197955170648,0.8655415598551432,0.8679954290390015,0.20769980748494465,0.8679954290390015,,0.9666666666666667,10,68,145,145,0,0,0,6.848275862068966,121.56260616475546,1.8991903,9.6,34,40,26,45,26,11,2,15,2050.0,-6309.0,-1243.0,0.0,-22587.05139907884,-2208.2361806147446,0.0,0
1261,257,449,,cpu,3,-953.1297981334171,-317.70993271113906,2,True,False,2,5,0,5,0.32480570673942566,0.0007988223806023598,0.000997262541204691,5.493061224619548,5.493061224619548,4.686346570650737,5.493061224619548,,5.0,10,1,15,15,0,0,0,6.133333333333334,97.00081285107191,0.5507246,5.0,3,4,3,5,0,0,0,0,0.0,-5.0,-131.0,0.0,-618.1734800338745,-198.9563180995427,0.0,0
1262,8,567,,cpu,6,-2063.3503763477056,-343.8917293912843,5,True,False,2,7,0,7,0.005133994234104951,0.00038362236193734134,0.0013646215666085482,2.746530612309774,2.746530612309774,2.1763755281766257,2.746530612309774,,2.5,10,4,15,15,0,0,0,9.4,195.9551304804483,2.1398537,10.6,3,4,3,5,0,0,0,2,100.0,-15.0,-131.0,0.0,-1670.5814063549042,-316.76896999280166,0.0,0
1263,148,549,,cpu,150,-58594.73683867588,-390.6315789245059,164,False,True,2,324,315,258,-0.8686863160133362,0.5343960253894329,0.10810773880764221,1.0334912157058715,1.0490421191851298,0.20615348478158316,1.0490421191851298,,0.9,10,77,135,135,0,0,0,7.851851851851852,146.35198039353403,2.204723,10.6,28,36,26,45,17,4,3,12,1450.0,-9095.5,-1181.0,0.0,-46461.107889086285,-2407.128949589603,0.0,0
1264,206,223,,cpu,150,-106854.3487037469,-712.362324691646,333,False,True,50,248,225,193,-1.2358302291234333,2.7405337185660996,0.14944405166820313,0.6091495052973429,0.6191751186052958,0.231706818540891,0.6191751186052958,,0.7133333333333334,10,92,107,107,0,0,0,7.308411214953271,129.56925394922203,1.582849,9.6,24,27,20,36,11,9,4,13,1200.0,-8211.0,-936.0,0.0,-96538.294166216,-1739.0545375309114,0.0,0
1265,53,555,,cpu,6,-1331.079462226273,-221.8465770377122,3,True,False,2,7,0,7,0.3322685460249583,0.0031230333649242916,0.001638039849543323,2.746530612309774,2.746530612309774,2.586115757624308,2.746530612309774,,2.5,10,4,15,15,0,0,0,9.333333333333334,193.74403790354293,1.9748096,10.6,3,4,3,5,0,0,0,1,50.0,-14.5,-131.0,0.0,-889.2774760723114,-316.3019861539617,0.0,0
1266,6,513,,cpu,12,-1397.5671156381316,-116.46392630317763,3,True,False,6,18,0,14,0.1311707099278768,0.002365298530397316,0.0028379317081999034,0.8664339780807495,0.8664339780807495,1.1602645715077717,0.8664339780807495,,1.25,10,10,15,15,0,0,0,9.333333333333334,191.42344522672187,2.9740345,10.6,3,4,3,5,1,2,0,1,100.0,-47.5,-131.0,0.0,-953.4613072872162,-315.6058083509154,0.0,0
1267,203,484,,cpu,6,-349.1338480630376,-58.18897467717293,0,True,False,,9,0,8,0.40468241771062213,0.007582890180250009,0.0016484191680016618,1.732867956161499,1.732867956161499,2.167560577392578,1.732867956161499,,2.5,10,4,15,15,0,0,0,7.733333333333333,161.857801405925,2.1547775,10.6,3,4,3,5,0,0,0,2,100.0,-20.5,-131.0,0.0,0.0,-267.63384806303753,0.0,0
1268,269,443,,cpu,5,-1554.6390873047835,-310.9278174609567,4,True,False,2,7,0,7,0.20665102005004882,0.0020639593014493583,0.0010862139519304038,3.2958367347717283,3.2958367347717283,2.3692105531692507,3.2958367347717283,,3.0,10,3,15,15,0,0,0,6.133333333333334,96.90283919331938,1.1440796,9.6,3,4,3,5,1,0,0,0,50.0,-10.5,-131.0,0.0,-1264.2121613025665,-198.92692600221693,0.0,0
1269,244,313,,cpu,8,-259.2098429908482,-32.40123037385602,0,True,False,,18,0,16,0.18404654040932655,0.0017854545003501698,0.002039869039435871,1.2996509671211243,1.2996509671211243,1.6487105637788773,1.2996509671211243,,1.875,10,6,15,15,0,0,0,8.133333333333333,158.9749305255185,2.0970314,10.6,3,4,3,5,1,0,0,3,200.0,-37.5,-131.0,0.0,0.0,-270.7098429908482,0.0,0
1270,233,517,,cpu,6,-949.2500359679879,-158.20833932799798,2,True,False,2,9,0,7,-0.0057960016032059984,0.0001960595698922892,0.0013107859995216131,2.746530612309774,2.746530612309774,2.433505137761434,2.746530612309774,,2.5,10,4,15,15,0,0,0,7.733333333333333,162.29730809124936,2.2017434,10.6,3,4,3,5,0,0,0,2,100.0,-18.0,-131.0,0.0,-612.484335899353,-267.7657000686348,0.0,0
1271,116,511,,cpu,7,-429.13869810947926,-61.30552830135418,0,True,False,,16,0,12,-0.015167913532682828,0.0011155886105760665,0.0022431641617523773,1.4853153909955705,1.4853153909955705,2.178074291774205,1.4853153909955705,,2.142857142857143,10,5,15,15,0,0,0,9.466666666666667,204.14243654391697,2.7155197,10.6,3,4,3,5,0,0,0,2,100.0,-32.5,-131.0,0.0,0.0,-325.63869810947926,0.0,0
1272,121,456,,cpu,6,-1456.4377115512352,-242.73961859187253,4,True,False,2,11,0,7,-0.2473409523566564,0.0025233326014131308,0.0019508580638406177,2.746530612309774,2.746530612309774,2.342391014099121,2.746530612309774,,2.5,10,4,15,15,0,0,0,6.333333333333333,103.40491883653775,1.6587454,10.6,3,4,3,5,1,0,0,1,100.0,-21.0,-131.0,0.0,-1171.8306064605713,-212.60710509066385,0.0,0
1273,300,477,,cpu,12,-397.60595642774757,-33.1338297023123,0,True,False,,11,0,9,0.00997695179345707,0.000363262511806776,0.0017967473201376076,1.325154701868693,1.327987829844157,1.273042584458987,1.327987829844157,,1.5,10,8,18,18,0,0,0,5.777777777777778,93.5135431789918,1.6193961,8.4,5,5,3,5,2,2,0,0,100.0,-35.0,-149.0,0.0,0.0,-223.60595642774754,0.0,0
1274,56,584,,cpu,6,-407.6596327873164,-67.9432721312194,0,True,False,,17,0,12,0.13192992905775705,0.0005770409079559613,0.0021314770759393773,1.732867956161499,1.732867956161499,2.717860698699951,1.732867956161499,,2.5,10,4,15,15,0,0,0,9.4,195.5906731288307,2.1029892,10.6,3,4,3,5,0,0,0,2,100.0,-30.0,-131.0,0.0,0.0,-316.6596327873164,0.0,0
1275,34,547,,cpu,6,-707.5830176184135,-117.93050293640225,1,True,False,4,12,0,8,0.14823195338249207,0.0006518782044414214,0.0019218964541020493,2.0707555611928306,2.0707555611928306,2.41012042760849,2.0707555611928306,,2.5,10,4,15,15,0,0,0,9.333333333333334,192.48253293193994,1.9675382,10.6,3,4,3,5,0,0,0,2,100.0,-23.0,-131.0,0.0,-307.6594829559326,-315.92353466248085,0.0,0
1276,111,520,,cpu,6,-346.82611951105844,-57.804353251843075,0,True,False,,16,0,11,0.18906105061372122,0.0015959626101296938,0.001855632270841549,1.732867956161499,1.732867956161499,2.0737275878588357,1.732867956161499,,2.5,10,4,15,15,0,0,0,9.466666666666667,201.43384121584756,2.3988323,10.6,3,4,3,5,0,0,0,3,150.0,-31.0,-131.0,0.0,0.0,-324.82611951105844,0.0,0
1277,270,316,,cpu,7,-356.13032855969254,-50.87576122281322,0,True,False,,14,0,11,0.1397817305156163,0.0006702137415329292,0.0018562959906245982,1.4853153909955705,1.4853153909955705,2.1895534651620046,1.4853153909955705,,2.142857142857143,10,5,15,15,0,0,0,8.133333333333333,158.70988242166612,1.9011269,9.6,3,4,3,5,1,0,0,1,100.0,-24.5,-131.0,0.0,0.0,-270.63032855969254,0.0,0
1278,303,192,,cpu,6,-2034.7444712020356,-339.1240785336726,5,True,False,2,7,0,7,-0.25583432118097943,0.0022624989942414686,0.0010031278943642974,2.746530612309774,2.746530612309774,2.2889400323232016,2.746530612309774,,2.5,10,4,15,15,0,0,0,8.4,171.4190019737752,1.9596816,10.6,3,4,3,5,1,0,0,0,50.0,-13.0,-131.0,0.0,-1658.175653219223,-282.56881798281273,0.0,0
1279,136,429,,cpu,6,-232.15051493143608,-38.69175248857268,0,True,False,,14,0,11,0.05714047824343046,0.0003574238871806301,0.002194979014651229,1.732867956161499,1.732867956161499,2.4296257495880127,1.732867956161499,,2.5,10,4,15,15,0,0,0,6.333333333333333,103.54961830577864,1.519605,10.6,3,4,3,5,1,0,0,2,150.0,-28.5,-131.0,0.0,0.0,-212.6505149314361,0.0,0
1280,25,497,,cpu,17,-853.1464056447238,-50.185082684983755,2,True,False,8,8,0,7,-0.008491670603261274,0.0010792635381248522,0.002484423793194925,0.6931471824645996,0.6931471824645996,0.9259441039141487,0.6931471824645996,,1.0,10,13,17,17,0,0,0,9.0,188.06319310955368,2.846252,10.6,3,6,3,5,2,0,1,1,150.0,-39.0,-147.0,0.0,-380.6447062555237,-346.5016993892001,0.0,0
1281,70,430,,cpu,150,-101433.29373316483,-676.2219582210988,327,False,True,37,370,370,268,-1.3850300804618747,1.8128796774367462,0.31669966934869687,0.9667880439758301,0.9700613502661387,0.24037453929583233,0.9700613502661387,,0.9933333333333333,10,70,149,149,0,0,0,6.422818791946309,100.55304659957947,1.982584,9.6,34,42,28,45,15,12,5,11,1300.0,-13182.0,-1265.0,0.0,-85239.28935138036,-2097.004381784483,0.0,0
1282,83,514,,cpu,150,-55410.95760677324,-369.40638404515494,162,False,True,23,174,58,132,-0.2803707074490376,0.32859497260683385,0.16762044916550317,0.8655437119801839,0.8750078547000885,0.16610618432362875,0.8750078547000885,,0.86,10,77,129,129,0,0,0,8.51937984496124,162.4968149653048,2.6979675,10.6,25,37,22,45,19,6,1,9,1400.0,-7261.5,-1162.0,0.0,-45021.623988177256,-2495.8336185959824,0.0,0
1283,150,565,,cpu,6,-345.8202386572602,-57.636706442876694,0,True,False,,16,0,10,0.3851301471392314,0.00709305377677083,0.001796090044081211,1.732867956161499,1.732867956161499,2.5439173380533853,1.732867956161499,,2.5,10,4,15,15,0,0,0,9.133333333333333,195.17265413262018,2.2629156,9.6,3,4,3,5,0,0,0,3,150.0,-29.5,-131.0,0.0,0.0,-315.3202386572601,0.0,0
1284,296,281,,cpu,22,-3975.6084641656794,-180.7094756438945,11,True,False,2,22,0,17,0.04860109044238925,0.00531712710620592,0.00321124669757079,1.4481707269495183,1.4481707269495183,0.7025691704316572,1.4481707269495183,,1.3181818181818181,10,12,29,29,0,0,0,7.379310344827586,130.86046803160514,2.0499148,10.6,7,6,6,10,3,1,2,3,300.0,-90.0,-251.0,0.0,-3388.889660234827,-475.7188039308524,0.0,0
1285,219,211,,cpu,150,-132829.28885919586,-885.5285923946391,400,False,True,38,263,246,198,-1.2600904197463145,3.1398433087514666,0.16710658567802358,0.7070511857668559,0.7160645826657613,0.220667462348938,0.7160645826657613,,0.76,10,76,114,114,0,0,0,7.342105263157895,129.5225395960934,1.6688648,10.6,26,27,21,40,10,16,0,13,1150.0,-8989.5,-1009.0,0.0,-121422.30991125107,-1868.4789479447852,0.0,0
1286,218,324,,cpu,150,-129577.85449741651,-863.8523633161101,399,False,True,7,382,379,292,-1.9893403819700082,2.9660969084873794,0.19716175988238926,0.9305822439988454,0.9297214603424072,0.26237725059191386,0.9297214603424072,,0.9333333333333333,10,75,140,140,0,0,0,7.335714285714285,137.23334026899934,1.7988209,10.6,35,39,26,40,17,11,2,13,1500.0,-14438.5,-1165.0,0.0,-112296.04140024695,-2278.3130971695737,0.0,0
1287,282,242,,cpu,7,-669.6370686213637,-95.66243837448053,1,True,False,2,10,0,8,0.5887890202658517,0.01592744846961328,0.0012977102139432514,2.35416909626552,2.35416909626552,2.370506661278861,2.35416909626552,,2.142857142857143,10,5,15,15,0,0,0,8.133333333333333,162.1481500242909,1.8666093,9.6,3,4,3,5,1,0,0,1,100.0,-20.0,-131.0,0.0,-316.9752597808838,-271.6618088404799,0.0,0
1288,137,373,,cpu,6,-407.5077805646563,-67.91796342744271,0,True,False,,14,0,12,0.5690295298894247,0.018462439998984337,0.0022366554476320744,1.732867956161499,1.732867956161499,2.5387425422668457,1.732867956161499,,2.5,10,4,15,15,0,0,0,9.266666666666667,236.31420256376072,1.9080782,10.6,3,4,3,5,0,0,0,2,100.0,-28.5,-131.0,0.0,0.0,-318.0077805646563,0.0,0
1289,207,288,,cpu,150,-45924.9189105439,-306.16612607029265,89,False,True,87,492,414,381,-0.012413668708953385,0.17100692449378813,0.2937811921125588,0.7883884700139364,0.7686589296658833,0.17632389366626738,0.7686589296658833,,0.9066666666666666,10,69,136,136,0,0,0,7.830882352941177,148.82721521178757,1.8798128,10.6,34,36,26,40,21,4,0,3,1200.0,-18927.0,-1136.0,0.0,-23681.589793600142,-2360.3291169437566,0.0,0
1290,310,291,,cpu,7,-345.47863819090054,-49.35409117012865,0,True,False,,8,0,7,0.44684198072978426,0.014242595726890224,0.0012193897439699089,1.7749333381652832,1.7749333381652832,2.0431063856397356,1.7749333381652832,,2.142857142857143,10,5,15,15,0,0,0,8.133333333333333,158.2042478590262,1.9022722,10.6,3,4,3,5,1,0,0,1,100.0,-14.0,-131.0,0.0,0.0,-270.47863819090054,0.0,0
1291,288,104,,cpu,7,-370.40532372267154,-52.91504624609593,0,True,False,,6,0,5,0.3634034948689597,0.009632256946393422,0.0009785103861109487,1.4853153909955705,1.4853153909955705,2.175703866141183,1.4853153909955705,,2.142857142857143,10,5,15,15,0,0,0,8.933333333333334,178.11382825823867,2.417,9.6,3,4,3,5,1,0,0,1,100.0,-13.0,-131.0,0.0,0.0,-306.4053237226716,0.0,0
1292,265,164,,cpu,150,-86704.95890496564,-578.0330593664376,254,False,True,18,138,108,105,-0.6718174778670073,1.031219727095294,0.07978529775282368,0.897696490685145,0.9299469033877055,0.18834924936294556,0.9299469033877055,,0.9,10,73,135,135,0,0,0,7.7481481481481485,138.3640989346468,2.2508805,10.6,31,36,28,40,15,10,0,7,1100.0,-5775.5,-1127.0,0.0,-77584.48551297188,-2357.9733919937594,0.0,0
1293,243,175,,cpu,8,-299.6780108378796,-37.45975135473495,0,True,False,,24,0,15,0.17854782193899155,0.0035328498925082386,0.0028567801346071064,1.2996509671211243,1.2996509671211243,2.0165678560733795,1.2996509671211243,,1.875,10,6,15,15,0,0,0,8.466666666666667,171.78297815733148,2.4153974,10.6,3,4,3,5,1,0,0,3,200.0,-46.0,-131.0,0.0,0.0,-282.6780108378796,0.0,0
1294,277,120,,cpu,7,-1329.8068138933058,-189.97240198475797,3,True,False,2,12,0,8,-0.07798186157430921,0.0006753095486686789,0.0013815301104581781,2.35416909626552,2.35416909626552,1.955063717705863,2.35416909626552,,2.142857142857143,10,5,15,15,0,0,0,8.866666666666667,178.32809489910258,2.3363168,9.6,3,4,3,5,1,0,0,1,100.0,-27.5,-131.0,0.0,-934.8372101783752,-306.4696037149307,0.0,0
1295,149,147,,cpu,14,-523.9249993577814,-37.42321423984153,0,True,False,,14,0,11,-0.03853970127446311,0.00026892188852250295,0.002346151774483068,0.7426576954977853,0.7426576954977853,1.1502406256539481,0.7426576954977853,,1.0714285714285714,10,12,15,15,0,0,0,13.066666666666666,286.61671237179723,3.358212,10.6,3,4,3,5,1,0,0,2,150.0,-39.0,-131.0,0.0,0.0,-453.9249993577814,0.0,0
1296,191,443,,cpu,12,-122.35946690794182,-10.196622242328486,0,True,False,,24,0,14,-0.06825256099303563,0.0010136342364906643,0.00257164757931605,0.8664339780807495,0.8664339780807495,1.1080985069274902,0.8664339780807495,,1.25,10,10,15,15,0,0,0,7.533333333333333,150.2148530383651,2.0772126,10.6,3,4,3,5,3,0,0,4,350.0,-44.0,-131.0,0.0,0.0,-247.35946690794182,0.0,0
1297,219,217,,cpu,12,-25.490240726296015,-2.1241867271913346,0,True,False,,15,0,10,-0.030143703023592632,0.0014553311775671318,0.0030368961258015283,0.2888113260269165,0.2888113260269165,0.5596584876378378,0.2888113260269165,,0.4166666666666667,2,8,5,5,0,0,0,5.0,0.0,0.0,0.0,0,0,0,5,0,0,0,3,150.0,-48.5,-75.0,0.0,0.0,-51.990240726296015,0.0,0
1298,307,144,,cpu,15,-1291.9521295043749,-86.13014196695832,3,True,False,2,10,0,8,-0.18640299613277117,0.0030511981788246584,0.0021253327451025445,1.318334706624349,1.318334706624349,1.0817940394083658,1.318334706624349,,1.2,10,11,18,18,0,0,0,8.055555555555555,160.16783276578633,2.708545,9.6,4,5,4,5,2,0,0,1,150.0,-35.5,-147.0,0.0,-846.4181900024414,-333.03393950193333,0.0,0
1299,116,479,,cpu,6,-251.27981706421892,-41.879969510703155,0,True,False,,17,0,15,-0.12603811422983804,0.0003003533445280482,0.0023695877753198147,1.7823795080184937,1.7320770819981892,2.8130881786346436,1.7320770819981892,,2.5,10,4,15,15,0,0,0,6.666666666666667,115.19392814596308,1.5581474,8.6,3,4,3,5,1,0,0,2,150.0,-36.5,-131.0,0.0,0.0,-223.77981706421895,0.0,0
1300,304,310,,cpu,7,-306.6303285596925,-43.80433265138464,0,True,False,,19,0,17,-0.011482357446636473,5.941884696117735e-05,0.0019139591271856002,1.7749333381652832,1.7749333381652832,2.117199625287737,1.7749333381652832,,2.142857142857143,10,5,15,15,0,0,0,8.133333333333333,158.70988242166612,1.9011269,9.6,3,4,3,5,1,0,0,2,150.0,-35.0,-131.0,0.0,0.0,-270.63032855969254,0.0,0
1301,251,395,,cpu,7,-1572.925843403708,-224.70369191481544,4,True,False,2,13,0,10,-0.21804180315562657,0.0008479812931909692,0.0015928212087601423,2.35416909626552,2.35416909626552,2.362229483468192,2.35416909626552,,2.142857142857143,10,5,15,15,0,0,0,6.333333333333333,111.43778087023826,1.7398236,9.4,3,4,3,5,1,0,0,1,100.0,-23.0,-131.0,0.0,-1266.8559610843658,-212.06988231934233,0.0,0
1302,280,344,,cpu,7,-894.2596048398111,-127.75137211997301,2,True,False,2,16,0,14,0.007421743789953845,0.0004908592268943071,0.0017942599619605712,2.35416909626552,2.35416909626552,1.5320775168282645,2.35416909626552,,2.142857142857143,10,5,15,15,0,0,0,6.333333333333333,111.40222544911815,1.7774494,10.6,3,4,3,5,1,0,0,1,100.0,-28.0,-131.0,0.0,-583.2003891468048,-212.0592156930063,0.0,0
1303,123,495,,cpu,6,-740.7153141646406,-123.45255236077344,1,True,False,2,5,0,5,0.0590377002954483,0.0006254626787267625,0.0016765196536046763,2.746530612309774,2.746530612309774,2.146087884902954,2.746530612309774,,2.5,10,4,15,15,0,0,0,9.533333333333333,202.2188452692004,2.2922113,10.6,3,4,3,5,0,0,0,1,50.0,-10.0,-131.0,0.0,-284.6536934375763,-325.0616207270643,0.0,0
1304,255,506,,cpu,67,-50797.37610864684,-758.1697926663707,132,True,False,7,57,0,45,-0.9041968201523396,1.4346651278797593,0.012991962926601297,1.0638576977288545,1.0638576977288545,0.31895088437777847,1.0638576977288545,,1.0895522388059702,10,27,73,73,0,0,0,6.397260273972603,105.19604389911908,1.9187962,10.6,18,19,16,20,7,7,0,3,500.0,-1042.5,-590.0,0.0,-48172.74371981621,-1012.1323888306313,0.0,0
1305,244,499,,cpu,7,-646.2281175295805,-92.31830250422578,1,True,False,2,7,0,7,0.06202136618750436,0.000510428414729956,0.0014523593209949987,2.35416909626552,2.35416909626552,2.275609561375209,2.35416909626552,,2.142857142857143,10,5,15,15,0,0,0,6.866666666666666,121.94254571045097,1.9177349,10.6,3,4,3,5,2,0,0,0,100.0,-16.5,-131.0,0.0,-336.391144990921,-222.3369725386595,0.0,0
1306,216,534,,cpu,6,-392.0743366643651,-65.34572277739419,0,True,False,,7,0,6,0.0813458835085233,0.00033231991013356793,0.0015355666012813647,1.732867956161499,1.732867956161499,2.855070114135742,1.732867956161499,,2.5,10,4,15,15,0,0,0,7.733333333333333,163.32609674368365,2.0231712,10.6,3,4,3,5,0,0,0,1,50.0,-13.0,-131.0,0.0,0.0,-268.0743366643651,0.0,0
1307,94,434,,cpu,6,-247.58160476470545,-41.26360079411757,0,True,False,,19,0,12,0.0195515522112449,6.712367270248858e-05,0.002431056850279371,1.732867956161499,1.732867956161499,2.1429611841837564,1.732867956161499,,2.5,10,4,15,15,0,0,0,6.333333333333333,103.31991775000978,1.5977125,10.6,3,4,3,5,1,0,0,2,150.0,-34.0,-131.0,0.0,0.0,-212.58160476470545,0.0,0
1308,20,513,,cpu,6,-678.6880899644552,-113.11468166074253,1,True,False,2,8,0,6,-0.22559144099553427,0.0013030334181773167,0.001666781570141514,2.746530612309774,2.746530612309774,2.419152577718099,2.746530612309774,,2.5,10,4,15,15,0,0,0,9.333333333333334,191.85635781547455,2.1117325,10.6,3,4,3,5,0,0,0,2,100.0,-15.5,-131.0,0.0,-316.45240783691406,-315.7356821275412,0.0,0
1309,241,169,,cpu,7,-336.4355148097506,-48.062216401392945,0,True,False,,18,0,14,-0.16808779324804032,0.002057914888220174,0.002451365896766739,1.9155804089137487,1.9771907670157296,2.025230118206569,1.9771907670157296,,2.142857142857143,10,5,15,15,0,0,0,8.4,171.70003873855947,2.0539343,10.6,3,4,3,5,1,0,0,2,150.0,-35.5,-131.0,0.0,0.0,-279.93551480975054,0.0,0
1310,202,150,,cpu,150,-70316.15221610919,-468.7743481073946,174,False,True,95,323,236,248,-0.669270267637136,0.5064259023666909,0.22230186492515108,0.7980481521288554,0.7882159725824992,0.22151599367459615,0.7882159725824992,,0.86,10,78,129,129,0,0,0,8.643410852713178,176.08157206159976,2.4491303,10.6,29,34,26,40,11,7,1,13,1200.0,-13999.5,-1095.0,0.0,-53002.60813090578,-2529.044085203414,0.0,0
1311,66,426,,cpu,150,-66634.37641899144,-444.22917612660956,201,False,True,58,223,163,175,-0.5251668185678621,0.5406305209426986,0.22970284457939366,0.9440296594301859,0.9526807022094727,0.19892607510089874,0.9526807022094727,,0.98,10,67,147,147,0,0,0,6.585034013605442,109.79575010892562,1.9342865,9.6,33,43,26,45,14,22,0,6,1000.0,-10250.5,-1262.0,0.0,-53022.06860482693,-2129.80781416451,0.0,0
1312,218,328,,cpu,7,-1104.6047805878734,-157.80068294112476,3,True,False,2,13,0,11,-0.20718070438929967,0.0018931484581636532,0.0018242054585633533,2.35416909626552,2.35416909626552,1.6400227546691895,2.35416909626552,,2.142857142857143,10,5,15,15,0,0,0,7.666666666666667,163.8815016152302,2.16609,10.6,3,4,3,5,1,0,0,1,100.0,-31.5,-131.0,0.0,-765.7492160797119,-256.35556450816154,0.0,0
1313,146,144,,cpu,7,-446.06102602011913,-63.72300371715988,0,True,False,,22,0,17,0.00012518252645220076,5.724548480299875e-05,0.002385578351095319,1.4853153909955705,1.4853153909955705,2.2512850080217635,1.4853153909955705,,2.142857142857143,10,5,15,15,0,0,0,13.133333333333333,288.73680124625645,2.583756,10.6,3,4,3,5,0,0,0,4,200.0,-50.5,-131.0,0.0,0.0,-454.56102602011913,0.0,0
1314,230,331,,cpu,7,-850.7707711630276,-121.53868159471823,2,True,False,2,14,0,11,0.012703393186841692,0.00010832798592933354,0.0015446805960631796,2.35416909626552,2.35416909626552,2.2581947531018938,2.35416909626552,,2.142857142857143,10,5,15,15,0,0,0,7.666666666666667,163.8769620725004,2.2067723,10.6,3,4,3,5,1,0,0,1,100.0,-28.0,-131.0,0.0,-515.4165685176849,-256.3542026453426,0.0,0
1315,146,342,,cpu,12,-329.11927005278017,-27.42660583773168,0,True,False,,14,0,13,0.060971242686112724,0.0004483476768655237,0.003541983188673233,0.8664339780807495,0.8664339780807495,1.3737417062123616,0.8664339780807495,,1.25,10,10,15,15,0,0,0,9.2,235.01916752417364,2.6442158,10.6,3,4,3,5,2,0,0,2,200.0,-40.5,-131.0,0.0,0.0,-317.61927005278017,0.0,0
1316,238,443,,cpu,5,-1213.4995139625491,-242.69990279250982,3,True,False,2,6,0,6,-0.1363853022456169,0.0002605197485536337,0.001031965552829206,4.377733898162842,4.314360332489014,2.8011595249176025,4.314360332489014,,3.0,10,3,15,15,0,0,0,6.933333333333334,121.10937701102583,1.2806399,6.6,3,4,3,5,1,0,0,0,50.0,-7.0,-131.0,0.0,-899.7707426548004,-225.72877130774881,0.0,0
1317,242,459,,cpu,7,-883.7617698198795,-126.25168140283994,2,True,False,2,12,0,9,-0.0795105014528547,0.00010000211828550423,0.0017088222916104964,2.6982113974434987,2.716931070600237,2.338479382651193,2.716931070600237,,2.142857142857143,10,5,15,15,0,0,0,6.266666666666667,102.19435565948055,1.4229422,8.4,3,4,3,5,1,1,0,1,100.0,-22.0,-131.0,0.0,-606.6078305244446,-204.15393929543495,0.0,0
1318,132,490,,cpu,6,-1231.8656893860173,-205.31094823100287,3,True,False,2,12,0,8,-0.15749786794185638,0.00040140925921150483,0.001973002935604503,2.746530612309774,2.746530612309774,2.5434072812398276,2.746530612309774,,2.5,10,4,15,15,0,0,0,9.466666666666667,201.40015512221473,2.409519,10.6,3,4,3,5,0,0,0,2,100.0,-23.5,-131.0,0.0,-842.5496757030487,-324.8160136829686,0.0,0
1319,175,380,,cpu,150,-107476.99863010886,-716.5133242007257,334,False,True,50,136,45,107,-1.3785552349934975,1.731923905160123,0.1267409615808477,0.9220437693595886,0.9238776874542236,0.26214507937431336,0.9238776874542236,,0.92,10,73,138,138,0,0,0,7.304347826086956,145.9647511913125,2.0514827,10.6,35,37,26,40,14,12,4,7,1050.0,-5889.5,-1149.0,0.0,-98293.56255852892,-2234.9360715799453,0.0,0
1320,186,226,,cpu,21,-68.09219258103681,-3.2424853610017528,0,True,False,,29,0,23,0.018011067240011124,0.0034846465513553647,0.00793737547826909,0.13202803475516184,0.13202803475516184,0.25480263573782785,0.13202803475516184,,0.19047619047619047,1,17,4,4,0,0,0,5.0,0.0,0.0,0.0,0,0,0,4,0,0,0,4,200.0,-166.5,-60.0,0.0,0.0,-41.59219258103681,0.0,0
1321,236,546,,cpu,150,-183811.22117910092,-1225.408141194006,473,False,True,26,379,185,292,-2.8899298363178967,6.823685849187507,0.11067142352034959,1.0551431175072987,1.064259885152181,0.23141936620076498,1.064259885152181,,1.0,10,65,150,150,0,0,0,6.48,110.21720952555003,1.8800671,10.6,35,39,32,44,18,11,1,10,1400.0,-13876.0,-1243.0,0.0,-166973.64941258644,-2138.571766514471,0.0,0
1322,251,488,,cpu,43,-20988.4054230934,-488.10245169984654,56,True,False,8,24,0,19,-0.5838582441210747,0.23032537888570384,0.005966202347799269,1.2861991954404255,1.2866419415141261,0.5560458427251771,1.2866419415141261,,1.1395348837209303,10,24,49,49,0,0,0,6.285714285714286,99.61739184765582,1.9661208,10.6,11,13,10,15,6,5,3,1,350.0,-327.0,-414.0,0.0,-19704.41981164775,-662.9856114456525,0.0,0
1323,119,437,,cpu,6,-302.0898868955847,-50.34831448259745,0,True,False,,10,0,9,0.320887823899587,0.005554933954651157,0.0015009338579451044,1.732867956161499,1.732867956161499,2.4779640833536782,1.732867956161499,,2.5,10,4,15,15,0,0,0,6.333333333333333,103.34752485294068,1.5754865,10.6,3,4,3,5,1,0,0,1,100.0,-18.5,-131.0,0.0,0.0,-212.58988689558473,0.0,0
1324,105,103,,cpu,150,-16306.413606908713,-108.70942404605809,2,False,True,23,489,475,369,0.4144152588521441,0.9348635641736716,0.1659622140810825,0.5777565999825796,0.567493345340093,0.1316996697584788,0.567493345340093,,0.7466666666666667,10,89,112,112,0,0,0,11.1875,222.03592151652043,2.8142774,10.6,23,27,22,40,18,4,0,8,1300.0,-12502.0,-997.0,0.0,-511.9162678718567,-2855.4973390368564,0.0,0
1325,240,411,,cpu,6,-1816.8693383485954,-302.8115563914326,5,True,False,2,10,0,10,0.15475892027219137,0.0033698330516926944,0.0013523782060171168,2.701145966847738,2.743866761525472,2.5049113035202026,2.743866761525472,,2.5,10,4,15,15,0,0,0,6.133333333333334,97.00081285107191,1.4774456,10.6,3,4,3,5,2,1,0,0,100.0,-18.0,-131.0,0.0,-1570.4654335975647,-197.40390475103067,0.0,0
1326,78,398,,cpu,19,-616.5029820970898,-32.44752537353104,0,True,False,,12,0,11,0.1762201317438954,0.010316310009281886,0.005169665686001903,1.4879179126337956,1.4576906342255442,0.7460786417910927,1.4576906342255442,,1.263157894736842,10,11,24,24,0,0,0,7.208333333333333,143.3396189568842,1.7694515,5.2,5,5,5,9,1,1,0,2,150.0,-63.0,-215.0,0.0,0.0,-388.5029820970898,0.0,0
1327,247,472,,cpu,5,-611.751445877381,-122.3502891754762,1,True,False,2,9,0,8,0.28617329597473146,0.0020637601613998414,0.001225417898967862,3.2958367347717283,3.2958367347717283,3.083998441696167,3.2958367347717283,,3.0,10,3,15,15,0,0,0,6.133333333333334,96.88996380364827,1.2633575,10.6,3,4,3,5,1,0,0,0,50.0,-15.5,-131.0,0.0,-316.32838249206543,-198.92306338531563,0.0,0
1328,281,324,,cpu,5,-1680.1906170054597,-336.0381234010919,5,True,False,2,6,0,6,-0.2014299601316452,0.0005470666474138852,0.0010118037578649818,3.2958367347717283,3.2958367347717283,3.2085054397583006,3.2958367347717283,,3.0,10,3,15,15,0,0,0,6.333333333333333,111.40213171122072,1.4036258,10.6,3,4,3,5,1,0,0,0,50.0,-7.0,-131.0,0.0,-1380.1314294338226,-212.05918757163704,0.0,0
1329,249,462,,cpu,5,-1545.9053447045746,-309.18106894091494,4,True,False,2,8,0,7,-0.3152380228042603,0.0013161486320313997,0.0011931015877053141,3.2958367347717283,3.2958367347717283,3.5434874534606933,3.2958367347717283,,3.0,10,3,15,15,0,0,0,6.133333333333334,97.08222571129993,1.201546,9.4,3,4,3,5,1,0,0,0,50.0,-12.5,-131.0,0.0,-1253.4246027469635,-198.98074195761112,0.0,0
1330,275,279,,cpu,8,-318.63032855969254,-39.82879106996157,0,True,False,,22,0,17,0.0282628508284688,0.00022253135875871521,0.002146073296898976,1.2996509671211243,1.2996509671211243,2.0698811411857605,1.2996509671211243,,1.875,10,6,15,15,0,0,0,8.133333333333333,158.70988242166612,2.0290618,9.6,3,4,3,5,1,0,0,2,150.0,-37.0,-131.0,0.0,0.0,-270.63032855969254,0.0,0
1331,295,158,,cpu,11,-1983.7052250466847,-180.3368386406077,5,True,False,2,9,0,8,-0.13934610784053802,0.0008480582803878696,0.001821933578784493,2.1628429239446465,2.1819956085898657,1.3045297102494673,2.1819956085898657,,1.3636363636363635,10,9,15,15,0,0,0,8.666666666666666,174.339590472599,2.529446,8.4,3,4,3,5,1,1,0,0,50.0,-24.0,-131.0,0.0,-1518.7929272651672,-299.91229778151745,0.0,0
1332,46,534,,cpu,150,-90272.41494328927,-601.8160996219285,266,False,True,4,242,203,186,-0.5606970752527316,0.9875845681916204,0.1606034138115744,0.9221719312667847,0.9290781505902608,0.20292697787284852,0.9290781505902608,,0.8533333333333334,10,79,128,128,0,0,0,8.5859375,163.08305033549743,2.554229,10.6,25,36,22,45,6,8,1,7,650.0,-8980.0,-1154.0,0.0,-77316.1435181297,-2482.271425159572,0.0,0
1333,15,441,,cpu,6,-1318.6869717747568,-219.78116196245946,3,True,False,2,6,0,5,0.218855952223142,0.0023052338898802796,0.0013935866105991106,2.746530612309774,2.746530612309774,2.5070082743962607,2.746530612309774,,2.5,10,4,15,15,0,0,0,7.133333333333334,127.32899169938857,1.8421141,9.6,3,4,3,5,0,0,0,1,50.0,-11.0,-131.0,0.0,-949.8606741428375,-236.82629763191915,0.0,0
1334,90,578,,cpu,7,-302.05741303104935,-43.15105900443562,0,True,False,,19,0,13,0.3554143990789141,0.006343971671802657,0.002113477060837405,1.4853153909955705,1.4853153909955705,1.9600782905306136,1.4853153909955705,,2.142857142857143,10,5,15,15,0,0,0,9.133333333333333,190.96323537858407,2.7260473,10.6,3,4,3,5,0,0,0,4,200.0,-37.0,-131.0,0.0,0.0,-314.05741303104935,0.0,0
1335,241,439,,cpu,7,-245.2697956342066,-35.03854223345808,0,True,False,,15,0,11,0.5080913986478534,0.007954640979213374,0.0018939858668350748,2.877179282052176,2.9588541303362166,1.977989741734096,2.9588541303362166,,2.142857142857143,10,5,15,15,0,0,0,6.933333333333334,121.07141360417822,1.6115284,6.6,3,4,3,5,2,0,0,1,150.0,-27.0,-131.0,0.0,0.0,-227.2697956342066,0.0,0
1336,292,108,,cpu,7,-470.03897861629224,-67.14842551661317,0,True,False,,10,0,9,0.26216923764773775,0.004631073247375233,0.0012630139826796949,1.4853153909955705,1.4853153909955705,1.9757874352591378,1.4853153909955705,,2.142857142857143,10,5,15,15,0,0,0,8.866666666666667,176.89267790364096,2.3087811,10.6,3,4,3,5,1,1,0,0,50.0,-23.0,-131.0,0.0,0.0,-306.03897861629224,0.0,0
1337,151,157,,cpu,150,-45797.89740219682,-305.31931601464544,123,False,True,12,263,177,202,0.2282826233903567,0.981186431273818,0.1631648642042031,0.7737114548683166,0.7790097339948019,0.19962048610051472,0.7790097339948019,,0.8,10,83,120,120,0,0,0,9.691666666666666,203.78822444179752,2.492072,10.6,26,31,23,40,13,3,0,16,1450.0,-10706.5,-1047.0,0.0,-32046.508517861366,-2627.8888843354475,0.0,0
1338,46,526,,cpu,17,-389.28969241886097,-22.899393671697705,1,True,False,13,26,0,19,0.05813152452602106,0.002209532221700904,0.004263590624117676,0.7169980722315171,0.7169980722315171,0.7367206882028019,0.7169980722315171,,1.0,10,13,17,17,0,0,0,9.0,187.39313506785177,2.892423,10.6,3,6,3,5,3,0,2,3,300.0,-76.5,-147.0,0.0,-69.51581276383946,-346.2738796550214,0.0,0
1339,260,341,,cpu,150,-107889.7554155057,-719.2650361033714,339,False,True,2,194,162,157,-1.1546737121169766,1.5100284400044863,0.08010768085407714,1.1036862715085347,1.1210388875007629,0.30388726751009626,1.1210388875007629,,0.98,10,79,147,147,0,0,0,6.45578231292517,110.94351716163278,1.6386888,9.4,39,40,28,40,11,14,1,5,800.0,-6943.0,-1199.0,0.0,-97334.30845141411,-2103.446964091591,0.0,0
1340,129,465,,cpu,6,-195.59015052779247,-32.59835842129875,0,True,False,,23,0,16,-0.049565249433120094,0.0005615308036794886,0.0023586966174965105,1.732867956161499,1.732867956161499,2.7108348608016968,1.732867956161499,,2.5,10,4,15,15,0,0,0,6.333333333333333,103.34840362696647,1.5004212,10.6,3,4,3,5,1,0,0,3,200.0,-42.0,-131.0,0.0,0.0,-212.59015052779245,0.0,0
1341,96,445,,cpu,13,-288.517538345418,-22.193656795801385,0,True,False,,21,0,17,-0.028933691720549878,0.0006787768215872347,0.0033953411844917215,0.8531042245718149,0.8531042245718149,1.1526826895200288,0.8531042245718149,,1.2307692307692308,10,10,16,16,0,0,0,6.1875,99.79121191240131,2.0319152,10.6,4,4,3,5,3,1,0,1,200.0,-51.0,-136.0,0.0,0.0,-221.51753834541802,0.0,0
1342,149,503,,cpu,6,-1794.5392378595163,-299.08987297658604,5,True,False,2,12,0,11,-0.36610015233357746,0.0034927680583981178,0.0017997305646228294,2.746530612309774,2.746530612309774,2.821821689605713,2.746530612309774,,2.5,10,4,15,15,0,0,0,9.533333333333333,203.8564752940403,2.3801763,10.6,3,4,3,5,0,0,0,2,100.0,-27.0,-131.0,0.0,-1410.986328125,-325.5529097345163,0.0,0
1343,292,321,,cpu,7,-872.2477176107429,-124.6068168015347,2,True,False,2,8,0,7,-0.013619661331176758,7.649754141831571e-05,0.0014340566038819297,2.9696055821010043,2.9702212469918385,2.1171844686780656,2.9702212469918385,,2.142857142857143,10,5,15,15,0,0,0,6.8,123.35050813304629,1.2991517,7.4,3,4,3,5,1,1,0,1,100.0,-13.5,-131.0,0.0,-570.6369936466217,-227.1107239641213,0.0,0
1344,236,226,,cpu,150,-152381.21872916847,-1015.8747915277897,453,False,True,52,229,150,174,-2.1185719561576843,4.644074352649235,0.08164377222458521,0.8824684117237727,0.8846956725915273,0.17740800142288207,0.8846956725915273,,0.9,10,73,135,135,0,0,0,7.525925925925926,139.14106337648101,2.0743303,10.6,32,36,27,40,15,12,1,15,1500.0,-7406.0,-1129.0,0.0,-142205.4772738176,-2270.7414553508556,0.0,0
1345,302,347,,cpu,5,-1836.932967838684,-367.3865935677368,5,True,False,2,8,0,5,-0.0956528976559639,0.0004304994217818603,0.0010838977992534637,3.2958367347717283,3.2958367347717283,2.663480281829834,3.2958367347717283,,3.0,10,3,15,15,0,0,0,6.333333333333333,111.45228629324042,1.3197883,8.6,3,4,3,5,1,0,0,0,50.0,-9.5,-131.0,0.0,-1534.3587338924408,-212.07423394624297,0.0,0
1346,280,135,,cpu,26,-2739.481633194528,-105.36467819978954,6,True,False,5,17,0,12,0.0628600071112697,0.0061610517283182935,0.003578720318798262,1.1026212252103365,1.1026212252103365,0.6799265513053308,1.1026212252103365,,1.2307692307692308,10,15,32,32,0,0,0,8.0625,145.99221496706312,2.4349334,10.6,7,8,7,10,1,4,1,4,250.0,-122.5,-270.0,0.0,-1897.1463024616241,-589.835330732904,0.0,0
1347,237,189,,cpu,8,-2127.033118126601,-265.87913976582513,7,True,False,2,7,0,7,-0.009579949895851314,0.0010628605418787629,0.0015573367272736505,0.6866326928138733,0.6866326928138733,1.617865651845932,0.6866326928138733,,1.875,10,6,15,15,0,0,0,8.4,171.02692587905392,1.8408667,10.6,3,4,3,5,1,1,0,1,100.0,-13.5,-131.0,0.0,-1763.4789407253265,-279.05417740127456,0.0,0
1348,196,311,,cpu,7,-375.0684712811353,-53.58121018301933,0,True,False,,12,0,11,0.2570644106183733,0.002785495216292994,0.002080206642858684,1.4853153909955705,1.4853153909955705,2.5197116306849887,1.4853153909955705,,2.142857142857143,10,5,15,15,0,0,0,8.733333333333333,179.3913297769055,2.1996646,10.6,3,4,3,5,0,0,0,2,100.0,-33.0,-131.0,0.0,0.0,-291.0684712811353,0.0,0
1349,295,396,,cpu,5,-1910.113531272046,-382.0227062544092,5,True,False,2,8,0,7,-0.09623192623257637,0.00038688474378432145,0.0011195855331607163,3.2958367347717283,3.2958367347717283,2.9268189907073974,3.2958367347717283,,3.0,10,3,15,15,0,0,0,6.333333333333333,111.40213171122072,1.4036258,10.6,3,4,3,5,1,0,0,0,50.0,-13.0,-131.0,0.0,-1604.054343700409,-212.05918757163704,0.0,0
1350,133,481,,cpu,6,-1533.2691299380153,-255.54485498966923,4,True,False,2,7,0,6,-0.08407554806520541,0.00013536796185083708,0.0016612465648601453,3.473442872365316,3.462815761566162,2.460246960322062,3.462815761566162,,2.5,10,4,15,15,0,0,0,9.0,183.58466238331192,2.005667,9.6,3,4,3,5,0,0,0,1,50.0,-13.5,-131.0,0.0,-1103.3255577087402,-305.4435722292751,0.0,0
1351,134,577,,cpu,150,-63164.434273668485,-421.0962284911232,167,False,True,48,285,235,225,-0.39927687990362754,0.321031378228926,0.18247730610581736,0.8404715025424957,0.8637171383698782,0.22827906807263693,0.8637171383698782,,0.8866666666666667,10,80,133,133,0,0,0,7.924812030075188,146.8641225833893,2.3468816,9.6,26,38,24,45,16,14,0,19,1750.0,-11792.0,-1181.0,0.0,-48789.18869495392,-2402.245578714565,0.0,0
1352,39,449,,cpu,14,-215.89392262336042,-15.420994473097172,0,True,False,,15,0,11,0.07877917827240058,0.0011737361520707573,0.003049647685007325,0.8416787215641567,0.8416787215641567,1.0412291288375854,0.8416787215641567,,1.2142857142857142,10,10,17,17,0,0,0,6.764705882352941,119.46551093940629,2.5433745,9.6,4,5,3,5,3,0,0,3,300.0,-47.5,-144.0,0.0,0.0,-254.39392262336042,0.0,0
1353,292,494,,cpu,3,-1126.5667230089782,-375.52224100299276,2,True,False,2,5,0,5,-0.024158867696921032,6.549156811767413e-05,0.0010164411505684257,5.493061224619548,5.493061224619548,4.710030555725098,5.493061224619548,,5.0,10,1,15,15,0,0,0,6.866666666666666,121.7807114042587,0.6023392,5.0,3,4,3,5,0,0,0,0,0.0,-5.0,-131.0,0.0,-768.2783007621765,-222.2884222468018,0.0,0
1354,49,592,,cpu,6,-451.59134125785175,-75.26522354297529,0,True,False,,11,0,10,0.10023646801710129,0.00039500694765592925,0.0019145316909998655,1.732867956161499,1.732867956161499,2.5696454445521035,1.732867956161499,,2.5,10,4,15,15,0,0,0,9.4,195.36303469728196,2.2253447,10.6,3,4,3,5,0,0,0,1,50.0,-24.0,-131.0,0.0,0.0,-316.59134125785175,0.0,0
1355,99,114,,cpu,7,-469.42754804701286,-67.06107829243041,0,True,False,,17,0,9,0.03170530604464667,0.00027833062163803594,0.002264204534835049,1.4853153909955705,1.4853153909955705,2.5286684717450822,1.4853153909955705,,2.142857142857143,10,5,15,15,0,0,0,13.066666666666666,286.6252080025688,2.7269955,10.6,3,4,3,5,0,0,0,3,150.0,-34.5,-131.0,0.0,0.0,-453.9275480470128,0.0,0
1356,306,510,,cpu,7,-2075.9462210866564,-296.56374586952234,5,True,False,2,11,0,8,-0.2300424235207694,0.0021135165526564898,0.001438302212461297,2.35416909626552,2.35416909626552,1.8025365216391427,2.35416909626552,,2.142857142857143,10,5,15,15,0,0,0,6.866666666666666,121.63072251869498,2.0235846,10.6,3,4,3,5,2,0,1,1,150.0,-24.0,-131.0,0.0,-1828.7027955055237,-222.24342558113267,0.0,0
1357,260,147,,cpu,150,-93126.70001035812,-620.8446667357208,261,False,True,29,191,160,150,-0.93446150128458,1.191244659714212,0.15214640505767116,0.8877369471391042,0.9137897598743439,0.2047849198182424,0.9137897598743439,,0.8933333333333333,10,73,134,134,0,0,0,7.798507462686567,139.0667338147909,2.275713,9.6,31,36,27,40,12,10,0,7,950.0,-9815.5,-1124.0,0.0,-79749.33500289917,-2377.865007458949,0.0,0
1358,57,469,,cpu,6,-320.1921961871316,-53.36536603118859,0,True,False,,10,0,9,0.20067990322907767,0.0015205159628142912,0.0019201137280712526,1.732867956161499,1.732867956161499,2.3176483313242593,1.732867956161499,,2.5,10,4,15,15,0,0,0,7.133333333333334,126.88198688342999,1.8898903,9.6,3,4,3,5,0,0,0,2,100.0,-22.5,-131.0,0.0,0.0,-236.69219618713157,0.0,0
1359,193,444,,cpu,29,-2759.0694691759604,-95.14032652330899,7,True,False,12,20,0,18,0.027326418199287408,0.008355426080705566,0.005283137522477271,1.008397102355957,1.008397102355957,0.6478879287325102,1.008397102355957,,1.1724137931034482,10,15,34,34,0,0,0,7.176470588235294,129.33935238293526,1.9353589,10.6,8,9,7,10,6,3,1,1,350.0,-150.0,-283.0,0.0,-1983.7581276893616,-532.3113414865991,0.0,0
1360,136,429,,cpu,6,-283.1083109201559,-47.184718486692645,0,True,False,,15,0,11,0.22131834427515665,0.001972271284709374,0.002161172451451421,1.732867956161499,1.732867956161499,2.2184706131617227,1.732867956161499,,2.5,10,4,15,15,0,0,0,6.333333333333333,103.40893826817786,1.6283299,10.6,3,4,3,5,1,0,0,1,100.0,-29.5,-131.0,0.0,0.0,-212.60831092015587,0.0,0
1361,144,568,,cpu,150,-66517.13146521739,-443.44754310144924,181,False,True,50,258,236,203,-0.39514606156696874,0.39913994580022216,0.18762036527895057,0.8423259973526,0.8596252350012461,0.21739076256752013,0.8596252350012461,,0.8866666666666667,10,80,133,133,0,0,0,8.240601503759398,155.45874764064254,2.4588485,9.6,27,37,24,45,17,4,2,14,1550.0,-12399.0,-1178.0,0.0,-51145.54288501009,-2494.5885802073103,0.0,0
1362,109,425,,cpu,6,-353.08160476470545,-58.84693412745091,0,True,False,,9,0,8,0.15744970738887787,0.0010624857459333725,0.0017672468287249405,1.732867956161499,1.732867956161499,2.3223597606023154,1.732867956161499,,2.5,10,4,15,15,0,0,0,6.333333333333333,103.31991775000978,1.5977125,10.6,3,4,3,5,1,0,0,0,50.0,-19.5,-131.0,0.0,0.0,-212.58160476470545,0.0,0
1363,178,504,,cpu,8,-827.1994795467081,-103.39993494333851,2,True,False,4,12,0,10,0.020694642327725887,0.00010265034552503494,0.0019163519027642906,1.5530666708946228,1.5530666708946228,1.8868648409843445,1.5530666708946228,,1.875,10,6,15,15,0,0,0,7.733333333333333,162.29730809124936,2.5906167,10.6,3,4,3,5,1,0,1,3,200.0,-27.5,-131.0,0.0,-580.9337794780731,-267.7657000686348,0.0,0
1364,157,174,,cpu,7,-451.00793383565167,-64.42970483366453,0,True,False,,14,0,12,0.021805089499269212,0.00011120170711365063,0.0019953794378255096,1.4853153909955705,1.4853153909955705,2.432898589542934,1.4853153909955705,,2.142857142857143,10,5,15,15,0,0,0,10.866666666666667,273.2032696155898,2.5563946,10.6,3,4,3,5,0,0,0,2,100.0,-30.0,-131.0,0.0,0.0,-370.0079338356518,0.0,0
1365,211,169,,cpu,150,-122242.2023989656,-814.948015993104,356,False,True,27,406,379,309,-1.2056230649352073,2.3351829028564195,0.23566387296421454,0.6785427721341452,0.6708463609218598,0.2264473303159078,0.6708463609218598,,0.82,10,77,123,123,0,0,0,8.1869918699187,155.5606515154491,2.1666267,10.6,27,32,24,40,17,4,1,12,1450.0,-16025.5,-1063.0,0.0,-103511.71058903346,-2271.991809932143,0.0,0
1366,223,323,,cpu,150,-164105.88660558723,-1094.0392440372482,512,False,True,14,399,269,309,-2.734398254553477,5.526912063233612,0.20541651344237227,0.9815471792221069,0.9881187530358633,0.21637566606203715,0.9881187530358633,,0.9333333333333333,10,72,140,140,0,0,0,7.107142857142857,128.9962994764928,1.6671218,10.6,36,38,26,40,23,3,0,16,1950.0,-16030.0,-1162.0,0.0,-145736.8389165029,-2197.047689084333,0.0,0
1367,248,368,,cpu,11,-1111.6163337764835,-101.05603034331669,3,True,False,2,17,0,14,-0.010817028328099033,0.00028522629509097897,0.0018422517565671694,1.5611209869384766,1.5611209869384766,1.36023287339644,1.5611209869384766,,1.4545454545454546,10,8,16,16,0,0,0,6.125,107.83411634940407,1.8824042,10.6,4,4,3,5,3,0,0,2,250.0,-37.0,-136.0,0.0,-910.3497684001923,-218.26656537629125,0.0,0
1368,274,471,,cpu,6,-1657.915346859706,-276.31922447661765,4,True,False,2,7,0,5,-0.12532489001750946,0.0005182163052571317,0.0010404244530946016,2.746530612309774,2.746530612309774,2.1466282109419503,2.746530612309774,,2.5,10,4,15,15,0,0,0,6.133333333333334,96.88792734799297,1.4295572,10.6,3,4,3,5,2,0,0,0,100.0,-8.5,-131.0,0.0,-1419.492894411087,-198.92245244861903,0.0,0
1369,282,335,,cpu,17,-4540.1755333521805,-267.0691490207165,14,True,False,2,12,0,11,-0.19827707555583296,0.008370323969450222,0.001995395451291081,1.357109266168931,1.357109266168931,0.7706470419378841,1.357109266168931,,1.2352941176470589,10,10,21,21,0,0,0,6.095238095238095,112.65265020590658,1.6309826,10.6,6,5,5,5,2,0,1,1,150.0,-58.0,-160.0,0.0,-4057.46129155159,-284.71424180059034,0.0,0
1370,4,405,,cpu,7,-2111.275411254227,-301.61077303631816,6,True,False,2,14,0,12,-0.06766691165310997,0.0008768215900220509,0.002170422613354666,2.35416909626552,2.35416909626552,1.9116198675973075,2.35416909626552,,2.142857142857143,10,5,15,15,0,0,0,7.133333333333334,127.41624818063947,2.227555,9.6,3,4,3,5,0,0,0,2,100.0,-28.0,-131.0,0.0,-1775.4229366779327,-236.8524745762944,0.0,0
1371,300,248,,cpu,6,-2000.6566046252535,-333.4427674375423,5,True,False,2,8,0,6,-0.009252368162075678,0.0010226312062210734,0.0010890891620268424,2.746530612309774,2.746530612309774,2.2441936333974204,2.746530612309774,,2.5,10,4,15,15,0,0,0,8.133333333333333,158.0548868267569,1.6870958,10.6,3,4,3,5,1,0,0,0,50.0,-14.0,-131.0,0.0,-1635.2227747440338,-270.4338298812197,0.0,0
1372,126,518,,cpu,14,-315.5045872512221,-22.536041946515866,0,True,False,,16,0,12,0.11675125626581055,0.0036621002114510964,0.0027170330286026,0.792168208530971,0.792168208530971,1.1676768915993827,0.792168208530971,,1.1428571428571428,10,11,16,16,0,0,0,9.125,193.90820539306887,3.2987761,10.6,3,5,3,5,2,1,0,3,250.0,-53.0,-139.0,0.0,0.0,-333.5045872512221,0.0,0
1373,156,524,,cpu,5,-1280.2189223138532,-256.04378446277065,3,True,False,2,6,0,6,0.03419711850583553,0.00026602035668474853,0.001209855661727488,3.2958367347717283,3.2958367347717283,2.8133769035339355,3.2958367347717283,,3.0,10,3,15,15,0,0,0,9.466666666666667,200.98267567242928,1.9786358,10.6,3,4,3,5,0,0,0,0,0.0,-7.0,-131.0,0.0,-817.5281524658203,-324.6907698480329,0.0,0
1374,1,500,,cpu,6,-2246.865196246505,-374.47753270775087,6,True,False,2,7,0,7,-0.3709143300851186,0.002197215826527099,0.0014375854322376351,2.746530612309774,2.746530612309774,2.7788740396499634,2.746530612309774,,2.5,10,4,15,15,0,0,0,9.333333333333334,198.09883379180337,2.0063946,10.6,3,4,3,5,0,0,0,2,100.0,-16.0,-131.0,0.0,-1862.256771326065,-317.60842492043986,0.0,0
1375,105,534,,cpu,150,-85846.2247878432,-572.308165252288,259,False,True,23,225,109,172,-0.6688339370116592,0.6807151512735437,0.1543674242674994,0.8823981086413065,0.8862954942385356,0.23513510783513386,0.8862954942385356,,0.88,10,90,132,132,0,0,0,8.219696969696969,159.26848710760322,2.6416233,10.6,26,37,24,45,8,12,0,5,650.0,-8566.5,-1173.0,0.0,-73268.581828475,-2468.1429593681905,0.0,0
1376,132,413,,cpu,6,-1728.805297160179,-288.13421619336316,5,True,False,2,7,0,6,-0.2609444310267766,0.00202268377567331,0.0016185189597308636,2.746530612309774,2.746530612309774,2.0276543696721396,2.746530612309774,,2.5,10,4,15,15,0,0,0,6.333333333333333,103.34783172501379,1.4889876,10.6,3,4,3,5,1,0,0,0,50.0,-12.5,-131.0,0.0,-1372.7153182029724,-212.58997895720665,0.0,0
1377,259,475,,cpu,5,-2006.2189987431464,-401.24379974862927,5,True,False,2,6,0,6,-0.3699717938899994,0.002181143714551581,0.0009545557899400592,3.2958367347717283,3.2958367347717283,3.2263060569763184,3.2958367347717283,,3.0,10,3,15,15,0,0,0,6.133333333333334,96.90253232124627,1.1883525,9.4,3,4,3,5,1,0,0,0,50.0,-8.0,-131.0,0.0,-1718.2921648025513,-198.926833940595,0.0,0
1378,171,539,,cpu,150,-52821.800722134525,-352.1453381475635,145,False,True,6,301,296,228,0.14998973096410434,0.5546834193988374,0.08916620353702456,0.9661175509293874,0.9801829854647318,0.248381564617157,0.9801829854647318,,0.92,10,71,138,138,0,0,0,7.681159420289855,147.37387473723663,2.0916922,10.6,31,35,27,45,13,14,1,10,1150.0,-8062.0,-1191.0,0.0,-41423.74358177185,-2415.057140362671,0.0,0
1379,23,433,,cpu,7,-2697.5371081772023,-385.36244402531463,8,True,False,2,19,0,12,-0.19999209897858755,0.0012195825427657578,0.0024504695320501924,2.35416909626552,2.35416909626552,2.2221519947052,2.35416909626552,,2.142857142857143,10,5,15,15,0,0,0,7.133333333333334,127.18800169113187,2.174164,9.6,3,4,3,5,0,0,0,4,200.0,-37.0,-131.0,0.0,-2472.75310754776,-236.78400062944218,0.0,0
1380,155,129,,cpu,150,-18996.204008051744,-126.64136005367828,20,False,True,38,252,252,191,0.46950034325321516,0.8738337024885793,0.1597282920482879,0.6672446008523305,0.6688152825832367,0.2051566247145335,0.6688152825832367,,0.8066666666666666,10,89,121,121,0,0,0,9.702479338842975,207.40570641520762,2.6206338,10.6,26,32,23,40,5,6,0,12,850.0,-9943.0,-1055.0,0.0,-5302.9310911893845,-2655.2729168623596,0.0,0
1381,276,479,,cpu,5,-2189.6264823306633,-437.92529646613264,5,True,False,2,8,0,6,0.13162789940834047,0.003062580921687186,0.0010123558342456818,3.4170709609985352,3.290356922149658,2.8095569133758547,3.290356922149658,,3.0,10,3,15,15,0,0,0,6.266666666666667,99.7462820465028,1.3084662,9.6,3,4,3,5,1,0,0,0,50.0,-12.0,-131.0,0.0,-1894.6964919567108,-201.92999037395228,0.0,0
1382,106,398,,cpu,6,-1325.4175536334642,-220.90292560557737,4,True,False,2,9,0,6,0.4284895757834117,0.006421238649636507,0.0018168956351776917,4.023247400919597,4.023594697316487,2.8951900005340576,4.023594697316487,,2.5,10,4,15,15,0,0,0,8.133333333333333,191.06723667074053,1.5351809,7.2,3,4,3,5,0,0,0,2,100.0,-16.0,-131.0,0.0,-977.6910036802292,-280.7265499532349,0.0,0
1383,287,257,,cpu,5,-1911.1654525954807,-382.23309051909615,5,True,False,2,7,0,6,0.200751394033432,0.002732241072226316,0.0010264486074447632,3.2958367347717283,3.2958367347717283,3.1514405250549316,3.2958367347717283,,3.0,10,3,15,15,0,0,0,8.133333333333333,158.53663149517388,1.5009292,10.6,3,4,3,5,1,0,0,0,50.0,-8.5,-131.0,0.0,-1551.087099313736,-270.57835328174485,0.0,0
1384,273,396,,cpu,5,-1574.469992300219,-314.8939984600438,4,True,False,2,8,0,7,0.1683654487133026,0.0017460782313719393,0.001129445934202522,3.2958367347717283,3.2958367347717283,2.6786513328552246,3.2958367347717283,,3.0,10,3,15,15,0,0,0,6.333333333333333,111.39117233735698,1.531831,10.6,3,4,3,5,1,0,0,0,50.0,-13.5,-131.0,0.0,-1267.914092540741,-212.05589975947794,0.0,0
1385,103,391,,cpu,6,-429.6613410353891,-71.61022350589819,0,True,False,,11,0,8,0.19752684235572815,0.0012048343875600647,0.0019727974431589246,1.732867956161499,1.732867956161499,2.322747508684794,1.732867956161499,,2.5,10,4,15,15,0,0,0,9.266666666666667,235.15940413287004,2.0752537,10.6,3,4,3,5,0,0,0,1,50.0,-21.0,-131.0,0.0,0.0,-317.6613410353891,0.0,0
1386,8,571,,cpu,6,-1445.2502039643675,-240.87503399406125,3,True,False,2,5,0,5,-0.19350739816824594,0.0009092495796115448,0.0010316132296187182,2.746530612309774,2.746530612309774,2.619343320528666,2.746530612309774,,2.5,10,4,15,15,0,0,0,9.533333333333333,202.67924694242066,2.26052,10.6,3,4,3,5,0,0,0,1,50.0,-7.0,-131.0,0.0,-1018.4639990329742,-318.7862049313934,0.0,0
1387,11,465,,cpu,7,-588.5963067834685,-84.08518668335265,1,True,False,2,10,0,9,-0.11501896381378174,0.0013022907078266144,0.0017104758548417262,2.35416909626552,2.35416909626552,2.2295738628932407,2.35416909626552,,2.142857142857143,10,5,15,15,0,0,0,7.133333333333334,129.26605798768497,2.2020345,9.6,3,4,3,5,0,0,0,3,150.0,-23.5,-131.0,0.0,-316.6888892650604,-237.4074175184081,0.0,0
1388,121,471,,cpu,150,-74769.76831664614,-498.4651221109742,236,False,True,17,145,98,104,-0.537549522543947,0.7344379949073967,0.1048629941760252,1.0775037240982055,1.0833744351069132,0.24546022295951844,1.0833744351069132,,1.0066666666666666,10,68,151,151,0,0,0,6.172185430463577,90.81281325765552,1.7220345,10.6,36,42,28,45,17,10,3,11,1400.0,-5643.5,-1275.0,0.0,-66205.44157529969,-2055.826741346449,0.0,0
1389,139,575,,cpu,150,-69515.63910632778,-463.43759404218525,180,False,True,40,279,226,209,-0.41979586648289113,0.5042463325118054,0.21430908624858905,0.849440952539444,0.8551800894737244,0.1843128804365794,0.8551800894737244,,0.8733333333333333,10,77,131,131,0,0,0,8.259541984732824,155.8089904830195,2.3960783,9.6,27,37,22,45,12,6,0,15,1350.0,-13952.5,-1172.0,0.0,-52389.652132987976,-2461.4869733398104,0.0,0
1390,153,368,,cpu,6,-580.3807373160338,-96.73012288600563,1,True,False,2,20,0,17,-0.02283809830745061,0.0004605737807044837,0.002465400864214947,2.746530612309774,2.746530612309774,2.658010482788086,2.746530612309774,,2.5,10,4,15,15,0,0,0,9.2,234.44200477212823,2.0699346,10.6,3,4,3,5,0,0,0,3,150.0,-39.5,-131.0,0.0,-222.4346160888672,-317.4461212271666,0.0,0
1391,196,194,,cpu,36,-7299.318595475801,-202.7588498743278,23,True,False,2,15,0,11,-0.00969166585451199,0.02401239670118116,0.005430363707192656,0.26011840502421063,0.26011840502421063,0.3743775851196713,0.26011840502421063,,0.2777777777777778,2,29,10,10,0,0,0,5.0,0.0,0.0,0.0,0,0,0,10,0,0,0,6,300.0,-182.0,-150.0,0.0,-7143.338114023209,-103.98048145259202,0.0,0
1392,60,592,,cpu,6,-277.5677652180548,-46.26129420300913,0,True,False,,21,0,12,0.28680049379666644,0.002471812845518192,0.002200076278919975,1.732867956161499,1.732867956161499,2.729872147242228,1.732867956161499,,2.5,10,4,15,15,0,0,0,9.4,196.95111456462527,2.1487868,10.6,3,4,3,5,0,0,0,4,200.0,-29.5,-131.0,0.0,0.0,-317.0677652180548,0.0,0
1393,78,430,,cpu,6,-310.68375451538094,-51.78062575256349,0,True,False,,13,0,11,0.4368574420611064,0.004018351590881745,0.0022868228261359036,2.9039642016092935,2.887984037399292,2.873450597127279,2.887984037399292,,2.5,10,4,15,15,0,0,0,6.466666666666667,105.86949921760538,1.6664251,8.6,3,4,3,5,1,0,0,1,100.0,-28.5,-131.0,0.0,0.0,-211.18375451538094,0.0,0
1394,149,155,,cpu,7,-512.0880102611688,-73.15543003730984,0,True,False,,10,0,9,0.27304873296192717,0.0033006928528525998,0.0018282030609303287,1.4853153909955705,1.4853153909955705,2.4705160685947964,1.4853153909955705,,2.142857142857143,10,5,15,15,0,0,0,13.066666666666666,285.4934153830886,2.7628548,10.6,3,4,3,5,0,0,0,2,100.0,-27.5,-131.0,0.0,0.0,-453.5880102611688,0.0,0
1395,36,437,,cpu,6,-1571.6982946847545,-261.9497157807924,4,True,False,2,8,0,7,0.09052935739358266,0.0005396372337903207,0.0018302332415866356,2.746530612309774,2.746530612309774,2.2738516330718994,2.746530612309774,,2.5,10,4,15,15,0,0,0,7.133333333333334,126.95236642115005,1.9298488,9.6,3,4,3,5,0,0,0,1,50.0,-13.0,-131.0,0.0,-1200.9849846363068,-236.71331004844762,0.0,0
1396,185,172,,cpu,9,-1201.1123179529347,-133.45692421699275,4,True,False,2,16,0,14,0.016631403730975255,0.002026950881877888,0.002260457801943024,0.6103401713901095,0.6103401713901095,0.7468555635876126,0.6103401713901095,,0.5555555555555556,4,7,5,5,0,0,0,5.0,0.0,0.0,0.0,0,0,0,5,0,0,0,4,200.0,-50.0,-75.0,0.0,-1224.1220772266388,-51.990240726296015,0.0,0
1397,87,443,,cpu,6,-307.5670679084171,-51.26117798473618,0,True,False,,11,0,10,0.06170070047179858,0.00023363408308796352,0.0019842073670588434,1.732867956161499,1.732867956161499,2.781045397122701,1.732867956161499,,2.5,10,4,15,15,0,0,0,6.333333333333333,103.27146156238177,1.4890451,10.6,3,4,3,5,1,0,0,1,100.0,-24.0,-131.0,0.0,0.0,-212.56706790841704,0.0,0
1398,174,358,,cpu,150,-114134.9767257712,-760.8998448384747,360,False,True,32,113,93,86,-1.6822984000047048,2.2944638692137476,0.06610718600917607,0.9140403389930725,0.9236595972379049,0.25453657627105714,0.9236595972379049,,0.92,10,75,138,138,0,0,0,7.3478260869565215,146.99894847795684,2.0236907,10.6,35,37,26,40,16,12,1,7,1150.0,-4709.5,-1149.0,0.0,-106208.80864262581,-2247.6680831453796,0.0,0
1399,142,558,,cpu,19,-579.1789789165064,-30.483104153500335,0,True,False,,16,0,9,-0.044890859973077714,0.0014255821098758086,0.0037489834756247306,1.3401111803556744,1.349549861330735,0.8138866550044009,1.349549861330735,,1.1578947368421053,10,13,22,22,0,0,0,8.5,171.3278128869248,2.8872535,9.6,5,7,3,7,3,1,0,1,200.0,-64.5,-195.0,0.0,0.0,-429.6789789165063,0.0,0
1400,238,429,,cpu,8,-2704.135585378493,-338.01694817231163,8,True,False,2,12,0,10,-0.5142275840044022,0.005665849090291886,0.0030395930662052706,2.655355930328369,2.6946892142295837,1.8513860404491425,2.6946892142295837,,1.875,10,6,15,15,0,0,0,6.666666666666667,114.71966855734418,1.637637,5.4,3,4,3,5,2,0,0,2,200.0,-28.5,-131.0,0.0,-2485.737556219101,-218.898029159392,0.0,0
1401,3,496,,cpu,12,-1693.6604391908854,-141.1383699325738,4,True,False,2,11,0,10,-0.14171811193227768,0.003687643288382484,0.002064885445482408,1.373265306154887,1.373265306154887,1.2150100072224934,1.373265306154887,,1.25,10,10,15,15,0,0,0,9.333333333333334,191.9669254247952,2.9103537,10.6,3,4,3,5,2,1,0,0,100.0,-45.0,-131.0,0.0,-1241.891586780548,-315.76885241033744,0.0,0
1402,188,218,,cpu,37,-3143.585582833964,-84.96177250902606,10,True,False,14,24,0,18,-0.008538778921639597,0.01126073864449879,0.009462447764628843,0.2046622456731023,0.2046622456731023,0.29002280170853073,0.2046622456731023,,0.21621621621621623,2,30,8,8,0,0,0,5.0,0.0,0.0,0.0,0,0,0,8,0,0,0,6,300.0,-235.0,-120.0,0.0,-2995.4011976718903,-83.18438516207362,0.0,0
1403,35,519,,cpu,12,-2388.4474477148265,-199.03728730956888,7,True,False,2,16,0,8,-0.11900230000416438,0.0006993910573195686,0.002428204936829085,1.373265306154887,1.373265306154887,1.166499376296997,1.373265306154887,,1.25,10,10,15,15,0,0,0,9.333333333333334,191.9669254247952,2.9103537,10.6,3,4,3,5,2,1,0,4,300.0,-36.0,-131.0,0.0,-2185.678595304489,-315.76885241033744,0.0,0
1404,7,466,,cpu,6,-1229.4481807444454,-204.90803012407423,3,True,False,2,16,0,14,0.11787292112906773,0.000639345686067827,0.0023300625616684556,2.746530612309774,2.746530612309774,2.6762427488962808,2.746530612309774,,2.5,10,4,15,15,0,0,0,7.133333333333334,127.0139651192149,1.8193516,9.6,3,4,3,5,0,0,0,3,150.0,-34.0,-131.0,0.0,-947.7163910865784,-236.73178965786707,0.0,0
1405,173,332,,cpu,7,-305.8163404200863,-43.6880486314409,0,True,False,,18,0,18,0.27359712975365774,0.003532790379332645,0.003170897385903767,1.4853153909955705,1.4853153909955705,2.2128346988133023,1.4853153909955705,,2.142857142857143,10,5,15,15,0,0,0,7.666666666666667,163.75075465497946,2.156644,10.6,3,4,3,5,1,0,0,2,150.0,-48.5,-131.0,0.0,0.0,-256.3163404200863,0.0,0
1406,7,476,,cpu,6,-1611.6946756782704,-268.6157792797117,4,True,False,2,10,0,10,0.07063361133138339,0.0007588892185594887,0.0018762899950767558,2.746530612309774,2.746530612309774,2.1802045504252114,2.746530612309774,,2.5,10,4,15,15,0,0,0,7.133333333333334,127.18800169113187,1.9688917,9.6,3,4,3,5,0,0,0,1,50.0,-22.5,-131.0,0.0,-1251.4106750488281,-236.78400062944218,0.0,0
1407,293,199,,cpu,6,-2361.814239012895,-393.63570650214916,6,True,False,2,6,0,6,-0.15948001543680826,0.0007278827664170725,0.0013141225402553876,2.746530612309774,2.746530612309774,2.647621750831604,2.746530612309774,,2.5,10,4,15,15,0,0,0,8.4,171.18308314048627,1.8801147,10.6,3,4,3,5,1,0,0,0,50.0,-10.5,-131.0,0.0,-1987.816196680069,-282.49804233282606,0.0,0
1408,120,412,,cpu,6,-294.06762785684737,-49.01127130947456,0,True,False,,9,0,8,0.22214695314566293,0.0017310680414084345,0.002158754194776217,1.732867956161499,1.732867956161499,2.596666097640991,1.732867956161499,,2.5,10,4,15,15,0,0,0,6.333333333333333,103.27332805714963,1.5406088,10.6,3,4,3,5,0,0,0,2,100.0,-20.5,-131.0,0.0,0.0,-212.56762785684742,0.0,0
1409,75,558,,cpu,6,-1921.5156693947215,-320.25261156578694,5,True,False,2,9,0,7,-0.20781433582305908,0.000479277698190117,0.0019287128428307672,3.9781320889790854,4.016134738922119,2.925620953241984,4.016134738922119,,2.5,10,4,15,15,0,0,0,9.4,195.77614043077432,1.868225,9.6,3,4,3,5,0,0,0,2,100.0,-18.5,-131.0,0.0,-1532.9956889152527,-319.0199804794688,0.0,0
1410,102,368,,cpu,6,-397.94565445285593,-66.32427574214266,0,True,False,,10,0,8,0.11861566950877507,0.0004983677476578426,0.001982350387455275,1.732867956161499,1.732867995897929,2.429658889770508,1.732867995897929,,2.5,10,4,15,15,0,0,0,9.2,234.44044885775935,1.9331187,10.6,3,4,3,5,0,0,0,2,100.0,-19.5,-131.0,0.0,0.0,-317.44565445285593,0.0,0
1411,204,282,,cpu,150,-35116.029017888715,-234.1068601192581,53,False,True,113,543,439,407,-0.12955696278251708,0.12215659352173892,0.1934870446124114,0.6532011799017589,0.6662614111105601,0.2341951803366343,0.6662614111105601,,0.88,10,75,132,132,0,0,0,7.992424242424242,154.23645455719435,2.0079336,10.6,33,35,24,40,16,7,0,6,1100.0,-15476.5,-1117.0,0.0,-16289.71760906279,-2352.811408825921,0.0,0
1412,302,532,,cpu,150,-153001.36647833826,-1020.0091098555883,388,False,True,27,182,168,138,-2.5657913942138353,4.527983551023838,0.05140119377989322,0.9993691106637319,1.0063169050216674,0.26035311063130695,1.0063169050216674,,0.9866666666666667,10,67,148,148,0,0,0,6.385135135135135,106.34850569894184,1.9059287,10.6,37,39,32,40,5,10,0,6,550.0,-6582.5,-1193.0,0.0,-142526.96115970612,-2038.9053186321355,0.0,0
1413,213,204,,cpu,150,-89836.11543824812,-598.9074362549875,261,False,True,14,273,243,209,-0.7210024796426296,1.1543954866382895,0.12894760114839302,0.5254222003618876,0.5163190420468649,0.32880901455879213,0.5163190420468649,,0.7133333333333334,10,93,107,107,0,0,0,7.383177570093458,128.02268866310484,1.5470226,10.6,22,26,19,40,8,11,0,9,850.0,-9693.0,-975.0,0.0,-77539.4144654274,-1758.7009728207172,0.0,0
1414,128,365,,cpu,6,-625.084978866872,-104.18082981114533,1,True,False,2,12,0,9,0.05278777827819189,0.00016712676385092587,0.001910197645581017,2.746530612309774,2.746530612309774,2.517980416615804,2.746530612309774,,2.5,10,4,15,15,0,0,0,9.2,234.59080908201062,2.023268,10.6,3,4,3,5,0,0,0,2,100.0,-24.5,-131.0,0.0,-232.09421634674072,-317.4907625201313,0.0,0
1415,180,165,,cpu,7,-1556.9358880175844,-222.41941257394063,5,True,False,2,5,0,5,0.015405426067965371,0.0005841152950389576,0.0011991076670320971,0.31388923100062777,0.31388923100062777,0.38194550786699566,0.31388923100062777,,0.2857142857142857,1,5,2,2,0,0,0,5.0,0.0,0.0,0.0,0,0,0,2,0,0,0,0,0.0,-7.0,-30.0,0.0,-1499.139791727066,-20.796096290518406,0.0,0
1416,261,337,,cpu,7,-327.05589975947794,-46.722271394211134,0,True,False,,19,0,18,0.10740294626780919,0.00039660887971747016,0.0023759019428065847,1.7749333381652832,1.7749333381652832,1.883483988898141,1.7749333381652832,,2.142857142857143,10,5,15,15,0,0,0,6.333333333333333,111.39117233735698,1.8764589,10.6,3,4,3,5,1,0,0,1,100.0,-34.0,-131.0,0.0,0.0,-212.05589975947794,0.0,0
1417,99,123,,cpu,7,-485.574353452808,-69.36776477897257,0,True,False,,19,0,13,0.02973121404647827,0.00022465259618391947,0.0028672994480335285,1.4853153909955705,1.4853153909955705,2.34856493132455,1.4853153909955705,,2.142857142857143,10,5,15,15,0,0,0,13.066666666666666,283.78122602188597,2.6864636,10.6,3,4,3,5,0,0,0,3,150.0,-41.5,-131.0,0.0,0.0,-453.07435345280794,0.0,0
1418,83,482,,cpu,6,-366.4628019127743,-61.07713365212905,0,True,False,,12,0,9,0.05007760847608248,0.00013002152642608658,0.0021173116207743683,2.065960089365641,2.0697150230407715,2.113033652305603,2.0697150230407715,,2.5,10,4,15,15,0,0,0,9.066666666666666,189.1746682290377,2.3468,9.6,3,4,3,5,0,0,0,2,100.0,-25.0,-131.0,0.0,0.0,-310.4628019127743,0.0,0
1419,151,521,,cpu,150,-49690.489380526145,-331.2699292035076,149,False,True,7,119,75,92,-0.13119193295637765,0.18078014823884586,0.05632724105070035,0.8664593847592672,0.8873573517799378,0.22077663779258727,0.8873573517799378,,0.8866666666666667,10,76,133,133,0,0,0,8.06015037593985,150.49575436573613,2.4819348,10.6,27,37,24,45,11,7,2,6,850.0,-4340.0,-1178.0,0.0,-41601.18571391925,-2431.3036666068974,0.0,0
1420,67,438,,cpu,7,-284.2840006294421,-40.6120000899203,0,True,False,,17,0,14,0.12524533697537013,0.0005953084546490572,0.00248594513894724,1.4853153909955705,1.4853153909955705,1.8442897285733904,1.4853153909955705,,2.142857142857143,10,5,15,15,0,0,0,7.133333333333334,127.18800169113184,2.1616871,9.6,3,4,3,5,0,0,0,3,150.0,-36.5,-131.0,0.0,0.0,-236.78400062944215,0.0,0
1421,257,252,,cpu,5,-365.503665955025,-73.10073319100499,0,True,False,,8,0,6,0.17914587557315825,0.0008003425609786063,0.0014868462458252907,2.079441547393799,2.079441547393799,3.218647766113281,2.079441547393799,,3.0,10,3,15,15,0,0,0,8.133333333333333,159.95434040610786,1.4709456,9.6,3,4,3,5,1,0,0,0,50.0,-13.5,-131.0,0.0,0.0,-271.003665955025,0.0,0
1422,105,383,,cpu,150,-65621.04107014793,-437.47360713431954,202,False,True,5,329,329,244,-0.3819301319370667,0.3540500916358481,0.1738222898853322,0.9880625267823537,0.9850562198956807,0.24044509490331015,0.9850562198956807,,0.9,10,76,135,135,0,0,0,7.770370370370371,160.41529859170274,2.0142722,10.6,31,35,24,45,8,8,0,11,950.0,-10839.0,-1182.0,0.0,-51208.29530656338,-2351.7457635845444,0.0,0
1423,301,295,,cpu,13,-320.0936214069937,-24.62258626207644,0,True,False,,11,0,8,0.07295499777851197,0.0009814463589394179,0.0014093275262544362,0.8531042245718149,0.8531042245718149,1.195916671019334,0.8531042245718149,,1.2307692307692308,10,10,16,16,0,0,0,7.8125,152.75381720034187,2.2396333,9.6,4,4,3,5,3,0,0,1,200.0,-36.5,-136.0,0.0,0.0,-277.59362140699363,0.0,0
1424,214,560,,cpu,9,-345.64055491959084,-38.40450610217676,0,True,False,,16,0,10,0.06049465801980761,0.0006729959568474442,0.0017191696549869245,1.2302702797783747,1.153076410293579,1.3742617501152887,1.153076410293579,,1.6666666666666667,10,7,15,15,0,0,0,8.666666666666666,177.82127660103075,2.3408504,6.0,3,4,3,5,1,1,0,2,150.0,-33.0,-131.0,0.0,0.0,-291.64055491959084,0.0,0
1425,292,461,,cpu,5,-286.92306338531563,-57.384612677063124,0,True,False,,6,0,6,0.025193358957767486,5.8910910183840315e-05,0.0009540010243654252,2.4849066734313965,2.4849066734313965,3.29274320602417,2.4849066734313965,,3.0,10,3,15,15,0,0,0,6.133333333333334,96.88996380364827,1.2633575,10.6,3,4,3,5,1,0,0,0,50.0,-7.0,-131.0,0.0,0.0,-198.92306338531563,0.0,0
1426,8,545,,cpu,24,-4030.2392838821147,-167.92663682842144,10,True,False,2,12,0,10,-0.18263027087474862,0.006156945855546307,0.003257798516036322,1.1972424189249675,1.1972424735625584,0.7505105833212534,1.1972424735625584,,1.1666666666666667,10,16,28,28,0,0,0,8.535714285714286,161.06204733149812,2.8486269,10.6,6,7,5,10,2,1,0,3,250.0,-76.5,-251.0,0.0,-3273.583287000656,-539.1559968814588,0.0,0
1427,120,376,,cpu,150,-54580.61946362015,-363.8707964241343,148,False,True,32,366,306,298,-0.29138575966780383,0.19007736440387815,0.15353573215116437,0.9140637971957525,0.9065914797782898,0.1774537952740987,0.9065914797782898,,0.9066666666666666,10,71,136,136,0,0,0,7.845588235294118,166.4990964509415,2.0537474,10.6,32,34,25,45,11,6,0,6,850.0,-11008.5,-1182.0,0.0,-39844.316667318344,-2395.8027963018008,0.0,0
1428,242,199,,cpu,26,-6574.927474391369,-252.8818259381296,22,True,False,2,20,0,15,-0.28099039500543416,0.01911903089064883,0.005916333488690166,0.9562545006091778,0.9562545006091778,0.6357026054308965,0.9562545006091778,,0.9615384615384616,10,20,25,25,0,0,0,7.2,127.15026167060876,2.2808878,10.6,5,6,4,10,3,2,2,3,300.0,-139.5,-235.0,0.0,-5971.87323823652,-398.55423615484966,0.0,0
1429,203,548,,cpu,6,-333.7474744807325,-55.62457908012208,0,True,False,,11,0,11,0.07481827959418297,0.00022463040780470087,0.0018225158176695306,1.732867956161499,1.732867956161499,2.534302751223246,1.732867956161499,,2.5,10,4,15,15,0,0,0,7.733333333333333,165.56988946490813,2.0379784,10.6,3,4,3,5,0,0,0,2,100.0,-24.0,-131.0,0.0,0.0,-268.7474744807325,0.0,0
1430,106,112,,cpu,7,-435.1155419229149,-62.159363131844984,0,True,False,,21,0,16,0.07397441353116717,0.0005936130058086876,0.0025743168745455997,1.4853153909955705,1.4853154591151647,2.1312571253095354,1.4853154591151647,,2.142857142857143,10,5,15,15,0,0,0,13.066666666666666,283.91852092224235,2.6487372,10.6,3,4,3,5,0,0,0,4,200.0,-41.0,-131.0,0.0,0.0,-453.1155419229149,0.0,0
1431,124,412,,cpu,8,-232.09003829604666,-29.011254787005832,0,True,False,,21,0,16,0.069268137216568,0.0004218473477521911,0.003327531332615763,1.2996509671211243,1.2996509671211243,1.7663167119026184,1.2996509671211243,,1.875,10,6,15,15,0,0,0,6.333333333333333,103.34802952114711,1.7284787,10.6,3,4,3,5,2,1,0,2,200.0,-48.5,-131.0,0.0,0.0,-212.59003829604666,0.0,0
1432,140,481,,cpu,6,-1463.288891900123,-243.88148198335384,4,True,False,2,10,0,9,-0.2124122604727745,0.000915408212146455,0.0019595639896579087,3.2864132722218833,3.2213313579559326,2.4198787212371826,3.2213313579559326,,2.5,10,4,15,15,0,0,0,9.066666666666666,189.6586398658188,2.2166018,9.4,3,4,3,5,0,0,0,2,100.0,-21.0,-131.0,0.0,-1070.7250595092773,-310.5638323908456,0.0,0
1433,220,390,,cpu,7,-996.8059667520931,-142.40085239315616,2,True,False,2,9,0,9,-0.10895150048392159,0.0002752936254962281,0.001631023661632623,2.35416909626552,2.3541693687438965,2.249790940965925,2.3541693687438965,,2.142857142857143,10,5,15,15,0,0,0,7.666666666666667,163.8769620725004,2.2067723,10.6,3,4,3,5,1,0,0,0,50.0,-25.5,-131.0,0.0,-603.9517641067505,-256.3542026453426,0.0,0
1434,19,421,,cpu,6,-1490.2308660188444,-248.37181100314072,4,True,False,2,10,0,7,-0.19187228381633759,0.000541244811188335,0.0018779992242343724,2.746530612309774,2.746530612309774,2.8533201217651367,2.746530612309774,,2.5,10,4,15,15,0,0,0,7.133333333333334,126.98730354608527,1.7963411,9.6,3,4,3,5,0,0,0,3,150.0,-21.0,-131.0,0.0,-1231.5070748329163,-236.72379118592818,0.0,0
1435,5,521,,cpu,6,-1090.0351637202164,-181.67252728670272,2,True,False,2,9,0,8,0.022719947000344593,0.0002647799322706608,0.0015427044515187542,2.746530612309774,2.746530771255493,2.360697090625763,2.746530771255493,,2.5,10,4,15,15,0,0,0,9.333333333333334,191.70180523025724,1.939984,10.6,3,4,3,5,0,0,0,1,50.0,-16.5,-131.0,0.0,-646.8458473682404,-315.689316351976,0.0,0
1436,174,521,,cpu,65,-19222.43580936547,-295.7297816825457,61,True,False,2,43,0,34,0.08425967499900322,0.5132975599025276,0.01580883556475433,1.0923743688143217,1.092374376150278,0.3689980369347792,1.092374376150278,,1.0,10,34,65,65,0,0,0,7.2,136.7851178523005,2.2924235,10.6,15,16,14,20,7,5,2,8,750.0,-610.0,-545.0,0.0,-17392.453979592472,-1074.9818297729964,0.0,0
1437,222,478,,cpu,7,-699.3137042932908,-99.9019577561844,1,True,False,5,10,0,8,0.16546720692089625,0.0015011228138713964,0.0015324528462120465,2.9114735467093333,2.9665416990007674,1.8907088892800468,2.9665416990007674,,2.142857142857143,10,5,15,15,0,0,0,7.666666666666667,151.10397194316724,1.9986172,7.4,3,4,3,5,0,0,0,1,50.0,-22.5,-131.0,0.0,-298.4920144081116,-257.32168988517924,0.0,0
1438,260,212,,cpu,6,-1940.429726896618,-323.40495448276965,5,True,False,2,8,0,5,-0.17674782872200012,0.0008384978767329206,0.0010740842941838007,2.746530612309774,2.746530612309774,2.698185602823893,2.746530612309774,,2.5,10,4,15,15,0,0,0,8.466666666666667,172.77794074789094,2.0148885,10.6,3,4,3,5,1,0,0,0,50.0,-13.0,-131.0,0.0,-1563.4532272815704,-282.97649961504743,0.0,0
1439,122,549,,cpu,6,-708.0203336829501,-118.00338894715834,1,True,False,4,19,0,14,0.027937663719058037,6.557414465883464e-05,0.0022638996985430517,2.0707555611928306,2.07075564066569,2.7471742630004883,2.07075564066569,,2.5,10,4,15,15,0,0,0,9.466666666666667,201.08465914894757,2.3710282,10.6,3,4,3,5,0,0,0,2,100.0,-36.0,-131.0,0.0,-296.29896879196167,-324.7213648909884,0.0,0
1440,46,484,,cpu,12,-382.3379127915915,-31.861492732632627,0,True,False,,13,0,10,-0.02139246029158433,0.00028890209947955253,0.0024004246030623713,0.8664339780807495,0.8664339780807495,1.3843357761700947,0.8664339780807495,,1.25,10,10,15,15,0,0,0,9.333333333333334,190.5304600289755,3.0536003,10.6,3,4,3,5,1,0,0,2,150.0,-36.0,-131.0,0.0,0.0,-315.3379127915915,0.0,0
1441,112,472,,cpu,150,-118324.14086764873,-788.8276057843249,375,False,True,22,161,86,130,-1.5362926344340666,2.278621125198753,0.12014081057083482,1.113941700855891,1.0838993088404338,0.24279046495755513,1.0838993088404338,,0.9933333333333333,10,74,149,149,0,0,0,6.348993288590604,96.3594247375619,1.7951249,10.6,36,40,28,45,11,10,1,8,950.0,-6759.0,-1259.0,0.0,-108019.75053775393,-2106.3903298948076,0.0,0
1442,126,426,,cpu,8,-269.5676502053747,-33.69595627567184,0,True,False,,11,0,8,-0.04067904409021139,0.0003582086555979913,0.0020061251416336745,1.2996509671211243,1.2996509671211243,2.0131436586380005,1.2996509671211243,,1.875,10,6,15,15,0,0,0,6.333333333333333,103.27340255224073,1.7536274,10.6,3,4,3,5,2,1,0,1,150.0,-26.0,-131.0,0.0,0.0,-212.56765020537472,0.0,0
1443,178,507,,cpu,9,-272.7657000686348,-30.307300007626093,0,True,False,,26,0,15,0.007103246947129567,6.26591358291585e-05,0.002497534371084637,1.155245304107666,1.155245304107666,1.6451372040642633,1.155245304107666,,1.6666666666666667,10,7,15,15,0,0,0,7.733333333333333,162.29730809124936,2.6736038,10.6,3,4,3,5,1,0,0,3,200.0,-44.0,-131.0,0.0,0.0,-267.7657000686348,0.0,0
1444,257,531,,cpu,3,-1240.506480373965,-413.50216012465495,3,True,False,2,5,0,5,-0.11750356356302898,9.603957975438486e-05,0.0008165955077856779,5.493061224619548,5.493061224619548,5.606922547022502,5.493061224619548,,5.0,10,1,15,15,0,0,0,6.866666666666666,121.71846832013986,0.57894737,4.0,3,4,3,5,0,0,0,0,0.0,-5.0,-131.0,0.0,-882.2367310523987,-222.26974932156614,0.0,0
1445,24,528,,cpu,6,-2296.987682630999,-382.83128043849985,6,True,False,2,9,0,8,-0.09652066230773926,0.0008600452977892322,0.0014163000062884141,2.746530612309774,2.746530612309774,2.782602151234945,2.746530612309774,,2.5,10,4,15,15,0,0,0,9.333333333333334,191.20418264303134,2.0729234,10.6,3,4,3,5,0,0,0,2,100.0,-19.5,-131.0,0.0,-1920.947653055191,-315.54002957580826,0.0,0
1446,81,491,,cpu,6,-990.3409537250816,-165.05682562084692,2,True,False,2,8,0,8,0.33560312787691754,0.004516149094949166,0.0015637398270579677,4.008821169535319,4.02319351832072,2.599785049756368,4.02319351832072,,2.5,10,4,15,15,0,0,0,9.266666666666667,190.61626980890645,1.9730539,9.6,3,4,3,5,0,0,0,2,100.0,-19.0,-131.0,0.0,-595.2260196208954,-315.1149341041862,0.0,0
1447,280,342,,cpu,5,-599.9712041413558,-119.99424082827116,1,True,False,2,10,0,8,0.5081726431846618,0.005927880946546793,0.0011743675684556365,3.2958367347717283,3.2958367347717283,3.38258056640625,3.2958367347717283,,3.0,10,3,15,15,0,0,0,6.333333333333333,111.4772778669257,1.3851757,9.4,3,4,3,5,1,0,0,0,50.0,-17.0,-131.0,0.0,-289.8894727230072,-212.08173141834857,0.0,0
1448,298,394,,cpu,5,-944.9998370231882,-188.99996740463763,2,True,False,2,8,0,8,0.32670528888702394,0.0036043023224920034,0.0009103794116526842,3.2958367347717283,3.2958367347717283,3.2842867374420166,3.2958367347717283,,3.0,10,3,15,15,0,0,0,6.333333333333333,111.40590727385576,1.3074648,9.4,3,4,3,5,1,0,0,0,50.0,-12.0,-131.0,0.0,-639.9395167827606,-212.0603202404276,0.0,0
1449,240,319,,cpu,19,-527.5254385276094,-27.76449676461102,0,True,False,,16,0,11,0.097063770223605,0.0051476517569665845,0.003977091704176641,1.2405120385320563,1.1398092853395563,0.7286478281021118,1.1398092853395563,,1.105263157894737,10,11,21,21,0,0,0,7.238095238095238,142.91860416411177,1.5107876,6.4,5,6,5,5,3,3,0,0,150.0,-69.5,-163.0,0.0,0.0,-335.0254385276095,0.0,0
1450,57,543,,cpu,6,-381.0230060016205,-63.503834333603415,0,True,False,,11,0,8,0.11073057850201924,0.0004254530370720507,0.0019052164473881323,1.732867956161499,1.732867956161499,2.8497840960820517,1.732867956161499,,2.5,10,4,15,15,0,0,0,9.333333333333334,192.81410406240533,1.9919463,10.6,3,4,3,5,0,0,0,2,100.0,-24.0,-131.0,0.0,0.0,-316.02300600162044,0.0,0
1451,165,168,,cpu,7,-50.49024072629602,-7.212891532328003,0,True,False,,7,0,6,-0.004636628486748252,1.688098572165992e-05,0.0011126326114338423,0.4951051303318569,0.49510511330195833,0.9414063521793911,0.49510511330195833,,0.7142857142857143,3,4,5,5,0,0,0,5.0,0.0,0.0,0.0,0,0,0,5,0,0,0,2,100.0,-13.5,-75.0,0.0,0.0,-51.990240726296015,0.0,0
1452,214,530,,cpu,6,-645.6461006322361,-107.60768343870602,1,True,False,2,17,0,14,-0.3358494887749354,0.005027256129930417,0.001675693434663117,2.746530612309774,2.7465309302012124,2.33481498559316,2.7465309302012124,,2.5,10,4,15,15,0,0,0,7.733333333333333,161.857801405925,2.1547775,10.6,3,4,3,5,0,0,0,2,100.0,-33.5,-131.0,0.0,-283.5122525691986,-267.63384806303753,0.0,0
1453,31,570,,cpu,6,-449.0677652180547,-74.84462753634246,0,True,False,,10,0,8,-0.36298594375451404,0.008221954960996905,0.0015378359627599518,1.732867956161499,1.732867956161499,2.457115093866984,1.732867956161499,,2.5,10,4,15,15,0,0,0,9.4,196.95111456462527,2.1487868,10.6,3,4,3,5,0,0,0,1,50.0,-21.0,-131.0,0.0,0.0,-317.0677652180548,0.0,0
1454,48,576,,cpu,6,-386.7862049313934,-64.46436748856557,0,True,False,,12,0,11,-0.40361910065015155,0.008740437217056751,0.0018628890490314614,1.732867956161499,1.732867956161499,2.5103777249654136,1.732867956161499,,2.5,10,4,15,15,0,0,0,9.533333333333333,202.67924694242066,2.26052,10.6,3,4,3,5,0,0,0,2,100.0,-27.0,-131.0,0.0,0.0,-318.7862049313934,0.0,0
1455,102,505,,cpu,7,-366.5008028453843,-52.357257549340616,0,True,False,,14,0,11,-0.274537341935294,0.007011101581156254,0.002145154750905931,1.4853153909955705,1.4853153909955705,1.8158159766878401,1.4853153909955705,,2.142857142857143,10,5,15,15,0,0,0,9.4,202.01611899693395,2.6787353,10.6,3,4,3,5,0,0,0,3,150.0,-30.5,-131.0,0.0,0.0,-325.0008028453843,0.0,0
1456,200,358,,cpu,7,-302.0643474985819,-43.15204964265456,0,True,False,,17,0,15,-0.17166523422513688,0.003462270800290363,0.0016803648489128267,1.4853153909955705,1.4853153909955705,1.9799303327287947,1.4853153909955705,,2.142857142857143,10,5,15,15,0,0,0,7.666666666666667,164.57744491663146,2.0496235,10.6,3,4,3,5,1,0,0,2,150.0,-34.5,-131.0,0.0,0.0,-256.5643474985819,0.0,0
1457,273,311,,cpu,5,-365.4938400654597,-73.09876801309194,0,True,False,,8,0,8,-0.09211140051484108,0.0006144365790532902,0.001061284530442208,2.079441547393799,2.079441547393799,3.0929800033569337,2.079441547393799,,3.0,10,3,15,15,0,0,0,8.133333333333333,158.25492077422342,1.3985345,9.6,3,4,3,5,1,0,0,0,50.0,-14.0,-131.0,0.0,0.0,-270.4938400654597,0.0,0
1458,261,146,,cpu,7,-407.12655469103424,-58.16093638443346,0,True,False,,9,0,6,0.05842107960156032,0.0001942589801079261,0.0011159819051889436,1.4853153909955705,1.4853153909955705,2.2196648120880127,1.4853153909955705,,2.142857142857143,10,5,15,15,0,0,0,8.866666666666667,178.8512648194476,2.2628748,9.6,3,4,3,5,1,0,0,1,100.0,-19.5,-131.0,0.0,0.0,-306.62655469103424,0.0,0
1459,200,183,,cpu,28,-1327.4649971883582,-47.40946418529851,4,True,False,17,11,0,9,0.005114409939518997,0.0019492521681943994,0.002765763700673623,0.1630124364580427,0.1630124364580427,0.2815416710717337,0.1630124364580427,,0.21428571428571427,4,25,6,6,0,0,0,5.0,0.0,0.0,0.0,0,0,0,6,0,0,0,3,150.0,-67.0,-90.0,0.0,-1228.076708316803,-62.38828887155522,0.0,0
1460,307,368,,cpu,5,-1237.3650721356921,-247.47301442713842,3,True,False,2,8,0,7,0.09700535237789154,0.0009383930242620409,0.0008452977053821087,3.2958367347717283,3.2958367347717283,2.7129942893981935,3.2958367347717283,,3.0,10,3,15,15,0,0,0,6.333333333333333,111.40594072661773,1.3188516,9.6,3,4,3,5,1,0,0,0,50.0,-14.0,-131.0,0.0,-930.304741859436,-212.06033027625614,0.0,0
1461,199,225,,cpu,150,-116989.1644384529,-779.9277629230194,359,False,True,30,294,225,223,-0.9411074752608936,2.3260418595482286,0.18458906371767322,0.5711933394273122,0.5551574563980103,0.2548301088809967,0.5551574563980103,,0.62,10,92,93,93,0,0,0,7.462365591397849,128.07709425961124,1.2432318,10.6,19,22,15,37,15,7,1,21,1800.0,-9866.0,-871.0,0.0,-106068.61589591313,-1533.5485425397794,0.0,0
1462,96,564,,cpu,6,-2039.9955812285427,-339.9992635380905,5,True,False,2,8,0,8,-0.09407968570788701,0.0006055597550584935,0.0013539543918644388,2.746530612309774,2.746530612309774,2.904630184173584,2.746530612309774,,2.5,10,4,15,15,0,0,0,9.133333333333333,190.94781893398024,2.1965988,9.6,3,4,3,5,0,0,0,1,50.0,-13.0,-131.0,0.0,-1591.9427931308746,-314.05278809766816,0.0,0
1463,100,493,,cpu,6,-1318.344377433713,-219.7240629056188,3,True,False,2,6,0,5,0.03566456461946169,0.0005476742882516797,0.001221556526919206,2.746530612309774,2.746531089146932,2.381879766782125,2.746531089146932,,2.5,10,4,15,15,0,0,0,9.466666666666667,201.08465914894757,2.3710282,10.6,3,4,3,5,0,0,0,1,50.0,-8.0,-131.0,0.0,-874.6230125427246,-324.7213648909884,0.0,0
1464,229,525,,cpu,6,-591.9539854066926,-98.6589975677821,1,True,False,2,16,0,12,0.06792816519737244,0.00026112845322738093,0.0014700719718045245,2.746530612309774,2.746530612309774,2.3925474484761557,2.746530612309774,,2.5,10,4,15,15,0,0,0,7.733333333333333,162.44750380632473,2.121057,10.6,3,4,3,5,0,0,0,3,150.0,-32.0,-131.0,0.0,-291.14322662353516,-267.81075878315744,0.0,0
1465,67,478,,cpu,6,-411.13086310762327,-68.52181051793721,0,True,False,,7,0,5,-0.06715408340096474,0.00017070639682970068,0.001337859604973346,3.3936763604482016,3.4604972203572593,2.517103672027588,3.4604972203572593,,2.5,10,4,15,15,0,0,0,8.2,160.6921817403185,1.7465881,8.6,3,4,3,5,0,0,0,1,50.0,-12.0,-131.0,0.0,0.0,-278.13086310762327,0.0,0
1466,193,322,,cpu,10,-212.31634042008628,-21.23163404200863,0,True,False,,22,0,15,-0.05955112054944038,0.001401644973520888,0.002711560623720288,1.0397207736968994,1.0397207736968994,1.4356775760650635,1.0397207736968994,,1.5,10,8,15,15,0,0,0,7.666666666666667,163.75075465497946,2.4243214,10.6,3,4,3,5,2,1,0,3,250.0,-55.0,-131.0,0.0,0.0,-256.3163404200863,0.0,0
1467,12,554,,cpu,7,-2323.673546651409,-331.95336380734415,6,True,False,2,10,0,8,-0.5523816091673714,0.008115080983511038,0.0015020629590643303,2.35416909626552,2.35416909626552,2.1279808453151157,2.35416909626552,,2.142857142857143,10,5,15,15,0,0,0,9.333333333333334,192.05012212370204,2.3640454,10.6,3,4,3,5,0,0,0,2,100.0,-21.5,-131.0,0.0,-1925.3797352313995,-315.79381142000943,0.0,0
1468,70,526,,cpu,150,-92321.80594505148,-615.4787063003432,277,False,True,34,248,117,191,-0.8836293145090652,1.17437021976316,0.23982328964125676,0.8487200617790223,0.8531364472707113,0.2451783494154612,0.8531364472707113,,0.8666666666666667,10,81,130,130,0,0,0,8.476923076923077,161.60237650834202,2.6209748,10.6,25,38,22,45,12,8,0,8,1000.0,-10063.0,-1170.0,0.0,-78637.34067380428,-2491.4652712472,0.0,0
1469,245,429,,cpu,7,-239.9921938440728,-34.28459912058183,0,True,False,,14,0,11,-0.048604684216635566,0.0003801247273388851,0.0017687220908036189,1.7749333381652832,1.7749333381652832,2.18896416255406,1.7749333381652832,,2.142857142857143,10,5,15,15,0,0,0,6.133333333333334,97.12039866617228,1.4947723,9.4,3,4,3,5,2,0,0,1,150.0,-30.0,-131.0,0.0,0.0,-198.9921938440728,0.0,0
1470,157,535,,cpu,6,-471.9302282815109,-78.65503804691848,0,True,False,,12,0,10,0.03158346563577652,5.534764917077458e-05,0.0015680903355435778,2.2487390836079917,2.3026763598124185,2.5585610071818032,2.3026763598124185,,2.5,10,4,15,15,0,0,0,9.533333333333333,201.7808704506889,2.283634,10.6,3,4,3,5,0,0,0,1,50.0,-26.0,-131.0,0.0,0.0,-324.93022828151084,0.0,0
1471,225,498,,cpu,6,-939.6734849499046,-156.61224749165078,2,True,False,2,7,0,6,0.0362662598490715,0.00028858447209737886,0.0010894231187800567,2.746530612309774,2.7465309302012124,2.405231237411499,2.7465309302012124,,2.5,10,4,15,15,0,0,0,7.8,166.1580008773463,2.1404598,10.6,3,4,3,5,0,0,0,2,100.0,-15.0,-131.0,0.0,-624.7495770454407,-268.92390790446393,0.0,0
1472,252,333,,cpu,150,-86198.85592666318,-574.6590395110878,259,False,True,2,194,126,154,-0.9540996896723907,0.7646166086931286,0.1122253503665949,1.1084838143984477,1.073595889409383,0.24705406109491984,1.073595889409383,,0.96,10,70,144,144,0,0,0,6.798611111111111,119.47521647008067,1.7443787,10.6,38,39,27,40,15,8,0,14,1450.0,-7586.5,-1183.0,0.0,-75690.8920172602,-2168.4639094029862,0.0,0
1473,99,582,,cpu,9,-425.18628254559763,-47.24292028284418,0,True,False,,19,0,14,0.133173245522711,0.002238725519014729,0.002124562917742878,1.155245304107666,1.155245304107666,1.5665985743204753,1.155245304107666,,1.6666666666666667,10,7,15,15,0,0,0,9.133333333333333,191.39280042707836,2.7656786,9.6,3,4,3,5,0,0,0,2,100.0,-40.0,-131.0,0.0,0.0,-314.1862825455976,0.0,0
1474,4,541,,cpu,6,-1117.445373889028,-186.24089564817132,2,True,False,2,9,0,8,0.15390134851137796,0.0012982928795584787,0.001310404671433692,2.746530612309774,2.7465306917826333,2.4759140412012735,2.7465306917826333,,2.5,10,4,15,15,0,0,0,9.333333333333334,194.67615818757486,1.9371647,10.6,3,4,3,5,0,0,0,1,50.0,-19.5,-131.0,0.0,-660.3637516498566,-316.58162223917134,0.0,0
1475,3,422,,cpu,6,-1949.5103691234046,-324.9183948539008,5,True,False,2,7,0,6,-0.08544945468505223,0.0009057393981493078,0.0013183669458764296,2.746530612309774,2.746530612309774,2.452426473299662,2.746530612309774,,2.5,10,4,15,15,0,0,0,7.133333333333334,127.60627313712197,1.8019072,9.6,3,4,3,5,0,0,0,1,50.0,-13.0,-131.0,0.0,-1568.6008870601654,-236.90948206323918,0.0,0
1476,266,481,,cpu,7,-2525.2474269102795,-360.7496324157542,6,True,False,2,9,0,7,-0.29997096742902485,0.0015002131700124924,0.0009626153623685241,2.9738339696611678,2.969794545854841,2.3745575632367815,2.969794545854841,,2.142857142857143,10,5,15,15,0,0,0,6.733333333333333,117.52427585286001,1.8042176,9.4,3,4,3,5,1,0,1,1,100.0,-17.0,-131.0,0.0,-2219.3777203559875,-217.8697065542919,0.0,0
1477,254,539,,cpu,150,-201690.55580601285,-1344.603705373419,517,False,True,17,329,163,250,-3.1425276210904123,9.094357340727,0.10819749435487513,1.1121096948782603,1.0538405203819274,0.22336185296376546,1.0538405203819274,,0.9666666666666667,10,64,145,145,0,0,0,6.551724137931035,112.1263131962129,1.8669983,10.6,35,39,31,40,11,5,0,10,1050.0,-12836.5,-1180.0,0.0,-185508.89452695847,-2075.1612790543863,0.0,0
1478,6,480,,cpu,6,-1052.5698474439216,-175.42830790732026,2,True,False,2,7,0,5,-0.015049468105038008,6.50092454274424e-05,0.0010644981521181762,2.8649290402730307,2.7388550440470376,2.447747588157654,2.7388550440470376,,2.5,10,4,15,15,0,0,0,9.133333333333333,183.9216020558751,2.006385,9.6,3,4,3,5,0,0,0,1,50.0,-11.5,-131.0,0.0,-622.7711975574493,-307.2986498864723,0.0,0
1479,87,583,,cpu,150,-32264.54341252585,-215.09695608350566,75,False,True,34,183,139,144,0.37699614346027377,0.6795781693359216,0.10831364764055858,0.8771511550744374,0.8332642857233683,0.18932642817497253,0.8332642857233683,,0.88,10,82,132,132,0,0,0,8.348484848484848,159.19332890493885,2.643242,9.6,25,39,23,45,18,9,2,13,1550.0,-6913.5,-1181.0,0.0,-22394.05938045338,-2515.9840320724743,0.0,0
1480,252,322,,cpu,5,-308.569058069188,-61.71381161383759,0,True,False,,9,0,7,0.1347575604915619,0.0004434190806932747,0.0012006529606878758,2.079441547393799,2.079441547393799,3.1909008979797364,2.079441547393799,,3.0,10,3,15,15,0,0,0,6.333333333333333,111.43503336972377,1.3978157,9.4,3,4,3,5,1,0,0,0,50.0,-15.5,-131.0,0.0,0.0,-212.06905806918797,0.0,0
1481,254,203,,cpu,6,-1892.8798953462851,-315.4799825577142,5,True,False,2,10,0,8,-0.2612980554501216,0.0015892409416361868,0.0012958436273038387,2.746530612309774,2.746530612309774,2.4485803047815957,2.746530612309774,,2.5,10,4,15,15,0,0,0,8.4,171.14616292818866,1.9191433,10.6,3,4,3,5,1,0,0,0,50.0,-20.0,-131.0,0.0,-1509.3929290771484,-282.48696626913676,0.0,0
1482,219,367,,cpu,20,-966.160047517728,-48.3080023758864,1,True,False,11,20,0,16,0.0222430856898427,0.001488957133187796,0.0032339028839487582,0.9357486963272095,0.9357487022876739,0.9118164479732513,0.9357487022876739,,1.35,10,13,27,27,0,0,0,7.62962962962963,157.95998233394414,1.9760039,10.6,6,7,6,8,1,1,0,3,200.0,-74.0,-224.0,0.0,-300.3814160823822,-457.77863143534574,0.0,0
1483,63,477,,cpu,6,-1478.106541183039,-246.3510901971732,4,True,False,2,12,0,8,-0.21556662519772848,0.000981353055976797,0.0020047411283788583,2.746530612309774,2.746531089146932,2.633779207865397,2.746531089146932,,2.5,10,4,15,15,0,0,0,7.133333333333334,126.88405307741984,1.7565571,9.6,3,4,3,5,0,0,0,2,100.0,-23.5,-131.0,0.0,-1146.9137251377106,-236.69281604532853,0.0,0
1484,74,489,,cpu,150,-129151.05893377813,-861.0070595585208,419,False,True,12,231,178,182,-1.7834618982921044,2.5978014795068884,0.09369160619719574,1.0257300102710725,1.037885623772939,0.24672074357668558,1.037885623772939,,0.96,10,70,144,144,0,0,0,7.055555555555555,116.77050011713976,2.0979877,10.6,33,39,27,45,19,8,3,17,1800.0,-5642.0,-1233.0,0.0,-120931.14083169808,-2274.9181020800365,0.0,0
1485,287,345,,cpu,44,-13421.691712466523,-305.0384480106028,41,True,False,2,17,0,13,-0.25505183095281775,0.12877210748278725,0.005929595576493408,1.2457461682232944,1.2457461682232944,0.514529821547595,1.2457461682232944,,1.1590909090909092,10,24,51,51,0,0,0,5.980392156862745,96.65979749447659,1.6656163,10.6,13,14,9,15,4,11,1,1,250.0,-179.5,-429.0,0.0,-12157.933092669009,-675.2586197975139,0.0,0
1486,182,557,,cpu,150,-54712.56708885959,-364.75044725906395,146,False,True,54,254,234,196,-0.03974828454355399,0.36720231028546096,0.10374958397005685,0.9070260326067606,0.8937954974174499,0.2250348440806071,0.8937954974174499,,0.9333333333333333,10,73,140,140,0,0,0,7.335714285714285,134.70615949468493,2.0201564,10.6,31,36,28,45,18,9,0,11,1450.0,-10100.5,-1202.0,0.0,-41615.693336725235,-2324.3737521343605,0.0,0
1487,294,286,,cpu,7,-359.47863819090054,-51.35409117012865,0,True,False,,14,0,14,0.24697245444570268,0.003979785234800407,0.0014879956641899689,1.4853153909955705,1.4853153909955705,2.0271267890930176,1.4853153909955705,,2.142857142857143,10,5,15,15,0,0,0,8.133333333333333,158.2042478590262,1.9022722,10.6,3,4,3,5,1,0,0,1,100.0,-28.0,-131.0,0.0,0.0,-270.47863819090054,0.0,0
1488,306,511,,cpu,7,-1386.7282905073507,-198.1040415010501,3,True,False,2,9,0,7,0.17690532548086985,0.0029020712744178517,0.0010856933326327375,2.35416909626552,2.35416909626552,2.236224583217076,2.35416909626552,,2.142857142857143,10,5,15,15,0,0,0,6.866666666666666,121.62691330465641,2.0345154,10.6,3,4,3,5,1,0,1,1,100.0,-16.5,-131.0,0.0,-1096.9860076904297,-222.2422828169211,0.0,0
1489,218,454,,cpu,8,-535.5389830327344,-66.9423728790918,1,True,False,5,21,0,14,0.22940317913889885,0.003504000254906714,0.001674241793807596,1.2996509671211243,1.2996509671211243,2.1763603687286377,1.2996509671211243,,1.875,10,6,15,15,0,0,0,7.466666666666667,140.38833132406097,1.889333,10.6,3,4,3,5,2,0,0,2,200.0,-38.5,-131.0,0.0,-291.62747263908386,-244.4115103936506,0.0,0
1490,129,569,,cpu,9,-475.2947046035214,-52.810522733724596,0,True,False,,13,0,10,0.14496955937809414,0.0021136963170849616,0.0020181183289322588,1.155245304107666,1.155245304107666,1.4299759732352362,1.155245304107666,,1.6666666666666667,10,7,15,15,0,0,0,9.133333333333333,191.75420728682448,2.7921038,9.6,3,4,3,5,0,0,0,1,50.0,-30.0,-131.0,0.0,0.0,-314.29470460352144,0.0,0
1491,177,214,,cpu,150,-82003.17315185853,-546.6878210123901,255,False,True,22,239,224,177,-0.34638939078897235,0.71020666989168,0.08556751171282183,0.39375368237495423,0.3883060677846273,0.3142464876174927,0.3883060677846273,,0.42,10,108,63,63,0,0,0,6.9523809523809526,101.99443616138055,0.6080025,10.6,9,10,7,37,4,4,1,21,1250.0,-5880.5,-701.0,0.0,-75481.3766973595,-950.2964544990249,0.0,0
1492,312,499,,cpu,7,-2436.300636479412,-348.0429480684874,6,True,False,2,11,0,8,-0.29221711839948383,0.0018056246585079602,0.0012095344635391875,2.35416909626552,2.35416909626552,2.2112819807870046,2.35416909626552,,2.142857142857143,10,5,15,15,0,0,0,6.866666666666666,121.62691330465641,2.0345154,10.6,3,4,3,5,1,0,0,1,100.0,-22.5,-131.0,0.0,-2130.558353662491,-222.2422828169211,0.0,0
1493,192,319,,cpu,7,-322.39096871363415,-46.05585267337631,0,True,False,,20,0,19,0.08132702537945338,0.00029560576079542704,0.0018248323218098708,1.2709998403276717,1.473438126700265,2.177610601697649,1.473438126700265,,2.142857142857143,10,5,15,15,0,0,0,8.333333333333334,173.53645550784162,2.0680552,10.6,3,4,3,5,0,0,0,3,150.0,-41.5,-131.0,0.0,0.0,-279.89096871363415,0.0,0
1494,205,460,,cpu,150,-82899.85728093995,-552.6657152062663,266,False,True,2,84,73,62,-0.8108974085003138,0.673304436650748,0.041877038513775916,1.0056131557623544,1.016667553583781,0.21671747028827668,1.016667553583781,,0.9333333333333333,10,74,140,140,0,0,0,7.185714285714286,130.14459999415882,1.9387417,10.6,34,38,28,40,8,11,3,3,550.0,-2855.0,-1158.0,0.0,-76153.63138243547,-2193.225898504476,0.0,0
1495,234,556,,cpu,150,-187887.4388134681,-1252.5829254231205,474,False,True,54,366,185,280,-3.2379165869951247,7.887714182465376,0.118001294801943,1.061611366669337,1.0069112543265024,0.27439192493756615,1.0069112543265024,,1.0066666666666666,10,65,151,151,0,0,0,6.344370860927152,108.35275270185215,1.964116,9.4,36,39,32,44,15,4,1,13,1400.0,-15755.5,-1248.0,0.0,-169106.86195492744,-2107.076858540641,0.0,0
1496,204,284,,cpu,7,-387.77472574553076,-55.39638939221868,0,True,False,,16,0,15,0.08338775166443416,0.0003852986462464157,0.002164931851439178,1.4853153909955705,1.4853153569357735,1.9539217438016618,1.4853153569357735,,2.142857142857143,10,5,15,15,0,0,0,8.8,180.07884465822355,2.1352973,10.6,3,4,3,5,0,0,0,2,100.0,-35.5,-131.0,0.0,0.0,-291.27472574553076,0.0,0
1497,296,178,,cpu,6,-1626.2483879663623,-271.0413979943937,4,True,False,2,10,0,8,-0.08916000463068485,0.00017017285972542595,0.001210533189199244,2.746530612309774,2.746530612309774,2.4443973302841187,2.746530612309774,,2.5,10,4,15,15,0,0,0,8.4,171.02692587905392,1.877749,10.6,3,4,3,5,1,0,0,0,50.0,-23.0,-131.0,0.0,-1239.797192811966,-282.4511951543963,0.0,0
1498,142,345,,cpu,6,-400.00560510315677,-66.66760085052613,0,True,False,,11,0,8,0.16257073481877646,0.0011583014274947345,0.0021367736044339836,1.732867956161499,1.732867956161499,2.425349175930023,1.732867956161499,,2.5,10,4,15,15,0,0,0,9.2,234.64028435876224,1.9513726,10.6,3,4,3,5,0,0,0,2,100.0,-21.5,-131.0,0.0,0.0,-317.50560510315677,0.0,0
1499,67,438,,cpu,150,-90407.66008119856,-602.717733874657,291,False,True,27,255,237,187,-0.9721686444679896,0.9847126728730897,0.18133397382528832,1.049510414203008,1.044652062257131,0.2536043914159139,1.044652062257131,,1.0,10,76,150,150,0,0,0,6.306666666666667,97.0434008491371,2.0043516,9.6,34,43,28,45,21,11,2,13,1700.0,-9767.0,-1273.0,0.0,-78032.50845740255,-2075.1516237959986,0.0,0
1500,2,584,,cpu,6,-1839.7344262401314,-306.6224043733552,4,True,False,2,7,0,5,-0.034947836150725685,0.00037067464775949094,0.0012014796569322546,2.746530612309774,2.746530612309774,2.309829751650492,2.746530612309774,,2.5,10,4,15,15,0,0,0,9.4,195.9551304804483,2.1398537,10.6,3,4,3,5,0,0,0,1,50.0,-11.5,-131.0,0.0,-1390.4654562473297,-316.76896999280166,0.0,0
1501,125,351,,cpu,6,-457.1685068937663,-76.19475114896105,0,True,False,,9,0,7,0.17250695824623108,0.0011473581883668278,0.0019980837629797557,1.732867956161499,1.732867956161499,2.5359044869740806,1.732867956161499,,2.5,10,4,15,15,0,0,0,9.2,235.1832903274605,1.9016284,10.6,3,4,3,5,0,0,0,1,50.0,-18.5,-131.0,0.0,0.0,-317.6685068937662,0.0,0
1502,57,522,,cpu,150,-113879.86922466286,-759.1991281644191,345,False,True,15,250,165,188,-1.1624051360692829,1.713579610996315,0.1720281299498553,0.9343589059511821,0.9314507007598877,0.25440027832984924,0.9314507007598877,,0.88,10,79,132,132,0,0,0,8.234848484848484,152.97007493391368,2.5517151,10.6,26,38,23,45,10,5,1,7,850.0,-10850.5,-1178.0,0.0,-99239.0334892563,-2452.3357354065706,0.0,0
1503,285,477,,cpu,5,-1403.2080808461342,-280.64161616922684,3,True,False,2,7,0,6,-0.022534464299678803,0.00010799695737659932,0.0010542495641857387,3.2958367347717283,3.2958367347717283,2.5812589645385744,3.2958367347717283,,3.0,10,3,15,15,0,0,0,6.133333333333334,96.84911624465799,1.2185633,10.6,3,4,3,5,1,0,0,0,50.0,-10.0,-131.0,0.0,-1113.2972717285156,-198.9108091176185,0.0,0
1504,271,366,,cpu,45,-15310.951068909006,-340.2433570868668,54,True,False,2,22,0,16,-0.3134565925846497,0.17598787771825705,0.004058891921562867,1.2450939284430609,1.2450939284430609,0.440593143304189,1.2450939284430609,,1.1333333333333333,10,20,51,51,0,0,0,5.980392156862745,96.71070748197522,1.6528637,9.6,13,14,9,15,6,4,3,5,550.0,-233.5,-429.0,0.0,-14263.140520924244,-675.3105479847626,0.0,0
1505,217,317,,cpu,8,-224.08922053158548,-28.011152566448185,0,True,False,,16,0,14,0.15476800128817558,0.0009493267425568774,0.002041629355517216,1.2996509671211243,1.2996509671211243,2.120613068342209,1.2996509671211243,,1.875,10,6,15,15,0,0,0,8.733333333333333,181.12716061173936,2.288989,10.6,3,4,3,5,1,0,0,4,250.0,-41.5,-131.0,0.0,0.0,-291.5892205315855,0.0,0
1506,302,245,,cpu,5,-2013.0173631577295,-402.6034726315459,5,True,False,2,7,0,6,-0.1819195955991745,0.0005976203974569216,0.001116372551769018,3.2958367347717283,3.2958367347717283,3.0011857032775877,3.2958367347717283,,3.0,10,3,15,15,0,0,0,8.133333333333333,158.25492077422342,1.3985345,9.6,3,4,3,5,1,0,0,0,50.0,-8.5,-131.0,0.0,-1653.02352309227,-270.4938400654597,0.0,0
1507,288,221,,cpu,6,-2368.9787255311467,-394.8297875885244,6,True,False,2,10,0,7,-0.20624487598737082,0.0008654603370814584,0.0010273875183581065,2.746530612309774,2.746530612309774,2.684247891108195,2.746530612309774,,2.5,10,4,15,15,0,0,0,8.4,171.5615547227794,2.0120592,10.6,3,4,3,5,1,0,0,0,50.0,-18.5,-131.0,0.0,-1986.8671417236328,-282.61158380751397,0.0,0
1508,267,135,,cpu,150,-68566.31311871514,-457.10875412476764,185,False,True,7,201,96,159,-0.1798750675469637,0.9342044617980718,0.11813448490497346,0.938979839682579,0.9180969293912252,0.19532979051272073,0.9180969293912252,,0.8933333333333333,10,69,134,134,0,0,0,8.052238805970148,148.76876888426906,2.3939006,9.6,31,36,27,40,12,5,0,5,850.0,-8310.0,-1124.0,0.0,-56495.5661714077,-2436.7469473074443,0.0,0
1509,310,529,,cpu,7,-199.2422828169211,-28.463183259560157,0,True,False,,18,0,11,0.30595878618104116,0.0046471657364496165,0.0012869129339898272,1.4853153909955705,1.4853153909955705,2.21216242653983,1.4853153909955705,,2.142857142857143,10,5,15,15,0,0,0,6.866666666666666,121.62691330465641,2.0345154,10.6,3,4,3,5,1,0,0,3,200.0,-36.0,-131.0,0.0,0.0,-222.2422828169211,0.0,0
1510,171,174,,cpu,7,-1323.7247501943746,-189.1035357420535,4,True,False,2,8,0,6,0.060414527143750875,0.00631355880094426,0.0013796171406283975,0.7847230775015694,0.7847230775015694,0.9371312005179269,0.7847230775015694,,0.7142857142857143,5,6,5,5,0,0,0,5.0,0.0,0.0,0.0,0,0,0,5,0,0,0,2,100.0,-17.5,-75.0,0.0,-1249.2345094680786,-51.990240726296015,0.0,0
1511,0,455,,cpu,6,-1333.950396936002,-222.32506615600036,3,True,False,2,6,0,6,0.18865359822909036,0.001429400445582966,0.0014075649087317288,2.746530612309774,2.746530612309774,2.4892112414042153,2.746530612309774,,2.5,10,4,15,15,0,0,0,7.133333333333334,126.87390483834449,1.8695651,9.6,3,4,3,5,0,0,0,1,50.0,-14.0,-131.0,0.0,-952.2606253623962,-236.68977157360595,0.0,0
1512,15,424,,cpu,6,-2552.938928517134,-425.48982141952234,7,True,False,2,9,0,8,-0.17079795897006989,0.0006259104678368507,0.0017727239367862542,2.746530612309774,2.746530612309774,2.56026562054952,2.746530612309774,,2.5,10,4,15,15,0,0,0,7.133333333333334,126.95890818643164,1.9296745,9.6,3,4,3,5,0,0,0,1,50.0,-19.0,-131.0,0.0,-2186.223655939102,-236.71527257803208,0.0,0
1513,230,319,,cpu,7,-317.9429421567364,-45.4204203081052,0,True,False,,19,0,14,0.1734903199332101,0.0013899368766163076,0.002032024320214987,1.194298573902675,1.4625627313341414,2.0651815278189525,1.4625627313341414,,2.142857142857143,10,5,15,15,0,0,0,8.333333333333334,171.61518332696087,2.0394056,10.6,3,4,3,5,0,0,0,3,150.0,-40.5,-131.0,0.0,0.0,-276.44294215673636,0.0,0
1514,137,490,,cpu,19,-1841.9672934911232,-96.94564702584859,6,True,False,4,16,0,10,-0.0036501006076210423,0.0037733271884989286,0.0034054186391203026,0.9671145238374409,0.9671145238374409,0.8597583268818102,0.9671145238374409,,1.2105263157894737,10,13,23,23,0,0,0,8.043478260869565,150.64914711794663,3.138044,10.6,4,6,3,10,3,1,2,1,200.0,-64.0,-227.0,0.0,-1263.51511109752,-417.4521823936031,0.0,0
1515,201,176,,cpu,150,-127835.9101138196,-852.2394007587973,382,False,True,2,464,321,352,-1.0591323124368985,2.0396191175697216,0.18050662273657508,0.6470532552401225,0.6075551323095958,0.26922531565030416,0.6075551323095958,,0.7266666666666667,10,89,109,109,0,0,0,8.064220183486238,150.67685967901,1.7019157,10.6,23,26,20,40,7,4,0,10,850.0,-14154.5,-983.0,0.0,-110815.68058729172,-1962.7295265278754,0.0,0
1516,111,401,,cpu,6,-282.9421486609599,-47.15702477682665,0,True,False,,16,0,12,-0.025856419000774622,0.00013534606379532002,0.002629865329557409,2.461139440536499,2.376917600631714,2.660118738810221,2.376917600631714,,2.5,10,4,15,15,0,0,0,7.6,161.32313763120825,1.4891815,6.2,3,4,3,5,0,0,0,3,150.0,-33.5,-131.0,0.0,0.0,-258.44214866095984,0.0,0
1517,280,531,,cpu,7,-239.71393543805257,-34.2448479197218,0,True,False,,24,0,17,-0.024982009083032608,0.0009692807039495424,0.001448912961807634,1.4853153909955705,1.4853153909955705,1.839644432067871,1.4853153909955705,,2.142857142857143,10,5,15,15,0,0,0,6.866666666666666,121.53242204176128,1.9014727,10.6,3,4,3,5,2,0,0,2,200.0,-46.5,-131.0,0.0,0.0,-222.21393543805257,0.0,0
1518,129,439,,cpu,6,-303.59015052779245,-50.59835842129874,0,True,False,,18,0,11,-0.03324619556466738,0.0007549714361327157,0.0018136446791080136,1.732867956161499,1.732867956161499,2.280691226323446,1.732867956161499,,2.5,10,4,15,15,0,0,0,6.333333333333333,103.34840362696647,1.5004212,10.6,3,4,3,5,1,0,0,1,100.0,-30.0,-131.0,0.0,0.0,-212.59015052779245,0.0,0
1519,194,391,,cpu,7,-353.31634042008625,-50.47376291715518,0,True,False,,14,0,11,0.040094156350408285,0.00036685798321351674,0.0023566529021731447,1.4853153909955705,1.4853153909955705,1.9631648404257638,1.4853153909955705,,2.142857142857143,10,5,15,15,0,0,0,7.666666666666667,163.75075465497946,2.156644,10.6,3,4,3,5,1,0,0,1,100.0,-36.0,-131.0,0.0,0.0,-256.3163404200863,0.0,0
1520,292,144,,cpu,7,-2560.1575932638307,-365.7367990376901,7,True,False,2,8,0,8,-0.23997636352266585,0.0012680339142597014,0.0010021273795116162,2.35416909626552,2.35416909626552,2.3036253111703053,2.35416909626552,,2.142857142857143,10,5,15,15,0,0,0,8.866666666666667,176.76646458404477,2.3188,9.6,3,4,3,5,0,0,1,2,100.0,-19.0,-131.0,0.0,-2164.1564786434174,-306.0011146204134,0.0,0
1521,311,496,,cpu,7,-2133.5968813515283,-304.79955447878973,5,True,False,2,6,0,6,-0.01482448580541781,0.0006954878592750902,0.0011186796805954405,2.35416909626552,2.3541692325047086,2.340765884944371,2.3541692325047086,,2.142857142857143,10,5,15,15,0,0,0,6.866666666666666,121.58091445486473,2.0639796,10.6,3,4,3,5,1,0,0,0,50.0,-11.0,-131.0,0.0,-1769.3683981895447,-222.2284831619836,0.0,0
1522,121,480,,cpu,6,-328.471256959026,-54.745209493171,0,True,False,,19,0,12,0.35134295622507733,0.005865808809176087,0.00208618815910692,1.8749384085337322,1.7240715026855469,2.4274686177571616,1.7240715026855469,,2.5,10,4,15,15,0,0,0,8.666666666666666,176.92968085364436,2.0657322,8.6,3,4,3,5,1,0,0,2,150.0,-31.5,-131.0,0.0,0.0,-295.971256959026,0.0,0
1523,261,478,,cpu,6,-961.5974299765787,-160.2662383294298,2,True,False,2,8,0,6,0.461553821961085,0.005817140607784192,0.0010637547917819272,3.98946221669515,4.0207211176554365,2.4641883770624795,4.0207211176554365,,2.5,10,4,15,15,0,0,0,6.266666666666667,100.19257940940817,1.3062667,7.2,3,4,3,5,2,1,0,0,100.0,-13.0,-131.0,0.0,-715.4775857925415,-202.11984418403716,0.0,0
1524,263,401,,cpu,5,-1246.9385785785794,-249.38771571571587,3,True,False,2,9,0,9,0.36538550853729246,0.0034837703686207535,0.0011287515400908888,4.1578632354736325,4.158779525756836,2.94799542427063,4.158779525756836,,3.0,10,3,15,15,0,0,0,5.933333333333334,91.89606911180032,1.2253793,9.6,3,4,3,5,1,0,0,0,50.0,-15.0,-131.0,0.0,-957.5250506401062,-193.4135279384733,0.0,0
1525,149,382,,cpu,7,-299.573259239913,-42.796179891416145,0,True,False,,22,0,16,0.29059520789555143,0.003927046117106718,0.003187835781968066,1.4853153909955705,1.4853153909955705,1.9042628492627824,1.4853153909955705,,2.142857142857143,10,5,15,15,0,0,0,9.2,234.8657981479496,2.2403264,10.6,3,4,3,5,0,0,0,4,200.0,-41.0,-131.0,0.0,0.0,-317.573259239913,0.0,0
1526,236,216,,cpu,150,-135114.49409618316,-900.7632939745544,404,False,True,4,223,204,168,-1.2095626715694865,2.910610898051042,0.13863145673065447,0.9029011702537537,0.8451441546281179,0.17903145909309387,0.8451441546281179,,0.9,10,62,135,135,0,0,0,7.533333333333333,139.37387550102613,2.064384,10.6,32,36,27,40,13,18,3,14,1350.0,-8969.5,-1129.0,0.0,-123303.89856268984,-2252.095533493328,0.0,0
1527,137,370,,cpu,6,-391.8943564102887,-65.31572606838145,0,True,False,,10,0,9,0.1462149222691854,0.0007977054386477297,0.001775661619224896,1.732867956161499,1.732867956161499,2.4194493293762207,1.732867956161499,,2.5,10,4,15,15,0,0,0,9.2,235.93612204920186,1.9706655,10.6,3,4,3,5,0,0,0,2,100.0,-23.0,-131.0,0.0,0.0,-317.89435641028865,0.0,0
1528,31,548,,cpu,6,-1300.255778601153,-216.7092964335255,3,True,False,2,8,0,8,-0.08883289247751236,0.00020177094484097324,0.001480809160663436,2.746530612309774,2.746530612309774,2.45131786664327,2.746530612309774,,2.5,10,4,15,15,0,0,0,9.333333333333334,191.20418264303134,2.0729234,10.6,3,4,3,5,0,0,0,2,100.0,-16.5,-131.0,0.0,-927.2157490253448,-315.54002957580826,0.0,0
1529,235,434,,cpu,26,-2082.2500278796397,-80.0865395338323,4,True,False,12,18,0,16,-0.002829667556887636,0.005387006755156038,0.0045123288627319895,1.0669014820685754,1.066901486653548,0.5490477727009699,1.066901486653548,,1.2692307692307692,10,11,33,33,0,0,0,6.424242424242424,107.75561153162427,1.7688408,10.6,8,9,6,10,3,1,0,1,200.0,-96.5,-280.0,0.0,-1245.5687165260315,-460.18131135360824,0.0,0
1530,283,425,,cpu,5,-963.313065031952,-192.6626130063904,2,True,False,2,7,0,6,-0.17523062527179717,0.0005742934998124837,0.0009206913993693889,3.2958367347717283,3.2958367347717283,3.409628486633301,3.2958367347717283,,3.0,10,3,15,15,0,0,0,6.133333333333334,97.08222571129993,1.201546,9.4,3,4,3,5,1,0,0,0,50.0,-11.5,-131.0,0.0,-671.8323230743408,-198.98074195761112,0.0,0
1531,92,383,,cpu,150,-60001.54561915235,-400.01030412768233,171,False,True,2,488,461,378,-0.1628873047294716,0.28611898016781195,0.2672359862512288,0.9873964508374532,1.0221336483955383,0.20466351707776387,1.0221336483955383,,0.9,10,84,135,135,0,0,0,7.711111111111111,160.69349901613836,1.8794332,10.6,31,35,24,45,14,13,2,13,1350.0,-15278.0,-1182.0,0.0,-41655.73679348378,-2335.808825668561,0.0,0
1532,177,418,,cpu,7,-319.8140591446692,-45.68772273495274,0,True,False,,13,0,12,0.011310197279921599,0.0001313077986456587,0.0023718236978831036,1.4853153909955705,1.4853153909955705,2.2364534650530135,1.4853153909955705,,2.142857142857143,10,5,15,15,0,0,0,7.533333333333333,141.73016049412308,1.7864615,10.6,3,4,3,5,1,0,0,1,100.0,-34.0,-131.0,0.0,0.0,-244.81405914466922,0.0,0
1533,55,527,,cpu,6,-1290.213437382943,-215.03557289715718,3,True,False,2,11,0,9,-0.09873390818635623,0.00018208914616479888,0.0018735658377408981,2.746530612309774,2.746530771255493,2.7338802019755044,2.746530771255493,,2.5,10,4,15,15,0,0,0,9.333333333333334,192.04455811342856,1.9518971,10.6,3,4,3,5,0,0,0,2,100.0,-23.0,-131.0,0.0,-890.4212951660156,-315.79214221692746,0.0,0
1534,230,496,,cpu,6,-2317.2760626308414,-386.21267710514024,6,True,False,2,9,0,8,-0.17924542973438898,0.0006884352238050914,0.0011763333556397508,2.746530612309774,2.746530612309774,2.5587292512257895,2.746530612309774,,2.5,10,4,15,15,0,0,0,7.733333333333333,162.44242293915792,2.067103,10.6,3,4,3,5,0,0,0,1,50.0,-14.0,-131.0,0.0,-1914.4668281078339,-267.8092345230074,0.0,0
1535,267,536,,cpu,7,-254.7884222468018,-36.3983460352574,0,True,False,,19,0,13,0.2852253147533962,0.004998225120029279,0.00123833936439561,1.4853153909955705,1.4853153909955705,1.7058260440826416,1.4853153909955705,,2.142857142857143,10,5,15,15,0,0,0,6.866666666666666,121.7807114042587,2.0203664,10.6,3,4,3,5,2,0,0,1,150.0,-31.5,-131.0,0.0,0.0,-222.2884222468018,0.0,0
1536,217,358,,cpu,7,-898.8640393455663,-128.40914847793803,2,True,False,4,16,0,10,0.29212584665843416,0.004885273087503654,0.00160058172852067,1.7749333381652832,1.7749333381652832,2.4152900150844028,1.7749333381652832,,2.142857142857143,10,5,15,15,0,0,0,7.666666666666667,163.95670204930013,2.0713217,10.6,3,4,3,5,1,0,0,2,150.0,-34.5,-131.0,0.0,-606.9859147071838,-256.37812463838253,0.0,0
1537,187,488,,cpu,52,-11770.110487221627,-226.3482786004159,36,True,False,2,26,0,21,0.04158663638652517,0.28928203470101066,0.009052319929021625,1.216069540152183,1.2105073882983282,0.4074787531907742,1.2105073882983282,,0.9807692307692307,10,27,51,51,0,0,0,7.411764705882353,141.5715807888607,2.102932,10.6,12,13,11,15,5,4,3,2,350.0,-293.0,-422.0,0.0,-10235.785513349778,-859.3249738718494,0.0,0
1538,290,361,,cpu,5,-1530.380166922474,-306.0760333844948,4,True,False,2,9,0,7,0.29178858995437623,0.00416478228289634,0.001083012076560408,3.2958367347717283,3.2958367347717283,3.1270001411437987,3.2958367347717283,,3.0,10,3,15,15,0,0,0,6.333333333333333,111.51813901949193,1.3694547,8.6,3,4,3,5,1,0,0,0,50.0,-15.5,-131.0,0.0,-1221.7861771583557,-212.09398976411842,0.0,0
1539,160,500,,cpu,6,-619.5202467244492,-103.25337445407486,1,True,False,4,12,0,8,0.34944955507914227,0.006101913284510374,0.0016651914338581264,2.39359982808431,2.025092681248983,2.725222587585449,2.025092681248983,,2.5,10,4,15,15,0,0,0,7.6,156.22766901055664,1.7280527,6.4,3,4,3,5,0,0,0,2,100.0,-22.0,-131.0,0.0,-285.14339327812195,-261.3768534463273,0.0,0
1540,173,536,,cpu,15,-2311.3413565686164,-154.0894237712411,7,True,False,2,26,0,21,-0.014962452401717504,0.002161012882910048,0.0033095793876176077,1.1910318692525228,1.1910318692525228,1.0423711776733398,1.1910318692525228,,1.1333333333333333,10,11,17,17,0,0,0,7.411764705882353,157.22154417913558,2.5048778,10.6,4,4,4,5,3,2,0,3,300.0,-73.5,-139.0,0.0,-2057.370710372925,-291.47064619569187,0.0,0
1541,102,99,,cpu,7,-453.91254961065454,-64.84464994437921,0,True,False,,8,0,7,0.14206969738006592,0.0009586310729251377,0.001567850953766278,1.4853153909955705,1.4853153909955705,2.3381640570504323,1.4853153909955705,,2.142857142857143,10,5,15,15,0,0,0,13.133333333333333,289.90854654804093,2.6110463,10.6,3,4,3,5,0,0,0,3,150.0,-18.0,-131.0,0.0,0.0,-454.9125496106545,0.0,0
1542,233,196,,cpu,150,-50015.088829017666,-333.43392552678444,145,False,True,5,287,270,220,-0.06973154519995053,0.23829932165972423,0.07390239282744006,0.32465624531110127,0.3319460705916087,0.4180098859469096,0.3319460705916087,,0.72,10,89,108,108,0,0,0,7.574074074074074,134.65077390832553,1.6377304,10.6,22,26,21,39,13,3,1,9,1100.0,-6452.0,-966.0,0.0,-41165.94143148705,-1821.1473975306146,0.0,0
1543,181,173,,cpu,11,-2491.722760183299,-226.52025092575448,8,True,False,4,10,0,7,-0.02029845660383051,0.007585225155873393,0.0016927696679803457,0.09987384622747247,0.09987384622747247,0.1202005689794367,0.09987384622747247,,0.09090909090909091,1,10,1,1,0,0,0,5.0,0.0,0.0,0.0,0,0,0,1,0,0,0,1,50.0,-32.5,-15.0,0.0,-2483.82471203804,-10.398048145259203,0.0,0
1544,9,415,,cpu,7,-1078.9336307643778,-154.13337582348254,3,True,False,2,17,0,11,-0.3101863179888044,0.003315762184294207,0.0021023659002301948,2.35416909626552,2.3541694368634904,2.136106320789882,2.3541694368634904,,2.142857142857143,10,5,15,15,0,0,0,7.133333333333334,128.36083694062046,2.1329925,9.6,3,4,3,5,0,0,0,5,250.0,-32.5,-131.0,0.0,-918.2977795600891,-237.13585120428874,0.0,0
1545,93,357,,cpu,6,-296.4461212271666,-49.407686871194436,0,True,False,,18,0,15,-0.1330303413172563,0.0020538505438404777,0.003010629579269638,1.732867956161499,1.732867916425069,2.356262723604838,1.732867916425069,,2.5,10,4,15,15,0,0,0,9.2,234.44200477212823,2.0699346,10.6,3,4,3,5,0,0,0,4,200.0,-38.0,-131.0,0.0,0.0,-317.4461212271666,0.0,0
1546,266,142,,cpu,150,-80574.28078749946,-537.1618719166631,225,False,True,26,195,126,155,-0.6334027006259809,1.0149078926303674,0.13895764060357274,0.948883599837621,0.9061714522043864,0.15088470617930094,0.9061714522043864,,0.8933333333333333,10,73,134,134,0,0,0,7.947761194029851,143.15063789542396,2.3306444,10.6,31,36,27,40,16,10,0,9,1250.0,-8742.5,-1124.0,0.0,-68614.57743644714,-2413.2033510523224,0.0,0
1547,126,91,,cpu,7,-443.6155419229149,-63.3736488461307,0,True,False,,23,0,19,-0.026866584750158445,0.00039537761520997653,0.002492367539421788,1.4853153909955705,1.4853153228759766,2.312457765851702,1.4853153228759766,,2.142857142857143,10,5,15,15,0,0,0,13.066666666666666,283.91852092224235,2.6487372,10.6,3,4,3,5,0,0,0,4,200.0,-49.5,-131.0,0.0,0.0,-453.1155419229149,0.0,0
1548,226,498,,cpu,6,-1279.1496714771347,-213.1916119128558,3,True,False,2,8,0,7,-0.056754849230249725,0.00012787655164932707,0.001284441522633036,2.746530612309774,2.746530612309774,2.496253172556559,2.746530612309774,,2.5,10,4,15,15,0,0,0,7.733333333333333,162.29663083510766,2.2194307,10.6,3,4,3,5,0,0,0,2,100.0,-15.0,-131.0,0.0,-945.3841745853424,-267.76549689179234,0.0,0
1549,148,350,,cpu,6,-440.07189737709405,-73.34531622951567,0,True,False,,12,0,9,0.26290938754876453,0.0022144123795442283,0.0018318178869473438,1.732867956161499,1.732867956161499,2.743207097053528,1.732867956161499,,2.5,10,4,15,15,0,0,0,9.2,234.86125860521977,2.0821896,10.6,3,4,3,5,0,0,0,1,50.0,-21.5,-131.0,0.0,0.0,-317.57189737709405,0.0,0
1550,184,401,,cpu,11,-302.34468806924644,-27.485880733567857,0,True,False,,29,0,24,0.2086280340498144,0.004813108783723278,0.0031416196143254638,1.3300917798822576,1.3128982890735974,1.3296944878318093,1.3128982890735974,,1.3636363636363635,10,9,15,15,0,0,0,7.533333333333333,156.23047752503427,2.160708,9.4,3,4,3,5,2,0,0,2,200.0,-62.5,-131.0,0.0,0.0,-248.84468806924644,0.0,0
1551,314,284,,cpu,5,-690.6910895293419,-138.13821790586837,1,True,False,2,7,0,6,0.5177759408950806,0.005479654669761658,0.0012108366470783948,3.2958367347717283,3.2958367347717283,3.0458807945251465,3.2958367347717283,,3.0,10,3,15,15,0,0,0,8.133333333333333,158.53281448861856,1.4734495,10.6,3,4,3,5,1,0,0,0,50.0,-8.5,-131.0,0.0,-330.6138813495636,-270.5772081797782,0.0,0
1552,294,267,,cpu,5,-1984.4840167017283,-396.8968033403456,5,True,False,2,7,0,6,0.15424783825874328,0.0020784903084859253,0.0010786064434796573,3.2958367347717283,3.2958367347717283,3.294420051574707,3.2958367347717283,,3.0,10,3,15,15,0,0,0,8.133333333333333,159.46159044353973,1.505682,9.6,3,4,3,5,1,0,0,0,50.0,-9.5,-131.0,0.0,-1623.1281757354736,-270.8558409662546,0.0,0
1553,197,502,,cpu,6,-985.2642267861821,-164.2107044643637,2,True,False,2,6,0,5,0.26060858368873596,0.002888076822273433,0.0012480525765568018,2.746530612309774,2.746530612309774,2.165705442428589,2.746530612309774,,2.5,10,4,15,15,0,0,0,7.733333333333333,161.857801405925,2.1547775,10.6,3,4,3,5,0,0,0,1,50.0,-8.5,-131.0,0.0,-588.1303787231445,-267.63384806303753,0.0,0
1554,255,460,,cpu,5,-1567.8872127735406,-313.5774425547081,4,True,False,2,12,0,8,0.03928423672914505,0.0005085634451916122,0.0012854092055931687,3.2958367347717283,3.2958367347717283,3.026293706893921,3.2958367347717283,,3.0,10,3,15,15,0,0,0,6.133333333333334,97.20482465273402,1.1851298,9.4,3,4,3,5,1,0,0,0,50.0,-18.0,-131.0,0.0,-1269.8696911334991,-199.01752164004134,0.0,0
1555,217,186,,cpu,15,-977.2587660883108,-65.15058440588739,3,True,False,4,10,0,9,0.012454442602271834,0.0005159169267254052,0.0023064836238821346,0.2580800692240397,0.2580800692240397,0.44673944314320885,0.2580800692240397,,0.3333333333333333,1,10,5,5,0,0,0,5.0,0.0,0.0,0.0,0,0,0,5,0,0,0,2,100.0,-50.5,-75.0,0.0,-899.7685253620148,-51.990240726296015,0.0,0
1556,245,313,,cpu,150,-136744.02139023878,-911.6268092682585,411,False,True,59,294,123,226,-2.2833482132355374,4.672249962386365,0.1594453751159987,1.006302698055903,0.961699341138204,0.19501800417900086,0.961699341138204,,0.94,10,76,141,141,0,0,0,7.170212765957447,128.24568894207033,1.7144159,10.6,36,39,26,40,20,10,0,12,1600.0,-11868.5,-1170.0,0.0,-122139.76261653006,-2235.7587737087247,0.0,0
1557,275,162,,cpu,7,-386.9511951543963,-55.27874216491376,0,True,False,,10,0,9,-0.14704760909080505,0.003434348851442337,0.0014279840314494713,1.4853153909955705,1.4853153909955705,2.2178330421447754,1.4853153909955705,,2.142857142857143,10,5,15,15,0,0,0,8.4,171.02692587905392,2.1038477,10.6,3,4,3,5,1,0,0,1,100.0,-23.5,-131.0,0.0,0.0,-282.4511951543963,0.0,0
1558,39,433,,cpu,6,-1785.0089504700852,-297.5014917450142,5,True,False,2,7,0,6,-0.661193867524465,0.00999993272125721,0.0015562060483110447,2.746530612309774,2.746530612309774,2.9775686264038086,2.746530612309774,,2.5,10,4,15,15,0,0,0,7.133333333333334,127.34491132890763,1.8974341,9.6,3,4,3,5,0,0,0,2,100.0,-14.5,-131.0,0.0,-1482.6778769493103,-236.8310735207749,0.0,0
1559,105,551,,cpu,6,-1659.2916955108003,-276.54861591846674,4,True,False,2,9,0,8,-0.5663661956787109,0.010679423188169798,0.0015551592223346233,2.746530612309774,2.7465309302012124,2.4723500410715737,2.7465309302012124,,2.5,10,4,15,15,0,0,0,9.466666666666667,201.08465914894757,2.3710282,10.6,3,4,3,5,0,0,0,1,50.0,-20.5,-131.0,0.0,-1203.070330619812,-324.7213648909884,0.0,0
1560,136,548,,cpu,6,-390.46526979525777,-65.0775449658763,0,True,False,,12,0,9,-0.23400235176086426,0.004232254655410846,0.0017363112419843674,1.732867956161499,1.732867956161499,2.7362471421559653,1.732867956161499,,2.5,10,4,15,15,0,0,0,9.533333333333333,205.23100882984517,2.3944187,10.6,3,4,3,5,0,0,0,2,100.0,-23.5,-131.0,0.0,0.0,-325.9652697952577,0.0,0
1561,96,405,,cpu,6,-249.09110232322755,-41.51518372053793,0,True,False,,17,0,15,-0.11360763013362885,0.0017299350389900308,0.002786558121442795,1.732867956161499,1.7328678766886394,2.748461445172628,1.7328678766886394,,2.5,10,4,15,15,0,0,0,6.333333333333333,103.35157627841674,1.5138702,10.6,3,4,3,5,1,0,0,2,150.0,-35.5,-131.0,0.0,0.0,-212.59110232322752,0.0,0
1562,252,203,,cpu,8,-821.734924301548,-102.7168655376935,2,True,False,2,15,0,12,-0.08120201528072357,0.0005789582428405993,0.0017649203509790823,2.0598979592323303,2.0598979592323303,1.8171859979629517,2.0598979592323303,,1.875,10,6,15,15,0,0,0,8.4,175.02673871793777,2.298141,10.6,3,4,3,5,1,0,0,4,250.0,-36.0,-131.0,0.0,-601.0837852954865,-283.6511390060615,0.0,0
1563,191,279,,cpu,7,-229.6332819679265,-32.80475456684665,0,True,False,,30,0,20,0.16184912409101213,0.0009863515629798972,0.0028803456807509065,1.4853153909955705,1.4853153909955705,2.44855649130685,1.4853153909955705,,2.142857142857143,10,5,15,15,0,0,0,8.733333333333333,177.94069873287611,2.198094,10.6,3,4,3,5,0,0,0,5,250.0,-58.0,-131.0,0.0,0.0,-290.6332819679265,0.0,0
1564,182,496,,cpu,8,-1248.8062012449611,-156.10077515562014,3,True,False,4,8,0,8,0.06970433704555035,0.00029112448732604435,0.0017079609970096499,1.5530666708946228,1.5530666708946228,1.8596020340919495,1.5530666708946228,,1.875,10,6,15,15,0,0,0,7.733333333333333,163.86489137075594,2.356373,10.6,3,4,3,5,1,0,0,1,100.0,-24.5,-131.0,0.0,-875.0702261924744,-268.2359750524868,0.0,0
1565,84,585,,cpu,6,-388.4417439014112,-64.7402906502352,0,True,False,,10,0,9,0.28769342104593915,0.00301777016526709,0.001778914185706526,1.732867956161499,1.732867956161499,2.7033505042394004,1.732867956161499,,2.5,10,4,15,15,0,0,0,9.133333333333333,190.57767161312356,2.3475287,10.6,3,4,3,5,0,0,0,2,100.0,-23.5,-131.0,0.0,0.0,-313.94174390141114,0.0,0
1566,104,457,,cpu,150,-98620.31343838529,-657.4687562559019,310,False,True,2,165,104,136,-0.9138129298202693,1.2450732991732487,0.13079001743889723,1.132088683048884,1.1103476401170094,0.21856428782145182,1.1103476401170094,,0.9866666666666667,10,63,148,148,0,0,0,6.533783783783784,100.89474081799263,1.8369012,10.6,34,40,29,45,20,15,5,13,1650.0,-7290.0,-1252.0,0.0,-88720.60056147493,-2147.712876910355,0.0,0
1567,281,437,,cpu,62,-17846.070908443984,-287.83985336199976,47,True,False,2,53,0,41,0.07051552255307475,0.3417497421775894,0.009647138411134121,1.199230432510376,1.199230432510376,0.3096245873358942,1.199230432510376,,1.1451612903225807,10,22,71,71,0,0,0,5.732394366197183,82.3108691245434,1.5612463,9.4,18,19,14,20,13,3,2,0,650.0,-843.5,-584.0,0.0,-15767.494221357218,-881.0766870867684,0.0,0
1568,110,458,,cpu,6,-1846.79728827742,-307.7995480462367,5,True,False,2,9,0,7,0.09465507417917252,0.0011922859678937432,0.0016587426847157378,2.746530612309774,2.746530612309774,2.7501132090886435,2.746530612309774,,2.5,10,4,15,15,0,0,0,6.333333333333333,103.27139735990683,1.4670104,10.6,3,4,3,5,1,0,0,0,50.0,-18.0,-131.0,0.0,-1495.2302396297455,-212.56704864767457,0.0,0
1569,185,393,,cpu,7,-372.8966701584068,-53.270952879772395,0,True,False,,8,0,7,0.26073862825121197,0.0034581927715667655,0.0015641270937131985,1.4853153909955705,1.4853153909955705,1.8514073916843958,1.4853153909955705,,2.142857142857143,10,5,15,15,0,0,0,7.666666666666667,164.01852044938104,2.200376,10.6,3,4,3,5,1,0,0,0,50.0,-15.5,-131.0,0.0,0.0,-256.3966701584068,0.0,0
1570,162,127,,cpu,150,-40299.43920799777,-268.66292805331847,96,False,True,31,267,267,210,-0.10587722775836786,0.16874730033530796,0.18035518505144865,0.8049397669235865,0.8170983962217967,0.1433512230714162,0.8170983962217967,,0.82,10,84,123,123,0,0,0,9.447154471544716,204.86793009492501,2.6649096,8.4,26,32,25,40,8,1,0,8,800.0,-11383.0,-1061.0,0.0,-25035.976168513298,-2629.4630394844717,0.0,0
1571,82,518,,cpu,19,-557.0038887456487,-29.31599414450783,0,True,False,,18,0,13,0.08842959843183819,0.0018108336620284,0.004663579846046081,0.9143548513713636,0.9120208903362876,0.8896686466116654,0.9120208903362876,,1.263157894736842,10,14,24,24,0,0,0,8.083333333333334,151.3554524775856,3.1133804,10.6,5,6,3,10,2,2,0,3,250.0,-67.0,-232.0,0.0,0.0,-438.00388874564874,0.0,0
1572,132,471,,cpu,150,-97435.95855928416,-649.5730570618944,313,False,True,18,151,122,117,-1.674118680357933,1.842432940006256,0.10293156803275148,1.1353792540232341,1.0572946898142497,0.26580071965853375,1.0572946898142497,,1.0066666666666666,10,68,151,151,0,0,0,6.417218543046357,97.29582162335886,1.7934415,10.6,36,40,30,45,17,9,3,15,1600.0,-6445.5,-1265.0,0.0,-88226.55351276291,-2138.9050465212445,0.0,0
1573,24,534,,cpu,6,-388.8019861539617,-64.80033102566028,0,True,False,,9,0,8,0.08233491455515225,0.00018678916300511142,0.0016384829068556428,1.732867956161499,1.732867956161499,2.6419266064961753,1.732867956161499,,2.5,10,4,15,15,0,0,0,9.333333333333334,193.74403790354293,1.9748096,10.6,3,4,3,5,0,0,0,2,100.0,-21.5,-131.0,0.0,0.0,-316.3019861539617,0.0,0
1574,164,377,,cpu,7,-147.90091219031729,-21.128701741473897,0,True,False,,26,0,24,0.04155468940734863,0.00016796302017090575,0.0033616667580125587,1.4853153909955705,1.4853153909955705,2.4072471005576,1.4853153909955705,,2.142857142857143,10,5,15,15,0,0,0,7.666666666666667,164.03266055574932,2.053921,10.6,3,4,3,5,1,0,0,5,300.0,-60.5,-131.0,0.0,0.0,-256.4009121903173,0.0,0
1575,270,356,,cpu,7,-1193.7040375516467,-170.5291482216638,3,True,False,2,8,0,8,-0.16293667895453318,0.0012415557367993252,0.0011458018977594162,2.35416909626552,2.35416909626552,1.9523773193359375,2.35416909626552,,2.142857142857143,10,5,15,15,0,0,0,6.333333333333333,111.40594072661773,1.7243307,9.6,3,4,3,5,1,0,0,1,100.0,-13.5,-131.0,0.0,-887.1437072753906,-212.06033027625614,0.0,0
1576,227,193,,cpu,7,-61.490240726296015,-8.784320103756574,0,True,False,,15,0,11,0.007841266824730806,6.52043049090675e-05,0.0021210049578387824,0.4951051303318569,0.4951051303318569,0.9605800254004342,0.4951051303318569,,0.7142857142857143,2,4,5,5,0,0,0,5.0,0.0,0.0,0.0,0,0,0,5,0,0,0,2,100.0,-34.5,-75.0,0.0,0.0,-51.990240726296015,0.0,0
1577,122,419,,cpu,6,-1105.0600821324915,-184.17668035541524,3,True,False,2,9,0,7,-0.27117176353931427,0.001911798045815279,0.0017768178950063884,2.746530612309774,2.746530612309774,2.9833832581837973,2.746530612309774,,2.5,10,4,15,15,0,0,0,6.333333333333333,103.3480364697579,1.5518471,10.6,3,4,3,5,1,0,0,1,100.0,-18.0,-131.0,0.0,-813.4700417518616,-212.5900403806299,0.0,0
1578,294,336,,cpu,7,-2072.5153067602564,-296.0736152514652,6,True,False,2,11,0,8,-0.35094532796314787,0.0042626265702503064,0.0011652943462000362,2.35416909626552,2.35416909626552,1.921792813709804,2.35416909626552,,2.142857142857143,10,5,15,15,0,0,0,6.333333333333333,111.45193618994786,1.8284185,10.6,3,4,3,5,1,0,0,1,100.0,-17.5,-131.0,0.0,-1791.9411778450012,-212.0741289152552,0.0,0
1579,127,430,,cpu,6,-271.699113509168,-45.283185584861336,0,True,False,,10,0,7,-0.0036222503210107484,0.00024140973839100374,0.0016052184898095827,1.732867956161499,1.732867956161499,2.4401347239812217,1.732867956161499,,2.5,10,4,15,15,0,0,0,6.4,103.71161356488491,1.6185719,10.6,3,4,3,5,1,0,0,1,100.0,-18.0,-131.0,0.0,0.0,-212.699113509168,0.0,0
1580,264,165,,cpu,150,-65640.95212470276,-437.6063474980184,183,False,True,28,143,101,112,-0.7583348100585863,0.5277156401846453,0.07695297640127441,0.9486026696364085,0.9180187217394511,0.20325097541014353,0.9180187217394511,,0.9,10,73,135,135,0,0,0,7.822222222222222,140.34592623819375,2.2921414,10.6,31,36,28,40,12,11,0,12,1200.0,-5827.0,-1127.0,0.0,-56555.526888370514,-2391.425236332244,0.0,0
1581,200,193,,cpu,9,-1654.49741998655,-183.83304666517222,5,True,False,2,7,0,7,0.0396548066702154,0.002031477366068025,0.0015567686641588807,0.6103401713901095,0.6103401846355863,0.7469168768988715,0.6103401846355863,,0.5555555555555556,3,6,5,5,0,0,0,5.0,0.0,0.0,0.0,0,0,0,5,0,0,0,1,50.0,-18.0,-75.0,0.0,-1559.507179260254,-51.990240726296015,0.0,0
1582,170,134,,cpu,150,-61173.52763908508,-407.82351759390053,164,False,True,6,339,320,272,-0.5344139843434096,0.3875594652428602,0.19683685562806205,0.8450383601586023,0.8415533800919851,0.2636095319191615,0.8415533800919851,,0.8133333333333334,10,93,122,122,0,0,0,9.327868852459016,205.08463019244311,2.6788225,10.6,26,32,24,40,3,5,0,8,550.0,-13828.0,-1058.0,0.0,-43270.23248374462,-2567.2951553404546,0.0,0
1583,210,544,,cpu,6,-346.57775896320044,-57.76295982720007,0,True,False,,14,0,10,0.3228365331888199,0.005603964906185865,0.0016838893837605913,1.732867956161499,1.732867956161499,2.418236513932546,1.732867956161499,,2.5,10,4,15,15,0,0,0,7.733333333333333,163.33750440646793,1.9772333,10.6,3,4,3,5,0,0,0,2,100.0,-27.5,-131.0,0.0,0.0,-268.0777589632004,0.0,0
1584,261,158,,cpu,8,-296.893478888594,-37.11168486107425,0,True,False,,12,0,11,0.4153093844652176,0.007994842599146068,0.001828884647693485,2.612150549888611,2.599238872528076,1.618349552154541,2.599238872528076,,1.875,10,6,15,15,0,0,0,8.6,173.77345292577317,2.1661994,8.4,3,4,3,5,1,0,0,3,200.0,-31.5,-131.0,0.0,0.0,-294.393478888594,0.0,0
1585,90,387,,cpu,6,-586.9956424842433,-97.8326070807072,1,True,False,2,15,0,10,0.37445102135340375,0.006227435078471899,0.00199736567446962,2.746530612309774,2.7465309302012124,2.300467828909556,2.7465309302012124,,2.5,10,4,15,15,0,0,0,9.2,234.44044885775935,1.9331187,10.6,3,4,3,5,0,0,0,3,150.0,-28.5,-131.0,0.0,-240.04998803138733,-317.44565445285593,0.0,0
1586,25,423,,cpu,9,-906.4847856003919,-100.72053173337687,2,True,False,4,16,0,14,0.1392113036579556,0.0026646736336665023,0.0027093756943941116,1.3805037074618869,1.3805037074618869,1.4308496846093073,1.3805037074618869,,1.6666666666666667,10,7,15,15,0,0,0,7.133333333333334,127.00928487803965,2.414754,9.6,3,4,3,5,1,1,0,2,150.0,-37.5,-131.0,0.0,-611.2544000148773,-236.7303855855145,0.0,0
1587,265,117,,cpu,150,-62169.68045620656,-414.4645363747104,158,False,True,13,284,198,212,-0.5584900182966763,0.3651309276862677,0.12086693305987865,0.8557934800783793,0.8329104578495026,0.21444998939832052,0.8329104578495026,,0.8866666666666667,10,76,133,133,0,0,0,7.969924812030075,140.12415357026086,2.417703,9.6,30,36,27,40,7,20,0,7,700.0,-10062.0,-1119.0,0.0,-48349.76872205734,-2398.9117341492192,0.0,0
1588,197,402,,cpu,150,-104014.05175953369,-693.4270117302245,320,False,True,2,146,126,117,-1.6604413013656933,1.5629362834223441,0.09066808153564732,1.0727148234844208,1.1062602456410726,0.2519180728991826,1.1062602456410726,,0.94,10,72,141,141,0,0,0,7.212765957446808,140.40294324632902,1.85951,9.4,35,39,27,40,13,11,4,6,950.0,-6226.5,-1168.0,0.0,-94334.18659191729,-2245.365167616409,0.0,0
1589,283,507,,cpu,7,-2595.522889452347,-370.78898420747817,6,True,False,2,15,0,12,-0.21670211212975637,0.0013020025465948493,0.0017440155081983124,2.35416909626552,2.35416909626552,2.0660290207181657,2.35416909626552,,2.142857142857143,10,5,15,15,0,0,0,6.866666666666666,121.46905042950678,1.9468964,10.6,3,4,3,5,1,0,0,2,150.0,-30.0,-131.0,0.0,-2322.3279654979706,-222.19492395437624,0.0,0
1590,310,141,,cpu,7,-1551.1731604687839,-221.59616578125483,4,True,False,2,6,0,6,-0.009124912321567535,0.0007249108409074065,0.0012625252129510045,2.35416909626552,2.35416909626552,1.9751162699290685,2.35416909626552,,2.142857142857143,10,5,15,15,0,0,0,8.866666666666667,177.40321829415842,2.3691103,10.6,3,4,3,5,1,0,0,0,50.0,-13.0,-131.0,0.0,-1120.9810197353363,-306.1921407334475,0.0,0
1591,185,551,,cpu,6,-297.1975562270523,-49.53292603784205,0,True,False,,16,0,10,0.17520556847254434,0.0016065747865165274,0.0017744536938456197,1.732867956161499,1.732867956161499,2.6251014471054077,1.732867956161499,,2.5,10,4,15,15,0,0,0,7.733333333333333,163.73682861930743,1.9471127,10.6,3,4,3,5,0,0,0,3,150.0,-28.0,-131.0,0.0,0.0,-268.19755622705225,0.0,0
1592,46,558,,cpu,6,-680.5552167396971,-113.42586945661618,1,True,False,2,7,0,6,0.09622225662072499,0.0004473095905268565,0.0014323562500067055,3.9678112665812173,4.012430826822917,2.448991894721985,4.012430826822917,,2.5,10,4,15,15,0,0,0,9.4,191.23467835550818,1.9356675,9.6,3,4,3,5,0,0,0,2,100.0,-12.5,-131.0,0.0,-300.72670578956604,-316.3285109501311,0.0,0
1593,172,511,,cpu,6,-1206.486189714954,-201.081031619159,3,True,False,2,10,0,8,-0.13075357675552368,0.00039457931507058674,0.0013297428473985444,2.746530612309774,2.746530612309774,2.3871928056081138,2.746530612309774,,2.5,10,4,15,15,0,0,0,7.733333333333333,161.857801405925,2.1547775,10.6,3,4,3,5,0,0,0,2,100.0,-22.0,-131.0,0.0,-855.8523416519165,-267.63384806303753,0.0,0
1594,79,433,,cpu,7,-264.6553982670784,-37.80791403815406,0,True,False,,17,0,14,-0.004496878412153039,3.9732068103148777e-05,0.0023174053224335823,1.4853968620300293,1.4853123937334334,2.437317030770438,1.4853123937334334,,2.142857142857143,10,5,15,15,0,0,0,6.2,101.74570655155904,1.7804519,8.6,3,4,3,5,1,0,0,2,150.0,-38.5,-131.0,0.0,0.0,-205.1553982670784,0.0,0
1595,235,308,,cpu,150,-167200.8984714967,-1114.6726564766448,503,False,True,76,370,191,284,-3.0077129271626473,6.496661579524322,0.1781983271916397,0.98752113143603,0.9759743956724802,0.21720969597498577,0.9759743956724802,,0.9133333333333333,10,78,137,137,0,0,0,7.467153284671533,137.03808327403976,1.8289545,10.6,34,37,26,40,16,8,0,12,1400.0,-14497.0,-1144.0,0.0,-149746.8725565821,-2263.025914914628,0.0,0
1596,139,365,,cpu,10,-313.14858737218276,-31.314858737218277,0,True,False,,21,0,15,-0.004782608151435852,0.00011207743342538379,0.0023023383226245643,1.0397207736968994,1.0397207736968994,1.483710241317749,1.0397207736968994,,1.5,10,8,15,15,0,0,0,9.2,236.78355858884882,2.56914,10.6,3,4,3,5,1,0,0,3,200.0,-44.0,-131.0,0.0,0.0,-318.14858737218276,0.0,0
1597,98,494,,cpu,6,-1264.2567433583163,-210.70945722638604,3,True,False,2,7,0,5,-0.11644219110409419,0.00021242129484259445,0.0015383654390461743,2.746530612309774,2.746530612309774,2.5676562786102295,2.746530612309774,,2.5,10,4,15,15,0,0,0,9.466666666666667,201.01427961122755,2.3588238,10.6,3,4,3,5,0,0,0,2,100.0,-12.5,-131.0,0.0,-876.0564923286438,-324.7002510296725,0.0,0
1598,40,479,,cpu,6,-384.1377191732911,-64.02295319554851,0,True,False,,9,0,6,0.15098360180854797,0.0010991185845341533,0.0014933173855145772,1.684037208557129,1.7313496271769206,2.48403529326121,1.7313496271769206,,2.5,10,4,15,15,0,0,0,7.133333333333334,126.88405307741984,1.7565571,9.6,3,4,3,5,0,0,0,1,50.0,-16.5,-131.0,0.0,0.0,-236.63771917329106,0.0,0
1599,35,499,,cpu,6,-1607.3234432912527,-267.88724054854214,4,True,False,2,8,0,6,-0.005548440540830295,0.0005055703043221153,0.0013723983623397846,2.746530612309774,2.746530612309774,2.370098809401194,2.746530612309774,,2.5,10,4,15,15,0,0,0,9.333333333333334,191.8563578154745,2.0957048,10.6,3,4,3,5,0,0,0,2,100.0,-16.0,-131.0,0.0,-1244.5877611637115,-315.7356821275412,0.0,0
1600,287,438,,cpu,7,-260.0381279318249,-37.14830399026069,0,True,False,,21,0,13,0.18579702717917307,0.0020635967209403005,0.0012952571601739951,1.4853153909955705,1.4853153909955705,2.2487378461020335,1.4853153909955705,,2.142857142857143,10,5,15,15,0,0,0,6.133333333333334,97.27351229201251,1.4938899,8.6,3,4,3,5,2,0,0,1,150.0,-30.0,-131.0,0.0,0.0,-199.03812793182487,0.0,0
1601,142,392,,cpu,6,-449.9907625201313,-74.99846042002189,0,True,False,,11,0,9,0.1537603090206782,0.0010539752159578104,0.002062762388959527,1.732867956161499,1.732867956161499,2.6162979205449424,1.732867956161499,,2.5,10,4,15,15,0,0,0,9.2,234.59080908201062,2.023268,10.6,3,4,3,5,0,0,0,1,50.0,-21.5,-131.0,0.0,0.0,-317.4907625201313,0.0,0
1602,281,312,,cpu,8,-249.8558409662546,-31.231980120781824,0,True,False,,12,0,12,0.07545991241931915,0.00024239864228547958,0.0013878173995180987,1.2996509671211243,1.2996509671211243,1.9281630218029022,1.2996509671211243,,1.875,10,6,15,15,0,0,0,8.133333333333333,159.46159044353973,2.0731192,9.6,3,4,3,5,1,0,0,3,200.0,-28.0,-131.0,0.0,0.0,-270.8558409662546,0.0,0
1603,245,486,,cpu,7,-203.21388167381474,-29.030554524830677,0,True,False,,14,0,12,-0.02443697676062584,0.00023578966387763752,0.00127530430576631,1.4853153909955705,1.4853153909955705,2.196611063820975,1.4853153909955705,,2.142857142857143,10,5,15,15,0,0,0,6.866666666666666,121.53224282763522,1.8790016,10.6,3,4,3,5,1,0,1,3,200.0,-30.0,-131.0,0.0,0.0,-222.21388167381474,0.0,0
1604,61,485,,cpu,6,-1302.847503284023,-217.1412505473372,3,True,False,2,8,0,7,-0.3363138089577357,0.003822391270659864,0.0016523525312853355,2.746530612309774,2.746530771255493,1.9617222746213276,2.746530771255493,,2.5,10,4,15,15,0,0,0,9.333333333333334,192.050122123702,2.1808312,10.6,3,4,3,5,0,0,0,1,50.0,-18.5,-131.0,0.0,-887.5536918640137,-315.79381142000943,0.0,0
1605,17,481,,cpu,6,-2256.6679148462845,-376.11131914104743,6,True,False,2,9,0,8,-0.6173006296157837,0.007331479263181488,0.0014221650878122698,3.287525018056234,3.2235161463419595,2.7231158018112183,3.2235161463419595,,2.5,10,4,15,15,0,0,0,8.466666666666667,164.68298795270604,1.7415203,8.6,3,4,3,5,0,0,0,2,100.0,-19.5,-131.0,0.0,-1892.7831172943115,-283.38479755197284,0.0,0
1606,283,226,,cpu,6,-2338.7966061324487,-389.7994343554081,6,True,False,2,7,0,7,-0.5700353185335795,0.007305120370195557,0.0009004671204214295,2.746530612309774,2.746530612309774,2.7454605102539062,2.746530612309774,,2.5,10,4,15,15,0,0,0,8.4,171.70393899564317,1.8442763,10.6,3,4,3,5,1,0,0,0,50.0,-13.5,-131.0,0.0,-1961.6423070430756,-282.6542990893731,0.0,0
1607,275,240,,cpu,50,-7980.475829888732,-159.60951659777464,20,True,False,12,19,0,16,0.058246939033269884,0.1998749904007036,0.006712999783921987,1.041874990463257,1.044442834854126,0.3446568429470062,1.044442834854126,,1.02,10,25,51,51,0,0,0,7.823529411764706,144.1849906409834,2.220786,7.4,12,14,10,15,6,7,1,3,450.0,-251.5,-427.0,0.0,-6581.670689582825,-890.305140305907,0.0,0
1608,250,496,,cpu,7,-1071.3657588577844,-153.05225126539776,2,True,False,2,6,0,6,-0.1350380735737937,0.0007351086512374293,0.0008629357159536864,2.35416909626552,2.35416909626552,2.2114150864737376,2.35416909626552,,2.142857142857143,10,5,15,15,0,0,0,6.866666666666666,121.58091445486473,2.0639796,10.6,3,4,3,5,1,0,0,0,50.0,-12.0,-131.0,0.0,-706.1372756958008,-222.2284831619836,0.0,0
1609,272,485,,cpu,18,-3970.1963639170976,-220.56646466206098,9,True,False,4,22,0,16,-0.16680429439616595,0.007201780680010946,0.0024578488470676043,1.0564559565650091,1.0564559565650091,0.9059861600399017,1.0564559565650091,,1.1666666666666667,10,12,21,21,0,0,0,6.380952380952381,114.91952065575035,2.1222925,10.6,5,6,5,5,3,1,0,0,150.0,-83.5,-163.0,0.0,-3466.4760053157806,-287.2203586013172,0.0,0
1610,203,325,,cpu,7,-1761.3214162351971,-251.61734517645672,6,True,False,2,8,0,8,-0.030490451625415256,0.00042334647098739097,0.0012392012285999954,2.35416909626552,2.3541692325047086,1.725314429828099,2.3541692325047086,,2.142857142857143,10,5,15,15,0,0,0,7.666666666666667,163.67966261493524,2.1112053,10.6,3,4,3,5,1,0,0,1,100.0,-20.0,-131.0,0.0,-1414.026403427124,-256.295012808073,0.0,0
1611,227,447,,cpu,7,-2093.6579923418967,-299.09399890598525,6,True,False,2,7,0,6,-0.03000253758260182,0.0005850496411962272,0.0010244724689982831,2.35416909626552,2.35416909626552,1.8736035312925066,2.35416909626552,,2.142857142857143,10,5,15,15,0,0,0,7.4,137.064340996112,1.8144618,10.6,3,4,3,5,0,0,0,2,100.0,-17.5,-131.0,0.0,-1771.7436790466309,-243.41431329526588,0.0,0
1612,242,365,,cpu,6,-1214.3265850709074,-202.38776417848456,3,True,False,2,8,0,7,0.14702634265025458,0.0013905496743973345,0.0009560896432958543,2.746530612309774,2.746530612309774,2.912632385889689,2.746530612309774,,2.5,10,4,15,15,0,0,0,6.333333333333333,111.4400310470656,1.5496799,9.4,3,4,3,5,1,0,0,0,50.0,-13.0,-131.0,0.0,-898.2560276985168,-212.0705573723905,0.0,0
1613,72,442,,cpu,6,-308.33118366793747,-51.38853061132291,0,True,False,,10,0,8,0.23450272778669992,0.0020647162843185165,0.0015638829693974305,1.732867956161499,1.732867956161499,2.7470256884892783,1.732867956161499,,2.5,10,4,15,15,0,0,0,7.133333333333334,127.3452784861162,1.821002,9.6,3,4,3,5,0,0,0,2,100.0,-20.5,-131.0,0.0,0.0,-236.83118366793747,0.0,0
1614,173,312,,cpu,7,-362.5892205315855,-51.79846007594079,0,True,False,,13,0,9,0.14068858112607682,0.0006627639564352908,0.0016550336731597781,1.4853153909955705,1.4853153909955705,2.4386096681867326,1.4853153909955705,,2.142857142857143,10,5,15,15,0,0,0,8.733333333333333,181.12716061173936,2.1711411,10.6,3,4,3,5,0,0,0,2,100.0,-30.0,-131.0,0.0,0.0,-291.5892205315855,0.0,0
1615,171,150,,cpu,150,-53576.78275719629,-357.17855171464197,133,False,True,2,466,439,357,-0.0022795352339744566,0.6281442569599798,0.24261030826872834,0.8255375611782074,0.8150032647450765,0.1414959466457367,0.8150032647450765,,0.8133333333333334,10,83,122,122,0,0,0,9.19672131147541,196.97437991784867,2.572307,10.6,26,32,24,40,9,5,1,6,750.0,-15171.0,-1058.0,0.0,-34588.85966837406,-2528.9230888222337,0.0,0
1616,17,389,,cpu,12,-2080.011745015328,-173.33431208461067,6,True,False,2,8,0,7,-0.2271890938282013,0.004694484242160494,0.0020799844254118702,1.373265306154887,1.3732654651006062,1.279728094736735,1.3732654651006062,,1.25,10,10,15,15,0,0,0,11.0,303.74117939080674,2.9048443,10.6,3,4,3,5,1,0,0,1,100.0,-31.0,-131.0,0.0,-1602.110892534256,-375.9008524810721,0.0,0
1617,210,174,,cpu,150,-117912.92971598127,-786.0861981065418,372,False,True,25,267,247,203,-0.9664882166435321,1.8651895208379816,0.1454507811348109,0.8103716297944387,0.7425985383987427,0.2567334421475728,0.7425985383987427,,0.74,10,92,111,111,0,0,0,7.90990990990991,144.58511189091888,1.7408291,10.6,23,27,21,40,13,6,0,12,1250.0,-8876.0,-994.0,0.0,-106580.52014708519,-1972.409568896077,0.0,0
1618,290,272,,cpu,5,-1334.2218678860468,-266.84437357720935,3,True,False,2,8,0,7,-0.3842109203338623,0.0032084925565868615,0.0009442104026675224,3.2958367347717283,3.2958367347717283,3.0401437759399412,3.2958367347717283,,3.0,10,3,15,15,0,0,0,8.133333333333333,158.25492077422342,1.3985345,9.6,3,4,3,5,1,0,0,0,50.0,-12.0,-131.0,0.0,-970.7280278205872,-270.4938400654597,0.0,0
1619,102,123,,cpu,8,-436.3205081838082,-54.54006352297603,0,True,False,,16,0,14,-0.042406074702739716,0.0008768752059040708,0.0026823353837244213,1.2996509671211243,1.2996509671211243,1.572677195072174,1.2996509671211243,,1.875,10,6,15,15,0,0,0,13.133333333333333,284.6017417918867,2.9808285,10.6,3,4,3,5,0,0,0,4,200.0,-42.0,-131.0,0.0,0.0,-453.3205081838082,0.0,0
1620,104,387,,cpu,6,-329.27695529084724,-54.87949254847454,0,True,False,,19,0,9,0.03467693614463011,0.00010811734500748571,0.0020637266085638353,1.732867956161499,1.732867956161499,2.8356788555781045,1.732867956161499,,2.5,10,4,15,15,0,0,0,9.2,235.54478498439724,1.9913188,10.6,3,4,3,5,0,0,0,3,150.0,-30.5,-131.0,0.0,0.0,-317.77695529084724,0.0,0
1621,184,368,,cpu,150,-189849.33091556813,-1265.6622061037876,618,False,True,20,178,138,132,-2.82570162024349,6.540211789743237,0.1537090945969491,0.9503056263923645,0.9778322251637777,0.22631925841172537,0.9778322251637777,,0.9266666666666666,10,81,139,139,0,0,0,7.345323741007194,146.43773203527428,1.9390938,10.6,35,37,27,40,8,8,1,4,600.0,-8296.0,-1152.0,0.0,-177621.04500547922,-2260.2859100889273,0.0,0
1622,160,484,,cpu,6,-1423.1050408898805,-237.18417348164675,4,True,False,2,9,0,8,0.10997966925303142,0.001176375721115619,0.0012860613642260432,2.909588654836019,2.731085220972697,2.607604702313741,2.731085220972697,,2.5,10,4,15,15,0,0,0,7.266666666666667,151.2304789986883,1.8074745,7.6,3,4,3,5,0,0,0,2,100.0,-17.0,-131.0,0.0,-1103.389948606491,-251.7150922833893,0.0,0
1623,219,487,,cpu,14,-638.8568447549385,-45.63263176820989,1,True,False,4,8,0,8,0.16037535348108836,0.0051545760694092935,0.0020989623195159118,1.0444112845829554,1.0444112845829554,1.0427369901112147,1.0444112845829554,,1.2142857142857142,10,10,17,17,0,0,0,7.411764705882353,157.67192610455172,2.4884908,10.6,4,4,4,5,2,1,0,2,200.0,-34.5,-139.0,0.0,-303.7330687046051,-291.62377605033333,0.0,0
1624,196,360,,cpu,7,-289.1274730030742,-41.303924714724886,0,True,False,,16,0,14,0.35932845728737967,0.005739737767726183,0.001844304464092212,1.4853153909955705,1.4853153909955705,2.379715238298689,1.4853153909955705,,2.142857142857143,10,5,15,15,0,0,0,7.666666666666667,164.78786326493906,2.1388798,10.6,3,4,3,5,1,0,0,2,150.0,-41.5,-131.0,0.0,0.0,-256.6274730030742,0.0,0
1625,202,379,,cpu,150,-137664.10864120914,-917.7607242747276,439,False,True,16,158,101,122,-1.979904690956076,2.7403167844715064,0.0667897933042453,0.9078187902768453,0.9547516369819641,0.3150973347822825,0.9547516369819641,,0.9333333333333333,10,85,140,140,0,0,0,7.107142857142857,138.46092087169905,1.910591,10.6,35,38,27,40,14,18,4,5,950.0,-5062.5,-1160.0,0.0,-129261.3431311103,-2200.2655100988604,0.0,0
1626,190,310,,cpu,150,-72207.75101542195,-481.3850067694797,198,False,True,30,553,540,420,-0.398095059748739,0.39844523108726815,0.2531385746900924,0.8571187233924866,0.9178712995847066,0.2644423818588257,0.9178712995847066,,0.9,10,76,135,135,0,0,0,7.8,150.40669904419624,1.9293964,10.6,32,37,26,40,8,14,1,8,800.0,-18470.5,-1134.0,0.0,-50090.6829980189,-2342.568017403048,0.0,0
1627,233,365,,cpu,7,-592.9816304209119,-84.7116614887017,1,True,False,5,17,0,14,0.335632392338344,0.006310444458254746,0.0014272774819151632,1.4853153909955705,1.4853153909955705,2.1483729566846574,1.4853153909955705,,2.142857142857143,10,5,15,15,0,0,0,7.666666666666667,163.67966261493524,2.1029449,10.6,3,4,3,5,0,0,0,3,150.0,-37.0,-131.0,0.0,-298.68661761283875,-256.29501280807307,0.0,0
1628,312,172,,cpu,6,-1863.01055700487,-310.50175950081166,5,True,False,2,8,0,5,0.18861509362856546,0.0034586831267612674,0.0007677922549191862,2.746530612309774,2.746530612309774,2.6619433959325156,2.746530612309774,,2.5,10,4,15,15,0,0,0,8.4,171.70393899564317,1.8442763,10.6,3,4,3,5,1,0,0,0,50.0,-12.5,-131.0,0.0,-1486.8562579154968,-282.6542990893731,0.0,0
1629,181,160,,cpu,7,-2813.7051917913327,-401.95788454161897,8,True,False,2,8,0,8,-0.03402202310306685,0.0012151722735974804,0.001215955475345254,0.7847230775015694,0.7847230775015694,2.428013971873692,0.7847230775015694,,2.142857142857143,10,5,15,15,0,0,0,10.2,250.33825492214598,2.4245205,10.6,3,4,3,5,0,0,0,1,50.0,-20.0,-131.0,0.0,-2323.487424850464,-349.2177669408688,0.0,0
1630,266,187,,cpu,12,-2291.8242906020787,-190.98535755017323,7,True,False,2,10,0,9,-0.03249188760916392,0.0009443521006081331,0.0014961949151863034,1.373265306154887,1.373265306154887,1.1869024833043416,1.373265306154887,,1.25,10,10,15,15,0,0,0,8.4,171.732627968202,2.6229825,10.6,3,4,3,5,2,1,0,1,150.0,-36.0,-131.0,0.0,-1932.161384820938,-282.66290578114075,0.0,0
1631,194,168,,cpu,9,-1834.6905957964452,-203.85451064404947,6,True,False,2,6,0,5,-0.024275584353340998,0.0014877410139888525,0.0010595000284310016,0.48827213711208767,0.48827219009399414,0.5952803426318698,0.48827219009399414,,0.4444444444444444,3,7,4,4,0,0,0,5.0,0.0,0.0,0.0,0,0,0,4,0,0,0,2,100.0,-15.0,-60.0,0.0,-1798.0984032154083,-41.59219258103681,0.0,0
1632,301,366,,cpu,5,-1849.8122427954127,-369.96244855908253,5,True,False,2,8,0,7,-0.4055246591567993,0.0030331339570693673,0.000864115683361888,3.2958367347717283,3.2958367347717283,3.1061902046203613,3.2958367347717283,,3.0,10,3,15,15,0,0,0,6.333333333333333,111.45193618994786,1.4645745,10.6,3,4,3,5,1,0,0,0,50.0,-12.0,-131.0,0.0,-1544.7381138801575,-212.0741289152552,0.0,0
1633,243,299,,cpu,7,-338.0455247999062,-48.29221782855803,0,True,False,,19,0,16,-0.09334139951637813,0.0020817247236014475,0.0018280255109337823,1.4853153909955705,1.4853153909955705,1.6740909303937639,1.4853153909955705,,2.142857142857143,10,5,15,15,0,0,0,8.133333333333333,160.09386988904518,1.9846963,9.6,3,4,3,5,1,0,0,1,100.0,-36.0,-131.0,0.0,0.0,-271.0455247999062,0.0,0
1634,110,120,,cpu,7,-485.11868805577353,-69.30266972225336,0,True,False,,13,0,10,-0.14013048580714635,0.0032194186434415834,0.001964804466946849,1.4853153909955705,1.4853154591151647,2.0432163136345998,1.4853154591151647,,2.142857142857143,10,5,15,15,0,0,0,13.066666666666666,283.9290080317713,2.655119,10.6,3,4,3,5,0,0,0,3,150.0,-31.0,-131.0,0.0,0.0,-453.11868805577353,0.0,0
1635,298,248,,cpu,5,-1664.3304542335547,-332.86609084671096,4,True,False,2,7,0,6,-0.5169627904891968,0.006250454671680927,0.0008102584513835609,3.2958367347717283,3.2958367347717283,2.88900203704834,3.2958367347717283,,3.0,10,3,15,15,0,0,0,8.133333333333333,158.0498801220261,1.4344153,10.6,3,4,3,5,1,0,0,0,50.0,-9.5,-131.0,0.0,-1303.3981263637543,-270.4323278698005,0.0,0
1636,168,482,,cpu,6,-837.189385642981,-139.53156427383018,2,True,False,2,18,0,15,-0.25688346723715466,0.0028938883915543556,0.0018720655158783,2.746530612309774,2.746530612309774,2.8641361395517984,2.746530612309774,,2.5,10,4,15,15,0,0,0,7.733333333333333,162.92005988290336,2.1205482,10.6,3,4,3,5,0,0,0,3,150.0,-35.0,-131.0,0.0,-553.23686003685,-267.9525256061311,0.0,0
1637,97,402,,cpu,23,-1165.5346486930894,-50.67541950839519,2,True,False,19,16,0,13,-0.0006337563004901471,0.003504910343600589,0.006164480309488009,1.0775961875915527,1.0801974016687144,0.8162233544432599,1.0801974016687144,,1.3043478260869565,10,13,30,30,0,0,0,7.766666666666667,161.18134546998942,2.3053403,10.6,6,8,6,10,4,1,1,2,300.0,-110.0,-262.0,0.0,-488.1266921758652,-525.4079565172242,0.0,0
1638,196,468,,cpu,7,-1505.4227696720893,-215.06039566744133,4,True,False,2,8,0,7,-0.12958389520645142,0.0007596615697756144,0.001373039824622018,2.35416909626552,2.35416909626552,2.463947296142578,2.35416909626552,,2.142857142857143,10,5,15,15,0,0,0,7.533333333333333,141.73016049412308,1.7864615,10.6,3,4,3,5,1,0,0,0,50.0,-19.5,-131.0,0.0,-1140.10871052742,-244.81405914466922,0.0,0
1639,167,527,,cpu,6,-1185.9313471593525,-197.65522452655875,3,True,False,2,8,0,7,0.0981017251809438,0.00043918597960631206,0.0013972527037064235,2.746530612309774,2.746530612309774,2.7517895698547363,2.746530612309774,,2.5,10,4,15,15,0,0,0,7.733333333333333,163.86452421354727,2.0797853,10.6,3,4,3,5,0,0,0,2,100.0,-17.0,-131.0,0.0,-859.6954822540283,-268.2358649053242,0.0,0
1640,236,377,,cpu,7,-2482.5017053135625,-354.64310075908037,7,True,False,2,10,0,8,-0.06833685508796147,0.0004694552730403042,0.0013840613620621817,2.35416909626552,2.35416909626552,2.162306683404105,2.35416909626552,,2.142857142857143,10,5,15,15,0,0,0,7.666666666666667,164.03266055574932,2.053921,10.6,3,4,3,5,1,0,0,1,100.0,-25.5,-131.0,0.0,-2129.6007931232452,-256.4009121903173,0.0,0
1641,46,536,,cpu,6,-676.2908339457524,-112.71513899095874,1,True,False,2,8,0,7,0.38801559805870056,0.0041324681757638855,0.001616314344573766,2.746530612309774,2.746530612309774,2.5852770805358887,2.746530612309774,,2.5,10,4,15,15,0,0,0,9.333333333333334,196.12786546945028,2.0600674,10.6,3,4,3,5,0,0,0,2,100.0,-19.0,-131.0,0.0,-299.27369952201843,-317.017134423734,0.0,0
1642,101,497,,cpu,6,-1033.929961873419,-172.3216603122365,2,True,False,4,9,0,8,0.30530094106992084,0.002761070771763722,0.001693816719731937,2.0707555611928306,2.0707555611928306,2.9464360078175864,2.0707555611928306,,2.5,10,4,15,15,0,0,0,9.533333333333333,203.17773041718536,2.4026816,10.6,3,4,3,5,0,0,0,1,50.0,-17.0,-131.0,0.0,-580.5806756019592,-325.34928627145973,0.0,0
1643,243,302,,cpu,7,-310.503665955025,-44.35766656500357,0,True,False,,20,0,20,0.32383811473846436,0.004418977103861315,0.001821819318658007,1.4853153909955705,1.4853153909955705,2.4140042577471053,1.4853153909955705,,2.142857142857143,10,5,15,15,0,0,0,8.133333333333333,159.95434040610786,1.9266664,9.6,3,4,3,5,1,0,0,2,150.0,-38.5,-131.0,0.0,0.0,-271.003665955025,0.0,0
1644,261,134,,cpu,150,-51427.61524715859,-342.85076831439056,133,False,True,35,187,119,147,0.17716041072582206,0.7286541471372766,0.09107322329849316,0.9031720626354217,0.8934494038422902,0.1586851058403651,0.8934494038422902,,0.8866666666666667,10,69,133,133,0,0,0,7.917293233082707,142.0220957551075,2.3711228,10.6,30,36,27,40,10,10,0,9,950.0,-6843.0,-1119.0,0.0,-41022.561717033386,-2403.0535301252025,0.0,0
1645,128,343,,cpu,6,-331.07325923991294,-55.17887653998549,0,True,False,,20,0,11,0.24773999055226645,0.0016308054085432862,0.0027338325356443724,1.732867956161499,1.732867956161499,2.6705456177393594,1.732867956161499,,2.5,10,4,15,15,0,0,0,9.2,234.8657981479496,2.034847,10.6,3,4,3,5,0,0,0,3,150.0,-32.5,-131.0,0.0,0.0,-317.573259239913,0.0,0
1646,215,170,,cpu,150,-85387.18019897786,-569.2478679931858,253,False,True,32,355,204,270,-0.5342893821156274,0.6195278558682306,0.15175497970699023,0.7207313259442647,0.7127793947855632,0.23321936825911205,0.7127793947855632,,0.7733333333333333,10,85,116,116,0,0,0,7.810344827586207,139.7557937282324,1.785654,10.6,26,29,22,39,15,4,0,15,1500.0,-10703.5,-1013.0,0.0,-72405.5628478527,-2045.117351125161,0.0,0
1647,138,521,,cpu,19,-510.89555384559645,-26.889239676084024,0,True,False,,16,0,11,0.028793696412130407,0.0010888970274735537,0.002923280925882098,0.8390729050887259,0.8390729050887259,0.8614704859884161,0.8390729050887259,,1.2105263157894737,10,14,23,23,0,0,0,8.26086956521739,160.09917126707282,3.1576314,10.6,5,6,3,9,2,3,0,3,250.0,-51.5,-217.0,0.0,0.0,-432.3955538455965,0.0,0
1648,148,360,,cpu,6,-327.07391620742055,-54.51231936790342,0,True,False,,14,0,11,-0.04781623681386312,0.0008910233470184418,0.0016736652857313554,1.732867956161499,1.732867956161499,2.544417142868042,1.732867956161499,,2.5,10,4,15,15,0,0,0,9.2,234.86798803964138,1.994177,10.6,3,4,3,5,0,0,0,3,150.0,-28.5,-131.0,0.0,0.0,-317.5739162074205,0.0,0
1649,0,429,,cpu,6,-2246.1466118157505,-374.3577686359584,6,True,False,2,7,0,7,-0.4921811918417613,0.007646050110148887,0.0013228054546440642,2.746530612309774,2.7465309302012124,2.217850923538208,2.7465309302012124,,2.5,10,4,15,15,0,0,0,7.133333333333334,127.41624818063951,2.007496,9.6,3,4,3,5,0,0,0,1,50.0,-12.0,-131.0,0.0,-1906.2941372394562,-236.85247457629444,0.0,0
1650,170,510,,cpu,150,-81495.56628519243,-543.3037752346162,254,False,True,2,68,25,52,-0.7345192406885326,0.6137372975088671,0.045273990793696914,1.0409871347745259,1.039080059528351,0.21975723743438721,1.039080059528351,,0.94,10,75,141,141,0,0,0,7.212765957446808,138.6960863251835,2.1873083,10.6,31,35,30,45,8,26,0,3,550.0,-2461.5,-1200.0,0.0,-75089.76378440857,-2334.302500783852,0.0,0
1651,38,594,,cpu,6,-371.51117611399684,-61.918529352332804,0,True,False,,10,0,8,0.022704218203822773,0.00010686062599537156,0.001618306152522564,1.732867956161499,1.732867995897929,2.290385286013285,1.732867995897929,,2.5,10,4,15,15,0,0,0,9.466666666666667,205.0958175510991,2.3423557,10.6,3,4,3,5,0,0,0,2,100.0,-21.0,-131.0,0.0,0.0,-319.5111761139969,0.0,0
1652,173,348,,cpu,150,-40493.67733222623,-269.9578488815082,117,False,True,13,290,275,218,0.2851451086749633,0.558933589217874,0.09732009443764886,0.9528215257326762,0.9603865234057108,0.3222523190577825,0.9603865234057108,,0.92,10,81,138,138,0,0,0,7.681159420289855,154.0131797871,1.9917576,10.6,34,37,26,41,17,8,2,10,1350.0,-7227.0,-1159.0,0.0,-30192.68946032971,-2354.9878718965165,0.0,0
1653,48,551,,cpu,6,-2191.346406693937,-365.2244011156561,6,True,False,2,9,0,8,-0.022369201605518658,0.0005748549519921653,0.0013946915860287845,2.746530612309774,2.746530612309774,2.724955995877584,2.746530612309774,,2.5,10,4,15,15,0,0,0,9.333333333333334,196.12786546945028,2.0600674,10.6,3,4,3,5,0,0,0,1,50.0,-15.0,-131.0,0.0,-1758.3292722702026,-317.017134423734,0.0,0
1654,40,503,,cpu,6,-981.7742108083426,-163.62903513472375,2,True,False,2,8,0,7,0.2925284653902054,0.003071245892594258,0.0015082228734778862,2.746530612309774,2.746530612309774,2.5606702963511148,2.746530612309774,,2.5,10,4,15,15,0,0,0,9.333333333333334,191.85635781547455,2.1117325,10.6,3,4,3,5,0,0,0,2,100.0,-16.5,-131.0,0.0,-618.5385286808014,-315.7356821275412,0.0,0
1655,48,413,,cpu,6,-332.6915493198384,-55.44859155330639,0,True,False,,12,0,9,0.28865646322568256,0.003977724273378651,0.00198986967249463,1.732867956161499,1.732867916425069,2.4057375391324363,1.732867916425069,,2.5,10,4,15,15,0,0,0,7.133333333333334,126.8798306591193,1.8695651,9.6,3,4,3,5,0,0,0,2,100.0,-25.0,-131.0,0.0,0.0,-236.69154931983837,0.0,0
1656,170,355,,cpu,8,-519.3215414838996,-64.91519268548745,1,True,False,2,24,0,19,0.16109846159815788,0.0011877627548528835,0.002490977436536923,2.0598979592323303,2.0598979592323303,1.720935583114624,2.0598979592323303,,1.875,10,6,15,15,0,0,0,7.666666666666667,164.01852044938104,2.3157895,10.6,3,4,3,5,1,0,0,3,200.0,-52.0,-131.0,0.0,-249.92487132549286,-256.3966701584068,0.0,0
1657,238,232,,cpu,7,-352.7970960644231,-50.399585152060446,0,True,False,,10,0,7,0.06663010375840324,9.924567583701511e-05,0.001669523339452488,1.832480021885463,1.961336272103446,2.12596903528486,1.961336272103446,,2.142857142857143,10,5,15,15,0,0,0,8.466666666666667,172.77794074789094,2.2213957,10.6,3,4,3,5,1,0,0,1,100.0,-19.5,-131.0,0.0,0.0,-282.29709606442304,0.0,0
1658,282,330,,cpu,5,-1150.8754304214258,-230.17508608428517,3,True,False,2,6,0,6,-0.28536403775215147,0.0017480527865700423,0.0009332674671895802,3.2958367347717283,3.2958367347717283,2.7617533206939697,3.2958367347717283,,3.0,10,3,15,15,0,0,0,6.333333333333333,111.45386508568906,1.509024,10.6,3,4,3,5,1,0,0,0,50.0,-7.0,-131.0,0.0,-850.8007228374481,-212.07470758397756,0.0,0
1659,202,477,,cpu,7,-560.5518733704814,-80.07883905292591,1,True,False,4,18,0,14,-0.1317400336265564,0.0019012049971414463,0.002177689889711993,1.7749333381652832,1.7749333381652832,2.0907191378729686,1.7749333381652832,,2.142857142857143,10,5,15,15,0,0,0,7.466666666666667,139.22990312808636,1.8496827,10.6,3,4,3,5,1,0,0,2,150.0,-45.0,-131.0,0.0,-290.48789143562317,-244.06398193485822,0.0,0
1660,54,483,,cpu,6,-980.5829073769621,-163.43048456282702,2,True,False,4,13,0,10,-0.2494418869415919,0.003151752520352602,0.002133325693042328,2.0707555611928306,2.0707555611928306,2.9077306588490806,2.0707555611928306,,2.5,10,4,15,15,0,0,0,9.333333333333334,193.7436707463344,2.0463688,10.6,3,4,3,5,0,0,0,2,100.0,-27.0,-131.0,0.0,-586.281031370163,-316.30187600679915,0.0,0
1661,296,385,,cpu,7,-1466.5837978339898,-209.5119711191414,4,True,False,2,10,0,8,-0.2697024132524218,0.00206804954047714,0.001090019043268902,2.35416909626552,2.35416909626552,2.1147605010441373,2.35416909626552,,2.142857142857143,10,5,15,15,0,0,0,6.333333333333333,111.51336981081768,1.8070495,9.4,3,4,3,5,1,0,0,2,150.0,-20.5,-131.0,0.0,-1242.9912388324738,-212.09255900151612,0.0,0
1662,269,290,,cpu,7,-193.6981567917298,-27.671165255961398,0,True,False,,20,0,15,0.04476007606301989,9.614752467054391e-05,0.0018334430143503205,1.4853153909955705,1.4853153909955705,2.0781175579343523,1.4853153909955705,,2.142857142857143,10,5,15,15,0,0,0,8.133333333333333,158.935976528457,1.9932716,10.6,3,4,3,5,1,0,0,4,250.0,-42.0,-131.0,0.0,0.0,-270.69815679172973,0.0,0
1663,312,205,,cpu,7,-700.554622161415,-100.079231737345,1,True,False,4,11,0,9,0.02267692663839885,7.650103952983045e-05,0.0015391983158354247,1.7749333381652832,1.7749333381652832,2.3009999138968333,1.7749333381652832,,2.142857142857143,10,5,15,15,0,0,0,8.4,171.42058221968995,2.2524238,10.6,3,4,3,5,1,0,0,1,100.0,-24.5,-131.0,0.0,-332.4853301048279,-282.56929205658713,0.0,0
1664,123,486,,cpu,6,-1802.1707367909457,-300.36178946515764,5,True,False,2,7,0,7,-0.16885742048422495,0.00044877103581105376,0.0015251836351429422,2.746530612309774,2.746530612309774,2.972360690434774,2.746530612309774,,2.5,10,4,15,15,0,0,0,9.533333333333333,202.61070761648742,2.388439,10.6,3,4,3,5,0,0,0,2,100.0,-14.5,-131.0,0.0,-1421.4915573596954,-325.1791794312504,0.0,0
1665,122,521,,cpu,150,-142490.87568763358,-949.9391712508906,449,False,True,42,259,222,200,-1.9301622253159683,3.8017473782024656,0.14742603884893468,0.8693816924095153,0.8628622833887736,0.2148415704568227,0.8628622833887736,,0.88,10,88,132,132,0,0,0,8.166666666666666,157.41506555573247,2.5525584,10.6,27,37,23,45,8,10,0,6,700.0,-10181.5,-1175.0,0.0,-128351.26984417439,-2453.1058434592064,0.0,0
1666,233,331,,cpu,7,-285.4212152248087,-40.774459317829816,0,True,False,,18,0,12,0.25376082743917194,0.004645344202539751,0.0014832156843372754,1.4853153909955705,1.4853153909955705,2.019833666937692,1.4853153909955705,,2.142857142857143,10,5,15,15,0,0,0,7.666666666666667,165.767004004054,2.1212137,10.6,3,4,3,5,1,0,0,2,150.0,-37.5,-131.0,0.0,0.0,-256.9212152248087,0.0,0
1667,233,419,,cpu,7,-1839.8121971465846,-262.83031387808353,5,True,False,2,13,0,11,0.10158220146383558,0.003118347068915942,0.0012319361308722623,2.35416909626552,2.35416909626552,2.0822174549102783,2.35416909626552,,2.142857142857143,10,5,15,15,0,0,0,7.466666666666667,142.68820201423074,1.7527684,10.6,3,4,3,5,1,0,0,2,150.0,-26.5,-131.0,0.0,-1557.2107255458832,-245.10147160070153,0.0,0
1668,266,502,,cpu,17,-2255.1753343367322,-132.65737260804306,5,True,False,2,8,0,6,0.0512560272918028,0.005238751288904014,0.0017546154935296405,1.1970814536599552,1.1970814536599552,0.8974687386961544,1.1970814536599552,,1.1764705882352942,10,12,20,20,0,0,0,6.3,113.3163724591058,2.1993568,10.6,5,5,5,5,4,2,0,0,200.0,-28.5,-155.0,0.0,-1901.7454266548157,-269.9299076819165,0.0,0
1669,217,538,,cpu,7,-795.4400861407971,-113.63429802011387,2,True,False,2,10,0,7,0.25035978640828815,0.004043983561652047,0.0013444401556625962,2.35416909626552,2.35416909626552,2.1694216387612477,2.35416909626552,,2.142857142857143,10,5,15,15,0,0,0,7.733333333333333,165.5699497500437,2.2289555,10.6,3,4,3,5,0,0,1,4,200.0,-22.0,-131.0,0.0,-563.6925935745239,-268.74749256627314,0.0,0
1670,237,375,,cpu,8,-2791.599839750458,-348.94997996880727,8,True,False,2,15,0,13,-0.16197336465120316,0.0008242870163712723,0.0016977598279481754,2.250879645347595,2.3534721732139587,1.9509292542934418,2.3534721732139587,,1.875,10,6,15,15,0,0,0,7.4,153.4466038376627,2.1737778,10.6,3,4,3,5,1,1,0,1,100.0,-41.0,-131.0,0.0,-2432.085257768631,-247.51458198182695,0.0,0
1671,182,314,,cpu,8,-277.90805083673627,-34.73850635459203,0,True,False,,13,0,11,0.15088220313191414,0.0015708778228145093,0.0017500106478109956,1.2996509671211243,1.2996509671211243,1.9103835225105286,1.2996509671211243,,1.875,10,6,15,15,0,0,0,8.733333333333333,185.52326162890884,2.307353,10.6,3,4,3,5,1,0,0,3,200.0,-34.0,-131.0,0.0,0.0,-292.9080508367363,0.0,0
1672,277,138,,cpu,7,-343.8125392041117,-49.11607702915882,0,True,False,,16,0,14,0.06899265838520867,0.00024101613131019155,0.0013913799027380133,1.4853153909955705,1.4853154250553675,1.951129674911499,1.4853154250553675,,2.142857142857143,10,5,15,15,0,0,0,8.933333333333334,181.13787986303925,2.3176823,9.6,3,4,3,5,1,0,0,2,150.0,-35.5,-131.0,0.0,0.0,-307.3125392041117,0.0,0
1673,277,446,,cpu,5,-1939.6158442081971,-387.92316884163944,5,True,False,2,5,0,5,-0.46120965480804443,0.003152831457555294,0.0006736841867677867,3.2958367347717283,3.2958367347717283,3.3278165817260743,3.2958367347717283,,3.0,10,3,15,15,0,0,0,6.133333333333334,96.90472221293813,1.1450241,9.4,3,4,3,5,1,0,0,0,50.0,-6.0,-131.0,0.0,-1653.6883533000946,-198.92749090810258,0.0,0
1674,243,465,,cpu,6,-1779.0750183524976,-296.5125030587496,5,True,False,2,5,0,5,-0.46580443779627484,0.004176154907327145,0.0008174527514105042,2.746530612309774,2.746530612309774,2.894667704900106,2.746530612309774,,2.5,10,4,15,15,0,0,0,6.133333333333334,96.98351077168839,1.3368055,9.4,3,4,3,5,2,1,0,0,100.0,-8.0,-131.0,0.0,-1541.12389087677,-198.95112747572765,0.0,0
1675,296,200,,cpu,7,-2760.7594932471325,-394.3942133210189,7,True,False,2,7,0,7,-0.5671883140291486,0.009272315539419651,0.0007690369301209492,2.35416909626552,2.35416909626552,2.3522286074502126,2.35416909626552,,2.142857142857143,10,5,15,15,0,0,0,8.4,171.5861310324845,2.2457101,10.6,3,4,3,5,1,1,0,0,50.0,-14.0,-131.0,0.0,-2343.140536546707,-282.61895670042554,0.0,0
1676,205,357,,cpu,10,-237.99360982225716,-23.799360982225714,0,True,False,,25,0,21,-0.04981480613350868,0.001282072821049951,0.002415391057729721,1.0397207736968994,1.0397207260131835,1.502055048942566,1.0397207260131835,,1.5,10,8,15,15,0,0,0,7.666666666666667,164.3416526622155,2.4234607,10.6,3,4,3,5,3,0,0,2,250.0,-60.5,-131.0,0.0,0.0,-256.49360982225716,0.0,0
1677,51,429,,cpu,6,-2045.8902912876342,-340.9817152146057,6,True,False,2,7,0,7,-0.37387533982594806,0.0035814600123558193,0.0016188060205119352,2.746530612309774,2.746530612309774,2.3646440505981445,2.746530612309774,,2.5,10,4,15,15,0,0,0,7.133333333333334,127.95877425380823,1.897848,9.6,3,4,3,5,0,0,0,1,50.0,-16.5,-131.0,0.0,-1691.375058889389,-237.01523239824508,0.0,0
1678,112,467,,cpu,6,-243.14952319411324,-40.524920532352205,0,True,False,,19,0,17,0.1033319706718127,0.00024129540095903698,0.002389643380107979,1.732867956161499,1.732867956161499,2.7145021756490073,1.732867956161499,,2.5,10,4,15,15,0,0,0,6.333333333333333,103.54631251470252,1.5353675,10.6,3,4,3,5,1,0,0,2,150.0,-39.5,-131.0,0.0,0.0,-212.64952319411327,0.0,0
1679,132,535,,cpu,6,-937.5560340965703,-156.25933901609505,2,True,False,2,8,0,5,0.05981002996365229,0.00011257960989041749,0.0012067451995487015,2.746530612309774,2.746530612309774,2.2821661829948425,2.746530612309774,,2.5,10,4,15,15,0,0,0,9.466666666666667,204.14243654391697,2.460551,10.6,3,4,3,5,0,0,0,1,50.0,-14.0,-131.0,0.0,-516.9173359870911,-325.63869810947926,0.0,0
1680,16,569,,cpu,6,-2358.4382583679635,-393.07304306132727,6,True,False,2,7,0,6,-0.2341207961241404,0.000992761625127514,0.0009691551482925812,2.746530612309774,2.746530612309774,2.906966765721639,2.746530612309774,,2.5,10,4,15,15,0,0,0,9.533333333333333,200.15641147891318,2.2405336,10.6,3,4,3,5,0,0,0,2,100.0,-13.5,-131.0,0.0,-1995.9089040756226,-318.02935429234117,0.0,0
1681,176,360,,cpu,7,-325.8966701584068,-46.55666716548668,0,True,False,,12,0,9,0.19435501950127737,0.0016435254198898161,0.0018839887592808477,1.4853153909955705,1.4853153228759766,2.0541832447052,1.4853153228759766,,2.142857142857143,10,5,15,15,0,0,0,7.666666666666667,164.01852044938104,2.200376,10.6,3,4,3,5,1,0,0,1,100.0,-28.5,-131.0,0.0,0.0,-256.3966701584068,0.0,0
1682,227,336,,cpu,37,-3944.146731408764,-106.59856030834497,11,True,False,2,24,0,19,0.016593819861677853,0.018640512565931154,0.005936656830001723,1.0796984973791484,1.0936478505263458,0.47026694465327906,1.0936478505263458,,1.054054054054054,10,20,39,39,0,0,0,7.153846153846154,143.51607307141467,1.9731166,10.6,10,10,9,10,6,5,0,1,350.0,-179.0,-307.0,0.0,-2979.270488023758,-618.8762433850059,0.0,0
1683,311,201,,cpu,7,-697.3512286044557,-99.62160408635081,1,True,False,2,10,0,6,0.12743874532835825,0.0005708143622281828,0.001048108862180795,2.35416909626552,2.35416909626552,1.7118287427084786,2.35416909626552,,2.142857142857143,10,5,15,15,0,0,0,8.4,171.4190019737752,2.1740756,10.6,3,4,3,5,1,0,0,1,100.0,-20.0,-131.0,0.0,-333.78241062164307,-282.56881798281273,0.0,0
1684,193,496,,cpu,7,-878.0347269213526,-125.43353241733608,2,True,False,4,10,0,10,-0.002886631592575993,0.00019341777900803794,0.001423010985100908,1.7749333381652832,1.7749332700456892,1.9877283232552665,1.7749332700456892,,2.142857142857143,10,5,15,15,0,0,0,7.733333333333333,163.96282192815872,2.3679721,10.6,3,4,3,5,0,0,1,3,150.0,-22.5,-131.0,0.0,-586.2693727016449,-268.26535421970766,0.0,0
1685,11,409,,cpu,7,-1524.1031457245947,-217.72902081779924,4,True,False,2,10,0,8,-0.12632775093827928,0.0005763989486565281,0.001520045259634831,2.35416909626552,2.35416909626552,1.7625359211649214,2.35416909626552,,2.142857142857143,10,5,15,15,0,0,0,7.133333333333334,127.41624818063951,2.2072535,9.6,3,4,3,5,0,0,0,2,100.0,-20.0,-131.0,0.0,-1196.2506711483002,-236.85247457629444,0.0,0
1686,274,303,,cpu,7,-347.0783532817448,-49.582621897392116,0,True,False,,14,0,11,0.09103966185024806,0.0002712203807797258,0.0012988699516946717,1.4853153909955705,1.4853153909955705,2.184831040246146,1.4853153909955705,,2.142857142857143,10,5,15,15,0,0,0,8.133333333333333,158.53663149517388,1.9480833,10.6,3,4,3,5,1,0,0,1,100.0,-25.5,-131.0,0.0,0.0,-270.57835328174485,0.0,0
1687,306,530,,cpu,7,-307.83473073864553,-43.97639010552079,0,True,False,,13,0,9,0.07507763696568352,0.00014482555259170176,0.0008812435636562961,1.4853153909955705,1.4853153909955705,2.3410652705601285,1.4853153909955705,,2.142857142857143,10,5,15,15,0,0,0,6.866666666666666,121.93507304373783,1.9330332,10.6,3,4,3,5,1,0,0,1,100.0,-24.5,-131.0,0.0,0.0,-222.33473073864553,0.0,0
1688,285,217,,cpu,7,-3329.8332510437403,-475.69046443482006,9,True,False,2,12,0,10,-0.5381408759525844,0.0071483857297737685,0.0010100817307829857,2.35416909626552,2.35416909626552,2.38138587134225,2.35416909626552,,2.142857142857143,10,5,15,15,0,0,0,8.466666666666667,172.17633433466418,2.2326524,10.6,3,4,3,5,1,0,0,1,100.0,-28.0,-131.0,0.0,-2958.037233352661,-282.7960176910794,0.0,0
1689,249,224,,cpu,150,-136685.8609915495,-911.2390732769967,412,False,True,14,200,177,156,-1.7967597751319409,2.7452796706052807,0.08017980779753998,0.9514602677027384,0.9035171012083689,0.20944306194782258,0.9035171012083689,,0.9066666666666666,10,75,136,136,0,0,0,7.507352941176471,138.9016072811781,2.15355,10.6,33,36,27,40,13,16,1,7,1000.0,-6141.5,-1134.0,0.0,-127168.39410662651,-2281.9668849229993,0.0,0
1690,298,351,,cpu,7,-1517.4432834350566,-216.7776119192938,4,True,False,2,12,0,8,-0.16202595617089952,0.0007289028643364352,0.0009417194773309997,2.35416909626552,2.35416909626552,2.304973840713501,2.35416909626552,,2.142857142857143,10,5,15,15,0,0,0,6.333333333333333,111.42174864593696,1.8338524,10.6,3,4,3,5,1,0,0,1,100.0,-20.5,-131.0,0.0,-1223.8782107830048,-212.06507265205192,0.0,0
1691,267,351,,cpu,5,-895.3115278697718,-179.06230557395435,2,True,False,2,12,0,9,0.02266119485720992,3.429254329603282e-05,0.0011037016985937953,3.2958367347717283,3.2958367347717283,3.168227767944336,3.2958367347717283,,3.0,10,3,15,15,0,0,0,6.333333333333333,111.51336981081768,1.4346578,9.4,3,4,3,5,1,0,0,0,50.0,-20.0,-131.0,0.0,-582.2189688682556,-212.09255900151612,0.0,0
1692,186,473,,cpu,7,-846.0535677647229,-120.86479539496041,2,True,False,2,19,0,16,0.050253799451248984,0.0002600157786218915,0.002350894210394472,2.35416909626552,2.35416909626552,1.8464375393731254,2.35416909626552,,2.142857142857143,10,5,15,15,0,0,0,7.533333333333333,150.2148530383651,1.854421,10.6,3,4,3,5,1,0,0,2,150.0,-49.5,-131.0,0.0,-558.194100856781,-247.35946690794182,0.0,0
1693,295,398,,cpu,5,-1583.324681712572,-316.6649363425144,4,True,False,2,9,0,8,-0.13881891667842866,0.000508608782547526,0.0007574679679237306,4.315773391723633,4.314092922210693,3.1160534858703612,4.314092922210693,,3.0,10,3,15,15,0,0,0,6.066666666666666,99.4774187641094,1.0681068,6.2,3,4,3,5,1,0,0,0,50.0,-13.5,-131.0,0.0,-1289.045089483261,-199.77959222931108,0.0,0
1694,262,216,,cpu,17,-2623.8270616757136,-154.3427683338655,7,True,False,2,12,0,9,-0.09828936056617428,0.0018843635017915135,0.0019160357632619493,1.2278607592863195,1.2278607592863195,0.9258107297560748,1.2278607592863195,,1.1176470588235294,10,11,19,19,0,0,0,7.7368421052631575,158.6072883969138,2.5834315,10.6,5,5,4,5,3,0,0,1,200.0,-53.5,-152.0,0.0,-2200.3003537654877,-328.02670791022604,0.0,0
1695,310,352,,cpu,5,-1240.2107077089015,-248.0421415417803,3,True,False,2,8,0,5,0.033966601639986035,0.00023043754499667556,0.0007019118405878544,3.2958367347717283,3.2958371162414553,3.4465098857879637,3.2958371162414553,,3.0,10,3,15,15,0,0,0,6.333333333333333,111.47988836866938,1.3902082,9.4,3,4,3,5,1,0,0,0,50.0,-11.0,-131.0,0.0,-936.1281931400299,-212.08251456887166,0.0,0
1696,86,489,,cpu,6,-986.1041522016277,-164.35069203360462,2,True,False,2,13,0,9,0.0802400807539622,0.00017411517607494412,0.0017479057132732123,2.746530612309774,2.746530612309774,2.9191240469614663,2.746530612309774,,2.5,10,4,15,15,0,0,0,9.466666666666667,202.61107477369595,2.277508,10.6,3,4,3,5,0,0,0,2,100.0,-26.5,-131.0,0.0,-593.4248626232147,-325.179289578413,0.0,0
1697,108,475,,cpu,6,-242.65057992680934,-40.44176332113489,0,True,False,,13,0,12,0.1446189358830452,0.0005632241918647196,0.0017913256403213988,1.732867956161499,1.732867956161499,2.745445132255554,1.732867956161499,,2.5,10,4,15,15,0,0,0,6.333333333333333,103.54983495702284,1.5416399,10.6,3,4,3,5,1,0,0,2,150.0,-29.0,-131.0,0.0,0.0,-212.65057992680937,0.0,0
1698,218,552,,cpu,6,-352.1350324585443,-58.68917207642405,0,True,False,,14,0,9,0.030882135033607483,0.00022117617966917655,0.0011585628963075578,1.732867956161499,1.732867956161499,2.3041502833366394,1.732867956161499,,2.5,10,4,15,15,0,0,0,7.733333333333333,161.8617493909474,2.1740024,10.6,3,4,3,5,0,0,0,2,100.0,-23.5,-131.0,0.0,0.0,-267.63503245854423,0.0,0
1699,189,499,,cpu,6,-903.9532944248497,-150.65888240414162,2,True,False,2,9,0,8,-0.16425352295239767,0.0012714904927027721,0.0013102065034521122,2.746530612309774,2.7465309302012124,2.3329437176386514,2.7465309302012124,,2.5,10,4,15,15,0,0,0,7.8,166.1580008773463,2.1404598,10.6,3,4,3,5,0,0,0,2,100.0,-18.0,-131.0,0.0,-586.0293865203857,-268.92390790446393,0.0,0
1700,101,569,,cpu,6,-692.4990306547991,-115.41650510913318,1,True,False,2,11,0,9,-0.1224752813577652,0.0007293310385042181,0.0015030273934826255,2.746530612309774,2.746530612309774,2.4507571856180825,2.746530612309774,,2.5,10,4,15,15,0,0,0,9.133333333333333,190.8742699354214,2.394654,10.6,3,4,3,5,0,0,0,2,100.0,-24.0,-131.0,0.0,-313.4683072566986,-314.0307233981005,0.0,0
1701,238,225,,cpu,7,-326.8740155767046,-46.69628793952923,0,True,False,,15,0,12,-0.012764924871070045,0.00019918691207619434,0.00195711716410837,1.6844335964747839,1.8816254479544503,2.2267207418169295,1.8816254479544503,,2.142857142857143,10,5,15,15,0,0,0,8.4,172.56369612632508,2.1666586,10.6,3,4,3,5,1,0,0,2,150.0,-35.0,-131.0,0.0,0.0,-280.8740155767046,0.0,0
1702,103,430,,cpu,6,-349.0827619011257,-58.18046031685429,0,True,False,,13,0,11,0.0600346215069294,0.00012202195951734514,0.0017028162061857681,1.732867956161499,1.732867956161499,2.691006898880005,1.732867956161499,,2.5,10,4,15,15,0,0,0,6.333333333333333,103.32377487141065,1.6225952,10.6,3,4,3,5,1,0,0,0,50.0,-25.5,-131.0,0.0,0.0,-212.5827619011257,0.0,0
1703,300,351,,cpu,7,-906.5397261178267,-129.50567515968953,2,True,False,2,10,0,9,-0.007347734511962959,2.0609234395254005e-05,0.0008928854367695749,2.35416909626552,2.35416909626552,2.2578554834638322,2.35416909626552,,2.142857142857143,10,5,15,15,0,0,0,6.333333333333333,111.4772778669257,1.771705,9.4,3,4,3,5,1,0,0,1,100.0,-19.0,-131.0,0.0,-614.4579946994781,-212.08173141834857,0.0,0
1704,8,529,,cpu,12,-2350.942085568673,-195.9118404640561,6,True,False,2,11,0,8,-0.14111424734195074,0.0012774450090849616,0.0016464176927305136,1.373265306154887,1.3732654651006062,1.2768816947937012,1.3732654651006062,,1.25,10,10,15,15,0,0,0,9.333333333333334,192.04455811342856,2.897663,10.6,3,4,3,5,1,0,0,2,150.0,-33.5,-131.0,0.0,-1960.6499433517456,-315.79214221692746,0.0,0
1705,309,181,,cpu,6,-1631.3056429792655,-271.8842738298776,4,True,False,2,9,0,6,-0.08155517031749089,0.00017092771668103524,0.0007307278283406049,2.746530612309774,2.746530612309774,2.6423361698786416,2.746530612309774,,2.5,10,4,15,15,0,0,0,8.4,171.14616292818866,1.9191433,10.6,3,4,3,5,1,0,0,0,50.0,-18.0,-131.0,0.0,-1249.8186767101288,-282.48696626913676,0.0,0
1706,279,307,,cpu,8,-254.16902695781,-31.77112836972625,0,True,False,,17,0,12,0.1340217310935259,0.001643628282181453,0.001467896050598938,1.2996509671211243,1.2996509671211243,1.6116289347410202,1.2996509671211243,,1.875,10,6,15,15,0,0,0,8.133333333333333,162.17221041539108,2.03001,9.6,3,4,3,5,1,0,0,3,200.0,-31.5,-131.0,0.0,0.0,-271.66902695781,0.0,0
1707,215,427,,cpu,7,-223.58434014663743,-31.940620020948206,0,True,False,,18,0,13,0.16002480472837174,0.0020565559222762075,0.0016664373937861196,1.4853153909955705,1.4853153228759766,1.8792138269969396,1.4853153228759766,,2.142857142857143,10,5,15,15,0,0,0,7.466666666666667,139.2977638340171,1.7838383,10.6,3,4,3,5,0,0,0,4,200.0,-38.5,-131.0,0.0,0.0,-244.08434014663743,0.0,0
1708,107,439,,cpu,6,-355.0676502053747,-59.177941700895786,0,True,False,,10,0,8,0.18262229363123575,0.0011463592236395925,0.0014197523414622992,1.732867956161499,1.732867956161499,2.7309184471766152,1.732867956161499,,2.5,10,4,15,15,0,0,0,6.333333333333333,103.27340255224073,1.5438071,10.6,3,4,3,5,1,0,0,0,50.0,-21.5,-131.0,0.0,0.0,-212.56765020537472,0.0,0
1709,192,279,,cpu,150,-45357.24363322029,-302.3816242214686,81,False,True,107,550,549,413,-0.08527706475307543,0.14414789385860785,0.2879182949347887,0.6915983734528224,0.6988319436709086,0.24463487267494202,0.6988319436709086,,0.88,10,76,132,132,0,0,0,8.234848484848484,161.96107643107962,1.9223788,10.6,32,35,25,40,13,5,0,8,1050.0,-17669.5,-1115.0,0.0,-24195.039663277566,-2437.7039699427232,0.0,0
1710,237,505,,cpu,6,-719.7678069972749,-119.96130116621248,1,True,False,2,10,0,8,-0.031317656859755516,4.032794856811961e-05,0.0010863939144959052,2.746530612309774,2.746530612309774,2.639611562093099,2.746530612309774,,2.5,10,4,15,15,0,0,0,7.733333333333333,162.92005988290336,2.1205482,10.6,3,4,3,5,0,0,0,1,50.0,-22.0,-131.0,0.0,-328.8152813911438,-267.9525256061311,0.0,0
1711,311,320,,cpu,15,-2521.2831414069196,-168.08554276046132,9,True,False,2,7,0,7,-0.15792440097041738,0.0019089149860377574,0.0016914379744169612,1.400505797068278,1.3911994298299153,1.013700215021769,1.3911994298299153,,1.2666666666666666,10,10,19,19,0,0,0,6.473684210526316,121.62166069225073,1.6541424,9.4,6,5,3,5,1,1,1,0,50.0,-24.0,-154.0,0.0,-2002.3141820769629,-270.9689593299566,0.0,0
1712,220,547,,cpu,15,-332.89358517198366,-22.192905678132245,0,True,False,,20,0,16,0.028180989871422448,0.00014850930935305466,0.0022707312212636075,0.858807627360026,0.8588075955708822,1.0487618764241537,0.8588075955708822,,1.2,10,10,18,18,0,0,0,7.388888888888889,160.08562193423782,2.4646306,10.6,5,4,4,5,3,1,0,2,250.0,-61.0,-144.0,0.0,0.0,-307.89358517198366,0.0,0
1713,311,505,,cpu,6,-2837.718038384149,-472.9530063973582,7,True,False,2,7,0,7,-0.46839173634847003,0.003780473959560974,0.0013799759132477145,2.746530612309774,2.746530612309774,2.7691113154093423,2.746530612309774,,2.5,10,4,15,15,0,0,0,6.866666666666666,121.94254571045097,1.7699331,10.6,3,4,3,5,1,0,0,0,50.0,-10.5,-131.0,0.0,-2523.8810658454895,-222.3369725386595,0.0,0
1714,82,442,,cpu,7,-303.0496560543175,-43.29280800775964,0,True,False,,7,0,7,0.09869838612420219,0.00031352138051131206,0.0012328201555646956,1.9803739956447057,1.9804203169686454,2.0124100957598006,1.9804203169686454,,2.142857142857143,10,5,15,15,0,0,0,6.466666666666667,107.52202374313195,1.6505586,10.6,3,4,3,5,1,0,0,1,100.0,-15.0,-131.0,0.0,0.0,-217.0496560543175,0.0,0
1715,107,459,,cpu,17,-2809.7908389775384,-165.28181405750226,10,True,False,2,11,0,9,-0.1339217606069082,0.001753665713027551,0.0038914199137841075,1.4217335196102368,1.4217335196102368,0.8659634274594924,1.4217335196102368,,1.2941176470588236,10,9,22,22,0,0,0,6.090909090909091,98.84077532258173,1.9922404,10.6,5,7,5,5,4,1,1,2,300.0,-56.5,-171.0,0.0,-2504.252261572824,-298.0385774047145,0.0,0
1716,31,538,,cpu,150,-77737.23998845324,-518.2482665896882,224,False,True,11,201,201,154,-0.5954777126014232,0.6110735778308783,0.12896120761094304,0.9083398167292277,0.9104760654767354,0.17127615948518118,0.9104760654767354,,0.8666666666666667,10,79,130,130,0,0,0,8.561538461538461,164.57577218930922,2.5681508,10.6,26,37,22,45,6,8,1,8,700.0,-8079.0,-1167.0,0.0,-65698.10904472857,-2523.1309437246764,0.0,0
1717,113,374,,cpu,150,-27568.596501475604,-183.7906433431707,69,False,True,6,250,250,185,0.36678608338038127,0.37164259762813645,0.13694273698492906,0.9678640174865722,0.9411583944161733,0.21784387270609537,0.9411583944161733,,0.92,10,70,138,138,0,0,0,7.7101449275362315,160.14284743132686,2.01046,10.6,33,35,25,45,24,4,0,16,2000.0,-7471.5,-1195.0,0.0,-17718.58549118042,-2383.511010295183,0.0,0
1718,291,278,,cpu,8,-842.6772171032643,-105.33465213790804,2,True,False,2,12,0,9,0.1745220385491848,0.0025701260019559413,0.0012684598841588013,2.0598979592323303,2.0598979592323303,2.0508161187171936,2.0598979592323303,,1.875,10,6,15,15,0,0,0,8.133333333333333,160.25337394879205,2.1549778,9.6,3,4,3,5,1,0,0,4,250.0,-25.5,-131.0,0.0,-655.083841085434,-271.0933760178303,0.0,0
1719,16,461,,cpu,6,-991.4868352395249,-165.24780587325415,2,True,False,2,7,0,6,0.22472502291202545,0.0017424616768645744,0.0010376399053105463,2.746530612309774,2.746530612309774,2.7455239295959473,2.746530612309774,,2.5,10,4,15,15,0,0,0,7.133333333333334,127.34491132890763,1.8974341,9.6,3,4,3,5,0,0,0,1,50.0,-9.0,-131.0,0.0,-634.65576171875,-236.8310735207749,0.0,0
1720,253,198,,cpu,7,-2468.1544855986645,-352.5934979426664,7,True,False,2,7,0,7,-0.12287222913333348,0.0008410308510065079,0.001096791704185307,2.35416909626552,2.35416909626552,2.2616217817578996,2.35416909626552,,2.142857142857143,10,5,15,15,0,0,0,8.4,171.5861310324845,2.2457101,10.6,3,4,3,5,1,1,0,0,50.0,-13.0,-131.0,0.0,-2051.535528898239,-282.61895670042554,0.0,0
1721,174,379,,cpu,150,-95173.23086186749,-634.4882057457833,295,False,True,29,111,77,80,-1.159023980597655,1.2059766569798982,0.08058472668208803,0.9385759508609772,0.9229417300224304,0.2541570884982745,0.9229417300224304,,0.9133333333333333,10,77,137,137,0,0,0,7.467153284671533,152.9522254721506,2.0061567,10.6,34,37,26,40,13,15,2,5,900.0,-4742.5,-1144.0,0.0,-86950.5986154421,-2276.13224642539,0.0,0
1722,115,582,,cpu,12,-354.09663704396934,-29.508053086997446,0,True,False,,21,0,13,0.09401175674671929,0.0010183178358905327,0.002105848839467702,0.9241962432861328,0.9241962333520254,1.3107668558756511,0.9241962333520254,,1.3333333333333333,10,9,16,16,0,0,0,8.75,185.1201655988661,3.1029694,9.6,3,5,3,5,1,0,0,3,200.0,-43.5,-139.0,0.0,0.0,-321.5966370439694,0.0,0
1723,138,347,,cpu,6,-385.073259239913,-64.1788765399855,0,True,False,,16,0,10,0.1435416340827942,0.0006940464396999838,0.002134949822599689,1.732867956161499,1.732867956161499,2.4193175633748374,1.732867956161499,,2.5,10,4,15,15,0,0,0,9.2,234.8657981479496,2.034847,10.6,3,4,3,5,0,0,0,2,100.0,-26.5,-131.0,0.0,0.0,-317.573259239913,0.0,0
1724,34,343,,cpu,150,-18922.144200323673,-126.14762800215782,10,False,True,106,410,392,311,0.17258681338901322,0.25598828004004265,0.21741398866986855,0.6099454355239868,0.6154230157534282,0.17402880191802977,0.6154230157534282,,0.8066666666666666,10,80,121,121,0,0,0,9.735537190082646,242.3626974668507,2.4655628,10.6,26,29,21,45,8,9,0,5,650.0,-12706.5,-1100.0,0.0,-2186.813795566559,-2678.830404757113,0.0,0
1725,313,317,,cpu,5,-1258.906642533562,-251.7813285067124,3,True,False,2,6,0,5,-0.3356488227844238,0.0023636282654479145,0.0009122741990722716,3.2958367347717283,3.2958367347717283,2.973361873626709,3.2958367347717283,,3.0,10,3,15,15,0,0,0,8.133333333333333,160.25337394879205,1.6366556,9.6,3,4,3,5,1,0,0,0,50.0,-9.0,-131.0,0.0,-897.8132665157318,-271.0933760178303,0.0,0
1726,285,147,,cpu,7,-353.64799971755735,-50.521142816793905,0,True,False,,11,0,8,-0.10116678050586156,0.0015038081744153584,0.001306081041028457,1.4853153909955705,1.4853153909955705,2.537651470729283,1.4853153909955705,,2.142857142857143,10,5,15,15,0,0,0,8.866666666666667,177.2560815745246,2.415648,9.6,3,4,3,5,1,0,0,2,150.0,-26.5,-131.0,0.0,0.0,-306.14799971755735,0.0,0
1727,18,490,,cpu,6,-706.3389099456074,-117.72315165760124,1,True,False,2,8,0,8,-0.19295170903205872,0.0018607999275748928,0.0012563590620023508,2.746530612309774,2.746530612309774,2.355176051457723,2.746530612309774,,2.5,10,4,15,15,0,0,0,9.333333333333334,194.6762184727103,1.9211369,10.6,3,4,3,5,0,0,0,2,100.0,-14.0,-131.0,0.0,-314.7572696208954,-316.58164032471194,0.0,0
1728,299,498,,cpu,20,-7928.006209205625,-396.4003104602813,21,True,False,2,10,0,7,-0.47064517373219134,0.03493968578841304,0.004047455708496272,1.436690902709961,1.4366909503936767,0.8319333016872406,1.4366909503936767,,1.4,10,12,28,28,0,0,0,6.321428571428571,101.05215731747208,2.052269,10.6,6,7,5,10,4,3,2,1,250.0,-50.5,-251.0,0.0,-7415.056388600489,-381.4498206051353,0.0,0
1729,107,503,,cpu,6,-360.0200852156188,-60.00334753593646,0,True,False,,22,0,13,0.042822359750668205,0.00010229665438525141,0.002271916212824484,1.732867956161499,1.732867956161499,2.5115660230318704,1.732867956161499,,2.5,10,4,15,15,0,0,0,9.533333333333333,203.74706023104852,2.3395236,10.6,3,4,3,5,0,0,0,3,150.0,-33.5,-131.0,0.0,0.0,-325.52008521561874,0.0,0
1730,286,291,,cpu,5,-364.9289355576947,-72.98578711153894,0,True,False,,8,0,6,0.1276203840970993,0.00038010643766028807,0.001148747093975544,2.079441547393799,2.079441547393799,2.9757250785827636,2.079441547393799,,3.0,10,3,15,15,0,0,0,8.133333333333333,161.3719057483399,1.536097,9.6,3,4,3,5,1,0,0,0,50.0,-12.5,-131.0,0.0,0.0,-271.4289355576946,0.0,0
1731,50,505,,cpu,6,-1897.8789628560687,-316.31316047601143,5,True,False,2,14,0,10,-0.13757323970397314,0.0005467078250755245,0.0021101172120931246,2.746530612309774,2.746530612309774,2.6768623193105063,2.746530612309774,,2.5,10,4,15,15,0,0,0,9.333333333333334,191.856204379438,2.167264,10.6,3,4,3,5,0,0,0,2,100.0,-27.5,-131.0,0.0,-1523.6433267593384,-315.7356360967303,0.0,0
1732,129,96,,cpu,7,-473.4613846760014,-67.63734066800019,0,True,False,,16,0,11,0.13855007929461344,0.0013456230766938201,0.0022355983133560847,1.4853153909955705,1.4853153909955705,1.752875532422747,1.4853153909955705,,2.142857142857143,10,5,15,15,0,0,0,13.2,295.0713300991972,2.65227,10.6,3,4,3,5,0,0,0,3,150.0,-36.0,-131.0,0.0,0.0,-456.4613846760014,0.0,0
1733,222,494,,cpu,6,-593.45893982808,-98.90982330468,1,True,False,2,16,0,9,0.2648489822944005,0.0016506753939514358,0.001614290347788483,2.746530612309774,2.7465309302012124,2.9748482704162598,2.7465309302012124,,2.5,10,4,15,15,0,0,0,7.733333333333333,163.32184461824707,1.996452,10.6,3,4,3,5,0,0,0,3,150.0,-26.0,-131.0,0.0,-308.3858788013458,-268.07306102673414,0.0,0
1734,6,523,,cpu,6,-2001.035575190692,-333.50592919844865,5,True,False,2,10,0,6,-0.08169969171285629,0.0003877325095042276,0.0014506605026933055,2.746530612309774,2.746530612309774,2.5448708534240723,2.746530612309774,,2.5,10,4,15,15,0,0,0,9.333333333333334,192.81410406240533,1.9919463,10.6,3,4,3,5,0,0,0,2,100.0,-17.5,-131.0,0.0,-1626.5125691890717,-316.02300600162044,0.0,0
1735,148,530,,cpu,6,-330.46526979525777,-55.07754496587629,0,True,False,,12,0,8,0.15402557949225107,0.0005881696385282945,0.001562949677463621,1.732867956161499,1.732867956161499,2.5416844288508096,1.732867956161499,,2.5,10,4,15,15,0,0,0,9.533333333333333,205.23100882984517,2.3944187,10.6,3,4,3,5,0,0,0,3,150.0,-23.5,-131.0,0.0,0.0,-325.9652697952577,0.0,0
1736,185,202,,cpu,32,-7710.218049848241,-240.94431405775754,25,True,False,2,12,0,11,-0.07153025222942233,0.02338223838387421,0.0046549408907594625,0.308984711766243,0.308984711766243,0.3737722970545292,0.308984711766243,,0.28125,2,25,9,9,0,0,0,5.0,0.0,0.0,0.0,0,0,0,9,0,0,0,5,250.0,-107.0,-135.0,0.0,-7614.635616540909,-93.58243330733283,0.0,0
1737,291,190,,cpu,6,-2304.531381324944,-384.08856355415736,6,True,False,2,8,0,7,-0.42458783586819965,0.004153681181681653,0.0009286931599490345,2.746530612309774,2.7465309302012124,2.662277022997538,2.7465309302012124,,2.5,10,4,15,15,0,0,0,8.4,171.7016553660538,1.9109229,10.6,3,4,3,5,1,0,0,0,50.0,-14.5,-131.0,0.0,-1926.3777673244476,-282.6536140004963,0.0,0
1738,186,519,,cpu,114,-33325.87569461664,-292.3322429352337,104,True,False,2,63,0,48,-0.181130365803511,0.3648786745318495,0.030419849206003147,1.0148604334446423,1.0148604334446423,0.22107518189831785,1.0148604334446423,,0.956140350877193,10,56,109,109,0,0,0,7.174311926605505,133.5976722512241,2.18735,10.6,24,27,23,35,14,14,5,6,1000.0,-1201.0,-930.0,0.0,-29769.012872552787,-1795.8628220638493,0.0,0
1739,125,115,,cpu,150,-33022.771658974474,-220.15181105982984,71,False,True,24,391,388,296,-0.24084684083859126,0.14070797227323056,0.15290936746673348,0.644220267534256,0.6421228591601054,0.20149334400892258,0.6421228591601054,,0.7666666666666667,10,88,115,115,0,0,0,10.530434782608696,217.87213888494924,2.734569,10.6,24,29,22,40,9,3,0,5,700.0,-11181.5,-1018.0,0.0,-17861.790519952774,-2751.4811390216973,0.0,0
1740,299,327,,cpu,5,-1787.2394412841386,-357.4478882568277,5,True,False,2,7,0,6,-0.272111839056015,0.0012045148585457354,0.0008745435974560678,3.2958367347717283,3.295836925506592,3.5278024673461914,3.295836925506592,,3.0,10,3,15,15,0,0,0,6.333333333333333,111.43503336972377,1.3978157,9.4,3,4,3,5,1,0,0,0,50.0,-10.0,-131.0,0.0,-1484.1703832149506,-212.06905806918797,0.0,0
1741,306,250,,cpu,5,-1681.5532127392505,-336.3106425478501,4,True,False,2,6,0,6,-0.0957675814628601,0.00029672857326659143,0.0008997221244499088,3.2958367347717283,3.2958371162414553,3.285154676437378,3.2958371162414553,,3.0,10,3,15,15,0,0,0,8.133333333333333,160.25337394879205,1.6366556,9.6,3,4,3,5,1,0,0,0,50.0,-9.0,-131.0,0.0,-1320.4598367214203,-271.0933760178303,0.0,0
1742,312,300,,cpu,5,-1594.729092828623,-318.9458185657246,4,True,False,2,8,0,7,0.1571418136358261,0.0007796536810928956,0.0009359037969261408,3.2958367347717283,3.2958371162414553,3.533962631225586,3.2958371162414553,,3.0,10,3,15,15,0,0,0,8.133333333333333,158.7145636657468,1.4626701,9.6,3,4,3,5,1,0,0,0,50.0,-13.5,-131.0,0.0,-1229.5973598957062,-270.63173293291675,0.0,0
1743,78,521,,cpu,12,-325.34830596860513,-27.112358830717096,0,True,False,,14,0,9,0.25758492449919385,0.0037449457061787448,0.0021350939447681108,1.4331072171529133,1.443650205930074,1.4137874444325764,1.443650205930074,,1.25,10,10,15,15,0,0,0,9.4,195.6326024887698,2.7209842,9.6,3,4,3,5,1,0,0,3,200.0,-33.0,-131.0,0.0,0.0,-321.34830596860513,0.0,0
1744,132,412,,cpu,150,-70510.11816936856,-470.0674544624571,208,False,True,2,306,214,227,-0.9071793004870414,0.599321553496023,0.19044920180924238,1.0893116764227548,1.0338650639851887,0.21053155024846396,1.0338650639851887,,1.0,10,66,150,150,0,0,0,6.433333333333334,103.99134105670281,1.6113521,10.6,37,39,29,45,12,6,0,10,1100.0,-11624.5,-1259.0,0.0,-55494.01324391365,-2132.60492545491,0.0,0
1745,193,389,,cpu,13,-342.1356376124592,-26.318125970189172,0,True,False,,24,0,19,0.20830243424727365,0.005778582498001365,0.0032013424027424594,0.8531042245718149,0.8531042337417603,1.2780658098367543,0.8531042337417603,,1.2307692307692308,10,10,16,16,0,0,0,7.5,162.78179882604064,2.2782197,10.6,4,4,3,5,3,0,0,1,200.0,-68.5,-136.0,0.0,0.0,-267.6356376124593,0.0,0
1746,11,531,,cpu,13,-273.1663459643465,-21.01279584341127,0,True,False,,18,0,15,0.21583062868851882,0.00554949243982824,0.002481744987352823,0.7997852105360764,0.7997852105360764,1.2566384902367225,0.7997852105360764,,1.1538461538461537,10,11,15,15,0,0,0,9.333333333333334,191.62523727149195,2.8956592,10.6,3,4,3,5,2,2,0,3,250.0,-46.5,-131.0,0.0,0.0,-315.6663459643464,0.0,0
1747,276,241,,cpu,7,-368.1794686587715,-52.59706695125307,0,True,False,,16,0,12,0.37305995396205355,0.004283509350248745,0.001459543576597103,2.3370485305786133,2.3472305025373186,2.139622483934675,2.3472305025373186,,2.142857142857143,10,5,15,15,0,0,0,8.266666666666667,163.82721110247448,1.7187951,7.6,3,4,3,5,1,0,0,1,100.0,-30.5,-131.0,0.0,0.0,-276.6794686587715,0.0,0
1748,292,125,,cpu,7,-2530.3715238111854,-361.4816462587408,7,True,False,2,21,0,15,-0.1352392371211733,0.0006001815657197897,0.001425027207005769,2.35416909626552,2.35416909626552,2.4305387905665805,2.35416909626552,,2.142857142857143,10,5,15,15,0,0,0,8.866666666666667,177.2560815745246,2.415648,9.6,3,4,3,5,1,0,1,3,200.0,-42.5,-131.0,0.0,-2230.723524093628,-306.14799971755735,0.0,0
1749,200,510,,cpu,6,-936.2597980285443,-156.04329967142405,2,True,False,2,13,0,9,0.09976372122764587,0.0001410891275099857,0.0014891112223267555,2.746530612309774,2.746530612309774,2.454560856024424,2.746530612309774,,2.5,10,4,15,15,0,0,0,7.8,167.49333350225112,2.0100183,10.6,3,4,3,5,0,0,0,2,100.0,-25.5,-131.0,0.0,-590.4352903366089,-269.32450769193537,0.0,0
1750,66,488,,cpu,6,-1859.1453789757693,-309.8575631626282,5,True,False,2,11,0,9,-0.17409018178780875,0.0011664143821690232,0.0017448415358861287,2.746530612309774,2.746530612309774,2.54762069384257,2.746530612309774,,2.5,10,4,15,15,0,0,0,9.333333333333334,194.15922548975445,2.0610452,10.6,3,4,3,5,0,0,0,2,100.0,-22.0,-131.0,0.0,-1489.7188365459442,-316.4265424298252,0.0,0
1751,54,401,,cpu,7,-249.5969066122549,-35.65670094460784,0,True,False,,23,0,21,0.10933450077261243,0.00032000306964619085,0.0032034877222031355,2.0845601899283275,1.97162321635655,2.2119123254503523,1.97162321635655,,2.142857142857143,10,5,15,15,0,0,0,7.6,146.86657431833922,1.7182797,8.4,3,4,3,5,0,0,0,4,200.0,-46.0,-131.0,0.0,0.0,-252.5969066122549,0.0,0
1752,160,486,,cpu,6,-317.48415783519465,-52.914026305865775,0,True,False,,13,0,9,0.060592375695705414,0.00012109610755336082,0.001563521063265701,2.172598361968994,1.683909813563029,2.2623051007588706,1.683909813563029,,2.5,10,4,15,15,0,0,0,7.533333333333333,157.32858119074803,1.8603296,6.6,3,4,3,5,0,0,0,2,100.0,-25.0,-131.0,0.0,0.0,-261.4841578351946,0.0,0
1753,208,365,,cpu,150,-164848.6516303133,-1098.9910108687554,535,False,True,11,215,215,162,-2.549124887784322,5.48996605505546,0.10236381080777694,0.9090726820627848,0.9530420478185018,0.16050605232516924,0.9530420478185018,,0.92,10,76,138,138,0,0,0,7.268115942028985,143.66537555554427,1.9314598,10.6,35,37,26,40,10,7,3,7,850.0,-7509.0,-1149.0,0.0,-153751.53740828927,-2219.114222024024,0.0,0
1754,25,446,,cpu,6,-368.1921961871316,-61.36536603118859,0,True,False,,6,0,5,0.07595936705668767,0.0006005438068920436,0.0010695168166421354,1.732867956161499,1.732867956161499,2.3880022366841636,1.732867956161499,,2.5,10,4,15,15,0,0,0,7.133333333333334,126.88198688342999,1.8898903,9.6,3,4,3,5,0,0,0,1,50.0,-10.5,-131.0,0.0,0.0,-236.69219618713157,0.0,0
1755,23,443,,cpu,6,-937.7907622271267,-156.2984603711878,2,True,False,2,10,0,8,0.010347075760364532,0.00022605622143601067,0.0012801867075419675,2.746530612309774,2.746531089146932,2.794526775677999,2.746531089146932,,2.5,10,4,15,15,0,0,0,7.133333333333334,127.47462230503649,1.8440124,9.6,3,4,3,5,0,0,0,2,100.0,-17.0,-131.0,0.0,-622.9207754135132,-236.86998681361354,0.0,0
1756,190,333,,cpu,7,-1788.5367260310268,-255.50524657586098,6,True,False,2,7,0,6,-0.018877056560346057,0.00012341336904293193,0.001285316181435649,2.35416909626552,2.35416909626552,2.04145656313215,2.35416909626552,,2.142857142857143,10,5,15,15,0,0,0,7.666666666666667,163.8815016152302,2.16609,10.6,3,4,3,5,1,0,0,1,100.0,-14.5,-131.0,0.0,-1466.6811615228653,-256.35556450816154,0.0,0
1757,268,252,,cpu,7,-324.2554017451861,-46.322200249312296,0,True,False,,13,0,9,0.27704809393201557,0.003348985204606184,0.0014624061378916459,1.4853153909955705,1.4853153909955705,1.6599367005484444,1.4853153909955705,,2.142857142857143,10,5,15,15,0,0,0,8.133333333333333,159.12679303997797,1.9916228,10.6,3,4,3,5,1,0,0,1,100.0,-22.5,-131.0,0.0,0.0,-270.7554017451861,0.0,0
1758,49,498,,cpu,150,-164426.30946340214,-1096.175396422681,533,False,True,2,355,346,274,-2.689400494893392,4.853396808976928,0.1195059077682284,1.0595593372980754,1.068310832977295,0.20133451481660208,1.068310832977295,,0.9333333333333333,10,74,140,140,0,0,0,7.292857142857143,123.84154650609432,2.143596,10.6,31,38,26,45,13,9,8,9,1100.0,-7667.5,-1212.0,0.0,-153452.97271973046,-2273.83674367167,0.0,0
1759,286,360,,cpu,7,-894.5381153307931,-127.79115933297044,2,True,False,2,8,0,7,0.41463801690510343,0.007142312891249146,0.0008640950878283807,2.35416909626552,2.35416909626552,2.225914342062814,2.35416909626552,,2.142857142857143,10,5,15,15,0,0,0,6.333333333333333,111.58144125096747,1.7922256,8.6,3,4,3,5,1,0,0,1,100.0,-13.5,-131.0,0.0,-607.925134897232,-212.1129804335611,0.0,0
1760,155,513,,cpu,7,-308.55292782005694,-44.07898968857956,0,True,False,,16,0,11,0.4776878867830549,0.010940415917762689,0.0014565079472959042,1.4853153909955705,1.4853153909955705,2.318680456706456,1.4853153909955705,,2.142857142857143,10,5,15,15,0,0,0,9.466666666666667,203.8565355791758,2.61815,10.6,3,4,3,5,0,0,0,4,200.0,-32.0,-131.0,0.0,0.0,-325.55292782005694,0.0,0
1761,117,381,,cpu,11,-371.16825768611284,-33.742568880555716,0,True,False,,19,0,13,0.25341832637786865,0.00878855133090507,0.002694545049135658,0.9452007033608176,0.9452007467096503,1.3511437936262651,0.9452007467096503,,1.3636363636363635,10,9,15,15,0,0,0,9.2,235.18245963528224,2.5932608,10.6,3,4,3,5,1,1,0,2,150.0,-42.5,-131.0,0.0,0.0,-317.6682576861127,0.0,0
1762,303,239,,cpu,8,-365.7752976374219,-45.721912204677736,0,True,False,,7,0,7,0.3240637555718422,0.00812490878161043,0.0007800356324878521,1.5823760032653809,1.5520777106285095,1.8416162133216858,1.5520777106285095,,1.875,10,6,15,15,0,0,0,8.066666666666666,159.0306757719638,1.9893692,7.4,3,4,3,5,1,0,1,1,100.0,-16.0,-131.0,0.0,0.0,-268.7752976374219,0.0,0
1763,235,332,,cpu,7,-331.8979728360539,-47.41399611943627,0,True,False,,16,0,10,0.31221974747521536,0.004439057915338448,0.0012710908195003867,1.4853153909955705,1.4853154250553675,1.9564536639622279,1.4853154250553675,,2.142857142857143,10,5,15,15,0,0,0,7.666666666666667,164.0228627082046,2.1910844,10.6,3,4,3,5,1,0,0,1,100.0,-34.5,-131.0,0.0,0.0,-256.39797283605384,0.0,0
1764,72,451,,cpu,150,-89084.93965149931,-593.8995976766621,287,False,True,41,159,129,123,-0.9381983442728719,1.4197272667250944,0.09787809060537256,1.0259327288468678,1.0399628464380901,0.23707326705257098,1.0399628464380901,,1.0133333333333334,10,67,152,152,0,0,0,6.059210526315789,87.29583414011417,1.8245763,9.6,36,42,29,45,23,12,7,10,1650.0,-4791.5,-1278.0,0.0,-81727.21826285924,-2028.2213886400727,0.0,0
1765,277,490,,cpu,6,-2696.853738519823,-449.47562308663714,6,True,False,2,9,0,8,-0.27276847263177234,0.0021002665612286364,0.0012612560531124473,2.746530612309774,2.746530612309774,2.387100617090861,2.746530612309774,,2.5,10,4,15,15,0,0,0,6.866666666666666,121.63072251869498,1.8934245,10.6,3,4,3,5,1,0,0,0,50.0,-15.0,-131.0,0.0,-2378.61031293869,-222.24342558113267,0.0,0
1766,34,477,,cpu,8,-2467.800716382773,-308.4750895478466,7,True,False,2,9,0,8,-0.20993441343307495,0.0018260073659348564,0.0015243033049046062,2.0598979592323303,2.0598979592323303,1.9206106066703796,2.0598979592323303,,1.875,10,6,15,15,0,0,0,7.133333333333334,129.26605798768497,2.3572237,9.6,3,4,3,5,1,0,0,1,100.0,-21.5,-131.0,0.0,-2127.8932988643646,-237.4074175184081,0.0,0
1767,246,456,,cpu,5,-1206.9618730528418,-241.39237461056837,3,True,False,2,6,0,6,0.0009466789662837983,0.00010214253361482407,0.0007770135416649282,3.2958367347717283,3.2958367347717283,2.4314571142196657,3.2958367347717283,,3.0,10,3,15,15,0,0,0,6.133333333333334,97.21202879444185,1.2535111,9.4,3,4,3,5,1,0,0,0,50.0,-9.0,-131.0,0.0,-917.9421901702881,-199.0196828825537,0.0,0
1768,91,452,,cpu,19,-348.8748109572633,-18.361832155645438,0,True,False,,26,0,16,0.0847186260905705,0.0028334911232952053,0.004591301209170763,0.9333760361922415,0.9333760361922415,0.7112188307862533,0.9333760361922415,,1.3157894736842106,10,10,25,25,0,0,0,6.08,94.86330391210288,1.9037215,10.6,6,7,5,7,5,1,0,2,350.0,-66.0,-206.0,0.0,0.0,-336.8748109572633,0.0,0
1769,64,488,,cpu,7,-1827.1199877444985,-261.0171411063569,5,True,False,2,11,0,7,-0.09359559842518397,0.00041567631878284113,0.0016408077042017663,2.35416909626552,2.35416909626552,1.970900058746338,2.35416909626552,,2.142857142857143,10,5,15,15,0,0,0,9.4,198.05033706799307,2.3637345,10.6,3,4,3,5,0,0,0,3,150.0,-20.0,-131.0,0.0,-1488.5261118412018,-317.5938759032968,0.0,0
1770,198,461,,cpu,19,-3659.8185774169624,-192.62203039036643,11,True,False,2,21,0,12,-0.10704076657757948,0.004935479419480926,0.003482227510846171,1.2507370898598118,1.2507370867227252,0.7741539039109883,1.2507370867227252,,1.1578947368421053,10,11,22,22,0,0,0,7.2727272727272725,139.43365356927032,2.0177913,10.6,5,7,5,5,4,2,0,0,200.0,-94.0,-171.0,0.0,-3144.2451536655426,-350.5734237514201,0.0,0
1771,164,541,,cpu,33,-2311.285934081416,-70.03896769943685,5,True,False,2,20,0,13,0.061661953953179444,0.016887176037933,0.005909812155137347,1.0513775872461724,1.031994033943523,0.5666602904146368,1.031994033943523,,1.0909090909090908,10,16,36,36,0,0,0,7.277777777777778,146.04395803275477,2.2921288,10.6,8,10,8,10,5,4,0,3,400.0,-150.0,-294.0,0.0,-1498.78568649292,-598.5002475884961,0.0,0
1772,33,476,,cpu,6,-1279.3750800314183,-213.22918000523637,3,True,False,2,9,0,7,0.11169597630699475,0.0009220760233195809,0.001216535611699025,2.746530612309774,2.746530612309774,2.2376202940940857,2.746530612309774,,2.5,10,4,15,15,0,0,0,7.2,130.24162846689407,1.9593023,9.6,3,4,3,5,0,0,0,1,50.0,-16.0,-131.0,0.0,-914.6749913692474,-237.7000886621708,0.0,0
1773,242,324,,cpu,7,-284.3528073964702,-40.621829628067175,0,True,False,,19,0,14,0.23985612392425537,0.001843814056233636,0.0016402770415879786,2.052626473563058,1.9724852698189872,1.927180392401559,1.9724852698189872,,2.142857142857143,10,5,15,15,0,0,0,6.466666666666667,116.6831390473359,1.7753223,10.6,3,4,3,5,1,0,0,1,100.0,-29.5,-131.0,0.0,0.0,-213.85280739647015,0.0,0
1774,222,533,,cpu,6,-618.018172745829,-103.0030287909715,1,True,False,4,12,0,11,0.11207235356171925,0.000333827301801648,0.0012491368203579138,2.0707555611928306,2.0707555611928306,2.3048173983891806,2.0707555611928306,,2.5,10,4,15,15,0,0,0,7.866666666666666,169.72130673309482,2.1389663,10.6,3,4,3,5,0,0,0,2,100.0,-26.5,-131.0,0.0,-280.5252730846405,-269.99289966118846,0.0,0
1775,193,416,,cpu,14,-288.69177235678336,-20.620840882627384,0,True,False,,22,0,18,0.028906606270798614,0.00031838900231053103,0.003365658689290285,0.792168208530971,0.7921681915010724,0.991138219833374,0.7921681915010724,,1.1428571428571428,10,11,16,16,0,0,0,7.3125,139.9139446080599,2.1681921,10.6,4,4,3,5,3,0,0,2,250.0,-66.5,-136.0,0.0,0.0,-256.1917723567834,0.0,0
1776,146,483,,cpu,6,-665.6563522821106,-110.94272538035176,1,True,False,2,13,0,12,-0.13996843993663788,0.0011597948420482378,0.0018684729099428903,2.746530612309774,2.746530612309774,2.501243750254313,2.746530612309774,,2.5,10,4,15,15,0,0,0,9.4,201.45053181382278,2.379666,10.6,3,4,3,5,0,0,0,2,100.0,-29.5,-131.0,0.0,-270.32522559165955,-324.831126690451,0.0,0
1777,96,393,,cpu,24,-786.4517201615462,-32.76882167339776,0,True,False,,20,0,13,-0.055022065571392886,0.0025784805593715987,0.0049682157502199216,1.0236266603072484,1.0383598481615384,0.7180238788326582,1.0383598481615384,,1.25,10,13,30,30,0,0,0,9.066666666666666,213.8622571379453,2.0764425,10.6,6,8,6,10,3,1,0,3,300.0,-86.0,-262.0,0.0,0.0,-618.4517201615463,0.0,0
1778,287,301,,cpu,8,-197.16902695781005,-24.646128369726256,0,True,False,,17,0,12,-0.11311699822545052,0.002851172030204907,0.0012583472635014914,1.2996509671211243,1.2996509671211243,1.761609822511673,1.2996509671211243,,1.875,10,6,15,15,0,0,0,8.133333333333333,162.17221041539108,2.03001,9.6,3,4,3,5,1,0,0,4,250.0,-34.5,-131.0,0.0,0.0,-271.66902695781,0.0,0
1779,236,218,,cpu,13,-60.490240726296015,-4.653095440484309,0,True,False,,8,0,7,-0.0211420850111888,0.0009036618777407476,0.001545676621250235,0.26659507017869216,0.2665950793486375,0.4985697911335872,0.2665950793486375,,0.38461538461538464,1,8,5,5,0,0,0,5.0,0.0,0.0,0.0,0,0,0,5,0,0,0,2,100.0,-33.5,-75.0,0.0,0.0,-51.990240726296015,0.0,0
1780,196,540,,cpu,150,-42859.61924162553,-285.7307949441702,107,False,True,17,326,310,242,-0.07723118883868059,0.19464357786176908,0.07578409452883837,0.946544439792633,0.9633941745758057,0.20657741626103718,0.9633941745758057,,0.94,10,83,141,141,0,0,0,7.212765957446808,131.52485722784246,2.121227,10.6,31,36,29,45,21,14,0,6,1350.0,-8303.0,-1205.0,0.0,-31498.62107038498,-2292.998171240548,0.0,0
1781,9,405,,cpu,6,-1547.8559545945045,-257.9759924324174,4,True,False,2,7,0,6,-0.28949374953905743,0.0021439567111277333,0.0011503174318931997,2.746530612309774,2.746530612309774,2.5946877002716064,2.746530612309774,,2.5,10,4,15,15,0,0,0,7.133333333333334,128.76528825522544,1.8550681,9.6,3,4,3,5,0,0,0,1,50.0,-11.5,-131.0,0.0,-1178.0987679958344,-237.25718659867022,0.0,0
1782,117,526,,cpu,7,-418.5984106578678,-59.79977295112398,0,True,False,,11,0,8,0.05508185603788921,0.00014166531348434676,0.0013572874013334513,1.4853153909955705,1.4853153909955705,1.8251219647271293,1.4853153909955705,,2.142857142857143,10,5,15,15,0,0,0,9.466666666666667,202.3414783718789,2.7667365,10.6,3,4,3,5,0,0,0,2,100.0,-22.5,-131.0,0.0,0.0,-325.0984106578678,0.0,0
1783,80,446,,cpu,150,-99564.72613688494,-663.7648409125663,318,False,True,36,243,177,192,-1.1338792107921714,1.4621820305804818,0.10587466783472337,0.9958063046137492,1.0116188844045004,0.19020441194375357,1.0116188844045004,,1.0,10,69,150,150,0,0,0,6.36,96.03100858009014,1.8140429,8.6,35,41,29,45,22,19,4,12,1700.0,-6236.5,-1265.0,0.0,-90781.63790634184,-2111.5882305431032,0.0,0
1784,315,230,,cpu,6,-1395.3868480435438,-232.56447467392397,3,True,False,2,5,0,5,0.07015016054113705,0.0009147703555451395,0.0007563225323489556,2.746530612309774,2.746530612309774,2.6575716733932495,2.746530612309774,,2.5,10,4,15,15,0,0,0,8.4,173.66567568161375,2.0246718,10.6,3,4,3,5,1,0,0,0,50.0,-11.5,-131.0,0.0,-1019.6440279483795,-283.24282009516423,0.0,0
1785,72,501,,cpu,6,-1302.077275374935,-217.01287922915583,3,True,False,2,9,0,5,0.14491298546393713,0.0016996026776420574,0.0013044559746049345,2.746530612309774,2.746530612309774,2.0559847553571067,2.746530612309774,,2.5,10,4,15,15,0,0,0,9.333333333333334,192.05012212370204,2.1575181,10.6,3,4,3,5,0,0,0,1,50.0,-13.5,-131.0,0.0,-891.7834639549255,-315.79381142000943,0.0,0
1786,273,373,,cpu,5,-1530.9513269958961,-306.1902653991792,4,True,False,2,10,0,9,0.11726736128330231,0.0012549758539535105,0.0008743065292946995,3.2958367347717283,3.2958367347717283,2.3347381591796874,3.2958367347717283,,3.0,10,3,15,15,0,0,0,6.333333333333333,111.38579364553925,1.5448391,10.6,3,4,3,5,1,0,0,0,50.0,-15.0,-131.0,0.0,-1222.8970408439636,-212.05428615193262,0.0,0
1787,281,469,,cpu,5,-1690.3985315567202,-338.079706311344,4,True,False,2,6,0,6,0.025429099053144454,0.0007929023661517931,0.0007399310590699316,3.2958367347717283,3.2958367347717283,3.067094421386719,3.2958367347717283,,3.0,10,3,15,15,0,0,0,6.133333333333334,97.38066027613017,1.1957986,8.6,3,4,3,5,1,0,0,0,50.0,-8.5,-131.0,0.0,-1401.82825922966,-199.07027232706017,0.0,0
1788,106,102,,cpu,7,-488.0966968627169,-69.7280995518167,0,True,False,,17,0,13,0.11166106590202876,0.0009069581865333021,0.0019710868281046195,1.4853153909955705,1.4853153909955705,1.9930741786956787,1.4853153909955705,,2.142857142857143,10,5,15,15,0,0,0,13.133333333333333,285.5223707215824,2.6591592,10.6,3,4,3,5,0,0,0,3,150.0,-33.5,-131.0,0.0,0.0,-453.5966968627169,0.0,0
1789,159,140,,cpu,150,-65982.75331282496,-439.88502208549977,166,False,True,2,547,540,415,-0.4747187942219898,0.37535361486899393,0.2539159101616436,0.8658305515845617,0.8732659816741943,0.1804351106286049,0.8732659816741943,,0.8133333333333334,10,85,122,122,0,0,0,9.491803278688524,204.07824103800283,2.7151773,9.6,26,32,24,40,5,5,1,10,750.0,-17186.0,-1058.0,0.0,-44963.98711917823,-2604.766193646725,0.0,0
1790,103,414,,cpu,150,-76547.24372719985,-510.3149581813323,239,False,True,23,357,357,269,-0.6773247604506711,0.7253022972837061,0.20566883253554502,1.0008122777938844,1.007898549636205,0.17187878161668776,1.007898549636205,,0.9666666666666667,10,63,145,145,0,0,0,6.724137931034483,115.74722778048925,1.7702354,10.6,33,40,27,45,14,14,2,10,1200.0,-11946.0,-1241.0,0.0,-61424.10977170446,-2166.13395549539,0.0,0
1791,208,474,,cpu,7,-947.2960976425941,-135.32801394894202,2,True,False,4,9,0,6,-0.11696605597223554,0.0014717581964630102,0.0012178804692147033,1.7749333381652832,1.7749333381652832,2.1319148540496826,1.7749333381652832,,2.142857142857143,10,5,15,15,0,0,0,7.533333333333333,141.73016049412308,1.7864615,10.6,3,4,3,5,1,0,0,0,50.0,-17.5,-131.0,0.0,-583.9820384979248,-244.81405914466922,0.0,0
1792,218,360,,cpu,7,-2164.1886763193384,-309.1698109027626,6,True,False,2,12,0,9,-0.3284369877406529,0.0034848114093100385,0.0013722471693264587,2.35416909626552,2.35416909626552,2.167768750871931,2.35416909626552,,2.142857142857143,10,5,15,15,0,0,0,7.666666666666667,164.3891513564555,2.1127815,10.6,3,4,3,5,1,0,0,1,100.0,-28.0,-131.0,0.0,-1818.6808168888092,-256.50785943052915,0.0,0
1793,139,375,,cpu,6,-395.39202507486414,-65.89867084581068,0,True,False,,13,0,10,0.058867196242014565,9.776441709163919e-05,0.001918269592958192,1.732867956161499,1.732867956161499,2.900397459665934,1.732867956161499,,2.5,10,4,15,15,0,0,0,9.266666666666667,235.92835093112004,1.956365,10.6,3,4,3,5,0,0,0,2,100.0,-26.5,-131.0,0.0,0.0,-317.89202507486414,0.0,0
1794,48,529,,cpu,7,-360.09387590329675,-51.44198227189953,0,True,False,,20,0,18,0.0738310483949525,0.00018915151203405652,0.0023387337402839747,1.4853153909955705,1.4853153909955705,2.118729761668614,1.4853153909955705,,2.142857142857143,10,5,15,15,0,0,0,9.4,198.05033706799307,2.3637345,10.6,3,4,3,5,0,0,0,3,150.0,-41.5,-131.0,0.0,0.0,-317.5938759032968,0.0,0
1795,67,485,,cpu,6,-1861.9548067468802,-310.32580112448005,5,True,False,2,14,0,10,-0.19179272651672363,0.0007522300310635425,0.001955303673942884,2.746530612309774,2.746530612309774,2.357781410217285,2.746530612309774,,2.5,10,4,15,15,0,0,0,9.333333333333334,191.25455933463934,2.05977,10.6,3,4,3,5,0,0,0,2,100.0,-27.0,-131.0,0.0,-1478.3996641635895,-315.55514258329066,0.0,0
1796,187,338,,cpu,7,-1580.642793251273,-225.8061133216104,5,True,False,2,8,0,7,-0.09452141182763237,0.0002487450168635925,0.0014213791582733393,2.35416909626552,2.35416909626552,2.267335959843227,2.35416909626552,,2.142857142857143,10,5,15,15,0,0,0,7.666666666666667,164.40646846403806,2.1705797,10.6,3,4,3,5,1,0,0,1,100.0,-14.5,-131.0,0.0,-1268.629738688469,-256.5130545628039,0.0,0
1797,162,508,,cpu,6,-888.1531940983116,-148.0255323497186,2,True,False,2,11,0,9,0.10795693844556808,0.0005787561240140349,0.0015178812318481505,2.746530612309774,2.746530612309774,2.217731535434723,2.746530612309774,,2.5,10,4,15,15,0,0,0,7.8,166.1580008773463,2.1404598,10.6,3,4,3,5,0,0,0,2,100.0,-24.5,-131.0,0.0,-563.7292861938477,-268.92390790446393,0.0,0
1798,85,104,,cpu,150,-17556.248514560288,-117.04165676373525,2,False,True,41,357,357,269,0.1547234409550826,0.2717666698923131,0.17704850778992598,0.5514631605148316,0.5720176919301351,0.1679378562172254,0.5720176919301351,,0.7333333333333333,10,87,110,110,0,0,0,11.5,222.19035214567964,2.894374,10.6,22,27,21,40,8,5,0,11,950.0,-13342.5,-989.0,0.0,-511.9162678718567,-2872.8322466884297,0.0,0
1799,70,513,,cpu,150,-52124.08008512433,-347.4938672341622,148,False,True,22,176,138,135,-0.26359063256066295,0.23811392935166864,0.10236310571354504,0.8836197384198506,0.888597750266393,0.1690822512904803,0.888597750266393,,0.86,10,79,129,129,0,0,0,8.503875968992247,161.08118893776506,2.5789964,10.6,25,37,22,45,12,8,2,9,1050.0,-7257.5,-1162.0,0.0,-41384.40447370377,-2480.175611420566,0.0,0
1800,289,513,,cpu,7,-2180.0540540213665,-311.43629343162377,5,True,False,2,7,0,5,-0.07110502464430672,0.0011834852422388004,0.002286104818007776,2.35416909626552,2.35416909626552,2.0678230013166154,2.35416909626552,,2.142857142857143,10,5,15,15,0,0,0,6.866666666666666,123.09415889128262,1.9580414,10.6,3,4,3,5,2,0,0,0,100.0,-13.0,-131.0,0.0,-1883.3715975284576,-222.68245649290895,0.0,0
1801,9,509,,cpu,24,-4060.8934080317126,-169.20389200132135,13,True,False,2,17,0,13,-0.05507610264855126,0.006000354158800292,0.003170238822349347,1.1972424189249675,1.1972424214084942,0.8280649582544962,1.1972424214084942,,1.1666666666666667,10,15,28,28,0,0,0,8.535714285714286,162.63215350141147,2.7693555,10.6,6,7,5,10,2,0,2,4,300.0,-100.5,-251.0,0.0,-3369.358151695102,-540.0352563366102,0.0,0
1802,305,339,,cpu,5,-1833.7369359946954,-366.74738719893907,5,True,False,2,8,0,5,-0.06236499696969986,0.0004927273083012551,0.0010737000266090035,3.2958367347717283,3.2958367347717283,3.1198408603668213,3.2958367347717283,,3.0,10,3,15,15,0,0,0,6.333333333333333,111.51336981081768,1.4346578,9.4,3,4,3,5,1,0,0,0,50.0,-12.0,-131.0,0.0,-1528.6443769931793,-212.09255900151612,0.0,0
1803,99,97,,cpu,8,-483.07607126366463,-60.38450890795808,0,True,False,,15,0,9,0.09673088230192661,0.0005982232723908965,0.0018507973873056471,1.2996509671211243,1.2996509671211243,1.575486995279789,1.2996509671211243,,1.875,10,6,15,15,0,0,0,13.133333333333333,285.4536187247415,3.0125399,10.6,3,4,3,5,0,0,0,3,150.0,-28.5,-131.0,0.0,0.0,-453.5760712636647,0.0,0
1804,262,197,,cpu,6,-1273.5754134577744,-212.26256890962907,3,True,False,2,8,0,8,-0.10354383289813995,0.00033086759231082397,0.0012759932239229481,2.746530612309774,2.746530612309774,2.06366757551829,2.746530612309774,,2.5,10,4,15,15,0,0,0,8.4,172.64814386637798,2.06556,10.6,3,4,3,5,1,0,0,0,50.0,-15.0,-131.0,0.0,-894.6378529071808,-282.93756055059356,0.0,0
1805,160,540,,cpu,8,-1847.2907771322818,-230.91134714153523,5,True,False,2,11,0,9,-0.22413340210914612,0.0012168863013357623,0.0017032764153555036,2.149638056755066,2.053435742855072,2.0392083525657654,2.053435742855072,,1.875,10,6,15,15,0,0,0,7.066666666666666,145.9937722449001,2.2396438,8.6,3,4,3,5,1,1,0,1,100.0,-26.5,-131.0,0.0,-1495.989841222763,-243.80093590951884,0.0,0
1806,51,574,,cpu,6,-440.2862049313934,-73.38103415523223,0,True,False,,9,0,9,0.0004907368371884028,0.0002443163534924982,0.0016112264517384272,1.732867956161499,1.732867956161499,2.676668087641398,1.732867956161499,,2.5,10,4,15,15,0,0,0,9.533333333333333,202.67924694242066,2.26052,10.6,3,4,3,5,0,0,0,1,50.0,-20.5,-131.0,0.0,0.0,-318.7862049313934,0.0,0
1807,314,266,,cpu,5,-2052.527378188431,-410.50547563768623,5,True,False,2,7,0,5,-0.34101935029029845,0.002257376968918834,0.0009832302574068307,3.2958367347717283,3.2958367347717283,2.866024971008301,3.2958367347717283,,3.0,10,3,15,15,0,0,0,8.133333333333333,162.17221041539108,1.4829142,9.6,3,4,3,5,1,0,0,0,50.0,-8.0,-131.0,0.0,-1691.8583512306213,-271.66902695781,0.0,0
1808,243,465,,cpu,5,-1830.0635012175815,-366.0127002435163,5,True,False,2,7,0,5,-0.19727719724178314,0.0005673748382832855,0.0009659464005380869,3.2958367347717283,3.2958367347717283,3.1536030769348145,3.2958367347717283,,3.0,10,3,15,15,0,0,0,6.133333333333334,96.94512032196741,1.3227777,10.6,3,4,3,5,1,0,0,0,50.0,-9.0,-131.0,0.0,-1541.12389087677,-198.93961034081136,0.0,0
1809,252,201,,cpu,7,-1021.3191827832374,-145.90274039760533,2,True,False,2,7,0,7,0.12116976720946175,0.0006816957320552319,0.0010886326864627855,2.35416909626552,2.35416909626552,2.052869898932321,2.35416909626552,,2.142857142857143,10,5,15,15,0,0,0,8.4,171.0274829707658,2.1137645,10.6,3,4,3,5,1,1,0,0,50.0,-14.0,-131.0,0.0,-593.8678205013275,-282.4513622819099,0.0,0
1810,178,325,,cpu,7,-396.4006629826638,-56.62866614038054,0,True,False,,9,0,6,0.20470792480877467,0.0020466514147951136,0.0014991720672696829,1.4853153909955705,1.4853153909955705,2.2619363239833286,1.4853153909955705,,2.142857142857143,10,5,15,15,0,0,0,7.666666666666667,164.03182986357103,2.1076849,10.6,3,4,3,5,0,0,0,1,50.0,-19.0,-131.0,0.0,0.0,-256.4006629826638,0.0,0
1811,292,403,,cpu,7,-954.9750021034112,-136.4250003004873,2,True,False,2,9,0,8,0.1432717059339796,0.0012979936852519,0.00100735090174047,2.35416909626552,2.35416909626552,2.1913682392665317,2.35416909626552,,2.142857142857143,10,5,15,15,0,0,0,6.133333333333334,97.28028742115647,1.4841764,8.6,3,4,3,5,2,0,0,0,100.0,-16.5,-131.0,0.0,-648.434841632843,-199.04016047056805,0.0,0
1812,206,202,,cpu,8,-986.8528434370198,-123.35660542962748,3,True,False,5,12,0,7,0.04177159769460559,0.0012779422650055494,0.0017933386552613229,0.5852664113044739,0.5852664187550545,0.8403521627187729,0.5852664187550545,,0.625,1,3,5,5,0,0,0,5.0,0.0,0.0,0.0,0,0,0,5,0,0,0,2,100.0,-26.0,-75.0,0.0,-933.8626027107239,-51.990240726296015,0.0,0
1813,129,120,,cpu,8,-499.8235464186108,-62.47794330232635,0,True,False,,18,0,16,0.07735522091388702,0.0003373547140199662,0.0017919527235790156,1.2996509671211243,1.2996509969234467,1.738662526011467,1.2996509969234467,,1.875,10,6,15,15,0,0,0,13.133333333333333,291.27853590789545,2.854732,10.6,3,4,3,5,0,0,0,3,150.0,-43.5,-131.0,0.0,0.0,-455.3235464186108,0.0,0
1814,268,142,,cpu,150,-77449.90165114842,-516.3326776743228,213,False,True,26,194,102,147,-0.744685883410275,1.0425896821728748,0.13681526389710294,0.8755212660630544,0.875291826725006,0.20421932339668275,0.875291826725006,,0.8933333333333333,10,71,134,134,0,0,0,7.82089552238806,140.18935972595276,2.254614,9.6,31,36,27,40,6,9,0,5,550.0,-8231.5,-1124.0,0.0,-65173.16231131554,-2381.239339832886,0.0,0
1815,222,384,,cpu,150,-85259.45560950182,-568.3963707300121,263,False,True,2,140,106,103,-1.3824449529250462,1.1968541801720858,0.05436544314880545,1.024674342473348,1.0569813005129496,0.21547963897387187,1.0569813005129496,,0.94,10,75,141,141,0,0,0,7.304964539007092,144.43630240918168,1.8874953,10.6,35,39,27,40,14,15,4,9,1150.0,-3921.0,-1168.0,0.0,-78130.45696582741,-2279.998643674408,0.0,0
1816,218,172,,cpu,150,-100447.76334099658,-669.6517556066439,295,False,True,25,391,368,293,-1.0253899546464285,2.1010723280409973,0.2068367003199334,0.5694669026136399,0.5686150113741557,0.2170493334531784,0.5686150113741557,,0.7733333333333333,10,79,116,116,0,0,0,8.137931034482758,153.15431421167838,1.9469754,10.6,26,29,22,39,11,2,0,18,1450.0,-13632.0,-1013.0,0.0,-84384.45581197739,-2118.3075290191914,0.0,0
1817,237,404,,cpu,11,-2249.3249428929075,-204.48408571753706,6,True,False,2,12,0,9,-0.2634538032791831,0.00226251859734687,0.0021416342616165903,1.768798047846014,1.7240856344049627,1.4808434573086826,1.7240856344049627,,1.3636363636363635,10,9,15,15,0,0,0,6.933333333333334,119.53306796424744,1.8686681,6.6,3,4,3,5,2,2,0,0,100.0,-40.0,-131.0,0.0,-1875.2349972724915,-223.0899456204161,0.0,0
1818,184,541,,cpu,150,-56156.08085643048,-374.3738723762032,162,False,True,2,292,263,229,-0.6085089710556592,0.30300730700404227,0.09437635596414717,1.0279206303755442,1.030300998687744,0.21528067727883657,1.030300998687744,,0.9266666666666666,10,72,139,139,0,0,0,7.496402877697841,141.35985932540584,2.1456435,10.6,31,35,28,45,19,5,6,11,1500.0,-8717.0,-1194.0,0.0,-44506.7695023786,-2368.311354051889,0.0,0
1819,214,536,,cpu,24,-4682.908046098764,-195.12116858744852,14,True,False,2,21,0,17,-0.16644257896890244,0.009503522241175233,0.004585647569911089,1.3274898330370586,1.3274898330370586,0.6890131955345472,1.3274898330370586,,1.2083333333333333,10,15,29,29,0,0,0,7.379310344827586,144.12105901983892,2.298434,10.6,6,8,5,10,3,2,0,3,300.0,-145.5,-259.0,0.0,-3935.11745929718,-493.29058680158386,0.0,0
1820,172,211,,cpu,15,-88.59219258103681,-5.90614617206912,0,True,False,,10,0,9,0.02339809834957123,0.001994199895610412,0.002700422036771973,0.18483924865722656,0.18483924865722656,0.3584061861038208,0.18483924865722656,,0.26666666666666666,3,13,4,4,0,0,0,5.0,0.0,0.0,0.0,0,0,0,4,0,0,0,1,50.0,-37.0,-60.0,0.0,0.0,-41.59219258103681,0.0,0
1821,268,434,,cpu,5,-1577.3367802691898,-315.467356053838,4,True,False,2,10,0,7,0.011320670880377293,0.0003677968177726143,0.0008712094509974122,3.2958367347717283,3.2958367347717283,3.162782335281372,3.2958367347717283,,3.0,10,3,15,15,0,0,0,6.133333333333334,97.00081285107191,1.3198792,10.6,3,4,3,5,1,0,0,0,50.0,-15.5,-131.0,0.0,-1281.8804621696472,-198.9563180995427,0.0,0
1822,141,484,,cpu,7,-639.8888252657356,-91.41268932367652,1,True,False,2,16,0,12,0.17258637292044504,0.0011491661009910917,0.001944877373586808,2.35416909626552,2.35416909626552,2.1268724714006697,2.35416909626552,,2.142857142857143,10,5,15,15,0,0,0,9.466666666666667,203.8565355791758,2.61815,10.6,3,4,3,5,0,0,0,3,150.0,-29.5,-131.0,0.0,-273.8358974456787,-325.55292782005694,0.0,0
1823,285,379,,cpu,7,-1220.0046342953683,-174.28637632790975,3,True,False,2,9,0,9,0.02301821325506483,0.0002938458963918882,0.0008801431228805866,2.35416909626552,2.35416909626552,2.3218787738255093,2.35416909626552,,2.142857142857143,10,5,15,15,0,0,0,6.333333333333333,111.51813901949193,1.7604759,8.6,3,4,3,5,1,0,0,1,100.0,-16.0,-131.0,0.0,-920.91064453125,-212.09398976411842,0.0,0
1824,108,539,,cpu,7,-361.1792714928724,-51.59703878469605,0,True,False,,12,0,8,0.0931969050850187,0.00035139501655326706,0.0017385425994039647,1.4853153909955705,1.4853154591151647,2.1480563708714078,1.4853154591151647,,2.142857142857143,10,5,15,15,0,0,0,9.533333333333333,202.6110144885605,2.5783043,10.6,3,4,3,5,0,0,0,3,150.0,-25.0,-131.0,0.0,0.0,-325.1792714928723,0.0,0
1825,229,218,,cpu,150,-161970.68695840987,-1079.8045797227326,497,False,True,19,249,249,185,-2.006146937261025,4.6667409510745586,0.1541930389617725,0.7312023838361105,0.7467991046110789,0.2252252366145452,0.7467991046110789,,0.8533333333333334,10,68,128,128,0,0,0,7.46875,137.65528104041343,2.0329416,10.6,30,33,25,40,15,14,3,10,1250.0,-8964.0,-1089.0,0.0,-150243.73713187338,-2123.9498265364864,0.0,0
1826,77,457,,cpu,8,-292.52571175404364,-36.565713969255455,0,True,False,,20,0,18,-0.0407142392359674,0.0007069771822898474,0.002452131979225669,1.73176109790802,1.732842206954956,1.9412124752998352,1.732842206954956,,1.875,10,6,15,15,0,0,0,6.8,118.68283364566122,2.1065075,8.6,3,4,3,5,1,0,0,2,150.0,-44.5,-131.0,0.0,0.0,-227.02571175404364,0.0,0
1827,304,474,,cpu,5,-293.0702723270602,-58.61405446541204,0,True,False,,7,0,7,-0.0951740026473999,0.0008821155352052301,0.0006533021223731339,2.079441547393799,2.079441547393799,2.917916107177734,2.079441547393799,,3.0,10,3,15,15,0,0,0,6.133333333333334,97.38066027613017,1.1957986,8.6,3,4,3,5,1,0,0,0,50.0,-13.0,-131.0,0.0,0.0,-199.07027232706017,0.0,0
1828,264,527,,cpu,150,-134986.1489316135,-899.90765954409,336,False,True,2,181,161,139,-1.4375384139269591,3.5641268967903548,0.08546788727748207,1.0112063932418822,1.0048667395114899,0.1892141443490982,1.0048667395114899,,0.9866666666666667,10,71,148,148,0,0,0,6.418918918918919,107.87933926248608,1.9042397,10.6,37,39,32,40,10,7,1,2,600.0,-8197.5,-1193.0,0.0,-122929.16381483154,-2056.4851167819643,0.0,0
1829,312,188,,cpu,6,-1654.7490982638683,-275.7915163773114,4,True,False,2,7,0,5,-0.2652842899163564,0.001979367526170487,0.0006693039031233639,2.746530612309774,2.746530612309774,2.290846109390259,2.746530612309774,,2.5,10,4,15,15,0,0,0,8.4,174.06711498922994,2.0076263,10.6,3,4,3,5,1,0,0,0,50.0,-10.5,-131.0,0.0,-1279.885846376419,-283.3632518874491,0.0,0
1830,95,513,,cpu,150,-75530.68632978195,-503.537908865213,224,False,True,18,216,107,167,-0.5826885671292742,0.4919112085168187,0.16923095542239025,0.9088146996498108,0.9169618304570516,0.21992120305697124,0.9169618304570516,,0.8666666666666667,10,85,130,130,0,0,0,8.476923076923077,161.50227072550328,2.6361976,10.6,26,37,22,45,11,6,1,10,1050.0,-9012.0,-1167.0,0.0,-62975.00383224423,-2486.6824975377185,0.0,0
1831,123,450,,cpu,6,-1463.1339840248017,-243.85566400413362,4,True,False,2,17,0,10,0.002054283395409584,0.00014185636734964646,0.0018257959260760497,2.746530612309774,2.746530612309774,2.7081462939580283,2.746530612309774,,2.5,10,4,15,15,0,0,0,6.333333333333333,103.54631251470252,1.5353675,10.6,3,4,3,5,1,0,0,1,100.0,-30.5,-131.0,0.0,-1168.9844608306885,-212.64952319411327,0.0,0
1832,256,378,,cpu,5,-624.0640896044748,-124.81281792089496,1,True,False,2,12,0,10,0.3006432831287384,0.0021570555167272688,0.0010772976209409534,3.2958367347717283,3.2958367347717283,3.0869937419891356,3.2958367347717283,,3.0,10,3,15,15,0,0,0,6.333333333333333,111.58144125096747,1.4139044,8.6,3,4,3,5,1,0,0,0,50.0,-21.5,-131.0,0.0,-309.4511091709137,-212.1129804335611,0.0,0
1833,70,572,,cpu,6,-698.0204849468892,-116.33674749114819,1,True,False,4,10,0,7,0.27378664414087933,0.0023191088888173303,0.0015371229480175923,2.0707555611928306,2.0707555611928306,2.9772535959879556,2.0707555611928306,,2.5,10,4,15,15,0,0,0,9.4,198.36151715627418,2.2531111,10.6,3,4,3,5,0,0,0,2,100.0,-20.0,-131.0,0.0,-319.5295989513397,-317.49088599554943,0.0,0
1834,27,377,,cpu,6,-502.46843891925505,-83.74473981987585,0,True,False,,10,0,8,0.2791324059168498,0.002650414865153531,0.0016902501811273396,1.732867956161499,1.732867956161499,2.9754370053609214,1.732867956161499,,2.5,10,4,15,15,0,0,0,11.0,302.2998008514167,2.0487802,10.6,3,4,3,5,0,0,0,1,50.0,-16.0,-131.0,0.0,0.0,-375.4684389192551,0.0,0
1835,297,310,,cpu,7,-869.0466339761867,-124.14951913945525,2,True,False,2,22,0,17,0.12143335384981972,0.0009551247349008918,0.0015067175679307962,2.35416909626552,2.35416909626552,2.218095132282802,2.35416909626552,,2.142857142857143,10,5,15,15,0,0,0,8.133333333333333,162.15095748729775,1.9473451,9.6,3,4,3,5,1,0,0,2,150.0,-37.5,-131.0,0.0,-558.8839828968048,-271.662651079382,0.0,0
1836,188,375,,cpu,7,-329.70680562606645,-47.100972232295206,0,True,False,,14,0,12,0.0994016591991697,0.0003384541705599986,0.0018485969880462757,1.4853153909955705,1.4853153909955705,2.1294056347438266,1.4853153909955705,,2.142857142857143,10,5,15,15,0,0,0,7.666666666666667,165.05230534157994,2.1843717,10.6,3,4,3,5,1,0,0,1,100.0,-32.0,-131.0,0.0,0.0,-256.70680562606645,0.0,0
1837,61,500,,cpu,6,-459.79214221692746,-76.63202370282124,0,True,False,,10,0,9,-0.009836824610829353,0.00030669444701440324,0.0017702002951409668,1.732867956161499,1.732867995897929,2.715358098347982,1.732867995897929,,2.5,10,4,15,15,0,0,0,9.333333333333334,192.04455811342856,1.9518971,10.6,3,4,3,5,0,0,0,1,50.0,-23.0,-131.0,0.0,0.0,-315.79214221692746,0.0,0
1838,53,541,,cpu,6,-1589.0034692244542,-264.83391153740905,4,True,False,2,9,0,7,-0.354570597410202,0.0029917131178081036,0.0014077472539308171,2.746530612309774,2.746530612309774,2.7459224859873452,2.746530612309774,,2.5,10,4,15,15,0,0,0,9.333333333333334,196.12786546945028,2.0600674,10.6,3,4,3,5,0,0,0,1,50.0,-17.0,-131.0,0.0,-1153.9863348007202,-317.017134423734,0.0,0
1839,203,405,,cpu,7,-380.9429033113909,-54.42041475877013,0,True,False,,11,0,9,-0.07409654557704926,0.0013676754107499228,0.0014116606658457645,1.4853153909955705,1.4853153909955705,1.9654031140463692,1.4853153909955705,,2.142857142857143,10,5,15,15,0,0,0,7.466666666666667,138.82630771652876,1.768062,10.6,3,4,3,5,0,0,0,1,50.0,-26.0,-131.0,0.0,0.0,-243.94290331139092,0.0,0
1840,80,572,,cpu,6,-416.5926155125874,-69.43210258543122,0,True,False,,16,0,13,-0.07865176598230998,0.0008412497312140962,0.0019044039072468877,1.7248509724934895,1.7328290144602458,2.4079445600509644,1.7328290144602458,,2.5,10,4,15,15,0,0,0,9.133333333333333,192.93168243322162,2.1387107,9.6,3,4,3,5,0,0,0,2,100.0,-32.5,-131.0,0.0,0.0,-313.0926155125874,0.0,0
1841,278,119,,cpu,12,-1223.6481241670622,-101.97067701392184,3,True,False,2,17,0,14,-0.08738118130713701,0.0008353465002907493,0.001528399875193524,1.4648163318634033,1.4648163318634033,1.078823407491048,1.4648163318634033,,1.3333333333333333,10,9,16,16,0,0,0,8.5,169.16233135384962,2.7701504,10.6,3,5,3,5,2,0,1,3,250.0,-46.0,-139.0,0.0,-946.2561070919037,-312.39201707515844,0.0,0
1842,94,389,,cpu,150,-75807.09793737697,-505.38065291584644,239,False,True,21,365,356,279,-0.45035698647300404,0.4681578972915789,0.18076563373285656,0.9408688545227051,0.9640256130695343,0.1667324361205101,0.9640256130695343,,0.9066666666666666,10,78,136,136,0,0,0,7.669117647058823,154.05114691699438,1.9507892,10.6,30,37,24,45,12,11,1,12,1200.0,-11241.0,-1193.0,0.0,-61315.06037405244,-2328.0375633245244,0.0,0
1843,161,203,,cpu,7,-435.21539751697316,-62.17362821671045,0,True,False,,9,0,8,0.1898246237209865,0.0015463660903541105,0.0018821537128782698,2.069501059395926,1.9754993574959892,2.345545870917184,1.9754993574959892,,2.142857142857143,10,5,15,15,0,0,0,10.933333333333334,276.675460305656,2.651699,10.6,3,4,3,5,0,0,0,2,100.0,-22.5,-131.0,0.0,0.0,-371.71539751697316,0.0,0
1844,202,212,,cpu,9,-660.0811385248343,-73.34234872498159,2,True,False,2,12,0,8,0.0811936002638605,0.004190182054622306,0.001975228104533421,0.5652884907192655,0.5652884907192655,0.7458462980058458,0.5652884907192655,,0.5555555555555556,1,4,5,5,0,0,0,5.0,0.0,0.0,0.0,0,0,0,5,0,0,0,2,100.0,-27.5,-75.0,0.0,-605.5908977985382,-51.990240726296015,0.0,0
1845,1,570,,cpu,12,-2836.73280547881,-236.3944004565675,7,True,False,2,6,0,5,-0.07180552805463473,0.0023487033152681156,0.0017428068725469832,1.373265306154887,1.373265306154887,1.2520588040351868,1.373265306154887,,1.25,10,10,15,15,0,0,0,9.4,199.51139951762042,3.0654485,10.6,3,4,3,5,1,1,0,1,100.0,-18.5,-131.0,0.0,-2419.3969547748566,-317.8358507039533,0.0,0
1846,178,543,,cpu,6,-409.44850189426785,-68.24141698237797,0,True,False,,15,0,12,0.26040661831696826,0.0032479696286221347,0.0015325552085414529,1.732867956161499,1.732867956161499,2.6628811756769815,1.732867956161499,,2.5,10,4,15,15,0,0,0,7.733333333333333,164.5733141766928,1.9579729,10.6,3,4,3,5,0,0,0,1,50.0,-30.0,-131.0,0.0,0.0,-268.44850189426785,0.0,0
1847,35,585,,cpu,6,-334.33178782465353,-55.721964637442255,0,True,False,,19,0,13,0.26209871967633563,0.002672710999225577,0.0018188436418616523,1.732867956161499,1.732867956161499,2.6692107518514,1.732867956161499,,2.5,10,4,15,15,0,0,0,9.4,196.1645232532878,2.272995,10.6,3,4,3,5,0,0,0,3,150.0,-36.5,-131.0,0.0,0.0,-316.83178782465353,0.0,0
1848,284,326,,cpu,5,-1716.0594641371888,-343.21189282743774,5,True,False,2,9,0,6,-0.12905263900756836,0.0003222984465537593,0.0009182525682263076,3.2958367347717283,3.2958367347717283,3.1956119537353516,3.2958367347717283,,3.0,10,3,15,15,0,0,0,6.333333333333333,111.40213171122073,1.3818309,10.6,3,4,3,5,1,0,0,0,50.0,-13.0,-131.0,0.0,-1410.0002765655518,-212.05918757163707,0.0,0
1849,7,541,,cpu,6,-1103.3992006143346,-183.89986676905576,2,True,False,2,10,0,7,-0.0814785361289978,0.00012711727915615256,0.0012319087012050052,2.746530612309774,2.746530612309774,2.611802101135254,2.746530612309774,,2.5,10,4,15,15,0,0,0,9.333333333333334,193.74403790354293,1.9748096,10.6,3,4,3,5,0,0,0,1,50.0,-19.0,-131.0,0.0,-657.0972144603729,-316.3019861539617,0.0,0
1850,123,569,,cpu,6,-364.2643348452421,-60.71072247420702,0,True,False,,20,0,15,0.04235899945100149,0.00011297080588216583,0.0020972125639673322,1.732867956161499,1.732867956161499,2.650862137476603,1.732867956161499,,2.5,10,4,15,15,0,0,0,9.133333333333333,189.9863080925601,2.2776077,9.6,3,4,3,5,0,0,0,3,150.0,-39.5,-131.0,0.0,0.0,-313.76433484524216,0.0,0
1851,218,375,,cpu,7,-1595.5145407430377,-227.9306486775768,4,True,False,2,6,0,6,-0.22851855414254324,0.0012938333384227008,0.001047040443933968,2.35416909626552,2.35416909626552,2.3269658429282054,2.35416909626552,,2.142857142857143,10,5,15,15,0,0,0,7.666666666666667,164.02514694776207,2.1284695,10.6,3,4,3,5,1,0,0,0,50.0,-13.5,-131.0,0.0,-1194.6158826351166,-256.39865810792105,0.0,0
1852,311,526,,cpu,8,-185.98832166382894,-23.248540207978618,0,True,False,,21,0,13,0.012074326863512397,8.128128706630378e-05,0.0012113953416701406,1.2996509671211243,1.2996509671211243,1.671865776181221,1.2996509671211243,,1.875,10,6,15,15,0,0,0,6.866666666666666,122.44704279434923,2.0676465,10.6,3,4,3,5,2,0,0,3,250.0,-42.5,-131.0,0.0,0.0,-222.48832166382894,0.0,0
1853,295,520,,cpu,7,-3250.183668612965,-464.311952658995,8,True,False,2,12,0,9,-0.4287640537534441,0.006089531661993013,0.0019224209411601936,2.35416909626552,2.35416909626552,1.8568458557128906,2.35416909626552,,2.142857142857143,10,5,15,15,0,0,0,6.866666666666666,123.09415889128262,1.9580414,10.6,3,4,3,5,2,0,0,0,100.0,-25.0,-131.0,0.0,-2941.501212120056,-222.68245649290895,0.0,0
1854,280,438,,cpu,5,-1302.4332330210273,-260.4866466042055,3,True,False,2,10,0,8,-0.0759357139468193,0.00020349137485027314,0.0009684541611932219,3.2958367347717283,3.2958367347717283,2.691855788230896,3.2958367347717283,,3.0,10,3,15,15,0,0,0,6.133333333333334,97.21202879444185,1.2535111,9.4,3,4,3,5,1,0,0,0,50.0,-17.0,-131.0,0.0,-1005.4135501384735,-199.0196828825537,0.0,0
1855,278,410,,cpu,5,-1585.9664907040162,-317.1932981408032,4,True,False,2,6,0,5,0.0022493697702884673,0.00042037828316097146,0.000710168108344078,3.2958367347717283,3.2958367347717283,3.3767645359039307,3.2958367347717283,,3.0,10,3,15,15,0,0,0,6.133333333333334,96.90472221293813,1.1450241,9.4,3,4,3,5,1,0,0,0,50.0,-6.5,-131.0,0.0,-1299.5389997959137,-198.92749090810258,0.0,0
1856,195,352,,cpu,7,-911.0034889375288,-130.14335556250413,2,True,False,2,14,0,13,0.15205629808562143,0.0012995508067043765,0.001420492081836398,2.35416909626552,2.35416909626552,2.13169595173427,2.35416909626552,,2.142857142857143,10,5,15,15,0,0,0,7.666666666666667,165.05230534157994,2.1843717,10.6,3,4,3,5,1,0,0,1,100.0,-33.0,-131.0,0.0,-580.2966833114624,-256.70680562606645,0.0,0
1857,304,324,,cpu,8,-1410.7893413174595,-176.34866766468244,4,True,False,2,14,0,11,0.07515656761825085,0.0007175318824010901,0.001158559367468115,2.0598979592323303,2.0598979592323303,1.8837046027183533,2.0598979592323303,,1.875,10,6,15,15,0,0,0,6.333333333333333,111.5081825019424,1.8234413,8.6,3,4,3,5,3,0,0,1,200.0,-28.0,-131.0,0.0,-1189.698338508606,-212.09100280885355,0.0,0
1858,205,202,,cpu,9,-715.0653165910879,-79.45170184345422,2,True,False,4,7,0,6,0.05725831786791483,0.002115495024352438,0.0013429682973461847,0.6103401713901095,0.6103401713901095,0.7467272546556261,0.6103401713901095,,0.5555555555555556,3,6,5,5,0,0,0,5.0,0.0,0.0,0.0,0,0,0,5,0,0,0,1,50.0,-17.0,-75.0,0.0,-621.0750758647919,-51.990240726296015,0.0,0
1859,269,420,,cpu,8,-1157.3728939553837,-144.67161174442296,3,True,False,2,11,0,8,-0.00661714281886816,0.000298672359832608,0.0013153989057173021,2.0598979592323303,2.0598979592323303,1.8178263902664185,2.0598979592323303,,1.875,10,6,15,15,0,0,0,6.133333333333334,97.83852973128006,1.6219312,8.6,3,4,3,5,2,1,0,2,200.0,-23.0,-131.0,0.0,-974.1652607917786,-199.20763316360512,0.0,0
1860,104,426,,cpu,6,-269.149411188819,-44.8582351981365,0,True,False,,8,0,8,0.04060672471920649,0.00012449551388726832,0.0012378858033722888,1.732867956161499,1.732867956161499,2.6651989221572876,1.732867956161499,,2.5,10,4,15,15,0,0,0,6.333333333333333,103.5459391637216,1.5133327,10.6,3,4,3,5,1,0,0,1,100.0,-15.5,-131.0,0.0,0.0,-212.649411188819,0.0,0
1861,215,505,,cpu,6,-1275.1439128176082,-212.52398546960137,3,True,False,2,7,0,7,-0.25843184689680737,0.002485141099896282,0.0010821588221006095,2.746530612309774,2.746530612309774,2.818511128425598,2.746530612309774,,2.5,10,4,15,15,0,0,0,7.733333333333333,163.86489137075594,1.9880934,10.6,3,4,3,5,0,0,0,1,50.0,-15.5,-131.0,0.0,-890.4079377651215,-268.2359750524868,0.0,0
1862,125,418,,cpu,6,-292.5827619011257,-48.763793650187615,0,True,False,,19,0,13,-0.05599350668489933,0.0008488652674714103,0.0017856100554733227,1.732867956161499,1.732867956161499,2.8262643019358316,1.732867956161499,,2.5,10,4,15,15,0,0,0,6.333333333333333,103.32377487141065,1.6225952,10.6,3,4,3,5,1,0,0,1,100.0,-29.0,-131.0,0.0,0.0,-212.5827619011257,0.0,0
1863,292,288,,cpu,7,-301.97863819090054,-43.13980545584293,0,True,False,,16,0,12,-0.032028221525251865,0.000581175740665328,0.0013198974691996618,1.4853153909955705,1.4853153909955705,2.4029788970947266,1.4853153909955705,,2.142857142857143,10,5,15,15,0,0,0,8.133333333333333,158.2042478590262,1.9022722,10.6,3,4,3,5,1,0,0,2,150.0,-30.5,-131.0,0.0,0.0,-270.47863819090054,0.0,0
1864,207,491,,cpu,6,-1208.1282450907972,-201.35470751513287,3,True,False,2,8,0,7,-0.1646530032157898,0.000825532323991259,0.00115184315169851,2.746530612309774,2.746530612309774,2.5569381713867188,2.746530612309774,,2.5,10,4,15,15,0,0,0,7.733333333333333,163.87236403746905,2.0280492,10.6,3,4,3,5,0,0,0,2,100.0,-16.5,-131.0,0.0,-882.3900282382965,-268.2382168525007,0.0,0
1865,285,244,,cpu,7,-361.18415187658263,-51.597735982368945,0,True,False,,11,0,8,0.08178180243287768,0.0002672689210417697,0.0009930573287419975,1.4853153909955705,1.4853153909955705,2.2642063413347517,1.4853153909955705,,2.142857142857143,10,5,15,15,0,0,0,8.133333333333333,158.88929347796662,1.8850213,9.6,3,4,3,5,1,0,0,1,100.0,-19.5,-131.0,0.0,0.0,-270.68415187658263,0.0,0
1866,269,251,,cpu,7,-341.3558409662546,-48.76512013803637,0,True,False,,11,0,8,0.12819160308156693,0.0006919346467059638,0.0012272275718195097,1.4853153909955705,1.4853153909955705,2.1821585382734026,1.4853153909955705,,2.142857142857143,10,5,15,15,0,0,0,8.133333333333333,159.46159044353973,1.9514781,9.6,3,4,3,5,1,0,0,1,100.0,-19.5,-131.0,0.0,0.0,-270.8558409662546,0.0,0
1867,215,368,,cpu,10,-174.9505882119532,-17.49505882119532,0,True,False,,26,0,20,0.10823188722133636,0.0010681961954105645,0.002370326203526929,1.0397207736968994,1.0397207736968994,1.5218131780624389,1.0397207736968994,,1.5,10,8,15,15,0,0,0,7.666666666666667,164.19824729453583,2.3798518,10.6,3,4,3,5,3,0,0,3,300.0,-57.5,-131.0,0.0,0.0,-256.45058821195323,0.0,0
1868,168,374,,cpu,8,-249.89732712591433,-31.23716589073929,0,True,False,,17,0,11,0.09223947674036026,0.0004055814515595557,0.002133658403181471,1.2996509671211243,1.2996509671211243,1.9908534586429596,1.2996509671211243,,1.875,10,6,15,15,0,0,0,7.666666666666667,164.0207103410729,2.296471,10.6,3,4,3,5,1,0,0,3,200.0,-32.5,-131.0,0.0,0.0,-256.39732712591433,0.0,0
1869,192,462,,cpu,150,-88861.32628898027,-592.4088419265352,286,False,True,4,88,35,68,-0.4624271977941195,1.3562124791108847,0.0784056376425239,0.9908830900986989,0.9993327577908834,0.2168708700935046,0.9993327577908834,,0.9466666666666667,10,70,142,142,0,0,0,7.014084507042254,123.60345849124282,1.8228279,10.6,35,39,28,40,5,11,3,6,550.0,-3234.0,-1171.0,0.0,-81722.22059729967,-2164.1056916806106,0.0,0
1870,97,357,,cpu,6,-401.6662528113701,-66.94437546856169,0,True,False,,13,0,8,-0.03042156621813774,0.0002047393833966756,0.001800107953992362,1.732867956161499,1.732867956161499,2.797280232111613,1.732867956161499,,2.5,10,4,15,15,0,0,0,9.2,235.17577671947328,1.9896408,10.6,3,4,3,5,0,0,0,2,100.0,-23.0,-131.0,0.0,0.0,-317.6662528113701,0.0,0
1871,37,529,,cpu,6,-2302.5970113327207,-383.7661685554535,6,True,False,2,10,0,9,-0.47257648905118305,0.004771658704460909,0.001356760641404738,2.746530612309774,2.746530612309774,2.76102622350057,2.746530612309774,,2.5,10,4,15,15,0,0,0,9.333333333333334,192.81416434754075,1.9759187,10.6,3,4,3,5,0,0,0,1,50.0,-23.0,-131.0,0.0,-1862.5739872455597,-316.02302408716105,0.0,0
1872,309,478,,cpu,7,-263.8905208295995,-37.698645832799926,0,True,False,,8,0,6,0.027903358851160322,6.678492745290246e-05,0.0008222914766520262,2.960556847708566,2.9705352783203125,1.77846531357084,2.9705352783203125,,2.142857142857143,10,5,15,15,0,0,0,6.466666666666667,106.76400102298264,1.5610645,7.6,3,4,3,5,1,1,0,1,100.0,-13.5,-131.0,0.0,0.0,-209.3905208295995,0.0,0
1873,299,492,,cpu,6,-2563.7233377881944,-427.2872229646991,6,True,False,2,6,0,6,-0.4678240517775218,0.0036584746727991537,0.0007622802901702622,2.746530612309774,2.746530612309774,2.631149729092916,2.746530612309774,,2.5,10,4,15,15,0,0,0,6.866666666666666,121.63046239586183,1.877974,10.6,3,4,3,5,1,0,0,0,50.0,-10.0,-131.0,0.0,-2250.4799902439117,-222.24334754428273,0.0,0
1874,290,124,,cpu,42,-11946.968401864202,-284.45162861581434,33,True,False,2,32,0,24,-0.22354315520663345,0.107301215155617,0.008182834948889823,1.0543878419058663,1.0543878419058663,0.4973989114874885,1.0543878419058663,,1.0476190476190477,10,24,44,44,0,0,0,7.818181818181818,135.14788777216694,2.5621789,10.6,10,11,8,15,3,5,1,0,150.0,-306.5,-387.0,0.0,-10367.58462741665,-785.8837744475509,0.0,0
1875,281,476,,cpu,3,-2188.73697742432,-729.5789924747733,5,True,False,2,5,0,5,-0.6822149753570557,0.0040950454616298275,0.0005518400575965643,5.493061224619548,5.493061224619548,5.502927939097087,5.493061224619548,,5.0,10,1,15,15,0,0,0,6.133333333333334,97.38072056126569,0.49731183,6.0,3,4,3,5,0,0,0,0,0.0,-5.0,-131.0,0.0,-1853.6666870117188,-199.07029041260083,0.0,0
1876,84,486,,cpu,150,-127067.46977984969,-847.116465198998,409,False,True,10,188,178,144,-1.6237075230292977,2.5215202714429594,0.1147264557320159,1.0558295075098674,1.0632181370258331,0.23768527497847874,1.0632181370258331,,0.9666666666666667,10,70,145,145,0,0,0,6.882758620689655,112.68239227895101,2.100814,10.6,34,40,26,45,16,7,3,13,1450.0,-6337.5,-1243.0,0.0,-117738.95923929702,-2238.0105405526683,0.0,0
1877,32,398,,cpu,6,-1267.6792672860931,-211.27987788101552,3,True,False,2,12,0,11,0.013818788652618727,0.0008752055167443965,0.0020004346733912826,3.558894475301107,3.5842533906300864,2.486452261606852,3.5842533906300864,,2.5,10,4,15,15,0,0,0,9.0,219.42452248912323,1.3238529,6.4,3,4,3,5,0,0,0,1,50.0,-26.5,-131.0,0.0,-804.9780964851379,-305.2011708009552,0.0,0
1878,292,157,,cpu,18,-2546.8102935563024,-141.4894607531279,7,True,False,2,11,0,8,-0.04755972367193964,0.002559550649796923,0.0022438443201180133,1.1370721922980414,1.1371203793419733,0.9033741586738162,1.1371203793419733,,1.0555555555555556,10,13,19,19,0,0,0,8.105263157894736,159.51129555969035,2.697114,9.6,5,5,4,5,3,2,1,1,200.0,-54.0,-152.0,0.0,-2119.5895552635193,-351.22073829278304,0.0,0
1879,102,417,,cpu,6,-301.5911023232276,-50.26518372053793,0,True,False,,12,0,10,0.21127735575040182,0.001577163483792295,0.0017312134344441195,1.732867956161499,1.732867956161499,2.871487577756246,1.732867956161499,,2.5,10,4,15,15,0,0,0,6.333333333333333,103.35157627841674,1.5138702,10.6,3,4,3,5,1,0,0,1,100.0,-28.0,-131.0,0.0,0.0,-212.59110232322752,0.0,0
1880,281,469,,cpu,5,-1688.3985315567202,-337.67970631134403,4,True,False,2,6,0,5,-0.15688506066799163,0.0004997502837795764,0.0005940239527262748,3.2958367347717283,3.2958367347717283,3.1135955810546876,3.2958367347717283,,3.0,10,3,15,15,0,0,0,6.133333333333334,97.38066027613017,1.1957986,8.6,3,4,3,5,1,0,0,0,50.0,-6.5,-131.0,0.0,-1401.82825922966,-199.07027232706017,0.0,0
1881,213,187,,cpu,9,-1925.477386150185,-213.941931794465,6,True,False,2,8,0,8,-0.0012262264887491863,0.0008428209176700977,0.0014097655075602233,0.6103401713901095,0.6103401713901095,0.7483750581741333,0.6103401713901095,,0.5555555555555556,2,6,5,5,0,0,0,5.0,0.0,0.0,0.0,0,0,0,5,0,0,0,1,50.0,-22.0,-75.0,0.0,-1816.4871454238892,-51.990240726296015,0.0,0
1882,240,522,,cpu,7,-266.56736056826065,-38.081051509751525,0,True,False,,12,0,9,0.07593276458127159,0.00025542577142394815,0.0010199106015664125,1.5765523229326521,1.4801676954541887,2.022863950048174,1.4801676954541887,,2.142857142857143,10,5,15,15,0,0,0,6.6,123.09415889128262,1.9580414,10.6,3,4,3,5,2,0,0,1,150.0,-26.0,-131.0,0.0,0.0,-219.56736056826065,0.0,0
1883,206,320,,cpu,150,-75484.77917225484,-503.2318611483656,221,False,True,52,460,423,345,-0.680124799956878,0.44738046554887356,0.22763319131103343,0.864526187578837,0.892567191918691,0.21994287470976512,0.892567191918691,,0.9066666666666666,10,73,136,136,0,0,0,7.463235294117647,140.668118569445,1.8026046,10.6,34,36,26,40,17,7,1,11,1400.0,-16144.0,-1136.0,0.0,-56393.209789316454,-2251.5693829383963,0.0,0
1884,248,196,,cpu,7,-2629.193575994433,-375.599082284919,8,True,False,2,8,0,8,-0.3263500843729292,0.003044772174851979,0.0010811019040245032,2.35416909626552,2.35416909626552,1.9598004817962646,2.35416909626552,,2.142857142857143,10,5,15,15,0,0,0,8.4,174.28383248929597,2.1755273,10.6,3,4,3,5,1,0,0,1,100.0,-16.0,-131.0,0.0,-2278.765308856964,-283.42826713746894,0.0,0
1885,137,498,,cpu,6,-357.4531986691404,-59.575533111523406,0,True,False,,18,0,12,0.0838140957057476,0.0003000732443373029,0.001855954605465134,1.732867956161499,1.732867956161499,2.531877358754476,1.732867956161499,,2.5,10,4,15,15,0,0,0,9.466666666666667,201.85743840945426,2.2537813,10.6,3,4,3,5,0,0,0,3,150.0,-31.5,-131.0,0.0,0.0,-324.9531986691404,0.0,0
1886,192,403,,cpu,150,-75206.09622656884,-501.37397484379227,221,False,True,31,133,82,106,-0.6992587651312351,0.4555655254287649,0.10798821414471604,1.0148190323511759,1.021059378782908,0.2007749143242836,1.021059378782908,,0.9266666666666666,10,73,139,139,0,0,0,7.381294964028777,146.45032585628869,1.9500465,10.6,35,37,27,40,8,7,1,11,950.0,-5844.0,-1152.0,0.0,-65858.87427926064,-2271.2219473082037,0.0,0
1887,250,381,,cpu,6,-1559.8120890136865,-259.9686815022811,4,True,False,2,11,0,8,-0.09787858898440997,0.00019675841667776695,0.000992353578719,2.746530612309774,2.746530612309774,2.347683588663737,2.746530612309774,,2.5,10,4,15,15,0,0,0,6.333333333333333,111.42694435394921,1.6729008,10.6,3,4,3,5,1,1,0,0,50.0,-22.5,-131.0,0.0,-1244.245457649231,-212.0666313644556,0.0,0
1888,34,393,,cpu,150,-51481.74346000138,-343.2116230666759,162,False,True,45,361,361,255,-0.12017267471179366,0.13074425100091805,0.16937532114796341,0.8534638798236847,0.8933743079503377,0.221630522608757,0.8933743079503377,,0.84,10,92,126,126,0,0,0,9.03968253968254,209.6594288203529,2.1345172,10.6,27,32,22,45,18,5,1,11,1450.0,-9180.5,-1132.0,0.0,-39194.47205046555,-2564.7714095358283,0.0,0
1889,236,218,,cpu,8,-346.2599619475512,-43.2824952434439,0,True,False,,9,0,8,0.18725005444139242,0.0030223872454371303,0.0014037537184776738,1.4397613406181335,1.4704116955399513,2.069055989384651,1.4704116955399513,,1.875,10,4,15,15,0,0,0,8.4,172.78152919789483,0.34399223,6.0,3,4,3,5,0,0,0,2,100.0,-25.0,-131.0,0.0,0.0,-280.2599619475512,0.0,0
1890,147,552,,cpu,150,-67089.57251525797,-447.26381676838645,196,False,True,28,328,241,244,-0.37751262573525307,0.26885195049353416,0.09937342194917922,0.9442656656106313,0.9431451511383057,0.1956176232298215,0.9431451511383057,,0.8933333333333333,10,73,134,134,0,0,0,7.768656716417911,145.42776427944895,2.1398356,10.6,29,34,26,45,18,6,4,12,1500.0,-9414.5,-1170.0,0.0,-54768.47765948133,-2366.594855776642,0.0,0
1891,130,381,,cpu,6,-401.5056231886974,-66.9176038647829,0,True,False,,12,0,8,0.3277607460816701,0.0049124603780607385,0.001650632145659377,1.732867956161499,1.732867956161499,2.7751478354136148,1.732867956161499,,2.5,10,4,15,15,0,0,0,9.2,234.64034464389772,1.9209248,10.6,3,4,3,5,0,0,0,2,100.0,-23.0,-131.0,0.0,0.0,-317.5056231886974,0.0,0
1892,290,515,,cpu,29,-11525.01573117357,-397.4143355577093,31,True,False,2,14,0,10,-0.31141262536804226,0.039583997624316095,0.005951178059431499,1.3259113739276756,1.3259113739276756,0.6065671505599186,1.3259113739276756,,1.206896551724138,10,16,35,35,0,0,0,6.428571428571429,108.43124480500933,2.0941882,10.6,8,9,8,10,7,0,1,2,450.0,-98.0,-286.0,0.0,-10924.756292286263,-486.25943888730495,0.0,0
1893,226,413,,cpu,7,-1497.3605832292592,-213.90865474703702,4,True,False,2,14,0,10,0.18154369933264597,0.0028836767721389022,0.0016031035837451263,2.35416909626552,2.35416909626552,2.155754021235875,2.35416909626552,,2.142857142857143,10,5,15,15,0,0,0,7.466666666666667,140.3886984812696,1.7554537,10.6,3,4,3,5,1,0,0,2,150.0,-33.0,-131.0,0.0,-1228.948962688446,-244.41162054081317,0.0,0
1894,124,503,,cpu,150,-104481.80069996374,-696.5453379997583,331,False,True,13,168,110,129,-0.9802340051116577,1.083060116338804,0.11569017588083322,0.926451487938563,0.9374446066220602,0.25665816843509676,0.9374446066220602,,0.88,10,86,132,132,0,0,0,8.18939393939394,155.36960217597857,2.6510181,10.6,27,37,23,45,9,3,4,6,750.0,-7976.5,-1175.0,0.0,-92607.62619416631,-2452.6745057974167,0.0,0
1895,197,423,,cpu,19,-347.5769689084625,-18.293524679392764,0,True,False,,25,0,17,0.17087744097960622,0.011521228344032639,0.003482784083309142,0.8025914744326943,0.8025914775697809,0.9202750983991121,0.8025914775697809,,1.1578947368421053,10,11,22,22,0,0,0,7.318181818181818,141.71443801709404,2.0654798,10.6,5,7,5,5,4,0,0,3,350.0,-85.0,-171.0,0.0,0.0,-351.5769689084625,0.0,0
1896,14,588,,cpu,6,-1744.9818814758678,-290.8303135793113,4,True,False,2,7,0,5,0.1969188799460729,0.003744589378281186,0.0012454567477107048,2.746530612309774,2.746530612309774,2.552492539087931,2.746530612309774,,2.5,10,4,15,15,0,0,0,9.4,197.18443613328108,2.2828665,10.6,3,4,3,5,0,0,0,2,100.0,-13.5,-131.0,0.0,-1383.3441197872162,-317.1377616886515,0.0,0
1897,314,309,,cpu,5,-1263.78813676551,-252.757627353102,3,True,False,2,6,0,5,0.3145060956478119,0.0030274415388703347,0.0011037765769287943,3.2958367347717283,3.2958367347717283,3.4486873149871826,3.2958367347717283,,3.0,10,3,15,15,0,0,0,8.133333333333333,159.46159044353973,1.505682,9.6,3,4,3,5,1,0,0,0,50.0,-6.5,-131.0,0.0,-905.4322957992554,-270.8558409662546,0.0,0
1898,30,551,,cpu,6,-1307.7940933661473,-217.96568222769122,3,True,False,2,11,0,10,0.1365607256690661,0.0014250221574911848,0.0018585669652869303,2.746530612309774,2.746530612309774,2.6263711055119834,2.746530612309774,,2.5,10,4,15,15,0,0,0,9.333333333333334,196.12786546945028,2.0600674,10.6,3,4,3,5,0,0,0,2,100.0,-24.5,-131.0,0.0,-925.2769589424133,-317.017134423734,0.0,0
1899,298,410,,cpu,5,-952.0500423623673,-190.41000847247346,2,True,False,2,7,0,5,0.10394107699394226,0.000305544535513036,0.0010446497472003102,3.2958367347717283,3.2958367347717283,2.955373001098633,3.2958367347717283,,3.0,10,3,15,15,0,0,0,6.133333333333334,97.02132483626423,1.2711649,10.6,3,4,3,5,1,0,0,0,50.0,-9.0,-131.0,0.0,-663.0875706672668,-198.96247169510042,0.0,0
1900,281,487,,cpu,6,-2660.5539873803473,-443.4256645633912,6,True,False,2,7,0,7,-0.5021527111530304,0.004635237448383123,0.0012745581528482337,2.746530612309774,2.746530612309774,2.872267723083496,2.746530612309774,,2.5,10,4,15,15,0,0,0,6.866666666666666,121.93470588652926,1.8076525,10.6,3,4,3,5,1,0,0,0,50.0,-11.0,-131.0,0.0,-2346.219366788864,-222.33462059148297,0.0,0
1901,224,498,,cpu,6,-637.5821602248902,-106.26369337081503,1,True,False,4,8,0,6,-0.11508701493342717,0.0013364209250236552,0.001278713229112327,2.0707555611928306,2.0707555611928306,2.424560268719991,2.0707555611928306,,2.5,10,4,15,15,0,0,0,7.733333333333333,162.92005988290336,2.1205482,10.6,3,4,3,5,0,0,0,2,100.0,-16.5,-131.0,0.0,-312.12963461875916,-267.9525256061311,0.0,0
1902,15,498,,cpu,6,-1627.3335895495427,-271.22226492492376,4,True,False,2,8,0,6,-0.3776461680730184,0.004389248904772103,0.0013926241857310135,2.746530612309774,2.746530612309774,2.318917473157247,2.746530612309774,,2.5,10,4,15,15,0,0,0,9.333333333333334,196.12786546945028,2.0600674,10.6,3,4,3,5,0,0,0,2,100.0,-15.0,-131.0,0.0,-1254.3164551258087,-317.017134423734,0.0,0
1903,286,285,,cpu,7,-193.66180884047995,-27.665972691497135,0,True,False,,22,0,20,-0.06365716350930077,0.0010066339995578996,0.0019035096380061337,1.4853153909955705,1.4853153909955705,2.0671840395246233,1.4853153909955705,,2.142857142857143,10,5,15,15,0,0,0,8.133333333333333,162.1481500242909,1.8666093,9.6,3,4,3,5,1,0,0,4,250.0,-41.0,-131.0,0.0,0.0,-271.6618088404799,0.0,0
1904,9,451,,cpu,8,-3161.8700148287053,-395.23375185358816,9,True,False,2,16,0,12,-0.5192784816026688,0.008687173933140002,0.0021771665051346645,2.0598979592323303,2.0598979592323303,1.9492965340614319,2.0598979592323303,,1.875,10,6,15,15,0,0,0,7.2,130.24162846689407,2.325645,9.6,3,4,3,5,1,0,0,2,150.0,-33.5,-131.0,0.0,-2869.6699261665344,-237.7000886621708,0.0,0
1905,275,191,,cpu,33,-13137.581615422718,-398.1085338006884,41,True,False,2,18,0,16,-0.44992174490383174,0.08023101913292494,0.003312674382786182,1.1319035616787998,1.1319035616787998,0.5499460426243868,1.1319035616787998,,1.0303030303030303,10,20,34,34,0,0,0,7.735294117647059,148.4799704636673,2.4080312,10.6,8,9,7,10,3,3,2,1,200.0,-130.5,-283.0,0.0,-12142.70493050633,-591.3766849163884,0.0,0
1906,265,365,,cpu,5,-1821.21981114846,-364.243962229692,5,True,False,2,10,0,8,-0.19360365867614746,0.0009179966829833575,0.0012045510346069932,3.2958367347717283,3.2958367347717283,2.8150222539901733,3.2958367347717283,,3.0,10,3,15,15,0,0,0,6.333333333333333,111.76694878278789,1.373622,8.6,3,4,3,5,1,0,0,0,50.0,-17.5,-131.0,0.0,-1510.5511784553528,-212.1686326931072,0.0,0
1907,80,511,,cpu,7,-309.3695648861716,-44.19565212659594,0,True,False,,19,0,15,0.2280883320740291,0.0028394319316638367,0.002487648245213287,1.4748303549630302,1.4852800369262695,2.2666991438184465,1.4852800369262695,,2.142857142857143,10,5,15,15,0,0,0,9.333333333333334,194.5062116980449,2.3652809,9.6,3,4,3,5,0,0,0,4,200.0,-40.0,-131.0,0.0,0.0,-318.36956488617153,0.0,0
1908,2,449,,cpu,6,-1592.3341434412687,-265.3890239068781,4,True,False,2,11,0,8,0.12906708816687265,0.0016217745821146916,0.0017506345563257735,2.746530612309774,2.746530612309774,2.8237348794937134,2.746530612309774,,2.5,10,4,15,15,0,0,0,7.133333333333334,127.47462230503649,1.8440124,9.6,3,4,3,5,0,0,0,2,100.0,-22.5,-131.0,0.0,-1271.964156627655,-236.86998681361354,0.0,0
1909,183,405,,cpu,7,-283.24367294125545,-40.46338184875078,0,True,False,,18,0,12,0.3152754647391183,0.005565711031002658,0.0019211704576654093,1.4853153909955705,1.4853153909955705,2.2520857538495744,1.4853153909955705,,2.142857142857143,10,5,15,15,0,0,0,7.533333333333333,146.4955398160772,1.7992404,10.6,3,4,3,5,1,0,0,2,150.0,-36.0,-131.0,0.0,0.0,-246.24367294125545,0.0,0
1910,89,443,,cpu,7,-257.14952319411327,-36.73564617058761,0,True,False,,9,0,9,0.316682015146528,0.005118089229134577,0.001695064628230674,1.4853153909955705,1.4853153909955705,2.470602444240025,1.4853153909955705,,2.142857142857143,10,5,15,15,0,0,0,6.333333333333333,103.54631251470252,1.645808,10.6,3,4,3,5,2,0,0,1,150.0,-23.5,-131.0,0.0,0.0,-212.64952319411327,0.0,0
1911,146,561,,cpu,13,-420.53914822243496,-32.34916524787961,0,True,False,,16,0,11,0.14987241190213424,0.0040331008091855506,0.002224808675237,1.1699868532327504,1.1645853656988878,1.1589800944695106,1.1645853656988878,,1.2307692307692308,10,10,16,16,0,0,0,8.75,183.92958688389155,2.9197288,9.6,3,5,3,5,2,1,0,1,150.0,-50.0,-139.0,0.0,0.0,-321.5391482224349,0.0,0
1912,284,224,,cpu,26,-6056.138137131199,-232.9283898896615,16,True,False,2,16,0,13,-0.13712544910287341,0.01275888390356473,0.0028018663668682654,1.3521381891690767,1.3521381891690767,0.6758550084554232,1.3521381891690767,,1.2307692307692308,10,14,32,32,0,0,0,7.9375,153.9146285966347,2.3073652,10.6,7,9,6,10,5,3,0,1,300.0,-73.5,-275.0,0.0,-5303.984504938126,-573.6536321930736,0.0,0
1913,293,233,,cpu,11,-2375.3604124919066,-215.94185568108242,6,True,False,2,6,0,5,-0.11293724450198087,0.0006818277954814469,0.0014725769499570808,1.4981076067144221,1.4981076067144221,1.3601366823369807,1.4981076067144221,,1.3636363636363635,10,9,15,15,0,0,0,8.4,172.78152919789483,2.675516,10.6,3,4,3,5,1,1,1,1,100.0,-19.0,-131.0,0.0,-1992.382836341858,-282.9775761500486,0.0,0
1914,127,375,,cpu,150,-57695.50412822728,-384.6366941881819,166,False,True,34,275,220,208,-0.06866652033602198,0.21643517821777836,0.1458175462895694,0.9220959424972535,0.917484980026881,0.19266622066497802,0.917484980026881,,0.9133333333333333,10,73,137,137,0,0,0,7.810218978102189,164.7827438878949,2.022029,10.6,32,34,26,45,16,9,0,11,1350.0,-9674.0,-1185.0,0.0,-44891.985043883324,-2404.5190843439577,0.0,0
1915,277,186,,cpu,7,-2147.880516838176,-306.84007383402513,6,True,False,2,7,0,6,-0.15852588415145874,0.0007166482964748866,0.0010116826992348901,2.35416909626552,2.35416909626552,2.1653266293661937,2.35416909626552,,2.142857142857143,10,5,15,15,0,0,0,8.4,173.66567568161375,2.2297814,10.6,3,4,3,5,1,0,0,1,100.0,-14.0,-131.0,0.0,-1789.6376967430115,-283.24282009516423,0.0,0
1916,92,492,,cpu,6,-1649.381958055986,-274.89699300933097,4,True,False,2,12,0,9,-0.032808641282220684,0.00014322775632535922,0.0019533141943005226,2.746530612309774,2.746530612309774,2.7884185314178467,2.746530612309774,,2.5,10,4,15,15,0,0,0,9.533333333333333,201.7808704506889,2.283634,10.6,3,4,3,5,0,0,0,1,50.0,-26.0,-131.0,0.0,-1177.451729774475,-324.93022828151084,0.0,0
1917,315,267,,cpu,5,-1712.9966933780506,-342.5993386756101,4,True,False,2,5,0,4,0.023548494279384612,0.000432422395695653,0.0008763043908402324,3.2958367347717283,3.2958367347717283,3.167016792297363,3.2958367347717283,,3.0,10,3,15,15,0,0,0,8.133333333333333,158.97760059620188,1.6097634,10.6,3,4,3,5,1,0,0,0,50.0,-5.5,-131.0,0.0,-1355.7860493659973,-270.7106440120532,0.0,0
1918,172,316,,cpu,150,-38752.23884807239,-258.3482589871493,95,False,True,41,392,381,299,0.2386591014266014,0.40744501784443854,0.1601695706974715,0.8159043699502945,0.8679719849427541,0.20938122302293777,0.8679719849427541,,0.8866666666666667,10,72,133,133,0,0,0,7.834586466165414,152.56231988957254,1.9013056,10.6,33,35,25,40,21,9,1,21,2100.0,-14235.5,-1120.0,0.0,-22426.09770500992,-2320.6411430624667,0.0,0
1919,103,495,,cpu,6,-1851.05287587792,-308.50881264632,5,True,False,2,8,0,6,0.020701515798767407,0.0006681297837758393,0.0015133564205219348,2.746530612309774,2.746530612309774,2.646376371383667,2.746530612309774,,2.5,10,4,15,15,0,0,0,9.533333333333333,201.06815649720107,2.2007768,10.6,3,4,3,5,0,0,0,2,100.0,-14.5,-131.0,0.0,-1450.8364617824554,-324.71641409546453,0.0,0
1920,300,396,,cpu,5,-1272.511885558033,-254.50237711160662,3,True,False,2,8,0,7,0.10908451974391938,0.0005668530386174098,0.0009214123128913343,3.2958367347717283,3.2958367347717283,3.063080644607544,3.2958367347717283,,3.0,10,3,15,15,0,0,0,6.333333333333333,111.51813901949193,1.3694547,8.6,3,4,3,5,1,0,0,0,50.0,-12.0,-131.0,0.0,-967.4178957939148,-212.09398976411842,0.0,0
1921,231,480,,cpu,6,-986.9693547358472,-164.49489245597454,2,True,False,2,7,0,7,0.08564808716376622,0.00039443135028705,0.0011542534921318293,2.795057694117228,2.7453320026397705,2.7571767965952554,2.7453320026397705,,2.5,10,4,15,15,0,0,0,7.133333333333334,140.26340652208475,1.63317,6.2,3,4,3,5,0,0,0,1,50.0,-14.5,-131.0,0.0,-614.6331787109375,-246.83617602490978,0.0,0
1922,228,469,,cpu,7,-1780.5056264971292,-254.35794664244705,5,True,False,2,14,0,10,-0.17007957186017716,0.0008517977985320613,0.0013868534837716392,2.35416909626552,2.35416909626552,2.3422903333391463,2.35416909626552,,2.142857142857143,10,5,15,15,0,0,0,7.466666666666667,141.53761898440942,1.7712299,10.6,3,4,3,5,1,0,0,2,150.0,-32.0,-131.0,0.0,-1502.7493298053741,-244.7562966917551,0.0,0
1923,154,545,,cpu,150,-52739.40618488337,-351.5960412325558,155,False,True,2,242,239,188,-0.2477608124911785,0.16447579710097973,0.05575570817221887,1.0127848629156748,1.0143380943934124,0.2120036879181862,1.0143380943934124,,0.9333333333333333,10,73,140,140,0,0,0,7.5285714285714285,143.82724875668916,2.133116,10.6,30,36,29,45,16,10,0,12,1400.0,-5134.0,-1200.0,0.0,-44500.515776872635,-2404.8904080107363,0.0,0
1924,169,554,,cpu,10,-283.07775896320044,-28.307775896320045,0,True,False,,17,0,10,0.03666678071022034,0.00035769179594353774,0.0018573842418845743,1.0397207736968994,1.0397207736968994,1.5162379264831543,1.0397207736968994,,1.5,10,8,15,15,0,0,0,7.733333333333333,163.33750440646793,2.47539,10.6,3,4,3,5,2,1,0,2,200.0,-34.0,-131.0,0.0,0.0,-268.0777589632004,0.0,0
1925,112,546,,cpu,6,-689.6351773750469,-114.93919622917447,1,True,False,4,11,0,9,0.015575112716760486,0.00023890601973874936,0.0016603813079806666,2.0707555611928306,2.0707555611928306,2.647133946418762,2.0707555611928306,,2.5,10,4,15,15,0,0,0,9.466666666666667,206.60793099344275,2.2980375,10.6,3,4,3,5,0,0,0,2,100.0,-25.0,-131.0,0.0,-287.25683093070984,-326.378346444337,0.0,0
1926,81,490,,cpu,7,-709.3199752143408,-101.33142503062012,1,True,False,4,11,0,9,0.10390672939164299,0.00020763052488551433,0.0017194308124349586,3.0953222002301897,3.1285175595964705,2.3246804646083286,3.1285175595964705,,2.142857142857143,10,5,15,15,0,0,0,9.333333333333334,193.17886172656137,2.2217577,9.6,3,4,3,5,0,0,0,2,100.0,-25.0,-131.0,0.0,-297.6392328739166,-315.6807423404242,0.0,0
1927,154,534,,cpu,6,-1517.4998545794508,-252.91664242990848,4,True,False,2,18,0,16,-0.018188212687770527,3.747784088166858e-05,0.0017439693328924477,2.746530612309774,2.746530612309774,2.47366992632548,2.746530612309774,,2.5,10,4,15,15,0,0,0,9.533333333333333,202.2188452692004,2.2922113,10.6,3,4,3,5,0,0,0,3,150.0,-37.5,-131.0,0.0,-1153.9382338523865,-325.0616207270643,0.0,0
1928,245,230,,cpu,7,-377.2419778562622,-53.89171112232317,0,True,False,,14,0,12,0.16929842318807328,0.0008930636374446164,0.0019465852113041496,1.4853153909955705,1.4853153909955705,2.3620433807373047,1.4853153909955705,,2.142857142857143,10,5,15,15,0,0,0,8.466666666666667,173.66286821860686,2.1347075,10.6,3,4,3,5,1,0,0,1,100.0,-33.0,-131.0,0.0,0.0,-283.2419778562622,0.0,0
1929,226,340,,cpu,7,-1798.857047918179,-256.9795782740256,5,True,False,2,6,0,5,-0.08679184743336268,0.00020316835642526193,0.0009315121819132141,2.35416909626552,2.35416909626552,2.5044444629124234,2.35416909626552,,2.142857142857143,10,5,15,15,0,0,0,7.666666666666667,164.38138023837365,2.099995,10.6,3,4,3,5,1,0,0,0,50.0,-10.0,-131.0,0.0,-1411.3515198230743,-256.5055280951046,0.0,0
1930,278,159,,cpu,6,-1541.3138411342607,-256.88564018904344,4,True,False,2,9,0,7,-0.020496883740027744,6.651824681587944e-05,0.0009274944119776288,2.7353017330169678,2.7464145024617515,2.49068675438563,2.7464145024617515,,2.5,10,4,15,15,0,0,0,8.666666666666666,173.19505096183838,1.8832794,8.4,3,4,3,5,1,0,0,0,50.0,-16.5,-131.0,0.0,-1137.3338758945465,-296.47996523971415,0.0,0
1931,241,337,,cpu,7,-325.78568240847204,-46.54081177263886,0,True,False,,12,0,10,0.21193009189196996,0.0007482967126374465,0.001162288652267307,2.9833156040736606,2.9704412051609586,2.3121629442487444,2.9704412051609586,,2.142857142857143,10,5,15,15,0,0,0,6.866666666666666,132.42035988024182,1.8173971,8.6,3,4,3,5,1,0,0,1,100.0,-25.0,-131.0,0.0,0.0,-229.78568240847204,0.0,0
1932,255,401,,cpu,7,-1860.5270170386107,-265.78957386265864,5,True,False,2,8,0,8,-0.13811680674552917,0.0005705635095572299,0.0011559725306662066,2.779397487640381,2.764552729470389,2.190038272312709,2.764552729470389,,2.142857142857143,10,5,15,15,0,0,0,6.133333333333334,97.52325627130614,1.5492246,8.6,3,4,3,5,1,1,0,1,100.0,-16.0,-131.0,0.0,-1594.2850410938263,-199.24197594478449,0.0,0
1933,264,352,,cpu,9,-1423.7727045278214,-158.19696716975793,4,True,False,2,9,0,9,-0.02196586339010133,7.160533735215167e-05,0.0014708992675878108,1.8310204082065158,1.8310204082065158,1.685128264957004,1.8310204082065158,,1.6666666666666667,10,7,15,15,0,0,0,6.333333333333333,111.54126804420268,1.851605,8.6,3,4,3,5,2,1,0,1,150.0,-19.5,-131.0,0.0,-1161.1717760562897,-212.10092847153163,0.0,0
1934,105,535,,cpu,6,-404.8493783330817,-67.47489638884694,0,True,False,,14,0,11,0.16230895618597665,0.0007161590892792447,0.0016978798666968942,1.732867956161499,1.732867956161499,2.6257545948028564,1.732867956161499,,2.5,10,4,15,15,0,0,0,9.533333333333333,203.17803728925847,2.3147087,10.6,3,4,3,5,0,0,0,2,100.0,-28.5,-131.0,0.0,0.0,-325.34937833308175,0.0,0
1935,24,567,,cpu,6,-2302.6575410006008,-383.7762568334335,6,True,False,2,17,0,15,-0.2508217344681422,0.0015809705560059228,0.001681728948218127,2.746530612309774,2.746530612309774,2.7094156742095947,2.746530612309774,,2.5,10,4,15,15,0,0,0,9.4,197.05259578283216,2.1518857,10.6,3,4,3,5,0,0,0,3,150.0,-35.5,-131.0,0.0,-1949.0593314170837,-317.0982095835168,0.0,0
1936,82,584,,cpu,6,-359.2947046035214,-59.882450767253566,0,True,False,,16,0,13,0.16074097653230032,0.0006256392237560249,0.0017843403426619868,2.3219281832377114,2.309007485707601,2.473880966504415,2.309007485707601,,2.5,10,4,15,15,0,0,0,9.133333333333333,191.75420728682448,2.1976495,9.6,3,4,3,5,0,0,0,3,150.0,-34.0,-131.0,0.0,0.0,-314.29470460352144,0.0,0
1937,303,182,,cpu,6,-1334.688965276894,-222.44816087948232,3,True,False,2,8,0,6,-0.07478074977795283,0.00025966229562376003,0.0006324084388324991,2.746530612309774,2.746530612309774,2.58197549978892,2.746530612309774,,2.5,10,4,15,15,0,0,0,8.4,171.7016553660538,1.9109229,10.6,3,4,3,5,1,0,0,0,50.0,-14.5,-131.0,0.0,-956.5353512763977,-282.6536140004963,0.0,0
1938,273,342,,cpu,7,-1138.2202981008936,-162.6028997286991,3,True,False,2,10,0,8,-0.018702767190656493,0.00015525723917570694,0.001005239277479372,2.35416909626552,2.35416909626552,2.0567455291748047,2.35416909626552,,2.142857142857143,10,5,15,15,0,0,0,6.333333333333333,111.45193618994786,1.8284185,10.6,3,4,3,5,1,0,0,1,100.0,-19.5,-131.0,0.0,-855.6461691856384,-212.0741289152552,0.0,0
1939,288,450,,cpu,25,-3024.6186637584833,-120.98474655033934,7,True,False,2,19,0,15,-0.04748132091015577,0.00447191462002138,0.0032179166306741534,1.1582333183288573,1.1582333183288573,0.7559057211875916,1.1582333183288573,,1.32,10,12,33,33,0,0,0,5.787878787878788,85.83345490752531,1.6873138,8.6,8,9,6,10,5,2,0,1,300.0,-120.5,-280.0,0.0,-2370.8449125289917,-413.2737512294917,0.0,0
1940,206,544,,cpu,150,-95836.86075741229,-638.9124050494153,254,False,True,2,448,448,334,-1.4464109699924788,1.319141864553094,0.10164420587709173,1.0492434497674306,1.0452018308639526,0.21811032970746358,1.0452018308639526,,0.9666666666666667,10,69,145,145,0,0,0,6.641379310344828,116.69603523884727,2.0556536,10.6,34,35,31,45,19,8,0,16,1750.0,-11190.0,-1218.0,0.0,-82088.95412683487,-2149.9066305774145,0.0,0
1941,295,408,,cpu,5,-1933.6621572810056,-386.73243145620114,5,True,False,2,6,0,6,-0.09125060737133026,0.0002691728230274748,0.0005743782443460077,3.2958367347717283,3.2958367347717283,2.854910469055176,3.2958367347717283,,3.0,10,3,15,15,0,0,0,6.133333333333334,96.94731021365925,1.2694445,10.6,3,4,3,5,1,0,0,0,50.0,-9.5,-131.0,0.0,-1644.2218899726868,-198.94026730831888,0.0,0
1942,312,512,,cpu,7,-2126.5351749623633,-303.7907392803376,5,True,False,2,7,0,7,-0.10000890493392944,0.00043159288491421776,0.0009053306254957404,2.35416909626552,2.35416909626552,2.545658929007394,2.35416909626552,,2.142857142857143,10,5,15,15,0,0,0,6.866666666666666,121.93470588652926,1.9500657,10.6,3,4,3,5,2,0,0,0,100.0,-17.0,-131.0,0.0,-1816.2005543708801,-222.33462059148297,0.0,0
1943,56,514,,cpu,6,-374.9265424298252,-62.48775707163753,0,True,False,,13,0,10,0.2264233777920405,0.0014791972547148664,0.0019285885597734402,1.732867956161499,1.732867956161499,2.428244392077128,1.732867956161499,,2.5,10,4,15,15,0,0,0,9.333333333333334,194.15922548975445,2.0610452,10.6,3,4,3,5,0,0,0,2,100.0,-27.5,-131.0,0.0,0.0,-316.4265424298252,0.0,0
1944,64,514,,cpu,150,-33455.35387675097,-223.03569251167312,84,False,True,2,242,150,180,0.014808457220594089,0.15197441327322547,0.09987032439055232,0.9069243649641673,0.9157810791333516,0.20912901828686395,0.9157810791333516,,0.86,10,78,129,129,0,0,0,8.604651162790697,168.15414389380544,2.7025957,10.6,25,37,22,45,6,11,1,9,750.0,-5894.5,-1162.0,0.0,-23713.01952319923,-2505.8343535517397,0.0,0
1945,144,404,,cpu,6,-333.6493931032784,-55.60823218387973,0,True,False,,10,0,8,0.18195103108882904,0.0007677875307763316,0.0015388902005118628,1.732867956161499,1.732867956161499,2.6278850634892783,1.732867956161499,,2.5,10,4,15,15,0,0,0,6.333333333333333,103.54587887858607,1.5291351,10.6,3,4,3,5,1,0,0,0,50.0,-20.0,-131.0,0.0,0.0,-212.64939310327833,0.0,0
1946,286,129,,cpu,7,-685.4179661409516,-97.91685230585024,1,True,False,4,21,0,15,0.07068529299327306,0.0002684093357986837,0.0011585719392834498,1.7749333381652832,1.7749333381652832,2.391989537647792,1.7749333381652832,,2.142857142857143,10,5,15,15,0,0,0,8.866666666666667,176.76646458404477,2.3188,9.6,3,4,3,5,0,0,1,3,150.0,-43.5,-131.0,0.0,-324.91685152053833,-306.0011146204134,0.0,0
1947,252,352,,cpu,7,-248.55918757163707,-35.508455367376726,0,True,False,,14,0,10,0.0634884876864297,0.00046082440322996784,0.0013714957333702063,1.4853153909955705,1.4853153909955705,2.1463064466203963,1.4853153909955705,,2.142857142857143,10,5,15,15,0,0,0,6.333333333333333,111.40213171122073,1.769316,10.6,3,4,3,5,1,0,0,2,150.0,-25.5,-131.0,0.0,0.0,-212.05918757163707,0.0,0
1948,298,194,,cpu,6,-2028.6765053460367,-338.1127508910061,5,True,False,2,6,0,5,-0.3140433182319005,0.002860437482013367,0.0005194909269145379,2.746530612309774,2.746530612309774,2.2582842111587524,2.746530612309774,,2.5,10,4,15,15,0,0,0,8.4,172.75778312262165,1.9339828,10.6,3,4,3,5,1,0,0,0,50.0,-8.0,-131.0,0.0,-1656.70605301857,-282.97045232746666,0.0,0
1949,167,123,,cpu,14,-301.78677325974377,-21.5561980899817,0,True,False,,24,0,18,0.015499483128743512,0.0006578784494065205,0.004796404882134604,0.792168208530971,0.792168208530971,1.1953319481440954,0.792168208530971,,1.1428571428571428,10,11,16,16,0,0,0,9.875,242.92807236942357,3.1185682,10.6,3,5,3,5,2,0,0,4,300.0,-71.0,-139.0,0.0,0.0,-361.78677325974377,0.0,0
1950,260,371,,cpu,7,-893.5712854576389,-127.65304077966269,2,True,False,2,9,0,8,-0.05173059978655407,0.00043210296800160516,0.0009974586344989283,2.35416909626552,2.35416909626552,2.092912486621312,2.35416909626552,,2.142857142857143,10,5,15,15,0,0,0,6.333333333333333,111.6286549608859,1.8178078,8.6,3,4,3,5,1,0,0,1,100.0,-20.5,-131.0,0.0,-609.9441409111023,-212.1271445465366,0.0,0
1951,51,510,,cpu,6,-1668.5515866216238,-278.09193110360394,4,True,False,2,9,0,8,-0.1083809956908226,0.0004119211256086904,0.0013736345475384344,2.746530612309774,2.746530612309774,2.6398728291193643,2.746530612309774,,2.5,10,4,15,15,0,0,0,9.333333333333334,190.5304600289755,1.9834723,10.6,3,4,3,5,0,0,0,1,50.0,-16.5,-131.0,0.0,-1215.7136738300323,-315.3379127915915,0.0,0
1952,159,525,,cpu,28,-2444.2628900264826,-87.29510321523152,6,True,False,2,12,0,10,0.024246719000594958,0.004813759244322162,0.004884385946622517,1.0494510786873954,1.0261850357055664,0.6136818485600608,1.0261850357055664,,1.1071428571428572,10,18,31,31,0,0,0,7.935483870967742,155.63072036489822,2.5995774,8.2,6,8,7,10,2,1,1,1,150.0,-94.5,-265.0,0.0,-1470.165070974192,-564.5978190522903,0.0,0
1953,107,370,,cpu,6,-646.9614966043139,-107.82691610071898,1,True,False,4,13,0,11,0.23785114785035452,0.002306981070432812,0.0018910312404235203,2.0707555611928306,2.0707555611928306,2.4310050010681152,2.0707555611928306,,2.5,10,4,15,15,0,0,0,9.266666666666667,236.31420256376072,1.9080782,10.6,3,4,3,5,0,0,0,2,100.0,-29.5,-131.0,0.0,-238.4537160396576,-318.0077805646563,0.0,0
1954,294,271,,cpu,3,-1712.696923300773,-570.898974433591,4,True,False,2,5,0,5,0.18212452034155527,0.00030712763449021924,0.0005718821776099503,5.493061224619548,5.493061224619548,4.81764030456543,5.493061224619548,,5.0,10,1,15,15,0,0,0,8.133333333333333,159.46159044353973,0.5519126,5.0,3,4,3,5,0,0,0,0,0.0,-5.0,-131.0,0.0,-1305.8410823345184,-270.8558409662546,0.0,0
1955,298,155,,cpu,24,-2504.7189871391824,-104.36329113079927,6,True,False,11,14,0,11,0.02471629312882821,0.0020378399073403366,0.002994698467470395,1.0402854084968567,1.0402854084968567,0.7030671412746111,1.0402854084968567,,1.2083333333333333,10,14,29,29,0,0,0,7.655172413793103,134.996941220956,2.3806927,10.6,6,7,6,10,4,3,1,0,200.0,-86.0,-254.0,0.0,-1756.5130949020386,-508.20589223714364,0.0,0
1956,272,495,,cpu,7,-3002.405732686588,-428.9151046695126,7,True,False,2,9,0,8,-0.24539351889065333,0.0014241714376826817,0.001382075749071581,2.35416909626552,2.35416909626552,2.4155634471348355,2.35416909626552,,2.142857142857143,10,5,15,15,0,0,0,6.866666666666666,121.77607149804187,2.0526974,10.6,3,4,3,5,2,0,0,1,150.0,-22.5,-131.0,0.0,-2756.6187024116516,-222.28703027493674,0.0,0
1957,204,530,,cpu,6,-971.3621263694527,-161.8936877282421,2,True,False,2,9,0,8,0.14225399494171143,0.0007417710633793225,0.0012390694270531337,2.746530612309774,2.746530612309774,2.792543649673462,2.746530612309774,,2.5,10,4,15,15,0,0,0,7.733333333333333,164.58078684340592,1.9979286,10.6,3,4,3,5,0,0,0,1,50.0,-20.0,-131.0,0.0,-571.9113826751709,-268.4507436942818,0.0,0
1958,177,478,,cpu,20,-2029.8831050619676,-101.49415525309838,6,True,False,2,15,0,13,-0.02773360894061625,0.0008467138615856129,0.0042684735031798485,1.6295033633708953,1.628606116771698,0.8594260066747665,1.628606116771698,,1.25,10,13,25,25,0,0,0,7.4,144.6908052263702,1.9325033,9.4,6,7,5,7,3,1,2,2,250.0,-86.0,-206.0,0.0,-1494.775570802858,-413.10753425910946,0.0,0
1959,31,493,,cpu,6,-1642.7767946770928,-273.7961324461821,4,True,False,2,8,0,8,-0.07982463762164116,0.00011208050849139302,0.0013827046980926145,2.746530612309774,2.746530612309774,2.2514429489771524,2.746530612309774,,2.5,10,4,15,15,0,0,0,9.333333333333334,191.42358639581744,1.9931374,10.6,3,4,3,5,0,0,0,2,100.0,-20.0,-131.0,0.0,-1246.1709439754486,-315.6058507016441,0.0,0
1960,307,200,,cpu,7,-707.3252052522736,-101.04645789318194,1,True,False,5,13,0,9,0.06803220084735326,0.000209083022395719,0.001096239105598735,1.4853153909955705,1.4853153909955705,2.07135009765625,1.4853153909955705,,2.142857142857143,10,5,15,15,0,0,0,8.466666666666667,173.66286821860686,2.1347075,10.6,3,4,3,5,1,0,0,1,100.0,-27.0,-131.0,0.0,-336.08322739601135,-283.2419778562622,0.0,0
1961,246,498,,cpu,7,-270.35782097945867,-38.62254585420838,0,True,False,,13,0,10,0.1085800507238933,0.0005245460072598819,0.001094506579517786,1.4853153909955705,1.4853153909955705,2.2523888519832065,1.4853153909955705,,2.142857142857143,10,5,15,15,0,0,0,6.866666666666666,122.01204051311478,1.8800116,10.6,3,4,3,5,2,0,0,1,150.0,-27.0,-131.0,0.0,0.0,-222.3578209794586,0.0,0
1962,267,451,,cpu,3,-334.9807419576111,-111.66024731920369,0,True,False,,5,0,5,0.11654556294282277,0.00018550674334013215,0.0005378890200518072,3.465735912322998,3.465735912322998,5.827384948730469,3.465735912322998,,5.0,10,1,15,15,0,0,0,6.133333333333334,97.08222571129993,0.5507246,5.0,3,4,3,5,0,0,0,0,0.0,-5.0,-131.0,0.0,0.0,-198.98074195761112,0.0,0
1963,113,350,,cpu,6,-382.7769552908473,-63.796159215141216,0,True,False,,11,0,8,-0.04930552840232849,0.00042851597512102063,0.0019022202080426116,1.732867956161499,1.732867956161499,2.598377307256063,1.732867956161499,,2.5,10,4,15,15,0,0,0,9.2,235.54478498439724,1.9913188,10.6,3,4,3,5,0,0,0,2,100.0,-24.0,-131.0,0.0,0.0,-317.77695529084724,0.0,0
1964,237,549,,cpu,8,-242.30025607636162,-30.287532009545203,0,True,False,,12,0,9,-0.05244936584495008,0.0008810034895532226,0.001063085459463764,1.728079915046692,1.730124592781067,1.8938503563404083,1.730124592781067,,1.875,10,6,15,15,0,0,0,7.4,149.10398291907273,2.4858193,9.4,3,4,3,5,0,0,0,4,200.0,-28.5,-131.0,0.0,0.0,-252.80025607636162,0.0,0
1965,150,541,,cpu,6,-2520.3951585440655,-420.06585975734424,7,True,False,2,9,0,8,-0.5611415505409241,0.007560835375140111,0.0011204797968578835,2.746530612309774,2.746530612309774,2.616079807281494,2.746530612309774,,2.5,10,4,15,15,0,0,0,9.533333333333333,202.2188452692004,2.2922113,10.6,3,4,3,5,0,0,0,1,50.0,-20.0,-131.0,0.0,-2054.3335378170013,-325.0616207270643,0.0,0
1966,79,476,,cpu,7,-2020.700472636556,-288.67149609093656,6,True,False,2,8,0,6,-0.3956842167036874,0.0035767616438014166,0.0015198099011156177,2.381274087088449,2.353457655225481,2.3023270198277066,2.353457655225481,,2.142857142857143,10,5,15,15,0,0,0,6.533333333333333,110.34741115019091,1.8657564,8.6,3,4,3,5,1,0,0,1,100.0,-16.5,-131.0,0.0,-1705.8821260929108,-217.3183465436452,0.0,0
1967,21,421,,cpu,6,-2224.1125770025938,-370.6854295004323,6,True,False,2,10,0,9,-0.4057426452636719,0.003053678328190775,0.0016181899603301038,2.746530612309774,2.746530612309774,2.7393747568130493,2.746530612309774,,2.5,10,4,15,15,0,0,0,7.133333333333334,127.47462230503649,1.8440124,9.6,3,4,3,5,0,0,0,1,50.0,-21.5,-131.0,0.0,-1844.74259018898,-236.86998681361354,0.0,0
1968,151,379,,cpu,6,-432.07325923991294,-72.01220987331882,0,True,False,,7,0,6,0.094154658416907,0.0004738605275633745,0.0013076511580341805,1.732867956161499,1.732867956161499,2.4126046895980835,1.732867956161499,,2.5,10,4,15,15,0,0,0,9.2,234.8657981479496,2.034847,10.6,3,4,3,5,0,0,0,1,50.0,-13.5,-131.0,0.0,0.0,-317.573259239913,0.0,0
1969,229,499,,cpu,13,-1750.7857878845975,-134.67582983727672,4,True,False,2,8,0,7,-0.04400910200694433,0.00022271158181515953,0.0011892487348702091,1.32094852740948,1.32094852740948,1.1273878721090465,1.32094852740948,,1.2307692307692308,10,10,16,16,0,0,0,7.5,156.37530926039088,2.5676832,10.6,3,4,4,5,0,0,0,1,50.0,-21.0,-134.0,0.0,-1278.3182919025421,-277.4674959820554,0.0,0
1970,280,246,,cpu,65,-19109.885828264225,-293.9982435117573,51,True,False,18,39,0,30,-0.1538944179765307,0.4377738453619923,0.010487578757322178,1.0222922196755042,1.020437345137963,0.36071095099815953,1.020437345137963,,1.0,10,33,65,65,0,0,0,7.446153846153846,131.97023402578807,2.1716683,10.6,16,16,13,20,7,4,0,5,600.0,-542.0,-547.0,0.0,-17106.694561243057,-1084.1912670211666,0.0,0
1971,229,508,,cpu,6,-639.8071612462876,-106.63452687438127,1,True,False,4,10,0,8,0.14987196028232574,0.0008266901519770423,0.0010946663387585431,2.0707555611928306,2.0707555611928306,2.783259471257528,2.0707555611928306,,2.5,10,4,15,15,0,0,0,7.733333333333333,164.299747417912,2.068099,10.6,3,4,3,5,0,0,0,2,100.0,-22.0,-131.0,0.0,-318.44072937965393,-268.3664318666336,0.0,0
1972,294,371,,cpu,7,-880.3723184680348,-125.7674740668621,2,True,False,2,7,0,6,0.07542245302881513,0.0006080827338986897,0.0007163008392256286,2.35416909626552,2.35416909626552,1.8888595615114485,2.35416909626552,,2.142857142857143,10,5,15,15,0,0,0,6.333333333333333,111.45605497738092,1.8423828,10.6,3,4,3,5,1,0,0,1,100.0,-12.0,-131.0,0.0,-615.2969539165497,-212.0753645514851,0.0,0
1973,277,317,,cpu,7,-315.00181167981555,-45.00025881140222,0,True,False,,22,0,19,0.0972873547247478,0.0005802244891778433,0.0016497418483985321,1.4853153909955705,1.4853153909955705,2.2175505501883372,1.4853153909955705,,2.142857142857143,10,5,15,15,0,0,0,8.133333333333333,159.94815948874296,1.8796505,9.6,3,4,3,5,1,0,0,2,150.0,-43.0,-131.0,0.0,0.0,-271.00181167981555,0.0,0
1974,167,417,,cpu,7,-283.0792065827565,-40.439886654679505,0,True,False,,14,0,11,0.03422174070562635,8.688604683421934e-05,0.0018145078460552863,1.4853153909955705,1.4853153909955705,2.3157203878675188,1.4853153909955705,,2.142857142857143,10,5,15,15,0,0,0,7.466666666666667,139.2806519544141,1.7979742,10.6,3,4,3,5,1,0,0,2,150.0,-28.0,-131.0,0.0,0.0,-244.0792065827565,0.0,0
1975,258,334,,cpu,5,-315.58251456887166,-63.11650291377433,0,True,False,,12,0,11,-0.08301897346973419,0.00037983901711413637,0.001321880181785673,2.079441547393799,2.079441547393799,3.1510940074920653,2.079441547393799,,3.0,10,3,15,15,0,0,0,6.333333333333333,111.47988836866938,1.3902082,9.4,3,4,3,5,1,0,0,0,50.0,-22.5,-131.0,0.0,0.0,-212.08251456887166,0.0,0
1976,98,538,,cpu,6,-302.69076984803297,-50.44846164133883,0,True,False,,17,0,14,-0.09252994942168395,0.0008520415146146357,0.0020365624707968286,1.732867956161499,1.732867956161499,2.0828236838181815,1.732867956161499,,2.5,10,4,15,15,0,0,0,9.466666666666667,200.98267567242928,2.3429184,10.6,3,4,3,5,0,0,0,4,200.0,-37.0,-131.0,0.0,0.0,-324.6907698480329,0.0,0
1977,287,297,,cpu,7,-659.555594909801,-94.22222784425729,1,True,False,2,14,0,9,-0.1892343078340803,0.0017518331296741962,0.00099398017794426,2.35416909626552,2.35416909626552,2.219195638384138,2.35416909626552,,2.142857142857143,10,5,15,15,0,0,0,8.133333333333333,158.88929347796662,1.8850213,9.6,3,4,3,5,1,0,0,1,100.0,-22.5,-131.0,0.0,-295.3714430332184,-270.68415187658263,0.0,0
1978,251,499,,cpu,7,-1365.694884993426,-195.09926928477515,3,True,False,2,9,0,8,-0.2953102035181863,0.0026853689092344473,0.0009782419157480554,2.35416909626552,2.35416909626552,1.971794537135533,2.35416909626552,,2.142857142857143,10,5,15,15,0,0,0,6.866666666666666,122.18999132612193,1.9464198,10.6,3,4,3,5,2,0,0,0,100.0,-22.0,-131.0,0.0,-1060.2836787700653,-222.41120622336075,0.0,0
1979,255,406,,cpu,7,-1519.7434171471355,-217.10620244959077,4,True,False,2,11,0,11,-0.2771181549344744,0.0014897245564498007,0.0010623004553573473,2.35416909626552,2.35416909626552,2.4341088022504533,2.35416909626552,,2.142857142857143,10,5,15,15,0,0,0,6.133333333333334,97.17584601010141,1.5121067,8.6,3,4,3,5,2,0,0,1,150.0,-21.5,-131.0,0.0,-1278.234589099884,-199.00882804725154,0.0,0
1980,260,137,,cpu,150,-69365.37587475311,-462.43583916502075,183,False,True,15,230,148,175,-0.9329821047186851,0.810047711978356,0.17870618587359785,0.9053481721878052,0.9193825221061707,0.2482190994421641,0.9193825221061707,,0.8866666666666667,10,82,133,133,0,0,0,7.932330827067669,141.58316796821262,2.2917562,10.6,30,36,27,40,7,7,0,10,850.0,-9755.0,-1119.0,0.0,-55901.15246772766,-2390.223407025447,0.0,0
1981,159,372,,cpu,7,-369.3876396455325,-52.76966280650464,0,True,False,,10,0,8,0.1286392424787794,0.001107238490866231,0.0017541781500247972,1.729999337877546,1.467538288661412,2.086064968790327,1.467538288661412,,2.142857142857143,10,5,15,15,0,0,0,8.266666666666667,200.50287029819168,2.2354362,10.6,3,4,3,5,0,0,0,2,100.0,-23.0,-131.0,0.0,0.0,-285.38763964553254,0.0,0
1982,231,511,,cpu,6,-1607.656734207052,-267.9427890345087,4,True,False,2,9,0,7,0.048203526685635247,0.0010329318526297964,0.0010354042654701818,2.746530612309774,2.746530612309774,2.6875131527582803,2.746530612309774,,2.5,10,4,15,15,0,0,0,7.733333333333333,163.72561582391137,1.9930506,10.6,3,4,3,5,0,0,0,2,100.0,-19.5,-131.0,0.0,-1258.9625418186188,-268.1941923884334,0.0,0
1983,88,586,,cpu,6,-378.3268370377948,-63.05447283963247,0,True,False,,14,0,8,0.27449870109558105,0.004188597978403171,0.0014566367899533361,1.732867956161499,1.732867956161499,2.4376441637674966,1.732867956161499,,2.5,10,4,15,15,0,0,0,9.133333333333333,195.19464873440242,2.463195,9.6,3,4,3,5,0,0,0,2,100.0,-22.0,-131.0,0.0,0.0,-315.3268370377948,0.0,0
1984,283,135,,cpu,150,-54935.538056922356,-366.2369203794824,148,False,True,25,195,173,146,-0.5853398733834425,0.3896872756133477,0.0459397356879587,0.8753983581066132,0.8766219758987427,0.14407941937446594,0.8766219758987427,,0.8866666666666667,10,77,133,133,0,0,0,7.93984962406015,140.98519360937397,2.4240966,10.6,30,36,27,40,2,7,1,2,200.0,-5074.5,-1119.0,0.0,-45366.42743349075,-2405.610623431603,0.0,0
1985,207,412,,cpu,19,-3986.461854768517,-209.81378182992194,12,True,False,2,15,0,13,-0.09073864374505847,0.0025350083753054556,0.002948775290094904,1.1653760106940019,1.1653760106940019,0.8440649572171663,1.1653760106940019,,1.1578947368421053,10,12,22,22,0,0,0,7.2727272727272725,138.90910656063306,2.1392558,10.6,5,7,5,5,3,0,0,0,150.0,-71.0,-171.0,0.0,-3414.119231700897,-350.3426230676196,0.0,0
1986,79,509,,cpu,29,-2764.814821402151,-95.33844211731557,6,True,False,8,31,0,25,0.020991140534972835,0.003759926316269198,0.01138175599445621,0.9360182367522141,0.9366551432116278,0.5679422246998754,0.9366551432116278,,1.0689655172413792,10,18,31,31,0,0,0,9.161290322580646,181.05346655750583,2.6157694,9.6,6,9,6,10,1,1,0,6,350.0,-281.5,-270.0,0.0,-1759.341287612915,-643.9735337892363,0.0,0
1987,274,115,,cpu,7,-468.14728043320986,-66.87818291902998,0,True,False,,10,0,8,0.21695452077048166,0.0033305261749774218,0.0008298951101356319,1.4853153909955705,1.4853153909955705,2.2214790071759904,1.4853153909955705,,2.142857142857143,10,5,15,15,0,0,0,8.866666666666667,177.25368396003316,2.30982,9.6,3,4,3,5,1,0,0,0,50.0,-21.0,-131.0,0.0,0.0,-306.1472804332099,0.0,0
1988,209,473,,cpu,7,-1536.0775116352982,-219.4396445193283,4,True,False,2,7,0,7,-0.020985875810895647,0.0005236968547563947,0.0011902530511308993,2.35416909626552,2.35416909626552,1.9326658930097307,2.35416909626552,,2.142857142857143,10,5,15,15,0,0,0,7.466666666666667,145.80362841256286,1.8728826,10.6,3,4,3,5,1,0,0,0,50.0,-19.0,-131.0,0.0,-1170.041412115097,-246.03609952020116,0.0,0
1989,23,394,,cpu,6,-487.8959481690893,-81.31599136151489,0,True,False,,6,0,6,0.08345264941453934,0.0003462563393744252,0.0013124272227287292,1.732867956161499,1.732867956161499,2.721616268157959,1.732867956161499,,2.5,10,4,15,15,0,0,0,11.0,302.0581650175309,2.216947,10.6,3,4,3,5,0,0,0,1,50.0,-11.5,-131.0,0.0,0.0,-375.39594816908937,0.0,0
1990,125,397,,cpu,6,-1071.0574815712503,-178.50958026187504,3,True,False,2,16,0,14,-0.217976247270902,0.0007735050773286881,0.0025367908334980407,2.746530612309774,2.746530612309774,2.6831395626068115,2.746530612309774,,2.5,10,4,15,15,0,0,0,9.2,235.54478498439724,1.9913188,10.6,3,4,3,5,0,0,0,3,150.0,-34.5,-131.0,0.0,-737.7805262804031,-317.77695529084724,0.0,0
1991,314,322,,cpu,5,-306.59100280885355,-61.31820056177071,0,True,False,,9,0,8,-0.16449515223503114,0.0009994789259508252,0.0008498923387378454,2.7786066055297853,2.7724468231201174,2.888735771179199,2.7724468231201174,,3.0,10,3,15,15,0,0,0,6.333333333333333,111.5081825019424,1.3644222,8.6,3,4,3,5,1,0,0,0,50.0,-13.5,-131.0,0.0,0.0,-212.09100280885355,0.0,0
1992,99,501,,cpu,6,-300.43022828151084,-50.07170471358514,0,True,False,,24,0,12,-0.17295571664969125,0.0016195364684487383,0.0020702563730689385,1.732867956161499,1.732867956161499,2.680263876914978,1.732867956161499,,2.5,10,4,15,15,0,0,0,9.533333333333333,201.7808704506889,2.283634,10.6,3,4,3,5,0,0,0,4,200.0,-34.5,-131.0,0.0,0.0,-324.93022828151084,0.0,0
1993,160,142,,cpu,7,-1955.0001406154115,-279.2857343736302,6,True,False,2,15,0,10,-0.42900254896708895,0.006972949020564556,0.0015555471098715706,2.3283442769731795,2.3531885828290666,1.794199960572379,2.3531885828290666,,2.142857142857143,10,5,15,15,0,0,0,10.266666666666667,252.30809754161916,2.5208867,10.6,3,4,3,5,0,0,0,2,100.0,-35.5,-131.0,0.0,-1537.0281636714935,-351.4719769439181,0.0,0
1994,246,419,,cpu,6,-1200.637581335303,-200.10626355588383,3,True,False,2,11,0,9,-0.34406334161758423,0.002986508479807526,0.001120970380725339,2.746530612309774,2.746530612309774,2.4944403767585754,2.746530612309774,,2.5,10,4,15,15,0,0,0,6.133333333333334,97.56054188263596,1.3516451,8.6,3,4,3,5,2,1,0,0,100.0,-19.5,-131.0,0.0,-951.0133445262909,-199.1242368090119,0.0,0
1995,260,149,,cpu,150,-69666.71256302927,-464.44475042019513,189,False,True,49,198,93,147,-0.9134305424988269,0.7558945008739829,0.13078231328671489,0.901959220568339,0.9332520322004954,0.21742072264353435,0.9332520322004954,,0.8866666666666667,10,78,133,133,0,0,0,7.857142857142857,140.03459405858518,2.262187,9.6,30,36,27,40,13,10,0,10,1150.0,-8923.0,-1119.0,0.0,-57441.96681976318,-2372.74574326609,0.0,0
1996,246,497,,cpu,7,-931.3799097683718,-133.05427282405313,2,True,False,2,12,0,9,-0.07621216986860548,0.0001802240004898132,0.0011683786953134196,2.35416909626552,2.35416909626552,1.9320008073534285,2.35416909626552,,2.142857142857143,10,5,15,15,0,0,0,6.866666666666666,122.65538451464123,1.904363,10.6,3,4,3,5,2,0,0,1,150.0,-25.0,-131.0,0.0,-672.8290855884552,-222.55082417991656,0.0,0
1997,115,525,,cpu,150,-88915.59761859197,-592.7706507906131,270,False,True,40,216,187,165,-1.2225914522012076,1.2762582797308764,0.14859435650869274,0.8635561561584473,0.8770718423525492,0.2584612454970678,0.8770718423525492,,0.88,10,86,132,132,0,0,0,8.030303030303031,153.26824919308305,2.6588457,10.6,26,36,25,45,9,4,0,9,900.0,-9030.5,-1168.0,0.0,-76172.63620197773,-2414.4614166142437,0.0,0
1998,178,165,,cpu,7,-2470.1447560099155,-352.87782228713075,8,True,False,2,8,0,5,0.006466904389006751,0.001235192284054522,0.0011447172478905746,0.6277784620012555,0.6277784620012555,0.7665900162288121,0.6277784620012555,,0.5714285714285714,2,4,4,4,0,0,0,5.0,0.0,0.0,0.0,0,0,0,4,0,0,0,1,50.0,-16.5,-60.0,0.0,-2402.052563428879,-41.59219258103681,0.0,0
1999,174,119,,cpu,150,-13271.742107223794,-88.47828071482529,0,False,True,,380,380,286,0.20977657165378333,0.2643491588740638,0.1324493948331413,0.5550251956780752,0.5718745613098144,0.19332066148519517,0.5718745613098144,,0.82,10,93,123,123,0,0,0,9.097560975609756,195.18235183254055,2.6143394,10.6,26,32,25,40,8,8,0,7,750.0,-9473.5,-1061.0,0.0,0.0,-2527.242107223795,0.0,0
2000,263,538,,cpu,7,-326.45292763362636,-46.63613251908948,0,True,False,,18,0,12,0.3373186843735831,0.007979523856192827,0.0012998710070470615,1.4853153909955705,1.4853153909955705,2.1989542075565884,1.4853153909955705,,2.142857142857143,10,5,15,15,0,0,0,6.866666666666666,122.32906269367398,1.891817,10.6,3,4,3,5,2,0,0,0,100.0,-33.0,-131.0,0.0,0.0,-222.4529276336264,0.0,0
