episode,ignition_name,device,n_ticks,reward,buildings_destroyed,contained,policy_loss,value_loss,classification_loss,entropy,value_grad_norm,other_grad_norm,wall_time_s
1,sullivan_canyon,mps,150,-51578.50967609839,186,False,-93025.10842885335,623572443.8714559,0.2218154493967692,4.142678894996643,38985808.0,75125888.0,6.8376078750006855
2,topanga_ridge,mps,150,-26382.3127149604,94,False,6.798738054434458,2.741264906724294,0.2506074238816897,4.205741378466288,2111.033203125,3869.231689453125,6.371111957996618
3,sullivan_canyon,mps,150,-45193.886366070714,167,False,-0.3666887134561936,0.5867872025562004,0.1970122707883517,4.192252000172933,468.835205078125,942.3768920898438,6.278842832994997
4,sullivan_canyon,mps,150,-70808.6398858216,256,False,-5.786671318511168,3.2051302807203803,0.18238002434372902,4.1932809972763065,2385.265380859375,3791.510498046875,6.2887117080099415
5,stone_canyon,mps,150,-167464.8218376155,575,False,-17.212911241799592,19.715756358414072,0.17154325395822526,4.189927574793498,5425.32275390625,9313.1376953125,6.1682930840033805
6,topanga_ridge,mps,150,-28128.55868913034,101,False,6.020335450172424,2.50072811126709,0.23571741993228595,4.179163274765014,2859.290283203125,4421.568359375,6.365998166991631
7,stone_canyon,mps,150,-174589.84536870365,597,False,-5.780369384189447,2.6455608065550527,0.13966915249824524,4.164334295590718,1597.4757080078125,2718.58984375,6.4067627920012455
8,stone_canyon,mps,150,-109366.4665184095,375,False,2.2349249180903037,1.0406109371405303,0.11701361368099848,4.145126687685648,1965.40576171875,2969.817138671875,6.4435584580060095
9,topanga_ridge,mps,150,-12952.678719548632,43,False,8.903709147771199,5.62141508102417,0.2134290908028682,4.1269762961069745,4637.6064453125,7500.88037109375,6.6547510829987
10,sullivan_canyon,mps,150,-54475.06326226367,201,False,5.028967963059743,2.023756642738978,0.1672006487349669,4.1249101384480795,2810.939208984375,4370.71826171875,6.2690904999908525
11,topanga_ridge,mps,150,-18678.722430464815,66,False,6.94341233253479,3.522878851890564,0.2217812019586563,4.127502331733703,3504.606201171875,5484.974609375,5.963736416000756
12,stone_canyon,mps,150,-130055.81992640819,448,False,-1.5958270282546678,0.5270496974101601,0.1313716941823562,4.132413840293884,204.34164428710938,623.8548583984375,6.461589792001178
13,topanga_ridge,mps,150,-8091.040329586977,23,False,6.731096436182658,3.0141543173789977,0.24787940785288812,4.12703928788503,3023.00390625,4434.0185546875,6.319750916998601
14,stone_canyon,mps,150,-113489.86916821563,392,False,-1.4184045819148379,0.4522037795805742,0.11628581151366234,4.131467769940694,161.43408203125,521.3899536132812,6.614764791011112
15,stone_canyon,mps,150,-98089.80424007728,337,False,-0.5067165019921959,0.1582575177881836,0.12561906911432744,4.1336061509450275,57.321048736572266,211.06332397460938,6.3804570409993175
16,stone_canyon,mps,150,-86458.1015874929,292,False,-0.25191993423427145,0.17935156592838364,0.0889288794497649,4.138035786946615,381.8097229003906,577.6898803710938,6.35307579099026
17,stone_canyon,mps,150,-111846.92902793817,386,False,-1.6828574797262748,0.41655155905745533,0.11270870598653952,4.15025022983551,692.1051635742188,1064.686279296875,6.492954582994571
18,sullivan_canyon,mps,150,-47369.38674440623,173,False,3.1570130201180775,0.5949031269550323,0.1296695054570834,4.1633657995859785,947.2528686523438,1587.565185546875,6.148247250006534
19,sullivan_canyon,mps,150,-57325.80628591392,208,False,2.0493480343275103,0.3191771491753213,0.13752666004002095,4.180417415301005,411.6933898925781,820.096923828125,6.08031554199988
20,stone_canyon,mps,150,-144713.13516012434,496,False,-5.075790644735098,2.0059874945906144,0.11251667586465676,4.200387136141459,1783.7606201171875,2810.33154296875,6.00436108399299
21,sullivan_canyon,mps,150,-56320.47993067925,215,False,1.817904042188699,0.339329857759504,0.16056995533406734,4.2143501440684,277.6775207519531,674.0565185546875,5.9671844160038745
22,topanga_ridge,mps,150,-7243.179823975739,20,False,5.571772067546845,1.7896041504542033,0.19108989800016085,4.229910984039306,1720.3448486328125,2796.022705078125,5.952014041991788
23,topanga_ridge,mps,150,-10757.386742426625,34,False,4.537864091793696,1.174837553302447,0.1778658745934566,4.237519076665243,1276.9095458984375,2073.594970703125,6.130518917008885
24,stone_canyon,mps,150,-158920.74459350458,545,False,-7.656094014445941,3.9674446802268117,0.12007991986970107,4.246193564732869,2647.2294921875,3889.408203125,6.0582340830005705
25,topanga_ridge,mps,150,-16752.674904539424,57,False,2.986564949452877,0.5586638118776803,0.17276704385876657,4.251549073855082,640.2899169921875,1013.1015014648438,5.893765083004837
26,stone_canyon,mps,150,-193568.62120491415,659,False,-10.47936645820737,6.927038329798597,0.1167272045214971,4.257710669835409,3242.53369140625,4940.8515625,6.189339582997491
27,stone_canyon,mps,150,-141281.2364852938,482,False,-6.103748969286681,2.2204012321174376,0.11612790569663048,4.264364182154337,1930.2850341796875,2730.4140625,5.997081791996607
28,stone_canyon,mps,150,-151146.85704384322,520,False,-6.901637300848961,2.90463609086078,0.12084592541058858,4.268527504603068,2337.746337890625,3302.67333984375,5.901725916992291
29,stone_canyon,mps,150,-144878.59939755744,495,False,-5.6708040178443,2.01461232209389,0.11956079656879107,4.2704708814620975,1366.5740966796875,1993.9830322265625,6.197013833996607
30,sullivan_canyon,mps,150,-55352.469679272224,215,False,0.24600923332075278,0.07956121242264393,0.15083420192201932,4.268937827746074,35.85519027709961,114.04026794433594,6.0872531670029275
31,topanga_ridge,mps,150,-10031.623986240076,30,False,3.63897399187088,0.7587225225071113,0.14573147182663282,4.272683895428975,1056.482666015625,1472.6007080078125,6.245639250002569
32,topanga_ridge,mps,150,-20340.905293919383,72,False,2.6093046327804528,0.42904934831650887,0.17152439589301746,4.277121478716532,686.5272827148438,999.8916015625,6.13378545800515
33,stone_canyon,mps,150,-130466.45251733945,447,False,-4.497446757654349,1.246272087519416,0.10438148488601048,4.280359913508097,1230.0255126953125,1720.8121337890625,6.060594291993766
34,topanga_ridge,mps,150,-18840.637207949396,66,False,2.595485080086316,0.4068612392384546,0.17747580982744693,4.282271358172099,687.6211547851562,990.947998046875,6.052139499995974
35,topanga_ridge,mps,150,-10971.557988624205,35,False,2.8907261443138124,0.5287384236004437,0.17485874245564142,4.282603993415832,855.0535888671875,1185.6837158203125,5.751174165998236
36,stone_canyon,mps,150,-116445.5929003164,399,False,-4.176314630222818,1.0485188568302206,0.10349314053853353,4.281348881721496,1101.0631103515625,1497.005126953125,6.112219291986548
37,sullivan_canyon,mps,150,-80279.93845516242,287,False,-2.43283473610878,0.475374081688545,0.15133684081335863,4.279719990094502,850.4417114257812,1169.898193359375,6.035737250000238
38,stone_canyon,mps,150,-141085.65797664016,481,False,-5.860210123062134,2.0235727438662434,0.10673061914741994,4.280309011141459,1611.5667724609375,2202.063720703125,6.2373326670058304
39,topanga_ridge,mps,150,-6151.592059956024,15,False,3.31012624224027,0.6644566065942248,0.16964937093357246,4.279227533340454,1033.1712646484375,1413.683837890625,5.9779159580066334
40,stone_canyon,mps,150,-105754.38804275771,363,False,-3.331423535818855,0.6980380654285545,0.09854613748689492,4.280368806521098,1059.0877685546875,1462.387451171875,6.070742833006079
41,stone_canyon,mps,150,-148440.27595206496,509,False,-6.46447692801555,2.426222117469879,0.10755691029131413,4.283176719347636,1694.9149169921875,2281.251953125,5.84269195899833
42,topanga_ridge,mps,150,-18384.555703455397,65,False,2.7516675453757244,0.48805151888895126,0.1627361560612917,4.282974932988485,851.4318237304688,1168.0860595703125,5.924044125000364
43,stone_canyon,mps,150,-119537.41320737159,410,False,-3.493316141019265,0.8070910906383263,0.09883978217840195,4.27878885269165,767.4934692382812,1105.6666259765625,5.678440082992893
44,topanga_ridge,mps,150,-13701.335644791154,45,False,3.5349428451061247,0.7390204216912388,0.15702561996877193,4.281160430908203,1155.72412109375,1571.5660400390625,6.045334209004068
45,sullivan_canyon,mps,150,-35804.77436034806,131,False,1.9216511704322572,0.2430780184814472,0.11855891056358814,4.285734675725301,707.45068359375,937.1970825195312,6.066787000003387
46,sullivan_canyon,mps,150,-53616.37417008068,197,False,0.47815577415128546,0.07840243893943503,0.12599334408839544,4.2928049866358435,328.74462890625,476.21533203125,5.932923832995584
47,sullivan_canyon,mps,150,-51496.33261834948,188,False,0.5506513232489427,0.09102242939496136,0.1157676817725102,4.296443945566813,352.0669250488281,474.33612060546875,6.011555874996702
48,topanga_ridge,mps,150,-8190.819202119792,24,False,3.593417449792226,0.7233340320487817,0.14643119672934216,4.305487376848856,1089.0059814453125,1450.258056640625,6.173062250003568
49,sullivan_canyon,mps,150,-69054.81245569458,248,False,-1.6431842914720376,0.2886936390079427,0.12766371617714564,4.316529575983683,789.13427734375,1070.1015625,5.963308708000113
50,stone_canyon,mps,150,-108284.42653686296,373,False,-3.557977291097244,0.7885125271836295,0.1044758622845014,4.3212289190292354,998.6832885742188,1343.446533203125,5.995236749993637
51,topanga_ridge,mps,150,-4591.205542795715,9,False,3.4223016142845153,0.6394047944744428,0.14889268778264522,4.324407731691997,931.9020385742188,1243.13134765625,5.823301208001794
52,topanga_ridge,mps,150,-4197.579281559577,7,False,3.1875236602624257,0.5641551691790422,0.15123847196499507,4.326969469388326,837.009765625,1120.335205078125,6.087793000013335
53,sullivan_canyon,mps,150,-58355.320861950975,217,False,-1.3726836185386249,0.18482181144163465,0.12007045495013396,4.33019898891449,562.470458984375,765.2935180664062,6.106398625008296
54,sullivan_canyon,mps,150,-54047.04006629829,201,False,-1.112251168899238,0.1353715995896862,0.11573809844752153,4.333062572479248,517.2265625,731.8994750976562,6.22778683299839
55,stone_canyon,mps,150,-160046.91460834385,550,False,-8.259346237728993,4.124654608493632,0.10641601266960303,4.33401298681895,2423.068603515625,3249.731689453125,6.009918167008436
56,topanga_ridge,mps,150,-4559.053278225311,8,False,2.8905208625396095,0.47255626268684864,0.16217040672898292,4.341485563913981,704.0726928710938,947.2288818359375,5.8550523330050055
57,topanga_ridge,mps,150,-10705.816985937116,34,False,2.2137590400812526,0.318052727201369,0.1462567313015461,4.34868536790212,466.8578796386719,642.2420043945312,6.194925167001202
58,sullivan_canyon,mps,150,-40802.94747460972,149,False,-0.2622991619942089,0.04999034297798668,0.1101300273090601,4.350591807365418,222.83824157714844,333.9997863769531,6.137118458995246
59,topanga_ridge,mps,150,-13745.302124677684,46,False,1.7382197574339806,0.22464074165928954,0.1469075670093298,4.351170463562012,296.7141418457031,415.2635498046875,5.9660572499997215
60,stone_canyon,mps,150,-137088.7284117844,467,False,-7.325690999403596,3.199906185743627,0.09040737832585971,4.35555908203125,2127.2861328125,2890.02587890625,5.987361834006151
61,sullivan_canyon,mps,150,-44669.1685293471,173,False,-0.8388907006491596,0.08040880370872411,0.11984476866821447,4.361909081141154,402.8500061035156,565.0597534179688,6.242602041995269
62,stone_canyon,mps,150,-115149.88528092043,394,False,-5.355358250439167,1.655371842480575,0.09860717366139093,4.363282880783081,1640.6781005859375,2185.182373046875,6.015626332999091
63,stone_canyon,mps,150,-148984.08176792972,510,False,-7.211983052268624,3.1696062484525465,0.09896695752938589,4.365833174387614,1607.906005859375,2153.646728515625,5.896060416998807
64,topanga_ridge,mps,150,-8065.686024173808,23,False,2.704441960553328,0.4127440566352258,0.13261439035336176,4.371416660944621,755.3510131835938,1001.960205078125,6.109946166994632
65,topanga_ridge,mps,150,-23678.995424694866,84,False,1.424949181235085,0.14914049851573813,0.1542287339270115,4.380467766125997,312.6026611328125,452.069091796875,6.065745125000831
66,topanga_ridge,mps,150,-9047.49174214444,27,False,2.5925641976296903,0.40337790330018225,0.13656245288749536,4.389888324737549,772.4989624023438,1069.28759765625,6.031864082993707
67,topanga_ridge,mps,150,-9613.000922040777,28,False,2.4328768333922683,0.345129549310271,0.12347642953197162,4.394565814336141,698.2559814453125,885.5667724609375,6.100824750013999
68,topanga_ridge,mps,150,-11581.150329657285,37,False,1.953320090274016,0.2484277675881943,0.14656620129942893,4.403078376452128,539.8025512695312,718.6115112304688,5.993085709007573
69,stone_canyon,mps,150,-180446.39376921256,615,False,-11.179040335814157,6.609618934889634,0.1059026010831197,4.411903400421142,3236.634765625,4345.8740234375,6.147916374990018
70,sullivan_canyon,mps,150,-39224.28385090367,144,False,-0.5627758799369137,0.04250567348959379,0.1051921143134435,4.414763352076212,133.39968872070312,380.2366027832031,5.844941624993226
71,topanga_ridge,mps,150,-9373.040406864136,28,False,1.6455803177754085,0.1853740381387373,0.12445745145281156,4.4182519642512,411.63555908203125,542.6558227539062,6.1517353750095936
72,topanga_ridge,mps,150,-8384.95065190783,24,False,1.5078159523010255,0.16124608994772036,0.14113261508444944,4.420402636528015,356.5658874511719,521.1712646484375,6.177859000003082
73,topanga_ridge,mps,150,-22572.40000269378,79,False,-0.08361027584721645,0.09922943574681994,0.14134005784988404,4.4226225010553994,215.795166015625,413.4801940917969,6.087870124989422
74,stone_canyon,mps,150,-130774.1610903855,447,False,-7.641144719918569,3.2006179175774254,0.08676366863151391,4.421002860069275,2080.09228515625,2903.78173828125,5.912878749993979
75,topanga_ridge,mps,150,-23980.760347735984,86,False,-0.3332064748307069,0.0984118579994174,0.13631251481672127,4.419739243189494,321.33502197265625,508.96435546875,5.965399583001272
76,topanga_ridge,mps,150,-20516.08472908195,72,False,0.06903473475327095,0.06276547108917536,0.14278241232037545,4.419778480529785,174.61155700683594,305.9200439453125,6.267379083001288
77,topanga_ridge,mps,150,-27721.936451539274,100,False,-0.399541272521019,0.06830677947569105,0.13976846888661384,4.425974717140198,322.52392578125,509.861328125,6.071374166989699
78,topanga_ridge,mps,150,-25310.232723286073,90,False,-0.11214341361851742,0.059794295852667954,0.14033117254575095,4.436432684262593,168.40504455566406,481.4136047363281,6.093137417003163
79,stone_canyon,mps,150,-174407.76204415568,596,False,-10.162184553742408,5.803406042614951,0.10673688272635141,4.444438171386719,2462.623291015625,3277.5546875,6.231608625006629
80,topanga_ridge,mps,150,-15192.198824725952,51,False,1.3036214613666137,0.126550771118782,0.13799185184141,4.455637723604838,407.91571044921875,558.847412109375,5.936491166998167
81,sullivan_canyon,mps,150,-50135.60053312956,188,False,-1.2729894673079252,0.11888519002068886,0.11025673006971677,4.4613750410079955,240.60716247558594,332.46282958984375,6.154932791003375
82,topanga_ridge,mps,150,-10269.583122924616,32,False,2.1221130418777467,0.2938063849978304,0.14458332108954589,4.469578509330749,720.1743774414062,969.4518432617188,6.192205415994977
83,stone_canyon,mps,150,-115195.84280407286,393,False,-4.8049964473644895,1.3708117133417788,0.08482801854610443,4.475252161026001,1021.6967163085938,1347.4720458984375,6.165723500002059
84,stone_canyon,mps,150,-132888.10649230558,450,False,-6.167332017521064,2.2431691741145916,0.09073717708388965,4.485611384709676,1375.8302001953125,1799.929443359375,5.878318707997096
85,topanga_ridge,mps,150,-6187.82335345996,15,False,3.313175350030263,0.6363639755547047,0.13454884832104047,4.494603160222371,1094.646484375,1443.8802490234375,5.895078790999833
86,stone_canyon,mps,150,-118381.5651277298,405,False,-4.363062776799003,1.261742629640309,0.08784638208647569,4.503673961957296,697.6853637695312,927.5556030273438,6.438035750004929
87,stone_canyon,mps,150,-178061.08085536552,607,False,-8.891834223270417,4.3951248041835305,0.09602718484898408,4.5110320949554445,1960.5299072265625,2460.894287109375,6.341220041998895
88,stone_canyon,mps,150,-153184.80576967928,525,False,-5.920158228836954,2.6112248659076673,0.08961290583014488,4.515810648600261,821.9179077148438,1107.35498046875,6.305318874990917
89,stone_canyon,mps,150,-142359.02610929482,486,False,-5.041711249897878,1.6294194778487023,0.08805406957864761,4.520993831952413,890.4285888671875,1136.4560546875,6.264873499996611
90,stone_canyon,mps,150,-108681.4568608062,374,False,-1.71467092761149,0.562807399494183,0.07901375725865364,4.522795057296753,190.5527801513672,387.7646179199219,6.136569207999855
91,topanga_ridge,mps,150,-21436.48697253575,76,False,4.031632734934489,0.911677841146787,0.12315479377905528,4.530017778078715,1303.9189453125,1653.4324951171875,5.943290749986772
92,topanga_ridge,mps,150,-2786.9239565071803,1,False,5.823646883964539,1.878770682811737,0.11073946145673592,4.5364696423212685,1880.035400390625,2441.08447265625,6.218477624992374
93,stone_canyon,mps,150,-98246.88574783193,337,False,-0.7301573339104652,0.3123189820046537,0.07443735552330812,4.544959637324015,229.6407470703125,406.6697998046875,5.958151582992286
94,topanga_ridge,mps,150,-15107.300202453995,51,False,4.906236572265625,1.2865432596206665,0.12602775812149047,4.560721057256063,1497.10888671875,1957.23193359375,5.932954167001299
95,sullivan_canyon,mps,150,-44663.069577875314,166,False,2.7946684674421944,0.5818156039218108,0.09882274833818276,4.573791786829631,1013.732177734375,1340.2034912109375,5.9924707080062944
96,sullivan_canyon,mps,150,-44757.41038493227,170,False,2.3186049489180247,0.3437356631706158,0.09696041916807492,4.588822323481242,710.8663940429688,896.9205932617188,6.117655833004392
97,topanga_ridge,mps,150,-21978.930336577025,77,False,3.8748323067029316,0.7580993694067001,0.11816183934609095,4.602957515716553,1008.576904296875,1313.3062744140625,6.17385758299497
98,sullivan_canyon,mps,150,-76760.94478231015,276,False,-0.8141381959120433,0.23136004703197008,0.10004921575387318,4.614474229812622,140.98143005371094,245.86834716796875,6.2216852499987
99,topanga_ridge,mps,150,-12932.180151154473,42,False,4.277155691782633,0.889889365832011,0.12482125433782737,4.620733947753906,1039.4075927734375,1379.3280029296875,5.871569250011817
100,topanga_ridge,mps,150,-6226.495277783032,14,False,4.6865587902069095,1.0371669936180115,0.10768467451135318,4.626410525639852,1109.2088623046875,1502.0667724609375,5.983559750005952
101,sullivan_canyon,mps,150,-51182.62891220477,192,False,0.7823301663893896,0.12948245623449262,0.09959347133835157,4.630852931340535,239.71348571777344,357.88909912109375,5.934005332994275
102,sullivan_canyon,mps,150,-43431.78805921755,161,False,1.0094007012620567,0.12500361665703774,0.09340220282475153,4.63633092880249,192.94557189941406,309.24652099609375,5.968895792000694
103,sullivan_canyon,mps,150,-69175.36304621164,257,False,-1.6524530197431644,0.34591648981828865,0.09945722945034503,4.639003133773803,627.3361206054688,896.8500366210938,6.1937331249937415
104,stone_canyon,mps,150,-111753.88201930083,384,False,-4.177034507393837,1.0096326440401997,0.07245608600477378,4.644853420257569,997.0774536132812,1301.7225341796875,6.053052916002343
105,sullivan_canyon,mps,150,-55588.309534934284,201,False,-0.755935995693629,0.16038663765702252,0.09085167201856773,4.65048464457194,358.15850830078125,554.9185180664062,6.184868999989703
106,stone_canyon,mps,150,-147265.4902352768,499,False,-7.165915917754173,2.8612352431030015,0.08011381326864163,4.6539876143137615,1625.8131103515625,2377.904052734375,6.1251651250058785
107,sullivan_canyon,mps,150,-40986.24982547801,152,False,0.511281249448657,0.0781806454480405,0.09739838860929012,4.65578509648641,78.24906921386719,253.3878631591797,6.009065416990779
108,topanga_ridge,mps,150,-16866.965247177388,58,False,2.488355404138565,0.3231841660787662,0.13197527565062045,4.658578230539958,379.6468200683594,627.626220703125,6.140757583008963
109,stone_canyon,mps,150,-107824.78225980139,369,False,-4.221474727193515,1.0065489083285988,0.07419966412087281,4.662892147699992,904.4534301757812,1235.0843505859375,6.058561957994243
110,topanga_ridge,mps,150,-14398.24144276468,48,False,2.6191518779595695,0.34782421390215557,0.11844582232336204,4.666176996231079,438.6270751953125,619.9236450195312,5.914467333001085
111,topanga_ridge,mps,150,-18757.089060831364,66,False,2.0932015267650907,0.24914380487470528,0.12635127415259678,4.668969875971476,315.3202209472656,600.9871826171875,6.244730375008658
112,topanga_ridge,mps,150,-16465.135895698288,56,False,2.158652308615856,0.2592426642717987,0.11345668559273084,4.67144965171814,339.6052551269531,527.34228515625,6.241935083002318
113,topanga_ridge,mps,150,-16024.479526994823,55,False,1.9922368821129204,0.22566555734197513,0.09446185333033402,4.672359997431437,298.95166015625,391.0305480957031,5.920622292003827
114,stone_canyon,mps,150,-142704.61849114546,489,False,-7.584663573056459,2.9501944833182887,0.07331621850530307,4.673157637914022,1589.688720703125,2187.072509765625,6.114392041999963
115,sullivan_canyon,mps,150,-59792.11542647505,223,False,-1.8848054376492898,0.26019781741139014,0.09485087357461452,4.673588930765788,434.4689636230469,622.02880859375,6.467962958005955
116,topanga_ridge,mps,150,-17687.55777770935,61,False,1.4400499760305199,0.15644490169887834,0.13018309817959864,4.675700251261393,182.70350646972656,476.6477966308594,6.006506416000775
117,stone_canyon,mps,150,-97125.01822846611,333,False,-4.527495942376554,1.0663443798935623,0.06303493075072765,4.677471548716227,1071.930908203125,1540.166015625,6.246513958001742
118,stone_canyon,mps,150,-87550.67030401036,300,False,-3.6083153469363847,0.6462830864366454,0.05822151549160481,4.678849862416585,808.0413208007812,1086.6932373046875,5.971400833004736
119,stone_canyon,mps,150,-149049.45581294366,508,False,-8.56428372748817,3.9778059164549266,0.06959846387306849,4.681652094523112,1615.4908447265625,2203.42529296875,6.000769374993979
120,sullivan_canyon,mps,150,-59452.831270567,216,False,-1.8392606649299463,0.2290875692757739,0.08315590960284074,4.6858335304260255,433.74774169921875,626.3462524414062,6.048511583998334
121,sullivan_canyon,mps,150,-58964.042869942976,219,False,-1.6868956928079326,0.19974095564981934,0.09044242508709431,4.688384056091309,360.4291076660156,501.0979309082031,6.16305016700062
122,topanga_ridge,mps,150,-15439.74299811362,52,False,2.3807400904161233,0.3119419427328588,0.10974788255989551,4.690512364705404,486.426025390625,698.1979370117188,5.92576141700556
123,stone_canyon,mps,150,-124805.16963256102,425,False,-5.814767738481363,1.7281836403376656,0.06960936362544695,4.691774622599284,1061.1502685546875,1451.5411376953125,6.097062667002319
124,stone_canyon,mps,150,-152375.98696525037,520,False,-7.629477192262809,3.0231655360610845,0.08272800246874491,4.694179271062215,1355.788818359375,1824.0802001953125,5.966740000003483
125,sullivan_canyon,mps,150,-49724.297948929416,184,False,0.2399087960086763,0.11831357359660614,0.09154554732143878,4.697015574773153,197.00057983398438,388.554931640625,6.133497250004439
126,sullivan_canyon,mps,150,-52816.305633443066,199,False,0.2056420445193847,0.12366161451921168,0.08812250728408495,4.6996052424112955,250.95997619628906,438.67822265625,6.292395416996442
127,topanga_ridge,mps,150,-13643.166638799055,45,False,3.5478173855940502,0.6381749867523709,0.11178465500473976,4.702496547698974,795.0352783203125,1142.280029296875,6.180896916994243
128,sullivan_canyon,mps,150,-52483.79796653094,190,False,0.3048163308451573,0.13485835232905324,0.07624180714289347,4.704844134648641,266.81640625,419.8182373046875,6.150532958999975
129,stone_canyon,mps,150,-124362.60114663448,426,False,-5.284950635458032,1.415586086361703,0.06510269839316607,4.70741081237793,877.0909423828125,1144.73876953125,5.987047374990652
130,topanga_ridge,mps,150,-12846.218788131002,41,False,3.661265054941177,0.6506064967562755,0.09935937351236741,4.709859574635823,783.5234375,1128.1541748046875,6.069448124995688
131,topanga_ridge,mps,150,-16137.709772532597,55,False,3.2124458368619284,0.521716480118533,0.10287527450670798,4.711451613108317,681.1113891601562,958.386474609375,5.876334042011877
132,stone_canyon,mps,150,-162710.2339969819,560,False,-8.01448559384793,3.662061566008139,0.07444469590981802,4.712201662063599,1263.9376220703125,1735.065185546875,5.956441709000501
133,topanga_ridge,mps,150,-5412.835977399935,12,False,4.233292866547902,0.835333164135615,0.10421470715353887,4.711979866027832,875.4288940429688,1231.096923828125,5.9583842499996535
134,stone_canyon,mps,150,-118713.46295714437,407,False,-4.5940590705008555,1.2368252942868214,0.06891584649682045,4.712854566574097,676.2374877929688,981.6472778320312,6.206201708992012
135,stone_canyon,mps,150,-62632.58544569222,214,False,0.0733992467696468,0.029804616241702508,0.06066614585618178,4.712439289093018,88.7117691040039,424.9058837890625,5.9796956250065705
136,sullivan_canyon,mps,150,-44166.03380841657,163,False,0.7774664145770173,0.06323400008564173,0.07924098828186592,4.712411464055379,208.85134887695312,283.654296875,6.014647749994765
137,stone_canyon,mps,150,-129349.19953644689,441,False,-5.725525195449591,1.796457683930251,0.06269099358469248,4.711464961369832,1002.4055786132812,1382.924560546875,5.886127207995742
138,stone_canyon,mps,150,-119172.05702369077,409,False,-4.594057009021441,1.1904814220959088,0.058596688124040765,4.709620774586996,674.5359497070312,893.0032348632812,6.093636124991463
139,sullivan_canyon,mps,150,-47309.62666145485,183,False,0.6030074181842308,0.10273665542479003,0.08770593547572693,4.707877073287964,197.96685791015625,384.45977783203125,6.34585316599987
140,topanga_ridge,mps,150,-13385.76376247436,43,False,3.4101739811897276,0.5334620042145253,0.12320934826508165,4.706173289616903,613.58642578125,984.107666015625,6.216495792003116
141,stone_canyon,mps,150,-123356.48301508247,422,False,-5.42512798661987,1.5464553897478617,0.06071987258891265,4.703294846216838,1003.8416137695312,1356.1865234375,6.228491832996951
142,sullivan_canyon,mps,150,-39354.85881730715,145,False,1.053119319739441,0.08674981001441968,0.07744376748800277,4.70106437365214,150.2046356201172,215.36643981933594,6.110891916992841
143,sullivan_canyon,mps,150,-48518.32032336297,177,False,0.3345954748765022,0.060257879699498675,0.07229541286826134,4.697931722005208,66.80668640136719,285.4972229003906,5.841198000009172
144,sullivan_canyon,mps,150,-48548.16441949537,182,False,0.27574583477961523,0.06688764546166946,0.07943854715675115,4.695112679799398,70.9732894897461,203.80062866210938,6.358855084006791
145,sullivan_canyon,mps,150,-53695.863501038235,201,False,-0.2080503883647422,0.07272453015801147,0.08153834469616413,4.693238903681437,13.869372367858887,103.89220428466797,6.134340374992462
146,stone_canyon,mps,150,-120110.12350658634,411,False,-5.084937237805376,1.4500363099965217,0.05501927537222703,4.690034316380818,843.1072998046875,1219.1162109375,5.883722625003429
147,topanga_ridge,mps,150,-10433.094543905638,32,False,3.3393561466534933,0.5278486226499081,0.07493262293438117,4.6880827871958415,595.6896362304688,800.9576416015625,6.02438320798683
148,topanga_ridge,mps,150,-24683.939812841112,88,False,1.9260306993188958,0.2062183428977975,0.1077814232558012,4.685643796920776,251.2830810546875,470.5732421875,6.0927601250004955
149,topanga_ridge,mps,150,-14776.674444103775,49,False,2.7430508025487264,0.36358852438007794,0.0990098674967885,4.683557631174724,445.5959167480469,596.49072265625,6.0492727079981705
150,topanga_ridge,mps,150,-15382.990935243428,52,False,2.44984684586525,0.3046336053715398,0.09893626148502031,4.682476682662964,380.46856689453125,607.6329956054688,6.225085291007417
151,topanga_ridge,mps,150,-11905.442450125523,39,False,2.4842512075106304,0.32993509924504905,0.09379645812014739,4.680573886235555,396.9753112792969,729.8147583007812,5.813702416009619
152,sullivan_canyon,mps,150,-31558.213762156207,114,False,0.5940035892697051,0.04192167163929611,0.06107557515303294,4.678525231679281,67.53251647949219,450.43243408203125,6.2273844169976655
153,stone_canyon,mps,150,-145677.54260421035,501,False,-8.563757862846057,3.608010847955011,0.06404653642326594,4.675829401016236,1699.20947265625,2269.914306640625,5.8759574580035405
154,stone_canyon,mps,150,-99996.84144098387,342,False,-4.928672206513584,1.292710227700997,0.05141535154854258,4.674607966740926,1016.0872802734375,1436.820068359375,5.796397541998886
155,sullivan_canyon,mps,150,-44857.90083116513,165,False,-1.0657916736602784,0.13193572806555948,0.08261738201603293,4.672377993265788,362.85003662109375,630.9090576171875,5.887624042006792
156,topanga_ridge,mps,150,-16056.907492372786,54,False,1.37968964976569,0.17699339314932028,0.138185062383612,4.671574233373006,128.1448211669922,723.5866088867188,6.068782999995165
157,sullivan_canyon,mps,150,-32603.85739649173,119,False,-0.1630543899939706,0.07921897035679497,0.06555902112275362,4.670665966669718,215.81089782714844,420.6194763183594,6.135174459006521
158,stone_canyon,mps,150,-152167.526763502,520,False,-9.401227436314027,4.367015208843319,0.06788374499728282,4.669019021987915,1829.1920166015625,2491.839111328125,6.024810250004521
159,topanga_ridge,mps,150,-6472.87032556613,16,False,2.3769095921112844,0.3080739761930001,0.08655109936371445,4.668352073033651,399.1657409667969,670.407470703125,5.97529908400611
160,topanga_ridge,mps,150,-30770.273969144462,110,False,0.05825628665431092,0.09364501412101314,0.08676400875051817,4.66783927599589,179.1785125732422,293.2711486816406,5.969417415995849
161,topanga_ridge,mps,150,-14506.641437429687,48,False,1.654983708995084,0.18897552882537033,0.10265577644109726,4.666191832224528,231.58116149902344,1459.708984375,6.727081958990311
162,stone_canyon,mps,150,-116706.4761509249,398,False,-6.652258399228255,2.2607830278462884,0.11705172707637151,4.665668338139852,1382.9849853515625,3274.768798828125,6.65209774998948
163,sullivan_canyon,mps,150,-40260.45178503606,153,False,-0.22852483828552067,0.050084104884856706,0.10558016628026962,4.664616715113322,71.99888610839844,1905.0574951171875,6.164966957992874
164,stone_canyon,mps,150,-135254.5074573321,462,False,-7.868702238599459,3.179064845396206,0.06577741749584674,4.663749287923177,1621.109130859375,2213.1318359375,5.987481166986981
165,sullivan_canyon,mps,150,-70267.63985313421,255,False,-2.758660145055037,0.4347260725261488,0.06989678950359424,4.6637919267018635,491.3911437988281,665.3845825195312,6.083823583001504
166,sullivan_canyon,mps,150,-34941.39282513177,128,False,0.39535218383340787,0.029332124677325738,0.07028249830628434,4.663671700159709,87.9122314453125,273.2916259765625,6.135033625003416
167,stone_canyon,mps,150,-153010.85476854758,522,False,-8.564347148214777,3.7568198362301337,0.058906106278300285,4.663179079691569,1561.1744384765625,2057.69580078125,6.230868500002543
168,sullivan_canyon,mps,150,-45422.49363687007,172,False,0.13387342686454454,0.13043252795391405,0.07547573269655307,4.6633291371663415,267.99896240234375,501.69512939453125,5.864003499998944
169,sullivan_canyon,mps,150,-49553.517658084784,186,False,-0.4235817612241954,0.05492601959703582,0.062023268907020486,4.6633699544270835,46.529449462890625,190.92442321777344,5.961643165996065
170,topanga_ridge,mps,150,-18282.342729379397,63,False,2.4644271038860706,0.3280349811368573,0.07183882866054773,4.663749446868897,527.9656372070312,730.9496459960938,6.110058749996824
171,topanga_ridge,mps,150,-10095.12790000367,31,False,3.2118500133355457,0.556774077254037,0.08346513137221337,4.663803555170695,727.05224609375,1055.60107421875,5.98722891700163
172,topanga_ridge,mps,150,-16818.802569538548,57,False,2.62275493003428,0.35882150766143844,0.09623584419488906,4.663857583999634,553.8279418945312,1395.57177734375,6.157736708002631
173,sullivan_canyon,mps,150,-40315.14580186087,152,False,0.6273411184751119,0.08542512383590245,0.08512036455174288,4.663574975331624,240.72842407226562,1182.529296875,6.2073144580062944
174,sullivan_canyon,mps,150,-48577.18086482095,182,False,-0.19106009400760135,0.07167080843316702,0.069664486857752,4.664184910456339,65.21053314208984,336.97576904296875,6.331288957997458
175,topanga_ridge,mps,150,-22072.090232446713,78,False,1.9011571435381969,0.20987966979747094,0.08931722309440375,4.6624841817220055,357.24884033203125,642.0860595703125,6.042246791999787
176,stone_canyon,mps,150,-139651.90338663466,479,False,-7.160473759720722,2.8433954834202693,0.060761004574596884,4.661460924148559,1315.498291015625,1685.9549560546875,6.28313670901116
177,stone_canyon,mps,150,-142715.78527280258,490,False,-7.002987007225554,2.737907433078411,0.067278584142526,4.661804421742757,1081.8477783203125,1419.864013671875,6.207375792000676
178,stone_canyon,mps,150,-138308.294914486,478,False,-6.91114240385592,2.811536981484581,0.06778140647957723,4.661719811757406,1033.9075927734375,1359.9195556640625,5.997010958992178
179,sullivan_canyon,mps,150,-41846.46272812983,158,False,0.358969039421839,0.024295924834068502,0.08160902847846349,4.661581811904907,81.09925079345703,397.8621826171875,6.070077249998576
180,topanga_ridge,mps,150,-20433.43714281317,71,False,2.1873108251889546,0.2542265111083786,0.10864819039280216,4.66161693572998,387.518798828125,796.6694946289062,6.174298000012641
181,sullivan_canyon,mps,150,-51905.88101165919,196,False,-0.36885976419163247,0.05366894115335223,0.0708333038787047,4.660663496653239,25.937532424926758,297.3083801269531,5.9912167500006035
182,topanga_ridge,mps,150,-6314.2288196414065,16,False,3.6076731133460997,0.6280196818709374,0.0803965663537383,4.660152508417766,728.3970947265625,996.2113647460938,6.092549082997721
183,topanga_ridge,mps,150,-10865.095362493272,34,False,3.116944323380788,0.47048618644475937,0.09161897448201974,4.658722874323527,602.344970703125,1358.9256591796875,6.089287291993969
184,stone_canyon,mps,150,-134497.51402143878,461,False,-5.905802133747687,2.086971088985768,0.12647394547859828,4.657080300649008,824.676513671875,3123.68994140625,6.269270583012258
185,stone_canyon,mps,150,-142114.7987201094,487,False,-7.252028754384567,2.9576566337080537,0.1260760322213173,4.656320190429687,1239.4688720703125,3341.58349609375,6.290294166989042
186,stone_canyon,mps,150,-134818.43880287322,462,False,-6.173957440828284,2.2545488364598714,0.0892426707347234,4.655557241439819,899.4319458007812,1984.05224609375,5.75793129199883
187,topanga_ridge,mps,150,-14127.525820668623,47,False,2.754942057132721,0.37241617299616336,0.08062252391129732,4.655119031270345,494.49749755859375,640.1185302734375,5.986021374992561
188,stone_canyon,mps,150,-107585.08328815417,370,False,-3.8482731528766454,0.9282416830268206,0.05313388504708807,4.654352833429972,540.1865234375,678.7615966796875,6.110816291999072
189,sullivan_canyon,mps,150,-39250.28823446248,145,False,0.7780775184184313,0.0785310527347489,0.06270439172163605,4.653512055079142,208.5893096923828,363.0297546386719,6.107503874998656
190,topanga_ridge,mps,150,-29836.704217670944,108,False,1.2692591678289076,0.1262533844812894,0.10409779956564308,4.652524741490682,122.17471313476562,620.4384155273438,6.147608957995544
191,topanga_ridge,mps,150,-17523.35116105454,61,False,2.359036352833112,0.2960784836827467,0.09138437231381734,4.651116552352906,391.1838073730469,709.4255981445312,5.9008097920013824
192,sullivan_canyon,mps,150,-58048.415613411584,214,False,-1.2572627191245556,0.13617359327870265,0.06437956307083369,4.649485387802124,348.48236083984375,502.003662109375,6.0541060410032514
193,sullivan_canyon,mps,150,-34005.52275018872,126,False,1.094481062789758,0.08320918650443976,0.05279283029337724,4.6464693673451745,252.01231384277344,340.5908203125,6.05164187499031
194,topanga_ridge,mps,150,-23608.38768596786,84,False,1.6450898353755474,0.17187058367298352,0.07422692500054837,4.644577671686808,201.32363891601562,336.45770263671875,6.0463285419973545
195,stone_canyon,mps,150,-123373.22641910105,423,False,-6.588996699526906,2.3150596820927847,0.06065842131773631,4.642131910324097,1481.7572021484375,2023.457275390625,5.986103417002596
196,topanga_ridge,mps,150,-20412.935017981676,72,False,1.78049634963274,0.18637502704941047,0.07681248957912128,4.641230316162109,243.2675018310547,485.854248046875,6.044743916994776
197,topanga_ridge,mps,150,-8543.281553610197,25,False,2.8221994543075564,0.3907685386762023,0.06971827947845062,4.639961064656576,488.4847412109375,640.4779052734375,6.209400624997215
198,stone_canyon,mps,150,-129726.45574180206,446,False,-7.141655039687952,2.5290090362781967,0.04861363217234611,4.6376140721639,1413.18017578125,1810.5064697265625,5.561702500010142
199,stone_canyon,mps,150,-90947.2674191271,310,False,-4.048790516406298,0.9341996567729317,0.04408044998223583,4.636153831481933,908.7070922851562,1181.8416748046875,6.019759792005061
200,topanga_ridge,mps,150,-24847.236849791727,88,False,1.0211771868479749,0.1068835325191382,0.0857215080037713,4.6362779490153,82.13531494140625,600.494140625,6.201704791994416
201,topanga_ridge,mps,150,-23059.677288462488,81,False,1.1802993948385119,0.1262843131924698,0.08128740172833204,4.635495211283366,106.2639389038086,525.8013305664062,6.335628041997552
202,stone_canyon,mps,150,-91035.10594756328,315,False,-3.6346792186796666,0.6869038559453717,0.04845373046894868,4.63571099281311,687.720458984375,923.731689453125,6.113016666000476
203,stone_canyon,mps,150,-157491.30011621414,538,False,-9.233528218170006,4.516225078735346,0.05265566445887089,4.635771773656209,1852.39306640625,2423.294189453125,5.936249999998836
204,stone_canyon,mps,150,-107795.07852498624,370,False,-5.034188380738099,1.3197391160932603,0.06190017767250538,4.6373243967692055,1009.224609375,1502.4676513671875,5.891712458003894
205,stone_canyon,mps,150,-112414.78088950891,389,False,-4.948316886338095,1.4224567610542485,0.06401637449860573,4.6403861872355145,798.60498046875,1334.97802734375,5.984001791992341
206,stone_canyon,mps,150,-108868.1329991503,374,False,-4.9454182674735785,1.2189531878727333,0.05530965816229582,4.643019148508707,924.4640502929688,1353.5584716796875,6.112222374998964
207,topanga_ridge,mps,150,-7337.451962635751,20,False,3.3413811230659487,0.5654816153645515,0.05899270627647638,4.645460300445556,706.476806640625,895.1448364257812,6.060017333991709
208,topanga_ridge,mps,150,-15314.413604838266,51,False,2.734931037243611,0.3771654632012536,0.0697463960883518,4.647121655146281,550.3405151367188,842.9629516601562,5.936675125005422
209,topanga_ridge,mps,150,-6043.9641330609265,14,False,3.692982250849406,0.6697098554670811,0.06633963714664182,4.647911914189657,789.9009399414062,1080.7197265625,5.990758291009115
210,stone_canyon,mps,150,-183675.7023680492,628,False,-10.184450048878789,5.769073152946803,0.06394974592452247,4.64889991124471,1589.827392578125,2016.81494140625,5.8803712079970865
211,stone_canyon,mps,150,-158330.65737046496,544,False,-7.913708080897728,3.598013433460534,0.06083658281092842,4.649194021224975,1187.4849853515625,1510.130615234375,5.878482999993139
212,sullivan_canyon,mps,150,-43944.12878844365,165,False,0.5456429808835188,0.06415453955185513,0.055288474174837274,4.651189594268799,194.83444213867188,272.0113830566406,5.954481000007945
213,sullivan_canyon,mps,150,-50995.61625617639,198,False,0.07148925352375954,0.07772862749768024,0.06318659556408723,4.652631015777588,146.08795166015625,217.71571350097656,6.361294959002407
214,sullivan_canyon,mps,150,-66218.53047401329,246,False,-1.3122393671174843,0.1465236034617798,0.05527920826027791,4.655112965901693,154.7740478515625,365.94085693359375,5.947419333009748
215,sullivan_canyon,mps,150,-87556.16179889801,319,False,-3.308351654460033,0.6624308907310479,0.06064332534869512,4.6563010629018144,630.0663452148438,807.5748901367188,6.290358790996834
216,topanga_ridge,mps,150,-5159.78677877208,11,False,4.096685470740001,0.8634352217117945,0.05945327845091621,4.657675065994263,883.298583984375,1141.30859375,6.2405718749942025
217,topanga_ridge,mps,150,-35665.19957877172,130,False,1.3086620314698667,0.10474862614338083,0.06849200810616216,4.658349224726359,188.0848846435547,470.29486083984375,6.1545085000107065
218,topanga_ridge,mps,150,-11441.974235648135,36,False,3.6280089457829794,0.6231351666152477,0.0612617015466094,4.657722288767497,720.6294555664062,937.6970825195312,6.047587000008207
219,topanga_ridge,mps,150,-22822.54894721527,81,False,2.4468170014272133,0.291958539976525,0.06279530473053456,4.657822392781576,438.62762451171875,690.3241577148438,6.177691167002195
220,stone_canyon,mps,150,-90829.30359936798,314,False,-2.544613278557857,0.4115515453257831,0.05255392881731192,4.658685255050659,382.6436462402344,938.0230712890625,6.0999641670059646
221,topanga_ridge,mps,150,-11677.82648167471,37,False,3.4257098762194316,0.5343627246220907,0.05914961432417234,4.659148413340251,631.4520263671875,809.8421630859375,5.862778042006539
222,stone_canyon,mps,150,-136133.4334385617,467,False,-6.335460510378082,2.2357461858743046,0.050375643881658716,4.661108013788859,1031.530517578125,1369.342041015625,6.124559832998784
223,sullivan_canyon,mps,150,-59972.8409178933,223,False,-1.0404080348213514,0.1464611926325597,0.05448089218388001,4.662796557744344,176.97628784179688,382.3235168457031,6.053273208002793
224,sullivan_canyon,mps,150,-58152.87128852762,220,False,-0.6640887826681137,0.12876106572104618,0.05652532695482174,4.664047082265218,38.42210006713867,299.9622497558594,6.055341332990793
225,stone_canyon,mps,150,-136168.1296213414,466,False,-6.76477612922589,2.5315481779844657,0.0471932540461421,4.666111094156901,1117.8253173828125,1527.5413818359375,6.147437292005634
226,stone_canyon,mps,150,-114986.79343007982,393,False,-5.094451267421245,1.3465373580888749,0.058478915964563685,4.667585748036703,889.0526733398438,1709.333984375,5.991634958001669
227,sullivan_canyon,mps,150,-42969.44325443447,157,False,0.6141482589937126,0.04258631016952533,0.05619906865060329,4.6691934521993,101.59879302978516,1215.712158203125,6.152083207998658
228,stone_canyon,mps,150,-145852.17614344362,498,False,-6.692945580345889,2.6977138827244547,0.05063531626015902,4.670349655151367,875.3989868164062,1178.068115234375,5.93901470801211
229,topanga_ridge,mps,150,-12320.89960684166,39,False,3.579129738807678,0.6011849320928255,0.053532714874794086,4.670752086639404,646.409912109375,883.8082885742188,6.162875666996115
230,topanga_ridge,mps,150,-12734.801190173024,41,False,3.570856482187907,0.6068711893260479,0.06650043904781341,4.671671053568522,648.0960693359375,1048.92138671875,5.946046958008083
231,topanga_ridge,mps,150,-3165.3100752501714,3,False,4.415615752538045,0.9533217201630274,0.06279346778988838,4.671628217697144,857.9067993164062,1242.17333984375,6.161600542007363
232,topanga_ridge,mps,150,-22968.74028390203,81,False,2.545307584007581,0.31347020010774335,0.06651302009820938,4.671448138554891,399.6990661621094,806.7255249023438,6.199346207999042
233,topanga_ridge,mps,150,-18808.29083985224,65,False,2.8096192383766176,0.3922629317889611,0.053823330973585444,4.670921449661255,465.41021728515625,616.801513671875,5.982342332994449
234,sullivan_canyon,mps,150,-46819.785682268164,176,False,0.24494592638065418,0.04930334620415427,0.056518251672387124,4.671599175135294,38.2923469543457,1132.7943115234375,6.117272040995886
235,sullivan_canyon,mps,150,-74288.98743378647,270,False,-2.1048510266840457,0.3360055827248531,0.06288142040371895,4.671346975962321,382.5912170410156,1386.6973876953125,5.84911724999256
236,sullivan_canyon,mps,150,-56287.76729573848,206,False,-0.68130835819679,0.08924147847037034,0.04895452202608188,4.671931470235188,160.61923217773438,517.5527954101562,5.929363542003557
237,stone_canyon,mps,150,-119029.24008502215,407,False,-5.355762952317794,1.4830227431964886,0.04221577427660426,4.672850599288941,958.4000244140625,1277.6990966796875,5.997087583004031
238,stone_canyon,mps,150,-134200.88379905157,460,False,-6.752021837830544,2.4150671164225304,0.04602589442084233,4.672515261967977,1153.985595703125,1522.833251953125,6.305294167003012
239,sullivan_canyon,mps,150,-65000.45979757645,243,False,-1.1498809806009134,0.21856111676742634,0.07555595042804877,4.67257422765096,92.87010192871094,643.7296752929688,5.822703291007201
240,stone_canyon,mps,150,-161183.46072728198,549,False,-8.61784334351619,4.069519989142427,0.045421661331007876,4.673099587758382,1491.4658203125,2005.5843505859375,6.070067915992695
241,topanga_ridge,mps,150,-17418.12813458276,60,False,2.937327412366867,0.40314857713878155,0.0931881539678822,4.672707589467366,471.3300476074219,1102.2857666015625,6.295128124998882
242,sullivan_canyon,mps,150,-53767.975995502224,202,False,-0.22179090183538694,0.04367305329725317,0.06513896368443967,4.673112449645996,26.81168556213379,592.4349975585938,6.140409416999319
243,stone_canyon,mps,150,-142590.02558217585,486,False,-6.968637689153353,2.6109865555733753,0.037340811248868705,4.672759730021159,1220.0753173828125,1555.7596435546875,6.304727415990783
244,topanga_ridge,mps,150,-3247.05699122581,3,False,4.578115515708923,0.9707890262206396,0.0502284470697244,4.672982788085937,860.5847778320312,1376.0484619140625,6.091629041999113
245,sullivan_canyon,mps,150,-57244.54532354989,206,False,-0.28408170804730615,0.03461547177890128,0.0728002227594455,4.673626432418823,67.0763168334961,2394.846923828125,5.943778458997258
246,sullivan_canyon,mps,150,-63443.65857747072,234,False,-0.7242941262231519,0.07914530407312365,0.07067723919947942,4.674037879308065,123.20012664794922,1851.8778076171875,6.0112185000034515
247,stone_canyon,mps,150,-115989.30439125167,398,False,-3.8032093228648107,0.9864960881716495,0.04070701812704404,4.673983214696248,489.57086181640625,837.6880493164062,5.863405916999909
248,topanga_ridge,mps,150,-26414.81246012422,95,False,2.656602608114481,0.3304307822149228,0.06395448797692856,4.673993657430013,428.93377685546875,895.7847290039062,6.437093999993522
249,stone_canyon,mps,150,-91307.2774055256,312,False,-1.7605101757744948,0.29856599248104126,0.037530435264731446,4.674777634938558,165.39915466308594,268.5754699707031,6.181904666998889
250,sullivan_canyon,mps,150,-76233.99517847765,282,False,-1.3955985945959886,0.22839317396981643,0.06050036305872102,4.674690138498942,175.92422485351562,617.88916015625,5.82951862498885
251,sullivan_canyon,mps,150,-48496.48438953646,183,False,1.0034845342487098,0.1238546985830059,0.0446879942715168,4.6742883427937825,252.8104705810547,448.3900146484375,5.963052792008966
252,sullivan_canyon,mps,150,-71465.99693533732,260,False,-0.8636750724911689,0.16279146297524372,0.04857946035762628,4.674412848154704,60.40669631958008,118.85030364990234,5.968910791998496
253,sullivan_canyon,mps,150,-27525.710953601407,103,False,3.0182815074920653,0.4467493076125781,0.04506413049995899,4.673193079630534,619.61474609375,1233.33447265625,5.879278125008568
254,topanga_ridge,mps,150,-12962.78398173038,42,False,4.349474291801453,0.8812517653902372,0.04973512515425682,4.673698774973551,816.3518676757812,1411.9951171875,6.244137708999915
255,stone_canyon,mps,150,-131333.57746347293,451,False,-4.959944260952374,1.4517869875379772,0.04314435968796412,4.674086860020956,720.5070190429688,1059.911376953125,5.847618250001688
256,stone_canyon,mps,150,-116963.00617426437,403,False,-3.0533047620455425,0.9018340169878987,0.04073451951146126,4.67472541809082,237.66566467285156,332.37396240234375,6.210978541988879
257,topanga_ridge,mps,150,-9594.33337865864,29,False,4.819515867233276,1.06352308233579,0.049097115161518254,4.674978704452514,902.9306030273438,1324.8040771484375,5.914613457993255
258,stone_canyon,mps,150,-102373.66153085565,352,False,-2.5932561934118468,0.46943522432928453,0.03629230913706124,4.676310701370239,346.2820739746094,492.70928955078125,6.363102332994458
259,topanga_ridge,mps,150,-12258.879323592764,40,False,4.548315119743347,0.9877505375941594,0.06409153955678146,4.6755709552764895,856.8556518554688,1397.7711181640625,6.044541541996296
260,topanga_ridge,mps,150,-21007.765820754503,74,False,3.71730388323466,0.655593300362428,0.05630398867962261,4.675984894434611,654.1964111328125,1132.36181640625,5.781627707998268
261,sullivan_canyon,mps,150,-69092.86620765783,252,False,-0.6891745510542144,0.09054044643865627,0.04486111573254069,4.676062450408936,169.95803833007812,350.3743896484375,6.261525875001098
262,topanga_ridge,mps,150,-16360.11690389331,56,False,4.154519733587901,0.8062821941574415,0.047486630454659465,4.675207783381144,739.846923828125,1192.475830078125,5.844117708009435
263,sullivan_canyon,mps,150,-52615.03084045356,198,False,0.8598184236076971,0.07751066675278859,0.061009307677547135,4.674688444137574,151.27877807617188,2002.631103515625,6.159495667001465
264,topanga_ridge,mps,150,-14289.696322958853,48,False,4.25025475025177,0.8381761228044827,0.05768717726071675,4.674543116887411,748.9193115234375,1856.6402587890625,6.048494416987523
265,stone_canyon,mps,150,-107602.78318501514,369,False,-3.2090343455737456,0.6438840727309079,0.03747776051362355,4.675272013346354,511.7799072265625,884.0269775390625,5.879390417001559
266,stone_canyon,mps,150,-136712.53287672825,468,False,-5.847962872833014,1.783937768516383,0.03725276550278068,4.674759991963705,944.2167358398438,1311.3970947265625,6.066460375004681
267,topanga_ridge,mps,150,-19808.66703703529,68,False,3.55320919752121,0.626174079241852,0.060758126430834336,4.672543210983276,599.9409790039062,1116.637939453125,5.937440541994874
268,stone_canyon,mps,150,-156738.1546288261,536,False,-7.562111267248789,2.9125219600927084,0.048335276873161394,4.671534325281779,1260.9293212890625,1686.057373046875,5.926897249999456
269,sullivan_canyon,mps,150,-44544.240711139355,169,False,1.7085682423909505,0.17252023588245113,0.056726859550302225,4.668333028157552,392.56451416015625,800.4622802734375,5.976125334011158
270,topanga_ridge,mps,150,-19183.88037854543,67,False,3.6732872200012205,0.6533913837869962,0.06431661490350962,4.666609500249227,631.038330078125,1189.4110107421875,6.162792167000589
271,sullivan_canyon,mps,150,-48586.88324761122,182,False,1.1952688537646705,0.09649566872666866,0.03704318130388856,4.664447876612345,264.40283203125,422.19598388671875,6.1826090829999885
272,topanga_ridge,mps,150,-15570.672782324891,52,False,3.9363361704349518,0.732296258310477,0.03867771856486797,4.663886896769205,671.2445068359375,896.398681640625,6.149125625001034
273,stone_canyon,mps,150,-152415.4487347864,523,False,-6.977484385818243,2.6735094433790074,0.05487886448701223,4.663476552963257,1219.110107421875,2284.3974609375,5.912790791990119
274,stone_canyon,mps,150,-110645.19282966718,378,False,-3.9948210194706917,0.8784305033095492,0.06952095784246921,4.664387273788452,715.2921142578125,2854.03857421875,5.971398584006238
275,topanga_ridge,mps,150,-7469.914211739865,20,False,4.442102455298106,0.9267467844486237,0.054547194813688596,4.663717975616455,778.7122192382812,1823.710205078125,5.996616542004631
276,stone_canyon,mps,150,-128587.69516685526,440,False,-5.409218716944258,1.633016723465007,0.03752752023438612,4.66416587193807,1000.9312744140625,1286.79443359375,5.994885374995647
277,sullivan_canyon,mps,150,-42992.00521375042,164,False,1.2252259162177022,0.10864255354605613,0.040657515690351524,4.664164702097575,218.74803161621094,444.01129150390625,6.1240023329883115
278,sullivan_canyon,mps,150,-41681.17896625226,160,False,1.2551599182933568,0.11557640028137636,0.04196554459010561,4.665411148071289,253.2271728515625,533.7662963867188,6.079798791004578
279,topanga_ridge,mps,150,-12334.116664350022,39,False,3.635092341105143,0.6656488985444109,0.04358256201570233,4.666149326960245,593.9635009765625,930.6657104492188,5.974256583998795
280,sullivan_canyon,mps,150,-58472.17308345587,217,False,-0.4259206625570853,0.06680023097680532,0.03378282158945998,4.668264865875244,61.662288665771484,174.67135620117188,5.793606791994534
281,stone_canyon,mps,150,-104565.66329632276,359,False,-4.048846706313392,0.8597627907520837,0.041883155902226764,4.669126211802165,737.2421875,1259.4378662109375,6.161154000001261
282,sullivan_canyon,mps,150,-37450.913888049865,142,False,1.545325417717298,0.151746960595871,0.052890985856453576,4.669449787139893,399.0260009765625,1592.5526123046875,6.100237917009508
283,stone_canyon,mps,150,-126574.2485538639,434,False,-5.689814978589614,1.6198068130404377,0.04090171929448843,4.669196933110555,981.3023681640625,1669.93310546875,6.082765290993848
284,sullivan_canyon,mps,150,-77200.85826646935,277,False,-2.6323284865667422,0.5117560888753118,0.034578799717128274,4.669024273554484,632.8069458007812,874.1900634765625,6.054147959002876
285,topanga_ridge,mps,150,-21347.14072601013,75,False,2.537943639984975,0.3660805769821066,0.04377283942575256,4.668570076624553,333.95330810546875,681.7537841796875,6.149085666998872
286,stone_canyon,mps,150,-141074.25834176046,483,False,-7.089112332661947,2.6137109192530623,0.0355370190149794,4.667985849380493,1223.0306396484375,1751.8614501953125,5.9622939999972004
287,sullivan_canyon,mps,150,-50855.94223631854,189,False,0.09986095187642301,0.035207508317469424,0.034941606745123865,4.666014814376831,42.6939697265625,353.6583251953125,5.950665875003324
288,sullivan_canyon,mps,150,-82217.58475235812,290,False,-2.9721479660769305,0.5562801843617732,0.038455477245152,4.664305372238159,725.1539306640625,1041.063720703125,6.100752750004176
289,topanga_ridge,mps,150,-12645.166434645733,41,False,3.760580251812935,0.7010342027805746,0.03647930583606163,4.6612629699707036,621.7269287109375,854.8450927734375,5.981213584003854
290,stone_canyon,mps,150,-166271.42885762212,563,False,-8.175438886831204,3.7690644469524464,0.03979277087996403,4.659083773295085,1199.1424560546875,1811.7271728515625,6.015643582999473
291,sullivan_canyon,mps,150,-60803.70326800303,220,False,-0.49472246975327533,0.09007883902728887,0.038537519449989004,4.656148408253988,208.8370819091797,975.40087890625,6.089395874994807
292,topanga_ridge,mps,150,-16775.811566774533,57,False,3.6643096337715786,0.6542499247690042,0.03304369142279029,4.654837226867675,618.9623413085938,829.141845703125,6.33612441700825
293,sullivan_canyon,mps,150,-62411.06423731457,227,False,-0.5974638554252063,0.09848227446613048,0.028772647380828856,4.6540186373392745,237.5665740966797,359.193359375,6.056610041996464
294,stone_canyon,mps,150,-175152.12276270075,602,False,-8.80163577174147,4.162603510176802,0.03744381058650712,4.655148979822795,1330.377197265625,1796.2689208984375,5.811740208999254
295,stone_canyon,mps,150,-124836.27037412673,427,False,-4.263246239669,1.1643325867109533,0.031959689405436316,4.653031374613444,560.337890625,750.608154296875,6.194452000010642
296,sullivan_canyon,mps,150,-47381.88611989359,177,False,1.4420630074385554,0.13778077526132013,0.03909924001432955,4.6516329956054685,312.6277160644531,590.6194458007812,6.191794916987419
297,stone_canyon,mps,150,-106327.23770521904,365,False,-2.603844774911801,0.48020241562502636,0.029962626279642184,4.6502589511871335,391.9586486816406,512.43701171875,6.181799166006385
298,stone_canyon,mps,150,-113655.160636364,389,False,-3.5764802561203637,0.7773033108806703,0.03239005104949077,4.647367607752482,535.5685424804688,697.182861328125,6.21362899999076
299,stone_canyon,mps,150,-85670.12818097796,292,False,-0.7621525540854782,0.12320010769592954,0.030108458095540604,4.642690734863281,45.86446762084961,455.338623046875,6.062753499994869
300,sullivan_canyon,mps,150,-53580.00281193834,207,False,1.7467890791098277,0.24513911405629188,0.030465038294593492,4.6395968882242835,481.8954162597656,637.4708862304688,6.036139000003459
301,stone_canyon,mps,150,-120522.9898642232,413,False,-3.024669942415009,0.6905929616711713,0.033760664214690525,4.636449314753214,335.1465759277344,415.11907958984375,6.403719458001433
302,topanga_ridge,mps,150,-9843.497842410241,30,False,5.895078550974528,1.679716830253601,0.03910681571190556,4.630260143280029,1251.0543212890625,1650.7275390625,6.034233124999446
303,topanga_ridge,mps,150,-4126.28367676595,7,False,6.40967696984609,2.0624273173014323,0.033815829182664556,4.626290451685588,1406.345458984375,1719.756103515625,5.922487791001913
304,topanga_ridge,mps,150,-14327.150955314573,48,False,5.534189214706421,1.4697281738122305,0.038257271551216644,4.623864192962646,1166.1416015625,1466.308837890625,5.79339712500223
305,topanga_ridge,mps,150,-9986.509859967982,30,False,5.706499764124552,1.6644105986754099,0.030585512357453506,4.623819443384806,1239.03271484375,1530.761474609375,6.253707417010446
306,stone_canyon,mps,150,-141539.99858500378,485,False,-4.334160426606735,1.4122554474968152,0.03304326314479113,4.624459431966145,478.68438720703125,580.8120727539062,6.143715500002145
307,topanga_ridge,mps,150,-19731.25389767546,69,False,4.648346141974131,1.0831494237979253,0.03262202755858501,4.62294171333313,947.0545654296875,1130.186767578125,6.074250167002901
308,sullivan_canyon,mps,150,-41448.6110266187,158,False,3.022290664513906,0.5045869506398837,0.030447572730481626,4.622124045689901,726.2869873046875,963.2969360351562,5.826899250008864
309,topanga_ridge,mps,150,-7003.369107245501,18,False,5.693447265625,1.570401144226392,0.03239135002096494,4.62346066792806,1143.1236572265625,1400.8746337890625,6.021655290998751
310,topanga_ridge,mps,150,-18016.508628660828,62,False,4.2983211743831635,0.9321307101597388,0.0316940809165438,4.625994831720988,808.5331420898438,986.521484375,5.964492250001058
311,topanga_ridge,mps,150,-25132.295881760234,90,False,3.323048675606648,0.5846742978704667,0.03523903577278058,4.627853978474935,565.5113525390625,694.4219970703125,6.066555166995386
312,topanga_ridge,mps,150,-9015.004682666953,26,False,4.649891574382782,1.0627498206247885,0.03268915909032027,4.631102151870728,828.767822265625,1026.9365234375,6.190075832986622
313,sullivan_canyon,mps,150,-42565.30917916495,159,False,1.1779467567475512,0.11361160346530255,0.024076333126674097,4.633969500859578,141.84158325195312,250.7721405029297,5.901319082986447
314,sullivan_canyon,mps,150,-41303.045381657656,151,False,0.948967634520183,0.09372381119939746,0.024781574765220284,4.639005559285482,95.77182006835938,136.47723388671875,5.8302132910030195
315,stone_canyon,mps,4,-1354.1479159521966,5,True,4.439939975738525,0.8798950910568237,0.00630850566085428,4.82798445224762,9.794556617736816,19.05246353149414,0.1785224999912316
316,stone_canyon,mps,150,-141257.7407974797,481,False,-7.4518014228343965,2.8076723158359527,0.029150973269715906,4.643739585876465,1234.9295654296875,1636.398193359375,6.319678375002695
317,sullivan_canyon,mps,150,-58407.84983053881,218,False,-1.547513599942128,0.2490607241075486,0.03704841282684356,4.645513925552368,404.7423400878906,746.8820190429688,6.414855249997345
318,sullivan_canyon,mps,150,-53343.85745387499,197,False,-1.2299752403299014,0.15310525559248844,0.03336407036520541,4.647838576634725,283.1914367675781,549.5507202148438,6.214589708004496
319,sullivan_canyon,mps,150,-44919.52226468682,166,False,-0.6211724837605531,0.11173766352465937,0.02720905144388477,4.648151909510295,235.4571075439453,336.00628662109375,6.355550416992628
320,stone_canyon,mps,150,-117962.67702161826,404,False,-6.610154670079549,2.314260147511959,0.029045292952408392,4.64703942934672,1359.5799560546875,2004.8912353515625,5.932666374996188
321,topanga_ridge,mps,150,-21003.480466148812,74,False,1.7765909890225158,0.30578491909278455,0.04356685927758614,4.647250207265218,144.1862030029297,1068.20361328125,6.134362416996737
322,sullivan_canyon,mps,150,-37012.934692024435,137,False,0.4475266600213945,0.10066753128767232,0.030846840801338354,4.6479252910614015,67.54553985595703,665.6563720703125,6.049184832998435
323,stone_canyon,mps,150,-117819.33683159568,405,False,-5.507125323812167,1.5055959575685363,0.02541856438542406,4.648375533421834,943.1362915039062,1304.0975341796875,6.089876500001992
324,sullivan_canyon,mps,150,-44491.468392696246,165,False,0.32375621599766113,0.05653759760216417,0.03628220488938193,4.647708489100139,31.297683715820312,583.6298828125,6.0761642919969745
325,topanga_ridge,mps,150,-12080.755844864454,38,False,3.317793859342734,0.6226173670198477,0.04622646009239058,4.646487719217936,505.9356384277344,1323.1463623046875,6.063714666001033
326,topanga_ridge,mps,150,-15438.473337130174,52,False,3.1184801956017814,0.521353931374227,0.0376471044573312,4.647022228240967,451.828857421875,1075.9591064453125,6.013646040999447
327,topanga_ridge,mps,150,-25195.71400234582,90,False,2.016033950448036,0.2659980601159623,0.027082732918982704,4.649599765141805,241.6949920654297,404.294677734375,6.045168833996286
328,topanga_ridge,mps,150,-11028.365158808901,34,False,3.2528830836635705,0.5581899227931363,0.04098850067704916,4.65194359143575,493.5715637207031,1435.900634765625,6.319063792005181
329,topanga_ridge,mps,150,-18116.473561068204,63,False,2.3428422806660336,0.3345509886392392,0.06281580013533433,4.653939453760783,309.798828125,3074.039306640625,5.998672832996817
330,stone_canyon,mps,150,-149986.8364244307,514,False,-8.338917733828227,3.548451056648046,0.04511546577016513,4.655502204895019,1406.100341796875,2630.738037109375,6.2280283750005765
331,sullivan_canyon,mps,150,-29691.657494223444,104,False,1.0609476085651355,0.10270747705160678,0.026468206650267046,4.655914885203043,102.3875732421875,548.7031860351562,6.047115249995841
332,stone_canyon,mps,150,-113012.30780057199,387,False,-5.475867191106081,1.6010684446699452,0.02673321027929584,4.658045609792073,875.1041870117188,1136.5546875,6.105331291997572
333,stone_canyon,mps,150,-141832.4835118375,484,False,-7.6698355994125205,2.9951013835154785,0.03309461828476439,4.65754716237386,1258.138916015625,1668.174560546875,5.961872166997637
334,topanga_ridge,mps,150,-17287.324537218403,60,False,2.313263811568419,0.3224252134553778,0.06378479726457348,4.659375108083089,311.3870544433594,1147.9263916015625,5.93588279200776
335,stone_canyon,mps,150,-138518.48019332497,474,False,-7.398583116407195,2.8667940671407997,0.04030566776326547,4.660299545923869,1064.5018310546875,1459.2164306640625,6.038751083993702
336,topanga_ridge,mps,150,-16340.990799966135,55,False,2.570901952708761,0.3803919687648643,0.054640768570825456,4.662121512095133,389.4453125,1054.1309814453125,6.169660874991678
337,sullivan_canyon,mps,150,-50525.10235162362,187,False,-0.19813805720070377,0.04259320642145838,0.03518429447896779,4.661892859141032,18.85760498046875,503.05609130859375,6.056094708008459
338,topanga_ridge,mps,150,-18309.5278524756,64,False,2.659958567197124,0.3520480656369909,0.03151883433262507,4.661015853881836,388.29833984375,510.91131591796875,6.0994843329972355
339,sullivan_canyon,mps,150,-67520.55519228116,251,False,-1.7099705842882396,0.20034760446811561,0.045724224497874576,4.661274601618449,236.675537109375,1813.60693359375,6.2110429579915944
340,sullivan_canyon,mps,150,-35336.79056304561,130,False,1.1592502032096188,0.09011838730817544,0.07411621009310086,4.6629224936167395,215.3907928466797,3996.0244140625,6.066625291001401
341,stone_canyon,mps,150,-128641.27222770882,440,False,-6.054711969308555,1.9724010713058426,0.06374770497282346,4.6628071943918865,771.3148803710938,3137.721435546875,6.280766333002248
342,sullivan_canyon,mps,150,-51113.91929660666,192,False,-0.14962382945852976,0.06376677828170689,0.03329760308067004,4.663656377792359,47.59560012817383,832.1514892578125,5.772074375010561
343,sullivan_canyon,mps,150,-46201.2588170571,168,False,0.16890016182636222,0.032812966026208416,0.024338241601362824,4.6632266585032145,36.62862777709961,175.21240234375,6.057862875008141
344,sullivan_canyon,mps,150,-59738.67081820572,219,False,-1.1063029895350338,0.09993768274014656,0.033910757104555767,4.6614839331309,187.72462463378906,525.3604736328125,6.290531000006013
345,stone_canyon,mps,150,-98356.34082689958,340,False,-3.5884194187323253,0.7293589540254712,0.029718104073156913,4.660923671722412,568.5658569335938,768.59326171875,6.1629484169970965
346,stone_canyon,mps,150,-107269.60827208408,368,False,-4.329886106749376,1.1029616335821628,0.024844712633639573,4.661688194274903,561.8704223632812,769.1534423828125,6.002635000011651
347,sullivan_canyon,mps,150,-37189.296558329675,138,False,1.1682346461030344,0.07932049299576344,0.02405977586594721,4.66184492746989,164.42921447753906,274.184814453125,6.036537332998705
348,topanga_ridge,mps,150,-19148.52101380848,66,False,2.9297816005845863,0.4322394989434785,0.029775474841396015,4.661396436691284,449.09124755859375,593.3699340820312,5.830249749997165
349,stone_canyon,mps,150,-156250.75736669204,534,False,-7.949147860209147,3.510530498295557,0.031028684787452222,4.66017494837443,1007.4840087890625,1427.2496337890625,6.026758334002807
350,topanga_ridge,mps,150,-5839.091687808395,13,False,4.280429978370666,0.8975385485092798,0.03400379312535127,4.659668979644775,727.2727661132812,1303.96923828125,6.099418624988175
351,topanga_ridge,mps,150,-14608.827832095742,49,False,3.351107707818349,0.57535791584601,0.030473809987306595,4.658299907048543,548.6473388671875,862.7027587890625,6.016127334005432
352,stone_canyon,mps,150,-127392.26480565165,435,False,-5.646805357237657,1.7950432875336264,0.023936807944749793,4.657365506490072,718.196533203125,908.5387573242188,6.023640125000384
353,topanga_ridge,mps,150,-13605.686056853294,45,False,3.3873875655730568,0.5936949895042926,0.02910333969940742,4.654338010152181,551.8931884765625,799.0055541992188,5.789880082986201
354,topanga_ridge,mps,150,-16027.045169449444,55,False,3.1620249287287394,0.500353416671666,0.03423583678901196,4.652353493372599,485.07696533203125,821.2099609375,6.0130902910023
355,topanga_ridge,mps,150,-15065.414490790983,50,False,3.1473614399135115,0.5004632437755451,0.029977415017783643,4.6499441083272295,477.1281433105469,714.9305419921875,6.3254701669939095
356,stone_canyon,mps,150,-130961.91655174005,448,False,-5.885071714719136,1.9348843241715803,0.026890254026899735,4.649257332483927,815.8395385742188,1032.9490966796875,5.984091999998782
357,sullivan_canyon,mps,150,-38840.02579247008,145,False,0.9153554399249454,0.05681631506742936,0.02580453862125675,4.64983793258667,167.3544158935547,271.4501037597656,6.117750709003303
358,sullivan_canyon,mps,150,-37216.38270353729,138,False,0.8931002809169392,0.053121200082874416,0.024914483179648717,4.650213006337483,157.52108764648438,284.6687316894531,5.826284708004096
359,topanga_ridge,mps,150,-7817.33826170808,22,False,3.3244346328576406,0.5656096135824918,0.027206520643085243,4.649747641881307,493.39593505859375,667.09423828125,6.180203415991855
360,topanga_ridge,mps,150,-13270.434139359077,42,False,2.5394051773349444,0.37576844857336256,0.026643820110087594,4.650046421686809,329.86273193359375,490.3918762207031,6.210768749995623
361,stone_canyon,mps,150,-127569.37831836184,438,False,-6.8416537372767925,2.2328160306594023,0.027877284328763685,4.6484052817026775,1082.1572265625,1419.3779296875,6.195063666993519
362,stone_canyon,mps,150,-164858.22274684938,568,False,-10.49574293370669,5.587699734466848,0.024817952662706377,4.646997687021892,1830.2451171875,2495.384521484375,5.988690083002439
363,stone_canyon,mps,150,-120573.6821608649,413,False,-6.336466067334016,1.9868387430256311,0.021741954603542883,4.6462787246704105,1010.4194946289062,1300.575439453125,5.971888208994642
364,sullivan_canyon,mps,150,-58533.339025199544,213,False,-1.9785751169919967,0.298098509463404,0.024565847137322027,4.646097367604574,480.01690673828125,641.6939697265625,6.030774874991039
365,sullivan_canyon,mps,150,-49180.63164991956,181,False,-0.8529493540525437,0.06341047076668474,0.023264585227395097,4.647529242833455,177.4962921142578,249.94183349609375,5.954655749999802
366,stone_canyon,mps,150,-102354.62767033561,349,False,-5.201363369114697,1.4459132396953767,0.023258377568175396,4.649252818425496,1000.531494140625,1355.49658203125,5.975579624995589
367,sullivan_canyon,mps,150,-48143.60898892019,177,False,-0.5657612522908797,0.05701083430857023,0.022406518782178562,4.651565736134847,165.95062255859375,223.87979125976562,6.325061791998451
368,sullivan_canyon,mps,150,-75394.48501299649,271,False,-2.972273699529469,0.5124251463797554,0.02372070388868451,4.653895791371664,553.3382568359375,736.0992431640625,6.107510333007667
369,stone_canyon,mps,150,-174001.97809356268,595,False,-10.25966881925861,5.148630714272537,0.025232246341183782,4.6557892894744874,1588.748779296875,1989.631103515625,5.8650895839964505
370,stone_canyon,mps,150,-122722.80340247437,420,False,-5.402965051010251,1.5701064667030975,0.020699443692962328,4.658295701344808,866.5011596679688,1112.904296875,6.2801351670059375
371,sullivan_canyon,mps,4,6.072588066854223,0,True,3.477926194667816,0.588622510433197,0.005804812302812934,4.796515107154846,10.134313583374023,19.996313095092773,0.16549674999259878
372,topanga_ridge,mps,150,-7877.791555653829,22,False,4.23932191769282,0.9012274278203646,0.026018070404728255,4.6625998592376705,702.4537963867188,874.8541259765625,6.120603167000809
373,stone_canyon,mps,150,-135183.79524161448,465,False,-5.545447328990946,1.9215267122048802,0.022697456805035474,4.664451840718587,669.6876831054688,807.5435180664062,6.0838512089976575
374,stone_canyon,mps,150,-122448.69590673603,419,False,-4.516080648774902,1.2713953845806343,0.02077200693699221,4.6641394265492755,555.7154541015625,670.7538452148438,6.1639331670012325
375,topanga_ridge,mps,150,-4985.181657061219,10,False,5.126087942123413,1.2554634128014246,0.028265535216778517,4.66424799601237,869.3394775390625,1099.4241943359375,5.980599832997541
376,stone_canyon,mps,150,-149364.00667057512,512,False,-6.200927818641066,2.399518629095304,0.022848813943564892,4.6638342507680255,664.3577880859375,795.5072631835938,5.981341499995324
377,sullivan_canyon,mps,150,-82960.08889721688,304,False,-1.7205877118309338,0.29060654187216034,0.0273353194942077,4.66411234219869,240.98570251464844,283.4399108886719,6.14427112499834
378,sullivan_canyon,mps,150,-52211.91053141748,193,False,1.26128667909652,0.13309725552116408,0.022634888840839265,4.664939734141032,271.5927429199219,373.6606750488281,6.02429454200319
379,topanga_ridge,mps,150,-22026.29503153629,78,False,4.063429509003957,0.7802764105300108,0.026698848803838094,4.666539049148559,683.26171875,868.0396728515625,5.72622270899592
380,stone_canyon,mps,150,-154966.65779053693,530,False,-6.574980665917198,2.7827062080123386,0.022484733912472923,4.668937403361003,717.3970336914062,861.133544921875,5.900793624998187
381,sullivan_canyon,mps,150,-56469.70134248487,207,False,1.1466803120200832,0.12269084853462119,0.023496881326039634,4.671633869806925,269.62225341796875,368.2967834472656,6.215879082999891
382,topanga_ridge,mps,150,-20907.16258447402,74,False,4.2656775228182475,0.8977825862914324,0.02524790186745425,4.674345235824585,723.7616577148438,913.7473754882812,6.129139500000747
383,sullivan_canyon,mps,150,-53777.478865845034,199,False,1.5629140982776881,0.24163284789840267,0.02092835504251222,4.677884826660156,390.6396484375,525.7416381835938,6.047403624994331
384,stone_canyon,mps,150,-123544.037758074,423,False,-3.8287269524733225,1.0021039290479772,0.02359512904038032,4.680698013305664,397.1390686035156,471.34735107421875,5.914107750009862
385,sullivan_canyon,mps,150,-44428.012572966254,165,False,2.2091495446364084,0.3193498791133364,0.02144417102448642,4.682310778299968,463.5290832519531,586.506591796875,5.9982970420096535
386,topanga_ridge,mps,150,-12912.380343087338,42,False,4.931283051172892,1.1572884289423624,0.024454285772517324,4.683721008300782,783.8914184570312,981.7576293945312,5.992470125012915
387,topanga_ridge,mps,150,-13814.4765270828,46,False,4.595321311950683,1.0521065804362297,0.022999483176196614,4.6866603787740075,728.5696411132812,870.55078125,6.12541587499436
388,stone_canyon,mps,150,-124753.02166733271,427,False,-4.1250736207515,1.1917099699253837,0.022209316284085314,4.689747333526611,428.7129211425781,523.2409057617188,6.0327853330090875
389,sullivan_canyon,mps,150,-64177.75009592037,237,False,0.29886102785666785,0.21438187170618525,0.022452711580942076,4.690055904388427,240.78213500976562,333.8354187011719,6.228920834008022
390,sullivan_canyon,mps,150,-48912.44809428041,178,False,1.190710807349533,0.10723597104818205,0.02137146740530928,4.690468883514404,214.45565795898438,271.1092834472656,5.993236791997333
391,topanga_ridge,mps,150,-16485.894197484726,57,False,3.8417420122027397,0.7523437586713893,0.024858317381391923,4.690455503463745,546.8701171875,669.9677734375,6.03242625000712
392,topanga_ridge,mps,150,-29222.031317256744,106,False,2.458744066506624,0.3096619179024492,0.025503145391121508,4.692006673812866,293.81072998046875,368.84320068359375,6.391255499998806
393,stone_canyon,mps,150,-124064.5559740779,425,False,-5.058656816234191,1.3042891984945164,0.01935718972546359,4.692191845575969,647.905517578125,817.0673828125,6.26348166698881
394,stone_canyon,mps,150,-153747.31831011278,527,False,-7.841690648595492,3.186858636008692,0.02322887650690973,4.694523309071859,1035.9383544921875,1323.9378662109375,6.380963417002931
395,sullivan_canyon,mps,150,-40927.11619210697,161,False,1.1253173488805381,0.08496945091538351,0.020238555977120997,4.695079374313354,123.84212493896484,189.2761688232422,6.226482833008049
396,topanga_ridge,mps,150,-6515.913000608324,16,False,4.07437891403834,0.8622540275069575,0.0268619145732373,4.697145284016927,557.7149047851562,698.3765869140625,5.9626872910012025
397,topanga_ridge,mps,150,-25905.996057083583,93,False,1.988413479809339,0.309315363316626,0.024115829849615692,4.6974236710866295,191.48216247558594,321.79168701171875,5.872371750010643
398,topanga_ridge,mps,150,-19956.04814611953,70,False,2.4422436283777156,0.3945109509516745,0.025219075297936797,4.697884368896484,255.35292053222656,355.72576904296875,6.047834833996603
399,sullivan_canyon,mps,150,-51443.00884645384,191,False,-0.5349704053982471,0.06577723301241765,0.020483548231422902,4.698484576543172,135.55345153808594,223.71826171875,6.345758499999647
400,sullivan_canyon,mps,150,-40033.5767675467,146,False,0.30876522334913414,0.06360210946933269,0.02015345693255464,4.700929098129272,42.43326950073242,152.95355224609375,5.965799915997195
401,topanga_ridge,mps,150,-7940.076090566113,22,False,3.177629796266556,0.5554620242056747,0.0280968648303921,4.702919136683146,371.7874450683594,528.8621215820312,6.070975916009047
402,topanga_ridge,mps,150,-14171.022836597273,47,False,2.2795998962720234,0.38158788075049715,0.025262078708037733,4.705687713623047,233.5037841796875,405.64508056640625,6.03605133399833
403,topanga_ridge,mps,150,-17035.026641708188,59,False,1.802384083562841,0.294136668796466,0.024798383256420493,4.707934627532959,151.75234985351562,294.25396728515625,5.903576708005858
404,stone_canyon,mps,150,-118668.25548463725,408,False,-5.775388213396073,1.7015798160185416,0.022451058526833854,4.71061209042867,714.5298461914062,956.5158081054688,6.2601439579884754
405,sullivan_canyon,mps,150,-43244.13936266513,161,False,-0.755445279404521,0.06804018407572889,0.024622934938718876,4.7130259386698405,138.7626495361328,543.00048828125,6.010672333999537
406,topanga_ridge,mps,150,-14257.403343460439,47,False,1.6270367378462105,0.2730399326710824,0.02621053682329754,4.715060091018676,127.90521240234375,359.26898193359375,5.912684042006731
407,topanga_ridge,mps,150,-15832.20627699294,53,False,1.2928336595293755,0.2511737412547587,0.022465069295528033,4.717117255528768,84.9429702758789,184.1077117919922,5.837731374995201
408,sullivan_canyon,mps,150,-47851.058347012295,175,False,-1.7688011045955743,0.21434142722203092,0.020568471907948454,4.718956597646078,341.46868896484375,489.71466064453125,6.010775417002151
409,topanga_ridge,mps,150,-18060.044053590944,62,False,0.9213971006590873,0.19284910254794682,0.025865604029968382,4.720484193166097,54.17219161987305,299.48101806640625,5.9202709999954095
410,topanga_ridge,mps,150,-5997.169209735073,14,False,2.062630914449692,0.2980512291441361,0.022872185955444973,4.722136084238688,219.14161682128906,312.2381286621094,5.828791708001518
411,stone_canyon,mps,150,-82812.97287824452,284,False,-3.896310386657715,0.816085035726428,0.02274201678112149,4.722108936309814,692.9266357421875,1015.0770263671875,6.278957333008293
412,stone_canyon,mps,150,-130835.53251388673,448,False,-8.538450615406036,3.4933347302675246,0.025010067398349444,4.723932800292968,1259.30029296875,1902.885009765625,5.906241459000739
413,sullivan_canyon,mps,150,-42791.60800127959,161,False,-1.5523399141640402,0.20623373174496332,0.026171285038193066,4.725007858276367,342.42230224609375,1002.9232177734375,6.053114875001484
414,topanga_ridge,mps,150,-10406.266094186103,33,False,1.6139758436878522,0.20615359344063713,0.02486788875423372,4.728187246322632,155.7710418701172,281.17779541015625,6.077966249999008
415,sullivan_canyon,mps,150,-34876.081021084836,131,False,-0.7306624209570388,0.09355822537985053,0.018782231803052128,4.729511623382568,200.6759796142578,328.2193908691406,6.031010167003842
416,stone_canyon,mps,150,-186713.33080621625,638,False,-12.928228143453598,8.285344096894066,0.026190879884331178,4.73287202835083,1799.7945556640625,2406.4580078125,6.029830375002348
417,stone_canyon,mps,150,-137593.59297666256,472,False,-7.759264154732227,3.364619852891216,0.032221484820668896,4.736166172027588,891.5527954101562,1242.1475830078125,6.057175957990694
418,topanga_ridge,mps,150,-14016.124497712166,47,False,1.67498648951451,0.1750632304257791,0.03991871335776523,4.739183692932129,175.20680236816406,796.78955078125,5.953804541990394
419,stone_canyon,mps,150,-138536.21541102204,476,False,-8.511838428080083,3.5532627666395276,0.023490192176153262,4.741778802871704,1126.51025390625,1519.1248779296875,5.917577582993545
420,topanga_ridge,mps,150,-5390.168154677419,11,False,2.8851990513006847,0.3974041933566332,0.02114379684285571,4.745392872492473,364.9053649902344,500.298095703125,5.8727705420023995
421,stone_canyon,mps,150,-142539.25082473306,489,False,-9.106144163186352,3.907618677512316,0.024385960238675276,4.747445360819499,1167.869873046875,1545.86376953125,6.0388785830000415
422,sullivan_canyon,mps,150,-30065.189869303787,110,False,0.9370071791360776,0.054295940898688666,0.027333881047864755,4.7490170987447105,152.5655059814453,1070.0146484375,6.096203667009831
423,sullivan_canyon,mps,150,-48291.96522241887,180,False,-0.6956032905479272,0.07752393630342946,0.02602458174650868,4.749828583399455,70.14087677001953,826.3458862304688,5.995360291999532
424,stone_canyon,mps,150,-105959.82458624542,363,False,-4.952879800672332,1.2426373451613957,0.020398598002890747,4.75070463180542,588.8904418945312,781.1127319335938,6.024112667000736
425,stone_canyon,mps,150,-122843.09043030806,422,False,-6.9952197298407555,2.4967185376087824,0.022867953806805116,4.751412649154663,859.0436401367188,1145.36767578125,6.185589833999984
426,sullivan_canyon,mps,150,-51030.76523241354,191,False,-0.3528486077984174,0.11419858452505044,0.026735806627354274,4.751350975036621,30.16148567199707,415.5283203125,6.115419624999049
427,stone_canyon,mps,150,-117797.67956103703,403,False,-5.283080328305562,1.5644980417308398,0.02049035865192612,4.750936085383097,560.1089477539062,751.2725219726562,5.987348499998916
428,sullivan_canyon,mps,150,-41674.88872981218,149,False,0.8274567189564308,0.042382779074517506,0.0210991259633253,4.750996309916179,109.69029998779297,233.3402557373047,6.287904333003098
429,sullivan_canyon,mps,150,-39689.13155771143,146,False,1.3388982212927658,0.16347579598391596,0.019316613810757798,4.7518432871500655,227.7621307373047,333.45440673828125,6.145365582997329
430,topanga_ridge,mps,150,-8413.685448085773,24,False,4.125754551887512,0.7829944759607315,0.027500116967906555,4.752973146438599,519.2163696289062,935.1184692382812,6.097994374998962
431,sullivan_canyon,mps,150,-48126.47747911832,180,False,0.28225561255123466,0.03439261004678391,0.026664569315810998,4.753511616388956,41.081172943115234,669.672607421875,5.7718888750096085
432,sullivan_canyon,mps,150,-70204.11138649359,258,False,-1.7921241603295008,0.24573996306979098,0.02094153644206623,4.754723863601685,210.09605407714844,309.4974365234375,5.94503520798753
433,stone_canyon,mps,150,-103148.01409492044,353,False,-3.4143155194818973,0.7857650575750328,0.01883854118331025,4.754086723327637,307.2608337402344,422.45074462890625,6.155576499993913
434,sullivan_canyon,mps,150,-49315.131993199575,181,False,0.5249555395133211,0.1003525487781402,0.024842694338100654,4.754202047983806,117.26262664794922,383.2511901855469,5.986807499997667
435,stone_canyon,mps,150,-104183.93506678902,355,False,-3.7903151033322016,1.1323277854244225,0.017720034619172414,4.753587220509847,312.2999267578125,434.5193176269531,6.0905226659961045
436,sullivan_canyon,mps,150,-61100.87609041844,228,False,-0.38644292811552683,0.12583984255378405,0.02509244504539917,4.753771518071493,30.746334075927734,232.7002716064453,6.158326832999592
437,stone_canyon,mps,150,-110528.12744294129,379,False,-3.2731771043936413,1.1695026859270485,0.022111716760943333,4.753276847203573,213.04698181152344,387.6156311035156,6.084656040999107
438,stone_canyon,mps,150,-142960.41422807003,492,False,-6.216718055618306,2.3031958662869996,0.024774499715616304,4.752864589691162,551.7194213867188,1110.528076171875,6.202719167005853
439,topanga_ridge,mps,150,-15656.203150953996,53,False,4.070841005643209,0.7496027474602064,0.028901769934842985,4.7521410687764485,489.6573486328125,931.6709594726562,6.014766291991691
440,topanga_ridge,mps,150,-18529.439475283038,64,False,3.8405118282636006,0.6658518833915392,0.02415846216181914,4.752117586135864,455.003173828125,619.4243774414062,6.02224337500229
441,sullivan_canyon,mps,150,-56131.58541706505,205,False,0.5374960204244902,0.0721762902029953,0.025950655333387355,4.7520934581756595,112.34561157226562,218.07577514648438,6.0545309580047615
442,topanga_ridge,mps,150,-22544.211284560948,80,False,3.327670819362005,0.5223941460748514,0.02436914653206865,4.7526120154062905,377.319091796875,520.27978515625,5.867812166994554
443,stone_canyon,mps,150,-117265.01326055292,402,False,-4.177104802081982,1.0518949051500144,0.018511779769323767,4.752843437194824,394.0893859863281,523.2401123046875,5.952512666000985
444,sullivan_canyon,mps,150,-48612.126990080105,178,False,1.084294450804591,0.16531579556551151,0.021390808966631692,4.752621002197266,185.63589477539062,251.82470703125,6.16312954199384
445,stone_canyon,mps,150,-115530.50490888546,397,False,-4.62828232511878,1.17430375266859,0.02158716577726106,4.752432225545247,509.0842590332031,660.8053588867188,5.919297207990894
446,sullivan_canyon,mps,150,-69361.69502554856,245,False,-1.3362621224687123,0.20330776963620187,0.02302760266388456,4.751742343902588,218.07177734375,410.66156005859375,5.931939707996207
447,sullivan_canyon,mps,150,-45264.049864901455,165,False,1.2990904862433672,0.12896407376087154,0.018824055794005593,4.750405632654826,192.97378540039062,297.3038635253906,5.925752334005665
448,topanga_ridge,mps,150,-3907.7882142280355,6,False,5.1289768298467004,1.1516738140583038,0.025311848235627016,4.7494098091125485,597.970947265625,806.549072265625,5.980693792007514
449,sullivan_canyon,mps,150,-73976.95381940472,272,False,-1.6217716442172725,0.23645558912759346,0.022175639572863778,4.7491481590271,196.56895446777344,357.4862060546875,6.226863250005408
450,sullivan_canyon,mps,150,-68770.37753104557,263,False,-1.1235882278873275,0.15712136881639235,0.02123351701380064,4.749149745305379,126.5975112915039,260.3973083496094,5.8978937919891905
451,stone_canyon,mps,150,-158207.24400034672,545,False,-7.853714079707861,3.258781467602239,0.022246464098182817,4.748302364349366,798.4552001953125,1009.0784301757812,6.030701458003023
452,sullivan_canyon,mps,150,-41575.16269054002,154,False,1.6272548908181488,0.1749712795183162,0.02115250983275473,4.748462425867716,230.14028930664062,399.81817626953125,5.950989207995008
453,stone_canyon,mps,150,-127009.82340708307,434,False,-5.404487956613302,1.4431712690047183,0.018080316645403702,4.747994375228882,593.1146850585938,836.9666748046875,6.259215416008374
454,topanga_ridge,mps,150,-16683.40521610748,57,False,3.8008976105848946,0.6706721300383409,0.022141124084591866,4.747696072260538,423.05029296875,554.0572509765625,6.0153080000018235
455,stone_canyon,mps,150,-121537.43393786943,419,False,-4.823540069287022,1.1397163515445816,0.016480120957518617,4.747697861989339,524.669189453125,734.03125,6.193445666998741
456,sullivan_canyon,mps,150,-58131.57179946751,219,False,0.14306009621048968,0.10735070898035853,0.02325399502956619,4.747456970214844,60.5233268737793,178.55746459960938,6.197732041997369
457,topanga_ridge,mps,150,-10029.933894895647,31,False,4.557701559861501,0.9667820183436076,0.0230080899844567,4.746546405156454,535.4240112304688,718.4050903320312,6.1465473749995
458,topanga_ridge,mps,150,-3588.3079021077992,4,False,5.251547060012817,1.2425145882368087,0.024811296065648396,4.745840603510539,627.1771850585938,877.9656372070312,6.2910057499975665
459,stone_canyon,mps,150,-96335.380751347,330,False,-2.213084417954087,0.30477844623334627,0.018779699749623735,4.745614000956217,214.6280975341797,382.2780456542969,5.991187708990765
460,sullivan_canyon,mps,150,-61259.15748396712,224,False,-0.42769770390043654,0.0624735049582705,0.022661078528811534,4.746177221934,73.60018157958984,140.2822265625,6.100242083004559
461,sullivan_canyon,mps,150,-39687.12467358834,147,False,1.6555165035681179,0.1428237759047363,0.022363724110958477,4.746090234120687,193.49774169921875,270.945068359375,6.038608540999121
462,topanga_ridge,mps,150,-12142.431820326026,40,False,4.13265402674675,0.8364156720538934,0.024029828833105664,4.74642746925354,478.61285400390625,698.7426147460938,6.040929333001259
463,sullivan_canyon,mps,150,-54083.428999995675,198,False,0.07231773398195704,0.057718823710796154,0.020910647708612184,4.746930513381958,26.694971084594727,179.3491973876953,5.911951417001546
464,stone_canyon,mps,150,-105482.27217440412,363,False,-3.196714577898383,0.5720898281458024,0.01973337963378678,4.746551621754964,298.3667297363281,402.15093994140625,5.970378624988371
465,topanga_ridge,mps,150,-15432.777602043689,52,False,3.7192094472795727,0.6635268478536455,0.02541804900703331,4.745952669779459,408.11468505859375,616.8895263671875,6.09346024999104
466,sullivan_canyon,mps,150,-45394.786625047425,169,False,1.0223588821291925,0.08550066172761338,0.02489501381292939,4.7457538604736325,156.2753143310547,541.468505859375,5.860760541007039
467,sullivan_canyon,mps,150,-67742.5712296028,251,False,-1.426075975857675,0.16740645610193042,0.018933327111105125,4.745576957066854,192.825439453125,322.84832763671875,6.385355249993154
468,topanga_ridge,mps,150,-10402.865247121537,33,False,4.073983378012975,0.7874843019122879,0.026846482317584255,4.745407670338949,455.4961853027344,667.7222900390625,6.383068124996498
469,sullivan_canyon,mps,150,-45385.01498049036,168,False,0.7874919987594088,0.05752374976530859,0.020882760090753436,4.745397278467814,103.83956146240234,287.728515625,6.639716457997565
470,stone_canyon,mps,150,-162405.26794913417,557,False,-8.346986534049114,3.747336127278395,0.019915953561042747,4.74579727490743,834.61376953125,1140.685302734375,6.21025158399425
471,stone_canyon,mps,150,-134159.37233857,458,False,-6.236271342150867,2.1039544657651943,0.020693893680969876,4.745303188959758,660.7747192382812,890.3658447265625,6.275964374988689
472,stone_canyon,mps,150,-124924.28152058068,430,False,-5.698649314542611,1.5699141790604336,0.018398651288201413,4.746007719039917,644.4549560546875,874.63525390625,6.084050541991019
473,stone_canyon,mps,150,-84195.84217779122,288,False,-1.9650296754638354,0.23020103940914852,0.0163693162612617,4.745100698471069,245.4909210205078,411.6011047363281,6.038560041997698
474,stone_canyon,mps,150,-110631.65155857413,381,False,-3.8814816380788884,0.7682376161642606,0.01907510468736291,4.744778327941894,434.522705078125,620.2887573242188,6.1153924579994055
475,sullivan_canyon,mps,150,-48352.40174291891,182,False,1.029038034764429,0.0852929284727452,0.01755004646256566,4.743426907857259,138.8549041748047,225.55245971679688,6.042100833001314
476,topanga_ridge,mps,150,-22906.678397940348,81,False,3.2397023860613503,0.5213552722955743,0.02463247942427794,4.743297952016195,356.3623046875,480.62982177734375,6.178285208996385
477,stone_canyon,mps,150,-86700.5270084585,297,False,-1.4805531159264502,0.19066271615832955,0.018551864937568704,4.74248007774353,157.8690948486328,242.75650024414062,6.082625333001488
478,sullivan_canyon,mps,150,-43581.90128151455,165,False,1.579100335650146,0.15508242820894036,0.021349021433852613,4.741454757054647,204.1560516357422,331.4228210449219,6.237690624999232
479,stone_canyon,mps,150,-164519.0637957562,565,False,-8.179100242952506,3.465937499431117,0.019519147596632442,4.740201040903727,874.7493286132812,1190.4019775390625,6.238902500001132
480,sullivan_canyon,mps,150,-58129.9772062546,216,False,0.5917161508711676,0.08505019429575289,0.0222484772435079,4.739980214436849,147.0508270263672,294.2431640625,5.997149499991792
481,topanga_ridge,mps,150,-26653.32324114641,95,False,3.1866951807339987,0.48364158085916037,0.028000504163404306,4.739398892720541,339.36053466796875,470.6829528808594,6.05756170800305
482,sullivan_canyon,mps,150,-60333.78480478181,225,False,0.3466454174680014,0.06173177456514016,0.02106596341356635,4.739969628651937,100.60906982421875,202.91488647460938,5.982746624998981
483,topanga_ridge,mps,150,-11477.041795085925,37,False,4.553008999824524,0.9703593439857165,0.021831639326798418,4.740095713933309,527.379150390625,744.500732421875,6.135593415994663
484,stone_canyon,mps,150,-115626.36526942915,396,False,-4.039202501748999,0.8740251335081121,0.021813239587160447,4.740369459788004,410.7190246582031,591.7161865234375,6.1710752499930095
485,stone_canyon,mps,150,-95064.58035221182,325,False,-2.466692234693716,0.41009499051991954,0.020339317501833043,4.740492471059164,225.45785522460938,328.2099304199219,5.935189916999661
486,topanga_ridge,mps,150,-4165.654592951301,6,False,5.154698445002238,1.2202155991395314,0.023924773262503248,4.739183499018352,598.9644775390625,864.5557861328125,6.165039875006187
487,sullivan_canyon,mps,150,-67742.63567409909,239,False,-1.1458138804013531,0.13455894607732868,0.01818390003715952,4.738611319859823,183.5999755859375,308.8482971191406,6.004219165988616
488,topanga_ridge,mps,150,-14306.557288051505,48,False,3.960451098425935,0.7696277976279271,0.025595808224752544,4.7381165377298995,429.4322509765625,594.6973876953125,6.007485957990866
489,sullivan_canyon,mps,150,-48205.23002769188,180,False,0.7715594326891005,0.05112914391321586,0.019365408029407262,4.737695611317952,79.24526977539062,250.90895080566406,6.008918250008719
490,stone_canyon,mps,150,-93175.74581300924,319,False,-2.527867633998394,0.31560938796338933,0.016472527280760308,4.737933950424194,316.6696472167969,457.0858154296875,6.023636500001885
491,topanga_ridge,mps,150,-11658.351967341177,38,False,4.037510661979517,0.8244027813547291,0.022900163914697867,4.737284552256266,443.6851806640625,618.8350830078125,6.007464415990398
492,stone_canyon,mps,150,-149534.23806706548,512,False,-7.530556995657583,2.7703633951298374,0.02034452815229694,4.737546122868856,800.1197509765625,1095.5152587890625,5.9931285829952685
493,topanga_ridge,mps,150,-12569.672374295369,41,False,3.8986713219434024,0.7695103884246297,0.02042838048034658,4.736623249053955,417.6718444824219,611.4425659179688,6.0552763330051675
494,topanga_ridge,mps,150,-11108.463288564284,35,False,3.965829916279763,0.8097592132294892,0.024080219177218774,4.736470053990682,427.26300048828125,615.5335083007812,6.183734000005643
495,topanga_ridge,mps,150,-5112.729788047545,11,False,4.558993746042251,0.9883003878764187,0.023271173513494434,4.736010433832805,500.1563415527344,722.719482421875,6.211405292007839
496,sullivan_canyon,mps,150,-46293.50075152841,172,False,0.6015959342879553,0.043124162106499477,0.022802816831196348,4.736890395482381,73.53263854980469,131.1959686279297,6.21546004198899
497,stone_canyon,mps,150,-157239.63118126098,536,False,-8.211953667799632,3.3693032844395687,0.01975551345385611,4.736463152567546,876.652099609375,1236.593017578125,5.918535042001167
498,topanga_ridge,mps,150,-11107.83149145183,35,False,3.4434254886209965,0.6416039127095913,0.02483476337355872,4.736219100952148,343.1173400878906,497.19097900390625,5.90247454099881
499,sullivan_canyon,mps,150,-38518.187609720684,140,False,0.79942580824097,0.06799916218290492,0.019053275152109563,4.735422010421753,64.8162841796875,91.06236267089844,6.154994083000929
500,stone_canyon,mps,150,-185607.7683187705,631,False,-11.257291884819667,6.219128542989492,0.020366613840063413,4.734860385258992,1311.5487060546875,1925.8236083984375,5.951897083999938
501,sullivan_canyon,mps,150,-79812.52175885648,292,False,-3.419277426401774,0.6415768816446265,0.023442118690970043,4.734218823115031,472.5025939941406,713.5665893554688,6.019443917000899
502,sullivan_canyon,mps,150,-59406.0139967598,219,False,-1.5088741180626675,0.19739765940351978,0.01922395658213645,4.734109083811442,257.2952575683594,415.1649169921875,6.320856833001017
503,stone_canyon,mps,150,-153406.29143914662,524,False,-8.626145739157995,3.5277164751539627,0.01706936365303894,4.734810250600179,1032.50048828125,1506.0947265625,5.882331874992815
504,sullivan_canyon,mps,150,-37603.84380955313,136,False,0.6912316079655041,0.07096381600220109,0.019306175149977206,4.73608195622762,39.805519104003906,87.19432067871094,6.037962000002153
505,stone_canyon,mps,150,-125262.4438521717,429,False,-6.1586523176232975,1.8937195732211693,0.020016192986319462,4.737460664113363,673.1568603515625,979.1928100585938,5.974550375001854
506,sullivan_canyon,mps,150,-44385.91009460811,166,False,0.37721995966508987,0.02641898502802332,0.02251998308735589,4.738224217096964,29.463241577148438,46.43265151977539,6.096901334007271
507,stone_canyon,mps,150,-132191.97741416254,453,False,-6.7963352176050345,2.24171671925229,0.016664260703449448,4.73807097752889,778.369384765625,1180.5006103515625,5.994207165989792
508,topanga_ridge,mps,150,-19004.75774616538,67,False,2.804947903181116,0.43705661451230604,0.025936307668065033,4.737995738983154,280.36767578125,423.24896240234375,5.7494208330026595
509,stone_canyon,mps,150,-153606.70825390515,524,False,-7.9804329322775205,3.371078471954291,0.018761210927429297,4.737876749038696,791.30517578125,1096.8670654296875,5.86427674999868
510,sullivan_canyon,mps,150,-56733.40387853573,209,False,-0.5545879968907684,0.05672202537269792,0.018588321255519985,4.738459300994873,103.99002075195312,181.39535522460938,6.130575540999416
511,sullivan_canyon,mps,4,6.072588066854223,0,True,3.664296269416809,0.6950363665819168,0.0037347094039432704,4.786219596862793,10.4102783203125,22.193445205688477,0.17285554100817535
512,stone_canyon,mps,150,-162804.68247129818,562,False,-8.54807656587412,3.5548052455901296,0.0212798164676254,4.7368159421285,924.0916748046875,1190.6943359375,6.205417416989803
513,sullivan_canyon,mps,150,-43081.356361414655,160,False,1.1692775623003642,0.07859199472314989,0.020022843989233177,4.735443509419759,137.74647521972656,205.71900939941406,6.08251570801076
514,topanga_ridge,mps,150,-20705.4260773571,73,False,3.303088290145,0.5485356210016956,0.02050969615733872,4.73430064201355,408.7281799316406,538.1170654296875,5.986111958001857
515,stone_canyon,mps,150,-134699.8589593233,467,False,-6.095748484767974,1.8434458742980981,0.020145589071325957,4.734534492492676,633.5108642578125,779.8991088867188,6.2579621670010965
516,sullivan_canyon,mps,150,-44822.974370672964,168,False,1.240565543708702,0.08629511786530202,0.01889165021168689,4.733108129501343,175.42001342773438,281.7593994140625,5.996618500008481
517,sullivan_canyon,mps,150,-52435.32809298468,194,False,0.6656765928476428,0.12405089620700342,0.021685565497415762,4.733668931325277,185.33522033691406,278.6714172363281,5.710397667004145
518,topanga_ridge,mps,150,-5112.896503741437,11,False,4.936673816045126,1.1880267789959909,0.022605392060553033,4.733765344619751,648.4951782226562,853.9186401367188,6.05205520799791
519,stone_canyon,mps,150,-166806.56904485117,574,False,-7.916577761570613,3.742860253757487,0.019192241517206034,4.73322047551473,704.0545043945312,877.805908203125,6.0958819999941625
520,stone_canyon,mps,150,-104706.53221004175,358,False,-3.73905466709286,0.7122099671781204,0.01826613030396402,4.732382475535075,422.8613586425781,535.8511352539062,6.068197166998289
521,sullivan_canyon,mps,150,-62888.82809448741,235,False,-0.4974163163701693,0.11978734198647241,0.02103424274362624,4.7332639980316165,32.78989028930664,118.90660095214844,6.017719499999657
522,topanga_ridge,mps,150,-18309.06335213622,64,False,3.522130604982376,0.6119563873236378,0.023270206137870748,4.731946531931559,432.5310974121094,557.4609985351562,6.178614917007508
523,sullivan_canyon,mps,150,-57118.209691923315,207,False,-0.036352377701550725,0.04246980899648255,0.020631212405860425,4.730469640096029,24.7106876373291,354.5262756347656,6.126000791991828
524,stone_canyon,mps,150,-104958.05369676575,360,False,-3.4437373222022627,0.7308554299918675,0.019873369834385812,4.728526951471965,331.9678649902344,394.5238342285156,6.070206792006502
525,topanga_ridge,mps,150,-13058.894036508746,42,False,4.127647977670033,0.7937725443641345,0.024425094506392877,4.726822859446208,496.9586181640625,635.4384765625,6.298214000009466
526,topanga_ridge,mps,150,-26662.97896925264,95,False,2.698699026753505,0.3540885905861311,0.025258268816396593,4.725870650609334,297.4483947753906,427.9099426269531,6.136129541991977
527,sullivan_canyon,mps,150,-48322.276996899134,182,False,0.7120675885801514,0.045032435121951646,0.016894266225087145,4.724715674718221,105.15301513671875,164.94073486328125,6.012991833995329
528,stone_canyon,mps,150,-172229.64866078558,589,False,-9.8579796868066,4.658873299508898,0.021748407261135676,4.723213678995768,1123.78955078125,1365.3072509765625,6.024251499999082
529,sullivan_canyon,mps,150,-57807.12074940721,213,False,-0.11236189088784158,0.05884511181134561,0.01926685005115966,4.721817299524943,46.744075775146484,276.0566711425781,6.325766541995108
530,topanga_ridge,mps,150,-14999.248133570003,51,False,3.500813997934262,0.6251740332879127,0.02230459259512524,4.721020053227742,401.361328125,499.7447204589844,6.223761417000787
531,sullivan_canyon,mps,150,-49115.53421500569,181,False,0.17089736148715018,0.04279697469906144,0.019944902191249034,4.718404471079508,58.84703063964844,119.50173950195312,6.3054863330035005
532,topanga_ridge,mps,150,-6901.538497078391,18,False,4.198281931877136,0.8489969734847546,0.024053051996355254,4.717550872166951,489.260498046875,606.7177124023438,6.099749291999615
533,stone_canyon,mps,150,-136741.6629477482,467,False,-7.086320782154798,2.511218704067093,0.015880614157455664,4.715080865224203,877.4514770507812,1102.3028564453125,6.08829929199419
534,topanga_ridge,mps,150,-7562.545254104452,21,False,3.905352758467197,0.7738667565646271,0.02322464117159446,4.715196825663249,451.0745544433594,570.218505859375,6.312827375004417
535,stone_canyon,mps,150,-143635.9387385954,494,False,-7.322670090273022,2.670307347065245,0.016714140850429732,4.7134005610148115,786.107177734375,994.80712890625,6.385829499995452
536,sullivan_canyon,mps,150,-46840.25669462217,182,False,0.2151117943530941,0.025646539220019006,0.02309602711039285,4.7142599614461265,25.016958236694336,58.041481018066406,5.977852292009629
537,topanga_ridge,mps,150,-11253.98520813986,36,False,3.3013775488734245,0.5925860496047729,0.022198035751158994,4.713552500406901,365.71331787109375,492.37109375,5.97316683299141
538,sullivan_canyon,mps,150,-61195.95018911005,226,False,-1.5850288417811196,0.17926231423693026,0.021479182404776413,4.711793753306071,261.6604919433594,411.9895324707031,6.078938916005427
539,stone_canyon,mps,150,-180145.11602695571,613,False,-10.324561164577801,5.376237954320386,0.01970715791763117,4.710909830729166,1110.950927734375,1453.0460205078125,6.240011125002638
540,sullivan_canyon,mps,150,-82942.66177271656,309,False,-3.3574375515182813,0.5972823761568967,0.023528729948836067,4.712069520950317,433.95587158203125,627.746337890625,6.109388875003788
541,topanga_ridge,mps,150,-9515.157529545184,29,False,3.467972171008587,0.6262799623534859,0.02495213821530342,4.71311570485433,381.84564208984375,492.80780029296875,6.0402876250009285
542,sullivan_canyon,mps,150,-49577.668215067424,185,False,-0.3365717091263893,0.03413759275264672,0.020204909844323993,4.714022630055745,77.35466766357422,210.4298553466797,6.27154062500631
543,topanga_ridge,mps,150,-15847.00654213023,54,False,2.8278409298385183,0.45381428766447546,0.022495094165205957,4.71499002456665,293.7890930175781,382.2344665527344,6.43534450000152
544,topanga_ridge,mps,150,-3703.2561162607412,5,False,4.039344859321912,0.8104935737908818,0.022367151762979726,4.715310144424438,468.6786804199219,610.3587036132812,5.948266250008601
545,sullivan_canyon,mps,150,-48963.599902652044,188,False,-0.2524887336045504,0.031868500718440676,0.020574559293066463,4.715432993570963,31.715349197387695,134.9993896484375,6.631217749993084
546,sullivan_canyon,mps,150,-47710.43476475553,179,False,-0.13059477595146746,0.017313763973231554,0.021046171197667718,4.715665623346965,14.657146453857422,82.44954681396484,6.283809041997301
547,topanga_ridge,mps,150,-25075.450129690795,90,False,1.6914703560806812,0.23224463165507284,0.019484179896923404,4.7156132920583085,140.812255859375,201.80722045898438,6.012509708001744
548,sullivan_canyon,mps,150,-48958.159776460605,178,False,-0.45767477188725025,0.028813751686752008,0.019825687144572536,4.715222492218017,93.30559539794922,143.19546508789062,6.138955292000901
549,topanga_ridge,mps,150,-5834.907560910748,13,False,3.6468510622282824,0.6584847593086306,0.02100950659563144,4.715097284317016,416.1560974121094,555.3674926757812,6.03601145799621
550,stone_canyon,mps,150,-120924.86863850149,415,False,-5.6596169941624,1.6398719544243068,0.016599121916418273,4.715355615615845,650.2914428710938,848.8624267578125,5.9833449159923475
551,sullivan_canyon,mps,150,-43301.85440773815,153,False,-0.037002750252528735,0.018863464183772577,0.020101119528214136,4.715731426874797,46.057334899902344,91.49215698242188,6.009559958009049
552,sullivan_canyon,mps,150,-44719.783238820506,165,False,-0.13838960284595184,0.017454841780811043,0.02061670082155615,4.717153825759888,53.10222244262695,101.90531921386719,6.063155374999042
553,sullivan_canyon,mps,150,-41164.8571293413,159,False,0.451797260674648,0.025916577499035233,0.018077846045295397,4.718365195592244,84.85945892333984,135.57955932617188,6.0853837079921504
554,sullivan_canyon,mps,150,-46539.5093572478,174,False,-0.28468278438628963,0.020729297878421753,0.02012150196203341,4.71910657564799,71.51634216308594,109.14750671386719,6.002339458005736
555,topanga_ridge,mps,150,-19551.584605598266,69,False,2.2815863945583503,0.28350859807784823,0.02183695828076452,4.719647576014201,239.92127990722656,335.43280029296875,6.1780454589898
556,stone_canyon,mps,150,-80676.99023531041,276,False,-1.9846610484582683,0.24911614891362224,0.018258642617923516,4.720377655029297,202.1951446533203,247.897216796875,5.973458499996923
557,topanga_ridge,mps,150,-15799.960589128377,53,False,2.6295691317195695,0.3822440913225243,0.022295073027101656,4.721297613779703,302.318115234375,417.9312438964844,5.870163250001497
558,topanga_ridge,mps,150,-3712.2901091294916,5,False,3.9184630727767944,0.731668894191583,0.023012646979962786,4.720745083491008,482.1184997558594,652.9180908203125,6.035012417007238
559,sullivan_canyon,mps,150,-78652.85029465499,282,False,-3.3826139183342456,0.6302068819164803,0.018746662945486606,4.719426364898681,472.7763977050781,664.1436157226562,5.915566707990365
560,sullivan_canyon,mps,150,-52282.23335554008,194,False,-0.39280323358873526,0.08447304174248225,0.020749649208349485,4.719638074239095,46.364906311035156,120.42201232910156,6.025247750003473
561,stone_canyon,mps,150,-154467.89201403246,529,False,-9.185854062090318,4.02080142980194,0.020768450152439374,4.720721168518066,1063.40869140625,1389.4490966796875,6.251858042000094
562,topanga_ridge,mps,150,-16709.59370103603,58,False,2.4890299744904043,0.333393512089242,0.02421354625529299,4.72261129061381,286.9286193847656,394.1109924316406,6.071261250006501
563,topanga_ridge,mps,150,-17031.91891037405,59,False,2.500769706820914,0.32405525427361237,0.02247616755620887,4.7225191783905025,278.6168212890625,374.6125183105469,6.025558541994542
564,sullivan_canyon,mps,150,-42397.532748866994,159,False,0.33309936611602703,0.05498304859948547,0.019394118185155095,4.721982536315918,94.42921447753906,155.13233947753906,6.112401416001376
565,sullivan_canyon,mps,150,-65540.70986394104,242,False,-2.023276271674161,0.28101445027210803,0.02023870954445253,4.721836376190185,204.96043395996094,280.679443359375,6.031769084002008
566,stone_canyon,mps,150,-122754.75799996403,421,False,-6.3939197559158005,2.0052599026301565,0.021293326403635245,4.721904592514038,734.883544921875,1002.3742065429688,5.930446833997848
567,topanga_ridge,mps,150,-16394.8977417807,57,False,2.366463720848163,0.31168951835978076,0.019556176293020446,4.722771043777466,256.5110778808594,351.8349304199219,5.9204233339987695
568,stone_canyon,mps,150,-130287.30582662534,446,False,-6.816283320809404,2.327082552305025,0.01997408505373945,4.723030525843303,731.6242065429688,960.312255859375,5.840177999998559
569,topanga_ridge,mps,150,-16899.98747473111,58,False,2.369620759685834,0.29152390342443446,0.02144666758986811,4.723894427617391,246.4102020263672,330.3895263671875,5.991842457995517
570,sullivan_canyon,mps,150,-51089.28352960897,188,False,-0.9344161251032104,0.07855049838234966,0.018148996241701146,4.7247252305348715,158.51431274414062,231.2201385498047,6.125836125007481
571,stone_canyon,mps,150,-121844.53498937254,416,False,-5.851160316616297,1.7763686649985417,0.018329641905923684,4.725383704503377,687.1400756835938,897.9285278320312,5.998038916994119
572,stone_canyon,mps,150,-128626.94625223473,441,False,-6.696350006808837,2.237678721828076,0.021851886447208622,4.727352867126465,766.169677734375,999.3382568359375,6.038762958996813
573,topanga_ridge,mps,150,-18059.075771186202,63,False,2.3658347050845623,0.3040139016126826,0.020680335319290557,4.728985449473063,245.72689819335938,336.951171875,5.906480707999435
574,stone_canyon,mps,150,-91833.49621613069,315,False,-3.3444064521292844,0.592126616750417,0.01930452196393162,4.730081071853638,359.76849365234375,482.2916259765625,5.811416291995556
575,stone_canyon,mps,68,-15712.340325889903,52,True,3.1788341648438396,0.5397462414248901,0.008356913913945285,4.806997642797582,96.16535186767578,157.23974609375,2.5907534169964492
576,topanga_ridge,mps,150,-15245.15957100687,52,False,2.8439313113192717,0.40283011759556153,0.02157007742362718,4.73137464205424,308.214599609375,420.4085693359375,6.02205679200415
577,topanga_ridge,mps,150,-7493.433375392437,21,False,3.6093388450145723,0.627141267110904,0.020364440366004904,4.731724160512289,418.86798095703125,577.928955078125,6.193587707995903
578,topanga_ridge,mps,150,-23006.49512684012,82,False,1.9184003077323237,0.2025794914820426,0.022511882036924363,4.73082727432251,186.6875457763672,267.4947814941406,6.224190291992272
579,topanga_ridge,mps,150,-10484.43099261682,33,False,3.1066644605994225,0.4866247895709239,0.02350143751439949,4.729741983413696,354.7536315917969,466.0230407714844,5.892844124988187
580,stone_canyon,mps,150,-145157.0191037285,501,False,-8.06151765572528,3.2716478390325876,0.01735743152908981,4.727681983311971,917.5676879882812,1231.50927734375,5.984689375007292
581,topanga_ridge,mps,150,-16637.577361161748,57,False,2.292546131859223,0.2939373215424712,0.025363238410403333,4.726732705434164,237.986572265625,361.10577392578125,6.0237681250000605
582,stone_canyon,mps,150,-139171.35006222126,476,False,-7.6253875018469985,3.0452237357221628,0.019514344076936443,4.72559388478597,816.4569091796875,1111.6419677734375,5.860029500006931
583,topanga_ridge,mps,150,-14684.543948011038,50,False,2.318104163557291,0.30288200778226987,0.02149256128973017,4.725671586990356,247.40513610839844,337.0603942871094,6.246531500000856
584,stone_canyon,mps,150,-143962.16063907996,493,False,-8.71704672207435,3.777400242321504,0.019758274820633234,4.724829864501953,995.3627319335938,1294.287841796875,6.06618270900799
585,stone_canyon,mps,150,-106765.50878568142,367,False,-5.365925109535456,1.3641309560734605,0.01875641050748527,4.7253614552815755,657.3318481445312,827.5025634765625,5.979505541996332
586,sullivan_canyon,mps,150,-58752.09052216353,211,False,-1.9332974870006243,0.20937761282005038,0.021258932813070716,4.726079664230347,278.7628479003906,383.00592041015625,6.087024583001039
587,sullivan_canyon,mps,150,-66597.73801689947,238,False,-2.7598665440579255,0.44179152333332844,0.01684818377563109,4.727036247253418,407.4330749511719,538.5032958984375,6.196563541991054
588,stone_canyon,mps,150,-123482.47859228193,420,False,-6.559313081403573,2.080726323033838,0.020506188152357937,4.728970724741618,728.0438842773438,929.5872192382812,6.019980291006505
589,topanga_ridge,mps,150,-8675.329481667446,25,False,3.196955031355222,0.4965963867896547,0.021528531135991215,4.731546198527019,366.7496337890625,478.72906494140625,5.908672999998089
590,stone_canyon,mps,150,-147004.12737078103,505,False,-8.446459353764851,3.4959839628047,0.017079456079130372,4.733632609049479,963.0012817382812,1235.0718994140625,5.9729243330075406
591,topanga_ridge,mps,150,-14083.644693038937,48,False,2.776255093490084,0.3948614005243871,0.020259816340791683,4.735636796951294,311.67608642578125,398.3824462890625,5.938930708987755
592,sullivan_canyon,mps,150,-56042.779587047895,207,False,-0.9620069917167227,0.06688061022595017,0.020599181164676943,4.737430938084921,90.86648559570312,142.23060607910156,6.201529708007001
593,topanga_ridge,mps,150,-17733.256403333253,60,False,2.5566533959905304,0.34454863731050867,0.020283554668227833,4.738811197280884,278.4378662109375,366.09552001953125,6.162867958002607
594,topanga_ridge,mps,150,-12635.040192784261,42,False,3.137180383404096,0.47720881161279977,0.021577253725069266,4.739829626083374,350.52276611328125,459.0072937011719,6.238787208989379
595,topanga_ridge,mps,150,-17843.466576621584,62,False,2.5975580472747484,0.34402070148265923,0.019666909999214114,4.740000581741333,278.3414001464844,392.2717590332031,5.965740082989214
596,sullivan_canyon,mps,150,-36766.13178473736,138,False,0.8395213855554661,0.045819648006569576,0.02015475386598458,4.741144806543986,111.52180480957031,154.58499145507812,6.177879832990584
597,stone_canyon,mps,150,-113087.97144431206,386,False,-5.039689518554757,1.3263418230351331,0.018976704939268528,4.740878845850626,495.65228271484375,661.0346069335938,5.820819457992911
598,topanga_ridge,mps,150,-15863.078468937392,51,False,2.6196194448073706,0.35570449706399815,0.02400493952445686,4.741052074432373,277.2470703125,374.3629455566406,5.9515763749950565
599,topanga_ridge,mps,150,-24031.29989415916,85,False,1.6794063764081026,0.17955110125724655,0.02184627490894248,4.741195023854574,156.81727600097656,224.68792724609375,5.9732627920020605
600,topanga_ridge,mps,150,-9400.93170350579,28,False,3.077521332502365,0.4639948332371811,0.022041428342151146,4.740677938461304,339.2890319824219,464.61578369140625,6.071989499992924
601,sullivan_canyon,mps,150,-46926.590063653246,174,False,-0.4905244182298581,0.02789468586923855,0.02136672212742269,4.739224007924398,45.10585021972656,95.3206787109375,6.272646665995126
602,stone_canyon,mps,150,-136900.45504790658,469,False,-8.017919051349162,3.179609109433756,0.01853092995394642,4.737939993540446,905.4509887695312,1238.5177001953125,6.141800833007437
603,topanga_ridge,mps,150,-2956.1454605181675,2,False,3.514034163951874,0.5842295702795187,0.023633902072130394,4.737755753199259,399.20703125,557.8034057617188,6.088113459001761
604,topanga_ridge,mps,150,-18931.78783984066,67,False,1.7937965265413125,0.18754764764176798,0.025331097587477414,4.7367008018493655,170.88026428222656,357.13543701171875,5.940630750003038
605,stone_canyon,mps,150,-103087.09151485354,352,False,-5.2602823482950525,1.294877872275732,0.018770351571341357,4.735769313176473,617.9536743164062,772.65869140625,6.254543666000245
606,topanga_ridge,mps,150,-4542.487988776762,8,False,3.1482828746239346,0.4748811323195696,0.022280121830602486,4.734775594075521,355.5162048339844,493.7510681152344,5.963965458999155
607,sullivan_canyon,mps,150,-56368.77482543532,202,False,-2.0365291112909714,0.24536408664581055,0.018532442143186927,4.7330625534057615,298.7479248046875,605.6295776367188,5.837703458004398
608,stone_canyon,mps,150,-140408.8829728715,480,False,-8.388082110894223,3.4311934231595114,0.02131197741255164,4.732479972839355,896.0831909179688,1154.402587890625,6.116168540989747
609,topanga_ridge,mps,150,-19340.00141903091,68,False,1.5069446966052056,0.14422741555249863,0.023286718238765994,4.732799936930339,135.58526611328125,191.35728454589844,5.829471791003016
610,topanga_ridge,mps,150,-16997.60246823339,58,False,1.6522259905934333,0.18495748003479093,0.020900197229348123,4.732657454808553,159.07594299316406,240.36598205566406,5.733801750000566
611,topanga_ridge,mps,150,-7029.0312980934805,19,False,2.596809510787328,0.3483436257838427,0.020919380586904783,4.731103359858195,293.27197265625,390.7359313964844,5.695919083998888
612,topanga_ridge,mps,150,-4858.559173089788,10,False,2.7311794980367026,0.3674415122779707,0.02257518487672011,4.728972412745158,311.0439453125,419.7615051269531,5.950623041993822
613,topanga_ridge,mps,150,-9324.592822761595,27,False,2.078415744751692,0.2407482910065058,0.01960518419742584,4.725800714492798,228.6725311279297,330.56396484375,5.937114499989548
614,topanga_ridge,mps,150,-18513.92809449791,64,False,0.9241445414038996,0.09353606947674961,0.02262732113711536,4.722019106547037,70.08159637451172,119.35701751708984,6.220683042003657
615,stone_canyon,mps,4,-1354.1479159521966,5,True,1.462325394153595,0.1054271962493658,0.0027591927209869027,4.68430495262146,5.728767395019531,8.857016563415527,0.18760691599163692
616,topanga_ridge,mps,150,-15266.155481412015,51,False,0.7717842222067217,0.08808056435645086,0.019804140958779803,4.711374082565308,58.367488861083984,171.91796875,6.0918240409955615
617,stone_canyon,mps,150,-116782.66856504828,401,False,-7.470435871283214,2.7244157908360163,0.018783056714261573,4.706137447357178,1016.2551879882812,1460.62353515625,5.997513042006176
618,topanga_ridge,mps,150,-14088.474283037556,46,False,0.4214733432605863,0.07264687399649726,0.022003608487236002,4.701912565231323,25.54901885986328,94.0586929321289,6.073863666999387
619,sullivan_canyon,mps,150,-58855.05601489935,217,False,-3.876479075749715,0.7455125973125298,0.019504884940882525,4.697517213821411,591.4114379882812,938.7450561523438,6.170922374993097
620,sullivan_canyon,mps,150,-59084.63961602793,216,False,-3.9065543540318806,0.7800545268505812,0.01691511468961835,4.695630830128987,622.96826171875,1019.0520629882812,5.778971874999115
621,stone_canyon,mps,150,-112073.72031004693,384,False,-7.87802470445633,2.9562585341433683,0.019999278293301663,4.696035544077556,1144.5745849609375,1640.869384765625,6.61967137499596
622,topanga_ridge,mps,150,-3244.4792673497714,4,False,1.2343021040223539,0.10853263158439101,0.021136549152433872,4.6977378908793135,164.0236358642578,271.50262451171875,6.354802290996304
623,sullivan_canyon,mps,150,-56226.358367987,208,False,-3.7992889698346457,0.7067952563862006,0.01784739087956647,4.697116425832113,563.0531616210938,784.3713989257812,6.077086875011446
624,stone_canyon,mps,150,-144024.42299119872,493,False,-10.59635493516922,5.303961005235712,0.018621231709451725,4.697671254475911,1528.2056884765625,2073.90185546875,6.357532916008495
625,stone_canyon,mps,150,-98253.71488237266,337,False,-6.1264245241880415,1.903835091156264,0.019087808382852622,4.700371077855428,815.2919311523438,1079.237060546875,6.194727041001897
626,stone_canyon,mps,150,-137786.20290443575,476,False,-9.780512400865554,4.840724063180387,0.019617003712337464,4.703595034281412,1292.7791748046875,1761.7830810546875,6.040020792002906
627,sullivan_canyon,mps,150,-26017.699173275327,93,False,-0.4108999492290119,0.018343475746854285,0.01618565170870473,4.707912737528483,58.204612731933594,146.1390380859375,6.171810125000775
628,topanga_ridge,mps,150,-15756.47004905385,54,False,0.6086827831777434,0.05207917975061718,0.02282620851881802,4.712782748540243,57.657100677490234,93.18180084228516,6.024230249997345
629,sullivan_canyon,mps,150,-52564.33568844012,192,False,-2.5067366556823254,0.33456998245441355,0.017627401786545913,4.71757685025533,301.8420715332031,510.18438720703125,6.1941524160065455
630,topanga_ridge,mps,150,-11888.577697507242,38,False,1.3093980964521568,0.10219990940126687,0.019327721763402222,4.721706670125325,158.05152893066406,276.7670593261719,6.073094332998153
631,sullivan_canyon,mps,4,6.072588066854223,0,True,0.7002096176147461,0.030346105340868235,0.0020794486335944384,4.608587622642517,3.544410228729248,6.067561149597168,0.19259108300320804
632,topanga_ridge,mps,150,-15164.645093378835,52,False,1.1021861263209334,0.0802542305236193,0.023082758956588803,4.725380360285441,126.07626342773438,360.40484619140625,5.8386610000015935
633,sullivan_canyon,mps,150,-37894.8138220202,140,False,-0.99464416919897,0.05702821435897931,0.02158163727920813,4.7246449724833175,124.68447875976562,305.2769775390625,6.02631845799624
634,stone_canyon,mps,150,-110986.60292859754,380,False,-6.4006500157962245,2.2632516915678087,0.016939113358967008,4.72415283203125,737.48828125,971.8316040039062,5.917650750008761
635,sullivan_canyon,mps,150,-41823.49424294298,157,False,-1.2743739265203475,0.09103595226032969,0.019821666154700022,4.726445802052816,159.06463623046875,197.86439514160156,5.925046541000484
636,sullivan_canyon,mps,150,-42826.75210539535,162,False,-1.062838772336642,0.11993065395023829,0.019450557598223287,4.728380355834961,117.87136840820312,466.8292541503906,6.110775624998496
637,sullivan_canyon,mps,150,-61425.32595010767,227,False,-2.644263519961387,0.4083577842043087,0.019859805175413688,4.731713336308797,284.3819885253906,446.4053649902344,6.0717913749977015
638,topanga_ridge,mps,150,-6535.39882117706,17,False,2.533322211702665,0.3163720845617354,0.021434752002047995,4.735090249379476,299.627685546875,402.92706298828125,6.20609091699589
639,stone_canyon,mps,3,31.14894260063021,0,True,0.9457663893699646,0.05051004762450854,0.001519646611995995,4.573071638743083,3.4808623790740967,5.582101821899414,0.14127324998844415
640,stone_canyon,mps,150,-98344.91087030449,334,False,-5.233713429570198,1.3380394254011723,0.021369924751731256,4.736414712270101,590.6832275390625,772.8300170898438,6.076407707994804
641,sullivan_canyon,mps,150,-52385.36077881137,197,False,-1.3507924343668856,0.22017512448550433,0.02557840160249422,4.736350326538086,111.72073364257812,359.96234130859375,6.211886959004914
642,sullivan_canyon,mps,150,-54621.56643816114,201,False,-1.533072561721007,0.19882248058294258,0.022702748202718795,4.737102473576863,148.5370330810547,332.9691467285156,6.227027041997644
643,stone_canyon,mps,150,-138587.42417504505,476,False,-8.282297197294731,3.495624771725767,0.017473529012252888,4.738448292414347,852.4545288085938,1038.4693603515625,6.022846334002679
644,sullivan_canyon,mps,150,-39964.79562120111,149,False,0.0411928557852904,0.04372559852713797,0.026445145315180222,4.741001733144125,40.720401763916016,1168.334716796875,6.067753999988781
645,sullivan_canyon,mps,150,-39672.1460638538,148,False,0.2903524905939897,0.08060938306158884,0.02558112993836403,4.743381938934326,76.06411743164062,1081.978515625,6.100982167001348
646,sullivan_canyon,mps,150,-38486.788602422464,142,False,0.316212289223137,0.042939270299117045,0.017639042031951248,4.745117047627767,45.91365051269531,127.85266876220703,5.872956999999587
647,sullivan_canyon,mps,150,-45432.383593451974,167,False,-0.003621635685364405,0.12484204077651763,0.0188938020193018,4.746137475967407,67.7745132446289,247.7348175048828,6.05889416699938
648,stone_canyon,mps,150,-149010.22732634543,508,False,-8.695145112077395,3.8247265242257464,0.026139020224024232,4.747010606129964,843.1227416992188,1088.103515625,6.058697125001345
649,stone_canyon,mps,150,-146790.29285777695,502,False,-7.702201287349065,3.1326845300771917,0.02549036606292551,4.749209438959758,686.1630249023438,867.6700439453125,6.022953250008868
650,topanga_ridge,mps,150,-9448.350795205435,28,False,3.358776184717814,0.5266519949088494,0.0265096102138826,4.750692450205485,339.1626281738281,655.8817749023438,6.073192374999053
651,topanga_ridge,mps,150,-14752.17888829827,50,False,2.847197775046031,0.3796316919475794,0.02227656925174718,4.751959705352784,278.080322265625,428.2082824707031,6.041454666003119
652,sullivan_canyon,mps,150,-37848.53664651056,137,False,0.7789335174889614,0.06490542179197935,0.017506181347804763,4.752656145095825,89.41105651855469,154.0803680419922,6.253549707995262
653,topanga_ridge,mps,150,-16161.441115443622,55,False,2.7351233847935994,0.35058870784938334,0.021910421742747228,4.752126973470052,263.55438232421875,577.27197265625,6.106571125012124
654,stone_canyon,mps,150,-144071.62909836858,493,False,-8.02905616303285,3.333699201904237,0.019726639091968538,4.751798521677653,718.4408569335938,907.4869384765625,6.005001708006603
655,sullivan_canyon,mps,150,-49562.46368859394,182,False,-0.23944987058639527,0.07884305611563226,0.014298543953336774,4.751335767110189,23.633567810058594,100.12211608886719,5.944206790998578
656,sullivan_canyon,mps,150,-38095.174590974304,140,False,0.8452674584339063,0.07378053729087697,0.020296562767277163,4.753217814763387,102.3618392944336,256.5353698730469,6.0720982079947134
657,topanga_ridge,mps,150,-14701.10519113144,50,False,2.870028556982676,0.38816189599533873,0.024746770775721717,4.753141358693441,274.4293518066406,431.04840087890625,6.108447375008836
658,topanga_ridge,mps,150,-22683.04716786086,79,False,2.014466495116552,0.20376165687834147,0.024280313258835427,4.752125056584676,177.5859375,289.3560485839844,6.046622541995021
659,stone_canyon,mps,150,-72974.31207274049,251,False,-1.6980409466226896,0.17802994645258877,0.01612864193506539,4.751572891871135,162.47108459472656,229.02833557128906,6.008060084001045
660,stone_canyon,mps,150,-120040.75947938075,415,False,-5.823887162506581,1.8026478076895,0.019779402560864887,4.7516158612569175,531.5018310546875,759.4686279296875,6.084096541992039
661,stone_canyon,mps,150,-171770.2359421512,588,False,-10.724048232684533,6.007029773475757,0.021594842430204153,4.7524638366699214,938.9580078125,1199.9893798828125,5.955790541993338
662,sullivan_canyon,mps,150,-38816.820808177254,145,False,0.6953839002986206,0.06291337970335029,0.01845453552901745,4.753837022781372,94.9374008178711,196.77688598632812,5.784516374988016
663,topanga_ridge,mps,150,-11603.444981918772,37,False,3.1215495904286703,0.4632628328849872,0.022220465555631865,4.753739592234294,298.1122741699219,394.0287170410156,6.033310583996354
664,sullivan_canyon,mps,150,-29078.865578282497,106,False,1.5653747594356537,0.11677189803371826,0.017426109729955595,4.753644361495971,166.29942321777344,246.18492126464844,6.263173125000321
665,stone_canyon,mps,150,-136003.52312641754,467,False,-7.588353420558075,2.7858217226059665,0.020310633551950254,4.752964270909628,692.16552734375,868.9708862304688,6.004363166997791
666,stone_canyon,mps,150,-157344.02022432722,539,False,-9.118062480166554,4.162726426497102,0.018251517506626746,4.752154162724813,804.0148315429688,1040.1326904296875,6.084342917005415
667,sullivan_canyon,mps,150,-81566.86156856011,292,False,-3.491074429129561,0.7348965163438698,0.016943938311499852,4.752045071919759,343.7820129394531,438.5552062988281,6.01435404199583
668,topanga_ridge,mps,150,-14139.98264766644,48,False,2.9005531283219654,0.39896712157293224,0.02431269294116646,4.752785062789917,267.7109069824219,324.5127258300781,5.934028208008385
669,stone_canyon,mps,150,-124053.55549926439,423,False,-6.209378709246715,1.9737990299290202,0.018781821737065912,4.753452583948771,547.4451904296875,692.8224487304688,6.083358417003183
670,stone_canyon,mps,150,-138007.20891146243,471,False,-7.150933707070847,2.818249978211637,0.01694736843618254,4.754229348500569,616.6860961914062,805.3790893554688,6.225072415996692
671,stone_canyon,mps,150,-132881.32362343324,458,False,-6.899679725604753,2.4255753577403083,0.019236832034463684,4.75590869585673,656.3826293945312,821.2334594726562,6.244043291997514
672,sullivan_canyon,mps,150,-43284.50517059709,161,False,0.7058786338752058,0.0777976061867784,0.017416495455739398,4.758511975606282,108.44212341308594,144.1205596923828,6.122921458008932
673,topanga_ridge,mps,150,-18106.887924642597,62,False,2.815056834196051,0.3879085513254419,0.020390873689514897,4.759900697072347,253.1237030029297,333.0796813964844,6.105445832989062
674,stone_canyon,mps,150,-182278.8367632809,624,False,-10.727952809433143,5.823652341302174,0.01958282459061593,4.761026741663615,895.6897583007812,1139.71435546875,5.905234457997722
675,stone_canyon,mps,150,-122655.38802209836,419,False,-6.514018719792366,2.0672696487473634,0.0156745535802717,4.761808586120606,614.2830200195312,819.6134643554688,6.089823374990374
676,topanga_ridge,mps,150,-21569.273150693032,76,False,2.6634692557652793,0.3393045273819007,0.022913041349189978,4.763922548294067,233.3698272705078,291.50732421875,6.188691458009998
677,sullivan_canyon,mps,150,-49362.418988036494,184,False,0.1722054306603968,0.01951806413719775,0.019746019582574565,4.764239231745402,19.34505271911621,86.05972290039062,5.872670791999553
678,sullivan_canyon,mps,150,-43426.96049339723,166,False,0.8893768825922356,0.0630652688462779,0.0197331984496365,4.764352556864421,109.52157592773438,184.54335021972656,6.278883083999972
679,sullivan_canyon,mps,150,-55125.7184749914,202,False,-0.38213171187167366,0.04103865254912004,0.0176783891612043,4.764297857284546,37.674102783203125,121.28783416748047,6.043598625008599
680,stone_canyon,mps,150,-159855.15763262656,550,False,-8.54895724311471,3.8943436354517083,0.019270071275532246,4.76411595026652,690.6577758789062,919.1460571289062,6.0747598329908215
681,sullivan_canyon,mps,150,-40629.04604766191,153,False,1.1764055528491735,0.10243925768435475,0.02198384960802893,4.764492794672648,136.3135528564453,476.42816162109375,6.200652291008737
682,sullivan_canyon,mps,150,-50103.89010494553,185,False,0.38533000796024375,0.062124328987604456,0.017984959641471506,4.764389584859212,77.26065826416016,250.21607971191406,6.219444249989465
683,sullivan_canyon,mps,150,-55669.77838480539,209,False,-0.03773069081827998,0.1226035561054338,0.019212513281187664,4.763878987630208,68.00593566894531,189.2567596435547,6.123055500007467
684,sullivan_canyon,mps,150,-74284.6751648406,270,False,-2.027548388975362,0.29648778477612114,0.02220506300839285,4.7630576960245765,166.0538787841797,320.18023681640625,6.347156083007576
685,topanga_ridge,mps,150,-24292.802994416503,86,False,2.5569774693747362,0.31085704638506284,0.02530059268542876,4.761911754608154,216.33885192871094,357.2217102050781,6.261987625010079
686,sullivan_canyon,mps,150,-29049.824609302515,109,False,2.1417457377910614,0.21823805367341265,0.01653212815057486,4.760735836029053,206.85113525390625,285.3489685058594,6.288104624996777
687,topanga_ridge,mps,150,-20583.029022147544,73,False,2.7651791767030955,0.40213584611313613,0.020157761191949248,4.7592559242248536,241.11544799804688,433.1136474609375,6.08441270799085
688,stone_canyon,mps,150,-83087.96166877367,285,False,-1.8274538584550222,0.20136026387697106,0.019813196969528993,4.75780660311381,140.41831970214844,293.6596374511719,6.294655749996309
689,topanga_ridge,mps,150,-3227.748009828086,3,False,4.486225465536117,0.9404016737391552,0.021002218262292444,4.756471939086914,428.5952453613281,588.43701171875,6.030177332999301
690,topanga_ridge,mps,150,-9119.590452590777,27,False,3.7340489441156386,0.6930223987686137,0.019146551169299832,4.754949458440145,348.515869140625,484.46502685546875,5.924679167001159
691,stone_canyon,mps,150,-145176.96795347327,497,False,-7.358666997626424,2.6682599241762848,0.020406425965484233,4.7529337692260745,657.4013061523438,861.1310424804688,6.095247124991147
692,stone_canyon,mps,150,-144809.5538252946,495,False,-8.072587729251634,3.1485903187409425,0.019221875993534924,4.752456614176432,745.6317749023438,964.4179077148438,6.016055416999734
693,sullivan_canyon,mps,150,-43792.159801900314,162,False,0.4938356069723765,0.0457389302994117,0.01679298006851847,4.751614691416423,69.13599395751953,140.741455078125,6.19974858299247
694,sullivan_canyon,mps,150,-59685.71000931275,225,False,-0.984319208463033,0.11608969771215925,0.019395240421096485,4.751594454447428,71.14862060546875,137.8423309326172,6.120405333000235
695,stone_canyon,mps,150,-101977.83083757239,352,False,-4.319670616686344,0.9046138571312864,0.015056889181335768,4.7506429417928056,402.505859375,616.4517211914062,5.93354429199826
696,sullivan_canyon,mps,150,-55065.964679134566,208,False,-0.6245843972514074,0.04563080118208442,0.023038790471230943,4.751120103200277,68.10608673095703,292.5755310058594,5.943863250009599
697,sullivan_canyon,mps,150,-76471.72661335836,288,False,-2.5791157944500447,0.39060214940887816,0.0205740436927105,4.751042273839315,259.8823547363281,367.6087951660156,5.967241374994046
698,topanga_ridge,mps,150,-12281.338148144545,40,False,3.4687115128835044,0.5974529403480695,0.024112156663710874,4.751743745803833,308.37939453125,442.1930236816406,6.264503541999147
699,topanga_ridge,mps,150,-9316.372805017352,27,False,3.7859781859318415,0.698699674004068,0.022322496354269486,4.752642100652059,344.7098083496094,500.0044860839844,6.067187583001214
700,stone_canyon,mps,150,-128075.56254740569,436,False,-7.2096981031696,2.6117178486140133,0.018898911234767488,4.7530825901031495,752.4478149414062,1009.4970703125,5.8946503329934785
701,topanga_ridge,mps,150,-3890.562340348939,6,False,4.448720024426778,0.8996546544631322,0.0229035010561347,4.754235617319742,412.21746826171875,532.6465454101562,6.5236001669982215
702,sullivan_canyon,mps,150,-95062.40607239978,342,False,-4.221789952777326,0.9582179690067035,0.01935287582222372,4.754761873881022,452.70257568359375,611.4900512695312,6.202173875004519
703,sullivan_canyon,mps,150,-61843.19555254358,230,False,-1.0178655953332783,0.10527448082642271,0.019046242280552784,4.755433629353841,104.3653335571289,265.5494384765625,6.073685999988811
704,stone_canyon,mps,150,-94390.93006543854,322,False,-3.2622414243221285,0.5313168719228513,0.017711515167417625,4.7569168758392335,344.37255859375,441.5740661621094,6.024199624996982
705,sullivan_canyon,mps,150,-66023.4326136165,246,False,-1.2910315312476208,0.12786642334533327,0.020965790650807323,4.758327751159668,124.06175994873047,206.9087371826172,6.031652875011787
706,stone_canyon,mps,150,-139418.6853053616,478,False,-7.0303177847464875,2.3970345270809292,0.01717190592860182,4.759090248743693,692.98486328125,913.5017700195312,6.04675670900906
707,stone_canyon,mps,150,-148874.74587282198,512,False,-7.218309663981199,2.852924469310286,0.014911260521039367,4.760047613779704,596.044189453125,757.3969116210938,6.209928208991187
708,topanga_ridge,mps,150,-16432.444511371603,56,False,3.6803363033135734,0.627273484133184,0.023779173327299456,4.761510661443075,321.79437255859375,406.3550109863281,5.888795582999592
709,stone_canyon,mps,150,-157315.43922728742,536,False,-8.30311339840293,3.5974448285941434,0.017343759840975206,4.762560685475667,750.40966796875,962.3489379882812,6.151254083000822
710,sullivan_canyon,mps,150,-57503.70600085357,216,False,0.2008535678940825,0.07596945057324746,0.017953583211638032,4.763953024546305,52.710269927978516,181.33245849609375,6.197749750004732
711,topanga_ridge,mps,150,-16190.92596581286,55,False,3.944956310192744,0.7293884820491076,0.020640023852077624,4.764925289154053,362.3042907714844,440.12213134765625,5.868817458002013
712,stone_canyon,mps,150,-126245.52456556211,432,False,-4.558564777957897,1.3293008029932905,0.018143763503370186,4.765788230895996,325.1842346191406,414.2408752441406,6.168223459011642
713,sullivan_canyon,mps,150,-79583.92766223912,291,False,-1.874898183469971,0.2578625587216811,0.01812750813163196,4.7657093397776285,181.30471801757812,265.43359375,6.0161408340063645
714,sullivan_canyon,mps,150,-44443.48504403122,164,False,1.7942438904444378,0.20508034033079942,0.017220984377587834,4.765822124481201,211.72418212890625,309.8863830566406,6.144355750002433
715,sullivan_canyon,mps,150,-50905.948660616836,190,False,1.2369056336721405,0.13689065622987281,0.014997786576859653,4.76506583849589,171.22898864746094,280.8663024902344,6.191139667003881
716,topanga_ridge,mps,150,-6570.764392501452,16,False,5.142884370485942,1.2521549140413601,0.020632758275605737,4.764944801330566,501.6072998046875,620.9253540039062,6.05330120799772
717,stone_canyon,mps,150,-122981.69932497942,422,False,-4.464429983397324,1.062862734911032,0.017226262991316618,4.763365147908528,365.8678894042969,442.68292236328125,6.257869875000324
718,stone_canyon,mps,150,-116378.04021200421,398,False,-4.344474071611961,0.9913560903452859,0.017032015332952143,4.76185801188151,373.52056884765625,475.16644287109375,6.0378790000104345
719,sullivan_canyon,mps,150,-40433.92359650861,148,False,1.9829564332962035,0.18905834569285312,0.015412644296884537,4.760593894322713,197.59532165527344,269.9432067871094,6.231358542005182
720,stone_canyon,mps,150,-111920.32270986398,388,False,-3.5550701526055732,0.7777696588247879,0.017931279777549207,4.75973243077596,280.5997009277344,358.0893249511719,5.901295040996047
721,topanga_ridge,mps,150,-24017.50910481843,85,False,3.4816183149814606,0.5796925265394384,0.02500670215425392,4.758761043548584,305.8358459472656,392.3907470703125,6.067807958010235
722,topanga_ridge,mps,150,-19392.531366174237,68,False,3.865282901028792,0.7438989587132043,0.020792562797044715,4.757734734217326,354.4028015136719,463.2080993652344,6.074632500007283
723,topanga_ridge,mps,150,-2940.807790002509,2,False,5.5518358858426415,1.4370070484280586,0.020401899078860877,4.756345256169637,539.0870361328125,753.4215698242188,6.156783667000127
724,stone_canyon,mps,150,-131273.04937147725,447,False,-5.609900607367357,1.4999487903217474,0.018650368941016494,4.755647296905518,490.8022155761719,643.4945068359375,5.886216290993616
725,sullivan_canyon,mps,150,-50361.22142136746,186,False,0.9542304701637476,0.07679619399916646,0.01856653395264099,4.754402182896932,105.07035064697266,167.98605346679688,5.908889833997819
726,topanga_ridge,mps,150,-14491.037114812741,48,False,4.1742277672762675,0.8602909846484302,0.020275864770325523,4.752688916524251,376.23388671875,509.5421142578125,5.91055712501111
727,topanga_ridge,mps,150,-22157.52090416443,79,False,3.25208419367671,0.5596543214694247,0.019068926565814763,4.751761980056763,277.72613525390625,384.7275695800781,6.126644791991566
728,topanga_ridge,mps,150,-6192.406871868796,16,False,4.825711077054342,1.1073618883204956,0.024622280705564967,4.750384543736776,437.78045654296875,612.6967163085938,6.271860041000764
729,topanga_ridge,mps,150,-13349.23458532558,44,False,3.915288467655579,0.7869415724284288,0.020076259837175408,4.748808609644572,338.2804870605469,455.03033447265625,6.179063582996605
730,stone_canyon,mps,150,-46129.88318647549,151,False,1.448734088242054,0.13610678621276748,0.013914411507236461,4.747151362101237,137.01646423339844,183.60043334960938,5.944656624997151
731,sullivan_canyon,mps,4,6.072588066854223,0,True,3.980901062488556,0.884313091635704,0.003718893858604133,4.692871928215027,13.08386516571045,25.416872024536133,0.18647208300535567
732,topanga_ridge,mps,150,-4989.877455029997,11,False,4.1962310022705545,0.9132035273357088,0.02054825196818759,4.742701813379924,371.9691162109375,506.100830078125,6.093949500005692
733,stone_canyon,mps,150,-154432.1081335472,530,False,-8.197783361275992,3.19436083133022,0.018187912514743707,4.73877755800883,694.1648559570312,938.3502197265625,6.097426957989228
734,topanga_ridge,mps,150,-2979.169036683435,2,False,4.0852669702346125,0.8654375266010175,0.018027501751979192,4.735230468114217,361.4446716308594,489.7006530761719,5.955946125002811
735,topanga_ridge,mps,150,-18176.075690117137,63,False,2.342082921266556,0.4191876143217087,0.021381582838172715,4.7323626518249515,167.8482666015625,242.2463836669922,6.068490416000714
736,topanga_ridge,mps,150,-9289.443442244243,28,False,3.114919979572296,0.5793797402580579,0.020101504431416593,4.727918984095256,251.7758026123047,343.1428527832031,6.079764374997467
737,sullivan_canyon,mps,150,-51418.80341325325,187,False,-1.003652029079385,0.11749237530429885,0.020305488800319533,4.723927977879842,162.2564697265625,256.51910400390625,6.142764417003491
738,sullivan_canyon,mps,150,-67414.1133821241,248,False,-2.7497528461615244,0.4367533585553368,0.018782781433934966,4.722231683731079,335.3641357421875,482.6660461425781,6.077874249996967
739,stone_canyon,mps,3,31.14894260063021,0,True,2.715006669362386,0.4587048391501109,0.0030931184689203897,4.580013275146484,8.656454086303711,14.898505210876465,0.13126525000552647
740,topanga_ridge,mps,150,-18551.494750767255,65,False,1.6739474434653918,0.295112265998614,0.023092804894161722,4.718661975860596,101.47730255126953,169.8817901611328,6.160591332998592
741,topanga_ridge,mps,150,-18078.730724513043,63,False,1.6360455725590388,0.28760454782595235,0.02381951082342615,4.714600842793782,96.31378936767578,166.19004821777344,6.1678961669967975
742,topanga_ridge,mps,150,-22296.946697314987,80,False,1.0795648563963671,0.1922565376033405,0.019227571984132132,4.711178363164266,55.63507080078125,150.4456329345703,6.205196375012747
743,stone_canyon,mps,150,-95267.76252473523,325,False,-4.669127413431803,1.041988759438197,0.014659668932047983,4.706735645929973,527.1831665039062,639.5615844726562,6.3602045830048155
744,stone_canyon,mps,150,-118968.5695032033,413,False,-6.4176374888420105,1.9514658899605275,0.016419151582134268,4.704041426976522,728.0578002929688,902.1782836914062,5.953708332992392
745,sullivan_canyon,mps,150,-67106.5678907986,249,False,-3.2976214639345804,0.5675213697801034,0.018664061767049135,4.704373871485393,398.1654357910156,500.39202880859375,6.131385541011696
746,topanga_ridge,mps,150,-3818.7781521685665,5,False,2.95978142570549,0.46129870432699477,0.01971515636347855,4.703939425150553,271.9717712402344,351.2363586425781,6.188096624988248
747,sullivan_canyon,mps,150,-43819.13109804462,165,False,-0.9161183032269279,0.09226493353439916,0.01430083648301661,4.702387962341309,140.6394500732422,179.6295623779297,5.96976325000287
748,topanga_ridge,mps,150,-5567.393499112413,13,False,2.7735941016674044,0.41170158602765394,0.021550129448684553,4.701746155420939,257.4429016113281,321.51251220703125,6.115972334009712
749,sullivan_canyon,mps,150,-38676.080837748574,142,False,-0.33146045030405125,0.03758929043909423,0.016422691945917903,4.700156491597493,49.674434661865234,167.88319396972656,6.162157874990953
750,topanga_ridge,mps,150,-8379.464289637104,24,False,2.4642010536665717,0.33886914559393216,0.018000465966761112,4.697621033986409,226.61141967773438,296.0878601074219,6.012331958991126
751,topanga_ridge,mps,150,-8687.625133198417,26,False,2.3879355031469216,0.32138763495029554,0.0188057337103722,4.693207368850708,221.10650634765625,293.738037109375,6.0212863750057295
752,topanga_ridge,mps,150,-14816.19252887947,50,False,1.6855279402559002,0.19932793355503237,0.020463631683960558,4.686494770050049,136.0392303466797,216.2583770751953,6.190932249999605
753,sullivan_canyon,mps,150,-49584.46424481573,188,False,-1.3509224212169648,0.16007185524096712,0.014192444669703642,4.677547852198283,135.56219482421875,187.15408325195312,6.087495708008646
754,stone_canyon,mps,150,-106107.14343750922,366,False,-5.590949148237705,1.609397054162764,0.016985672015386324,4.676022764841716,615.3041381835938,705.856201171875,6.202198958999361
755,topanga_ridge,mps,150,-7594.134646062868,21,False,2.2406182990719876,0.2855882968285035,0.019284729446905353,4.676470648447673,216.04039001464844,301.3748474121094,5.921334917002241
756,sullivan_canyon,mps,150,-60034.07743547845,228,False,-2.740808352579673,0.42284965973124294,0.018412396530620753,4.675087865193685,329.8197021484375,422.13653564453125,6.209675582998898
757,sullivan_canyon,mps,150,-40753.613726732925,150,False,-0.8873992151363442,0.06383313831277822,0.016245341546212634,4.673122526804606,109.64399719238281,142.58786010742188,5.9635629580006935
758,topanga_ridge,mps,150,-15258.786726403752,51,False,1.4419630232515435,0.15549486579732427,0.02135738723988955,4.673772481282552,121.39901733398438,173.9727325439453,6.070422499993583
759,sullivan_canyon,mps,150,-42508.061396794306,159,False,-1.0817347622849047,0.0880990909697175,0.016190960267558695,4.672918357849121,136.45497131347656,198.01962280273438,5.979578333004611
760,sullivan_canyon,mps,150,-85582.41845842153,311,False,-5.172874167263508,1.3927001695691918,0.0172744573916619,4.67366689046224,586.2491455078125,753.7958984375,5.69472941699496
761,stone_canyon,mps,150,-136084.9538440348,466,False,-8.66486587136984,3.7380125545463065,0.014900687974877655,4.674997771581014,945.196533203125,1136.0882568359375,6.376741374988342
762,sullivan_canyon,mps,150,-40722.649406009135,156,False,-0.60958952586477,0.03539076443717022,0.015998521619476378,4.681036265691121,76.32887268066406,113.1077651977539,6.036750832994585
763,sullivan_canyon,mps,150,-48374.715366096,176,False,-1.434774510258188,0.13217547570368274,0.014794503779460986,4.68632363319397,169.7454833984375,211.1083984375,6.068786917006946
764,topanga_ridge,mps,150,-23164.969243353993,83,False,1.1432226217755428,0.10144128179302242,0.017654076369168856,4.6925005435943605,93.98313903808594,168.64312744140625,5.860054082993884
765,topanga_ridge,mps,150,-7418.16564651812,20,False,2.9238370768229167,0.40825380669285855,0.0211254215054214,4.697775904337565,278.5369873046875,319.58538818359375,5.923364917005529
766,topanga_ridge,mps,150,-8304.210732077696,23,False,2.827528252998988,0.39423565413802863,0.01952311858224372,4.700564762751261,270.5918884277344,350.3251953125,6.163872249991982
767,topanga_ridge,mps,150,-16464.892410704226,57,False,1.987347050458193,0.2020129958963177,0.01924716881165902,4.701032848358154,184.48428344726562,336.1919860839844,6.067889750003815
768,stone_canyon,mps,150,-118241.35997354127,404,False,-6.644471696515878,2.1942376039510902,0.01842180547459672,4.699278704325358,656.0733032226562,753.6170043945312,5.815427082998212
769,stone_canyon,mps,150,-100734.7206907584,345,False,-4.659521195762014,1.2100956397271438,0.017254741087866326,4.701450662612915,425.03253173828125,467.0704345703125,5.968987957996433
770,topanga_ridge,mps,150,-16941.039272992784,58,False,1.8932660163387967,0.20574364620538071,0.01946821893332526,4.703151038487753,169.50685119628906,264.0639343261719,6.290094875002978
771,sullivan_canyon,mps,4,6.072588066854223,0,True,1.3446816205978394,0.12512063793838024,0.0020093195780646056,4.313214063644409,7.926618576049805,10.946840286254883,0.1909584169916343
772,topanga_ridge,mps,150,-22553.658429821742,81,False,1.344898539011677,0.11419378017165097,0.01886726973578334,4.699410552978516,115.20848846435547,138.28099060058594,6.133464500002447
773,topanga_ridge,mps,150,-9446.086943219429,29,False,2.6547021053234734,0.3513875679920117,0.018659637006931008,4.692922045389811,247.92062377929688,294.8450012207031,6.034808083000826
774,stone_canyon,mps,150,-101541.38731587146,349,False,-4.687608266882599,1.1980523205940699,0.013692822578984002,4.685702597300212,478.6114501953125,577.1642456054688,6.160083291004412
775,sullivan_canyon,mps,150,-47122.737925725305,174,False,-1.003799900362889,0.0661444754919891,0.01699801961736133,4.683798691431681,102.37478637695312,145.07183837890625,5.993891749996692
776,sullivan_canyon,mps,150,-41797.13804918899,158,False,-0.2783046670568486,0.08154979615384406,0.01644279681999857,4.683816448847453,55.63689422607422,120.50787353515625,6.041368999998667
777,stone_canyon,mps,150,-119215.88043672834,408,False,-6.644935077515741,2.260023991685375,0.01666613526797543,4.687183548609416,641.77734375,707.09423828125,5.953983915998833
778,stone_canyon,mps,150,-103535.21512665648,355,False,-5.429548470675945,1.5256929745866608,0.014123878008686006,4.689414339065552,513.1653442382812,559.6439819335938,6.319446334004169
779,sullivan_canyon,mps,150,-67267.34086231752,250,False,-2.8299168068915606,0.48448497098705656,0.015749481782938043,4.692644424438477,273.6224060058594,350.2232666015625,6.11376570900029
780,sullivan_canyon,mps,150,-57667.89570970388,217,False,-1.7624551421031356,0.2246067248963906,0.017070051146050293,4.699053204854329,156.84002685546875,195.37017822265625,6.189155166008277
781,topanga_ridge,mps,150,-11912.179005638036,39,False,2.6297783503929772,0.3464532722067088,0.017698189189347128,4.705555044809977,236.30120849609375,281.7109680175781,6.733826000010595
782,stone_canyon,mps,150,-103160.93030428892,354,False,-4.720010581811269,1.1424429008488854,0.015165138919837774,4.710047486623128,444.8849182128906,510.3708801269531,6.617307332999189
783,stone_canyon,mps,150,-111783.0475609046,384,False,-5.305749921932196,1.4744022994203154,0.01346892283918957,4.714587020874023,460.82733154296875,484.5967712402344,6.205847666002228
784,stone_canyon,mps,150,-127301.95513872358,439,False,-6.4445088625947635,2.188038801451524,0.014205100315933427,4.719761768976848,551.996826171875,626.2646484375,6.13607841701014
785,topanga_ridge,mps,150,-3424.1124691143664,3,False,4.095612907409668,0.7539727571606636,0.020710807219147684,4.72673100789388,357.1500244140625,411.0547180175781,6.111898916991777
786,topanga_ridge,mps,150,-19696.638036371914,69,False,2.4051453042030335,0.28043707420739034,0.018693035813048483,4.731496804555257,201.4408416748047,228.34844970703125,6.156765749998158
787,stone_canyon,mps,150,-124295.2658408296,424,False,-6.858656295090913,2.5053534912897644,0.015579205305936436,4.734337202707926,544.5468139648438,612.7600708007812,6.051581624997198
788,topanga_ridge,mps,150,-15826.322260315572,54,False,2.9299236957232155,0.39341650642454623,0.02306786938259999,4.7375173727671305,240.3889617919922,265.3507385253906,5.97870220799814
789,sullivan_canyon,mps,150,-39823.902262761956,147,False,0.7628014559030999,0.05777967273061538,0.015225480638133983,4.740929562250773,79.10474395751953,115.51707458496094,5.8941032080037985
790,topanga_ridge,mps,150,-14952.061866699616,51,False,2.9932899188995363,0.42266470616062485,0.018721556407399476,4.742179622650147,247.0750732421875,304.3248291015625,6.214638290999574
791,sullivan_canyon,mps,150,-28888.614281879592,105,False,1.5154102827608584,0.12522986686866108,0.017229334502480924,4.742836151123047,116.3182144165039,152.3478546142578,6.009682332994998
792,topanga_ridge,mps,150,-4465.2996472905625,8,False,4.007591921488444,0.7336259041229883,0.018774321877087156,4.7417718760172525,334.80926513671875,383.2535400390625,5.827201374995639
793,topanga_ridge,mps,150,-13270.069933656383,43,False,2.8939280418058235,0.42137051235302353,0.017135120558862883,4.7401513004302975,233.90567016601562,315.8589172363281,6.120765082989237
794,topanga_ridge,mps,150,-18205.4179597586,63,False,2.2821810040374597,0.2728605124905395,0.01989132467346887,4.737400770187378,175.923095703125,234.18057250976562,6.1047435000073165
795,sullivan_canyon,mps,150,-38695.08923199972,146,False,0.14448793889556935,0.026394587293822103,0.015634714375870922,4.734360806147257,20.072282791137695,47.8759651184082,5.874311624997063
796,sullivan_canyon,mps,150,-76405.39197545704,272,False,-3.5670271733527383,0.6772317480858904,0.01886948139872402,4.733021062215169,323.61627197265625,410.4314270019531,5.830998584002373
797,stone_canyon,mps,150,-138704.02071192808,470,False,-7.888334915488958,3.1950766327210296,0.0181925655878149,4.731389528910319,634.0823364257812,675.6932373046875,6.107834375012317
798,sullivan_canyon,mps,150,-62675.30708500481,227,False,-2.485151274899642,0.3571349340452192,0.016421424845854442,4.730273529688517,246.89161682128906,339.5314636230469,5.985530999998446
799,stone_canyon,mps,150,-136928.8512459985,470,False,-7.448725215122104,2.938120169148533,0.01640371840291967,4.7311054102579755,605.6333618164062,682.3649291992188,6.195284624991473
800,topanga_ridge,mps,150,-3399.2852825229475,3,False,3.5540954554080963,0.6002364718789855,0.01926836512051523,4.733472518920898,302.24688720703125,373.9261169433594,6.345446958002867
801,topanga_ridge,mps,150,-6121.509107240305,16,False,3.2206549269954365,0.511881899931468,0.020913176039854684,4.733745702107748,270.95458984375,329.349609375,6.2847364579938585
802,stone_canyon,mps,150,-103117.25673086994,356,False,-4.158174298517406,0.9942645367750326,0.013794284543643395,4.73358517964681,342.92742919921875,366.76556396484375,6.114596832994721
803,sullivan_canyon,mps,150,-45109.394581079585,169,False,-0.4640400521154515,0.04960067679809996,0.01544935184608524,4.733957125345866,34.317527770996094,57.32423400878906,6.1466392500005895
804,stone_canyon,mps,150,-204797.25891240747,694,False,-13.652739244699479,9.148158661147269,0.01714261080448826,4.735254214604695,1135.00439453125,1296.111328125,6.139691832999233
805,topanga_ridge,mps,150,-5130.390335863636,10,False,3.5097025346755983,0.5739093136042357,0.019107140507549046,4.737968085606893,294.6727294921875,337.8262023925781,6.063838874993962
806,sullivan_canyon,mps,150,-52441.286950711954,193,False,-1.001731508821249,0.07846608235267923,0.016355588561855258,4.738981409072876,85.25910949707031,141.7737579345703,6.002632916992297
807,sullivan_canyon,mps,150,-45457.883811549036,166,False,-0.23148963992561525,0.022009970370322728,0.01579774162809675,4.74091944694519,16.023395538330078,65.38829040527344,6.034000208994257
808,sullivan_canyon,mps,150,-44299.82832397784,165,False,-0.17180695433790485,0.03642567642492395,0.016393717606551946,4.742752606074015,19.728940963745117,45.03032684326172,6.078864416995202
809,topanga_ridge,mps,150,-9193.438242897762,27,False,3.304779590765635,0.5051060701906681,0.01943418466951698,4.7454358609517415,270.8767395019531,351.4886169433594,6.1430964169994695
810,sullivan_canyon,mps,150,-48994.20861499527,180,False,-0.37776060175150633,0.028066756919797625,0.01732477016746998,4.746771046320597,23.980979919433594,191.55264282226562,6.0253276250005
811,stone_canyon,mps,150,-93924.09348081285,323,False,-3.5742869358261427,0.6614507021824829,0.01654715436355521,4.748650118509929,303.9380187988281,346.0948486328125,6.031257916009054
812,topanga_ridge,mps,150,-5038.937706322997,11,False,3.814257443745931,0.6696422885855039,0.021721922800255318,4.750962394078573,321.10711669921875,405.5148010253906,5.8113917500013486
813,stone_canyon,mps,150,-126542.13053499545,434,False,-6.604472030848265,2.166558337586272,0.015228519188240171,4.752381423314413,556.6021118164062,659.5371704101562,5.844434040991473
814,sullivan_canyon,mps,150,-45082.15499393822,169,False,0.2818017143306012,0.10490187948868282,0.016635537662077694,4.754934078852336,67.2828598022461,159.11260986328125,5.948265333005111
815,sullivan_canyon,mps,150,-52667.50002449306,190,False,-0.5299087805921833,0.07304955053704665,0.014778145585830012,4.756839714050293,31.123634338378906,67.81427001953125,6.268076375010423
816,sullivan_canyon,mps,150,-50906.03415024241,187,False,-0.34352266222859423,0.05038413557108545,0.019355741823092104,4.759081710179647,18.3937931060791,66.084228515625,6.03141387499636
817,topanga_ridge,mps,150,-23492.182882123616,84,False,2.0631408761938412,0.2286642087166547,0.02057289542630315,4.7605324045817055,151.44349670410156,180.7176055908203,6.059250541991787
818,sullivan_canyon,mps,150,-89543.25714273495,330,False,-3.795150144447883,0.7773237496216704,0.019776717560986676,4.760805590947469,283.68695068359375,328.8942565917969,5.867442457994912
819,sullivan_canyon,mps,150,-67415.58215038988,241,False,-2.222001960178216,0.28989536268403754,0.016524022347293794,4.762441021601359,216.95449829101562,267.33184814453125,6.235883708999609
820,topanga_ridge,mps,150,-22620.626325493362,80,False,2.2204592374836407,0.26281762286591404,0.02253123464838912,4.763394927978515,165.2899627685547,193.92784118652344,6.12171004099946
821,sullivan_canyon,mps,150,-25779.342063432916,98,False,2.286931437651316,0.2477801901102066,0.019179260730743407,4.764036315282186,217.2174530029297,278.1047668457031,6.033443790991441
822,topanga_ridge,mps,150,-13209.892170001673,44,False,3.1931793799002963,0.4938159548987945,0.01956989159497122,4.763453540802002,262.2381896972656,304.5043029785156,5.961931999991066
823,sullivan_canyon,mps,150,-67489.23192784411,249,False,-2.1783764778263865,0.27844922707291214,0.018002132090429467,4.762321446736654,208.06002807617188,254.98355102539062,6.115757167004631
824,stone_canyon,mps,150,-124356.29763036402,425,False,-6.187081271906694,1.9212894709873944,0.01601662617487212,4.761872412363688,496.138427734375,565.3330688476562,5.94729070799076
825,sullivan_canyon,mps,150,-54384.16343553171,200,False,-0.6258842738221089,0.06538535707911554,0.016872005847593147,4.760874303181966,37.93417739868164,83.43099212646484,5.985492459003581
826,sullivan_canyon,mps,150,-42026.26120025412,160,False,0.643596172099933,0.03474405699809798,0.01702997815484802,4.759934520721435,70.5210189819336,138.7812957763672,5.9534528339863755
827,stone_canyon,mps,150,-108199.35310865783,370,False,-4.491960695584615,1.0719389232348961,0.01482589445852985,4.758044446309407,359.2208557128906,411.6990966796875,5.902690500006429
828,stone_canyon,mps,150,-125259.47657108639,429,False,-5.653423026601473,2.0159170295649287,0.01861347495423009,4.757336400349935,389.16680908203125,440.4158630371094,6.047027707987581
829,stone_canyon,mps,150,-141538.1794262459,484,False,-6.978982806267838,2.8508165377094214,0.016407856571798524,4.756935920715332,472.8699645996094,500.3787536621094,6.2645282090088585
830,topanga_ridge,mps,150,-8134.6333157976405,23,False,3.9096766392389934,0.7292115250229836,0.018362641502171755,4.756013396581014,350.2253723144531,411.81524658203125,5.87733383399609
831,stone_canyon,mps,150,-109538.25313949217,377,False,-4.60322778403759,1.0610595117447277,0.016653924387258788,4.7548191897074386,399.1924743652344,436.30645751953125,6.320645208004862
832,stone_canyon,mps,150,-150343.89005908152,512,False,-8.172357659041882,3.3818309472734107,0.015193780668390293,4.754278933207194,649.3582763671875,711.4159545898438,6.191167750002933
833,topanga_ridge,mps,150,-9651.929059565442,28,False,3.9730690864721936,0.7490059679746628,0.0174284885590896,4.753431927363078,357.9674377441406,414.2894592285156,5.927069583005505
834,stone_canyon,mps,150,-162412.67030047052,558,False,-9.072249699234963,4.200875469248664,0.017582747211369376,4.753059409459432,717.7451782226562,786.0606689453125,6.217175416997634
835,stone_canyon,mps,4,-1360.8536003551926,5,True,3.4971134662628174,0.6971575617790222,0.002190164814237505,4.59343695640564,13.428610801696777,19.624691009521484,0.17505912498745602
836,stone_canyon,mps,150,-137339.62318057948,469,False,-6.320340736955404,2.1371958457852696,0.014343696906386564,4.749070997238159,482.2874450683594,522.523681640625,5.851448458997766
837,topanga_ridge,mps,150,-13566.755760841912,45,False,3.8958937935034434,0.7112142632901669,0.02153136331355199,4.747101284662882,360.43096923828125,402.03057861328125,6.178313124997658
838,stone_canyon,mps,150,-105120.78048524827,359,False,-3.8425370177626608,0.7770583159460996,0.017367989343280595,4.744418147404988,366.3754577636719,415.0043029785156,6.13921374999336
839,topanga_ridge,mps,150,-5287.52177658975,11,False,4.930854134559631,1.0986209988594056,0.020021893625768523,4.742060785293579,477.2381591796875,550.2313232421875,6.171684916000231
840,stone_canyon,mps,150,-119999.77999482451,413,False,-4.445568657427406,1.2467680756029298,0.016936575875928006,4.740405213038127,311.946533203125,325.6466369628906,6.131890709002619
841,stone_canyon,mps,150,-123257.63617558325,423,False,-4.9131883246699966,1.2927959159761668,0.01829287292746206,4.739565048217774,414.7615661621094,437.2392578125,6.039750207986799
842,stone_canyon,mps,150,-100120.76380822538,344,False,-2.998812103495002,0.4782375363750422,0.015616918971451621,4.7371978664398195,269.70867919921875,287.3453674316406,6.0259170409990475
843,stone_canyon,mps,150,-139672.35224902997,481,False,-6.161809452424447,2.0964319444036423,0.015233597617285948,4.734448757171631,488.5342102050781,492.712158203125,5.893994749989361
844,topanga_ridge,mps,150,-10388.347043236321,32,False,4.766713665326436,1.0562583900491396,0.017990819074523944,4.731876115798951,497.6265869140625,526.3055419921875,5.919223208999028
845,topanga_ridge,mps,150,-18343.391409987686,63,False,4.0104015445709225,0.7539981456597646,0.020040976922027765,4.728710498809814,415.9638671875,460.80419921875,6.151188917006948
846,stone_canyon,mps,150,-142380.32320974392,488,False,-5.809290982248882,1.9443642428747747,0.015517335245385766,4.7260731474558515,472.9190368652344,449.3973083496094,5.726307792006992
847,sullivan_canyon,mps,150,-31806.122710317322,115,False,2.926557459036509,0.40059438586235047,0.01446908103612562,4.723878917694091,335.4176330566406,383.9889831542969,6.052125333008007
848,stone_canyon,mps,150,-144591.52758453306,496,False,-6.503996839125951,2.195793498130515,0.01796884703915566,4.7231246248881025,606.0682983398438,653.6077880859375,6.203626375005115
849,stone_canyon,mps,150,-144935.6416140645,495,False,-6.46494213283062,2.137424746355197,0.016957735083997248,4.721251939137777,556.1256713867188,559.358642578125,6.01213975000428
850,sullivan_canyon,mps,150,-49030.413290238626,182,False,1.4115356147785982,0.11884176428876041,0.01628097625138859,4.718134660720825,182.0018310546875,241.24314880371094,5.9585786660027225
851,stone_canyon,mps,150,-132064.67305086373,456,False,-4.8640243296232075,1.587477105846569,0.016815493538354834,4.7153697617848715,369.9534606933594,345.5002136230469,6.114835583997774
852,sullivan_canyon,mps,150,-65570.29229343942,235,False,-0.1259571188595146,0.05864693784499802,0.016550901024602355,4.712470022837321,33.827701568603516,76.81697845458984,6.0858029590017395
853,topanga_ridge,mps,150,-5676.828324349417,13,False,5.748290777206421,1.5902509001890819,0.01564700358857711,4.708093090057373,710.07763671875,750.283447265625,6.252790083002765
854,sullivan_canyon,mps,150,-41338.97777734046,154,False,2.38181481719017,0.27941635544101395,0.017163451158752042,4.705165691375733,313.1838684082031,367.8456115722656,5.980747624998912
855,sullivan_canyon,mps,150,-48772.60662049066,180,False,1.597016086379687,0.14172456095421998,0.014068846758455038,4.702896957397461,214.94451904296875,253.91993713378906,6.170786957998644
856,topanga_ridge,mps,150,-13548.658309036182,44,False,4.88734541495641,1.1625680507719516,0.020281223963635662,4.703113663991292,592.792236328125,605.8978271484375,6.112559125002008
857,topanga_ridge,mps,150,-3210.0118280326624,3,False,5.877964960734049,1.6391871947050094,0.02007367413646231,4.703226067225138,708.3854370117188,787.0203857421875,6.2878373749990715
858,topanga_ridge,mps,150,-6832.720732062551,18,False,5.377535976568858,1.3656368274490038,0.020439495873482278,4.702496690750122,628.3942260742188,695.3159790039062,6.014353249993292
859,sullivan_canyon,mps,150,-67510.05563367056,248,False,-0.36787166758129997,0.18014936064872017,0.016180031049686173,4.703745883305867,87.16712188720703,172.08212280273438,6.027441124999314
860,topanga_ridge,mps,150,-16533.288190744774,56,False,3.947761337614308,0.7940857603485407,0.020276109481540818,4.704743576049805,421.76397705078125,482.49456787109375,6.448158541999874
861,stone_canyon,mps,150,-108081.21117047242,374,False,-3.816678492426872,0.7577618174829209,0.01810625260385374,4.70439972559611,383.04144287109375,475.95452880859375,6.178016291989479
862,topanga_ridge,mps,150,-5105.595219747111,11,False,4.818019584019979,1.1471751471112173,0.01974694252324601,4.703926785786947,507.9072570800781,642.3690795898438,6.0840971669967985
863,sullivan_canyon,mps,150,-44495.905119834555,167,False,1.060028899287184,0.07770989816101065,0.0164086229664584,4.702441911697388,128.81443786621094,213.0515594482422,6.0394249169912655
864,sullivan_canyon,mps,150,-46335.648829321515,172,False,0.681258872305043,0.04381616424279969,0.016547908677409094,4.7007436943054195,60.151939392089844,102.022216796875,5.7806864169979235
865,topanga_ridge,mps,150,-3964.368669212965,5,False,4.520426817735037,1.0107404037254553,0.018858141823826977,4.697772773106893,449.7144470214844,478.8597717285156,5.791010457993252
866,sullivan_canyon,mps,150,-40522.372526217456,153,False,0.9270557858988954,0.07560586107320973,0.014003049552751085,4.694118569691976,100.56011962890625,116.02027893066406,6.2044475419970695
867,stone_canyon,mps,150,-110312.70179569049,380,False,-4.635633266617854,1.0643000786367338,0.01401421451785912,4.688306109110514,527.6957397460938,617.4495239257812,5.982134166988544
868,stone_canyon,mps,150,-120279.39106769269,415,False,-5.302430064678192,1.3484465731059512,0.018275536933603388,4.6853389771779375,511.90899658203125,569.6670532226562,6.304591082996922
869,sullivan_canyon,mps,150,-46208.11380262893,171,False,0.08669795716181397,0.02865090986753785,0.0151446466287598,4.684038934707641,22.117162704467773,127.70262908935547,6.136905790990568
870,stone_canyon,mps,150,-100079.55040109975,341,False,-4.513954473932584,1.0914874634767573,0.013878330079993855,4.683468376795451,487.94561767578125,604.6868896484375,6.121412875014357
871,stone_canyon,mps,150,-145064.11983198015,499,False,-8.335113058487574,3.4162342749598125,0.02003224366189291,4.685443328221639,985.1311645507812,1047.6361083984375,6.128208334004739
872,sullivan_canyon,mps,150,-43784.04950150564,164,False,0.2894261629926041,0.053321910862367,0.01690423206697839,4.689046154022217,27.907419204711914,172.9418487548828,5.980818958996679
873,sullivan_canyon,mps,150,-51501.719662945055,193,False,-0.35033508608738584,0.051130518911250346,0.014994622517066698,4.691734650929769,70.08592224121094,145.70779418945312,6.0019344160100445
874,topanga_ridge,mps,150,-17448.96077979996,59,False,2.8104152998328207,0.4690305794700786,0.019751689781745276,4.696684656143188,215.79367065429688,252.38662719726562,6.029921042005299
875,topanga_ridge,mps,150,-10206.171711904906,31,False,3.5922259274000923,0.6738927132795228,0.021448335827638706,4.699483833312988,309.8300476074219,642.3306884765625,5.76658741600113
876,stone_canyon,mps,150,-115907.88552732827,398,False,-5.055101072092851,1.2838972698400417,0.018278057382752497,4.702624136606852,510.8531799316406,601.7843627929688,6.206923791993177
877,sullivan_canyon,mps,150,-51323.889789024804,185,False,-0.2848951204121113,0.06316843592638179,0.016505914411197108,4.706507717768352,99.78390502929688,142.00689697265625,6.000551249991986
878,topanga_ridge,mps,150,-13392.2660315745,44,False,3.392647356291612,0.5989630603440885,0.01965692970280846,4.711237754821777,281.0560302734375,307.3050842285156,6.27214429200103
879,topanga_ridge,mps,150,-4897.786551915174,10,False,4.305572822888692,0.8863220654428006,0.020415030780714005,4.715167147318522,384.74603271484375,444.4439697265625,5.9183255410025595
880,stone_canyon,mps,150,-116833.63932193544,398,False,-5.770688514610131,1.7561332081704555,0.01691335780080408,4.717461274464925,570.5802001953125,714.2445678710938,5.991649707997567
881,stone_canyon,mps,150,-145149.1128939787,496,False,-7.5438275982439515,2.889018296491704,0.018042557511168223,4.721783669789632,663.0059814453125,715.5028686523438,5.941273874996114
882,stone_canyon,mps,150,-119901.21157969921,411,False,-4.979776494391262,1.3437329154796802,0.01599687571792553,4.726121184031169,414.8717041015625,467.0249328613281,6.263955499991425
883,stone_canyon,mps,150,-117809.21100492416,404,False,-5.094373477964352,1.3367779404772122,0.014621837520971894,4.730736837387085,443.7825622558594,436.982666015625,6.165627292008139
884,sullivan_canyon,mps,150,-38416.705000673945,141,False,1.4931065056721369,0.11828674626847108,0.014956886023283005,4.735549882253011,148.16595458984375,191.6219940185547,6.136603666993324
885,topanga_ridge,mps,150,-5920.68330853916,13,False,4.524132000605265,0.9645824720462163,0.019272436479416986,4.737882267634074,395.0178527832031,432.7364196777344,6.008068208000623
886,sullivan_canyon,mps,150,-54510.8786067512,200,False,0.2279707419872284,0.05718182319794626,0.01549656202706198,4.738640003204345,88.1859359741211,149.72621154785156,6.0065552910091355
887,topanga_ridge,mps,150,-11402.985253886452,36,False,3.961855619351069,0.7496553433562319,0.01695375540293753,4.736980743408203,333.2159729003906,349.1473388671875,6.149477458995534
888,sullivan_canyon,mps,150,-40721.539790690564,153,False,1.2379084535595029,0.09450000662150539,0.016543129673227668,4.735911814371745,125.44850158691406,151.2800750732422,5.954883124999469
889,topanga_ridge,mps,150,-8753.470194302581,25,False,4.164945410490036,0.7998306245356798,0.01809677729693552,4.733551238377889,347.8446960449219,374.3291320800781,6.230058500004816
890,topanga_ridge,mps,150,-17031.607852687528,59,False,3.041265295594931,0.4933104936525342,0.01720462165772915,4.731544030507406,239.7241973876953,270.65966796875,6.235967208995135
891,stone_canyon,mps,150,-138848.09485728652,474,False,-7.223087724943956,2.5535420839380336,0.016934736461068193,4.72829496383667,647.8512573242188,691.0265502929688,6.091411416011397
892,topanga_ridge,mps,150,-19783.3022665397,69,False,2.5877536745990315,0.39118674656499025,0.019765769733736914,4.726806780497233,183.46295166015625,196.41249084472656,6.0725745410018135
893,sullivan_canyon,mps,150,-36414.78564981676,135,False,1.0176505584518114,0.06690564116191429,0.014431344860543807,4.72381470044454,77.70623016357422,105.0538330078125,6.055766666991985
894,sullivan_canyon,mps,150,-59042.20477795258,220,False,-1.3411627661685148,0.13946243952542622,0.016299669812433422,4.720500974655152,168.32614135742188,215.44155883789062,6.184812999999849
895,stone_canyon,mps,4,-1360.8536003551926,5,True,2.6631423234939575,0.43232443183660507,0.002317023929208517,4.54286527633667,11.77129077911377,16.7663631439209,0.19314675001078285
896,stone_canyon,mps,150,-163825.14930386838,560,False,-9.764545160122216,4.707456952294378,0.015724768419750033,4.712484636306763,874.4483642578125,1018.729248046875,6.032334667004761
897,topanga_ridge,mps,150,-11539.996631213462,36,False,2.9193003759284815,0.486867420115838,0.02034844525468846,4.711023696263632,229.06170654296875,297.1849060058594,5.965874082990922
898,topanga_ridge,mps,150,-7276.417779515182,20,False,3.2715827351684372,0.579107038426555,0.019486651519934336,4.706876659393311,269.96649169921875,347.4461669921875,6.359251457994105
899,stone_canyon,mps,3,31.14894260063021,0,True,2.1801671187082925,0.30876460671424866,0.00361975336757799,4.465587774912517,8.346527099609375,12.925363540649414,0.15660324999771547
900,topanga_ridge,mps,150,-10621.755698451343,34,False,2.658898345629374,0.4346739029604942,0.020927284254382054,4.695396267573039,205.87884521484375,271.2492980957031,6.0181397079868475
901,sullivan_canyon,mps,150,-49741.239454268136,183,False,-1.170790935953458,0.11103364159944855,0.01638170689654847,4.68699878692627,181.56369018554688,288.3822937011719,6.31215145799797
902,stone_canyon,mps,150,-121052.36684117481,416,False,-6.800693973302841,2.226144453982512,0.014202413593108455,4.682417545318604,776.9168090820312,1056.348388671875,6.144399292010348
903,stone_canyon,mps,150,-85648.36726569856,293,False,-3.663167830308278,0.665001723965009,0.012434780594582358,4.679332698186238,401.458251953125,494.91729736328125,5.907581374980509
904,stone_canyon,mps,150,-141223.0481284541,484,False,-8.42936750014623,3.53298835662504,0.014066719848973055,4.678907950719197,887.4287719726562,1242.6278076171875,6.11306820900063
905,topanga_ridge,mps,150,-4439.946657110451,7,False,3.044501322692571,0.5253592211454816,0.019158756593242288,4.681883134841919,266.66729736328125,344.31390380859375,6.298141166975256
906,topanga_ridge,mps,150,-9176.606603538985,27,False,2.491886740922928,0.40822190427531796,0.017385546752872568,4.681719919840495,208.27508544921875,300.6828308105469,5.956095666013425
907,sullivan_canyon,mps,150,-41844.7744071404,156,False,-0.44687791254371406,0.03283601911723205,0.013743620019716522,4.67920934677124,70.15447998046875,112.45598602294922,5.787992124998709
908,topanga_ridge,mps,150,-30910.602091825738,113,False,0.27996606019015113,0.11242409831879134,0.019817443480715156,4.678431577682495,71.17353820800781,127.63856506347656,6.182480374991428
909,stone_canyon,mps,150,-127962.12159803825,435,False,-7.608322072823842,2.615549998829762,0.013902781143163642,4.6791498057047525,777.5963134765625,928.4382934570312,6.1688362499990035
910,topanga_ridge,mps,150,-13481.813385400901,45,False,2.084886639316877,0.30939129658606057,0.015532887753409644,4.680566053390503,167.68182373046875,224.4412384033203,6.130059499992058
911,topanga_ridge,mps,150,-10408.702422859233,33,False,2.4636914059519768,0.37695056304102764,0.017610762580297888,4.679416338602702,209.54708862304688,255.71542358398438,6.0163792919775005
912,topanga_ridge,mps,150,-20363.31918701787,72,False,1.4050085016774634,0.19669560905519878,0.01961781585433831,4.67713825861613,88.49341583251953,143.1988525390625,6.241911999997683
913,topanga_ridge,mps,150,-5237.024550382689,12,False,2.8560205894211927,0.46741381626982426,0.01593926302778224,4.672905782063802,270.03021240234375,354.8271484375,6.174580125021748
914,sullivan_canyon,mps,150,-48752.52021733698,186,False,-1.256881251099209,0.1141827869881187,0.014262378696973126,4.668440653483073,149.84410095214844,185.61000061035156,6.089617499994347
915,topanga_ridge,mps,150,-15289.597941538785,51,False,1.720818675632278,0.22389374453431324,0.01601118825841695,4.665057830810547,134.10472106933594,178.46646118164062,6.158878874994116
916,stone_canyon,mps,150,-122233.43440449866,419,False,-7.185552919904391,2.5280507899448277,0.015070545516597728,4.662797997792562,804.127685546875,986.875244140625,6.023304624977754
917,sullivan_canyon,mps,150,-52130.84370620744,188,False,-1.9444487495223681,0.22312713693905,0.014490255212876946,4.659936132431031,267.98297119140625,385.53460693359375,5.761641375022009
918,topanga_ridge,mps,150,-15543.44011694782,53,False,1.5712947937458133,0.19055495993235128,0.019560006686951965,4.657963231404622,124.23446655273438,181.1332244873047,6.490359834016999
919,stone_canyon,mps,150,-154069.84687661837,530,False,-10.186994506766398,5.291027323230859,0.015629862934195746,4.655601313908895,1116.703857421875,1366.4735107421875,5.99929587499355
920,topanga_ridge,mps,150,-11412.149018831655,36,False,1.9709942031527559,0.2522494756558505,0.018500959584489465,4.656554838816325,182.44154357910156,262.9398193359375,5.928404916019645
921,stone_canyon,mps,150,-141964.4487239006,486,False,-8.170145168205103,3.667930030598897,0.013598282613481085,4.6535018475850425,861.0326538085938,1084.3392333984375,6.127043417014647
922,stone_canyon,mps,150,-98115.02036494412,338,False,-4.694715643785894,1.1175316166873501,0.014279704461805522,4.655404545466105,536.1842651367188,647.2679443359375,5.891169667011127
923,sullivan_canyon,mps,150,-64366.421492319365,236,False,-2.822034743996337,0.4433005942095012,0.013218226853447656,4.657573518753051,311.138671875,365.2353515625,6.086953916004859
924,topanga_ridge,mps,150,-4171.034098270686,7,False,2.8647581819693246,0.4375225119385868,0.014252762788285812,4.661670236587525,301.6654357910156,404.5765686035156,5.96378670798731
925,stone_canyon,mps,150,-123817.26162258684,423,False,-6.768656364629666,2.453473600060388,0.015477752521789323,4.663909368515014,706.4244995117188,808.3466796875,6.004578916996252
926,stone_canyon,mps,150,-33734.81836685396,110,False,0.7585253498641154,0.09061795768656641,0.01256467253047352,4.667208442687988,123.22590637207031,214.85350036621094,6.0965697079955135
927,stone_canyon,mps,150,-124640.92878493668,428,False,-6.496285523672898,2.228811443237743,0.013731452737314005,4.66732569694519,677.348388671875,740.9691162109375,5.863538542005699
928,stone_canyon,mps,150,-93463.28340118409,324,False,-4.387530068854491,0.9427594406623393,0.0156955145423611,4.669785620371501,471.8736572265625,522.99169921875,5.917014542006655
929,topanga_ridge,mps,150,-5713.662730592326,13,False,3.1962921516100566,0.48583878596623736,0.016693942782779535,4.67266466140747,322.8913879394531,368.91778564453125,6.16847350000171
930,stone_canyon,mps,150,-101602.60935125595,347,False,-4.728858655840159,1.1666159959470193,0.012654505244766672,4.67485405921936,530.4860229492188,650.22705078125,6.297735290980199
931,sullivan_canyon,mps,150,-43058.91822677473,157,False,-0.37069955808420973,0.03266180251204181,0.014361353057126203,4.679214328130087,77.51067352294922,109.12632751464844,6.284777166991262
932,topanga_ridge,mps,150,-8101.824391373584,23,False,3.163185609181722,0.4893058700362841,0.018841262601005535,4.684607184727986,315.94305419921875,371.5859069824219,6.051982832985232
933,stone_canyon,mps,150,-105020.48252222929,358,False,-4.69425990862151,1.1734045618744857,0.012536482329790792,4.68686427116394,484.98443603515625,558.0562133789062,6.002805124997394
934,topanga_ridge,mps,150,-25410.895978921395,91,False,1.577607524121801,0.13605136039645005,0.019340388289807987,4.692123861312866,126.49176788330078,165.9099578857422,5.943246875016484
935,topanga_ridge,mps,150,-15497.264079946133,52,False,2.597923998236656,0.33577443983677463,0.016707620535356304,4.695896056493123,243.02032470703125,268.1158752441406,6.036812249978539
936,stone_canyon,mps,150,-164451.13408571406,568,False,-9.636136176288128,4.675384278017834,0.016961233213854333,4.700017121632894,860.1112670898438,934.5452880859375,6.504764832992805
937,stone_canyon,mps,150,-161025.0397473879,550,False,-9.431748252362013,4.441436495240196,0.019136579154680172,4.703015321095784,844.5732421875,961.25537109375,6.7240357080008835
938,stone_canyon,mps,150,-133562.69760977436,459,False,-7.300465396742026,2.653503664439389,0.01590922083395223,4.705136524836222,676.3557739257812,826.0684204101562,6.498070000001462
939,sullivan_canyon,mps,150,-53052.29290091807,198,False,-0.7253675336142381,0.08012907551116465,0.01499783924780786,4.708678096135458,74.91531372070312,170.72850036621094,6.285698457999388
940,stone_canyon,mps,150,-116247.892459682,395,False,-5.935309092700481,1.9420051119225294,0.015545168734776477,4.711372048060099,528.02685546875,640.4480590820312,6.254809334001038
941,topanga_ridge,mps,150,-14311.147341297607,47,False,3.1219056393702824,0.4687508296283583,0.023080322532138476,4.714126523335775,286.5533142089844,402.1569519042969,6.181884457997512
942,sullivan_canyon,mps,150,-66334.80659753951,239,False,-1.7087803186724584,0.19854429360076514,0.01918471255262072,4.717369877497355,160.74273681640625,292.4062194824219,6.0640194159932435
943,topanga_ridge,mps,150,-6351.129715014303,16,False,4.122198822498322,0.7874267561237017,0.018750554367434235,4.719050753911336,384.55291748046875,461.53399658203125,5.955829167010961
944,sullivan_canyon,mps,150,-55153.87156912164,201,False,-0.3923495002215107,0.06978668141315818,0.013292335583828389,4.721620934804281,20.294618606567383,61.88260269165039,6.076982792001218
945,topanga_ridge,mps,150,-14440.502888426307,48,False,3.354737621545792,0.535088917563359,0.020795946549624203,4.724268779754639,299.94281005859375,535.4646606445312,6.230587458005175
946,sullivan_canyon,mps,150,-77500.46519366647,282,False,-2.551938763214275,0.4198095967077169,0.021005898639559747,4.725489362080892,227.4876708984375,911.0699462890625,6.205287916993257
947,sullivan_canyon,mps,150,-67162.57867164808,242,False,-1.5800353054702283,0.1796177733990771,0.015353815018509825,4.7272177441914875,124.19310760498047,263.9296569824219,6.2099383330205455
948,topanga_ridge,mps,150,-16680.721771145192,57,False,3.178592148522536,0.4893900840335603,0.019308161223307252,4.728382663726807,273.1838684082031,328.2680969238281,6.0825344170152675
949,sullivan_canyon,mps,150,-38508.47035255203,141,False,1.3332911370446285,0.12593356090490487,0.014727200008152674,4.730299208958944,152.5525665283203,273.22613525390625,6.208973832981428
950,sullivan_canyon,mps,150,-32516.411802989966,125,False,1.9411319569746652,0.23036997638642787,0.016641334823022286,4.730758813222249,221.95809936523438,350.6543884277344,5.921281499991892
951,stone_canyon,mps,150,-128869.31796175255,443,False,-5.6846064855158325,1.8172469430727263,0.01768623245569567,4.73133659362793,414.1341857910156,453.131591796875,6.104484083974967
952,sullivan_canyon,mps,150,-45459.496420007934,170,False,0.5458155046527584,0.05048967666902172,0.015603711757188042,4.731963837941487,74.93711853027344,116.83147430419922,6.167550249985652
953,sullivan_canyon,mps,150,-50592.96235984315,188,False,-0.008663521169995268,0.045121499603715164,0.015460140105957787,4.7314999071757,30.672523498535156,206.54736328125,6.172328041982837
954,sullivan_canyon,mps,150,-54281.5478859425,199,False,-0.5432917177056272,0.03718247346680831,0.015504918613781532,4.731412455240886,48.252811431884766,178.13973999023438,5.817045874980977
955,sullivan_canyon,mps,150,-48319.83646568905,175,False,-0.10064354849358399,0.03096330804641487,0.012423843853951743,4.730364611943563,38.681880950927734,76.4461669921875,6.616149333975045
956,stone_canyon,mps,150,-110169.02771901026,379,False,-4.25600372964361,1.0001696040018733,0.01695963795762509,4.73069948832194,304.94439697265625,328.63580322265625,6.068537875020411
957,stone_canyon,mps,150,-119007.26419045884,407,False,-5.4032092137386405,1.4704148316433505,0.018113307112362236,4.7296028868357345,405.18658447265625,462.49176025390625,6.006094334006775
958,sullivan_canyon,mps,150,-61332.79185891336,227,False,-1.1507682742054264,0.10946163940849753,0.015948998282353084,4.727305981318156,96.91366577148438,138.4980926513672,6.2521242090151645
959,stone_canyon,mps,150,-118968.42602300583,411,False,-5.485215207659639,1.483034609205553,0.015529421530663967,4.726440086364746,450.2857360839844,553.4506225585938,6.093550292018335
960,stone_canyon,mps,150,-119474.89418859233,409,False,-5.397869469895959,1.5849715610650794,0.01882878678229948,4.7246113204956055,410.9067687988281,550.9647216796875,6.019413540983805
961,stone_canyon,mps,150,-155614.9567076476,532,False,-7.92678344195243,3.317811587811031,0.01661575465152661,4.722710628509521,584.708740234375,630.855712890625,6.333377542003291
962,topanga_ridge,mps,150,-9563.672486219637,29,False,4.214783565600713,0.8517741950352987,0.016146753154074153,4.722155262629191,376.81689453125,419.8302917480469,6.031817708018934
963,topanga_ridge,mps,150,-5730.136217319552,13,False,4.709290221532186,1.0444555475314459,0.01673514804802835,4.720776576995849,429.5086669921875,460.52203369140625,6.238762416003738
964,stone_canyon,mps,150,-121446.80985048476,416,False,-5.2424229454994205,1.4692025676505485,0.012861766513281813,4.720262152353922,440.3862609863281,428.3934631347656,6.163241834001383
965,topanga_ridge,mps,150,-8129.580623148876,22,False,4.541480501492818,0.986394793689251,0.01855637687025592,4.7199030780792235,419.4436340332031,453.23089599609375,5.917625917005353
966,sullivan_canyon,mps,150,-64274.87364601975,238,False,-0.5959641278007378,0.09966971434210337,0.014952835993996511,4.7188943608601885,28.679460525512695,81.74493408203125,5.982489457994234
967,stone_canyon,mps,150,-112895.19346000104,386,False,-4.49120315907523,1.086541014230206,0.013256113338284194,4.718358545303345,360.54681396484375,394.1396179199219,6.19099520900636
968,sullivan_canyon,mps,150,-47706.06197907296,175,False,1.1488094842014833,0.15384934153645985,0.017759357936059435,4.716779925028483,176.88623046875,441.6781005859375,5.992443541006651
969,sullivan_canyon,mps,150,-53100.64292053034,197,False,0.6512355259992182,0.09270626547963426,0.014176128615314762,4.716247043609619,114.71578979492188,230.75059509277344,6.122381958004553
970,topanga_ridge,mps,150,-15641.539365707426,53,False,3.8174401170015333,0.7369241900617878,0.01557718454161659,4.715305166244507,354.5161437988281,360.2126159667969,6.3798564999888185
971,topanga_ridge,mps,150,-13057.974526721056,43,False,4.137623962958654,0.8247352221608162,0.02216680943655471,4.71399561882019,379.28594970703125,419.7789001464844,5.7833979159768205
972,sullivan_canyon,mps,150,-44144.97536303315,163,False,1.0799321957180898,0.069572309935805,0.01802375620851914,4.7126874955495195,85.63060760498047,191.55157470703125,6.187362500000745
973,topanga_ridge,mps,150,-16441.404834461748,56,False,3.660551909208298,0.6588830854619543,0.017208173399946344,4.7110694217681885,326.4439697265625,363.0723571777344,6.126670875004493
974,stone_canyon,mps,150,-132199.76161285653,452,False,-6.042599833294128,1.9476528057995977,0.014883795944042504,4.709798097610474,501.2447814941406,511.1639709472656,6.06104887498077
975,sullivan_canyon,mps,150,-53155.57442278382,191,False,-0.01579102992390593,0.04173125515014893,0.014702838140850267,4.707126188278198,52.57006072998047,365.1950988769531,6.072468333004508
976,topanga_ridge,mps,150,-14284.18566187911,47,False,3.8086836385726928,0.6888730645428102,0.018360189174612362,4.706616668701172,331.4928894042969,436.00946044921875,6.05800379102584
977,stone_canyon,mps,150,-161065.24316337766,549,False,-8.896434396107992,3.7808998760146397,0.015509498574150106,4.704517812728882,763.1873779296875,801.715087890625,6.0865400829934515
978,stone_canyon,mps,150,-109046.55954602643,372,False,-4.46375037216271,1.0563619186371822,0.014281064230793465,4.701589571634928,351.88458251953125,372.5996398925781,6.1150149579916615
979,stone_canyon,mps,150,-101612.36856682149,349,False,-3.4146809907009206,0.6026300713688253,0.014729007148028661,4.699966850280762,311.9396667480469,365.2021179199219,5.768047541991109
980,sullivan_canyon,mps,150,-37643.22713027177,138,False,1.8600154745578765,0.22029241040349007,0.015675026698348422,4.697390034993489,241.07278442382812,324.6598205566406,6.037788832996739
981,sullivan_canyon,mps,150,-45194.29781037567,173,False,0.9991089329216629,0.08064938117304488,0.016761213115726908,4.6939989185333255,116.46012115478516,173.20021057128906,6.046130166010698
982,sullivan_canyon,mps,150,-85667.05457136549,314,False,-2.9538833516836167,0.509221465191913,0.015893055972022316,4.690629097620646,289.93170166015625,308.2788391113281,6.159016375022475
983,topanga_ridge,mps,150,-7057.785344581806,19,False,4.463155814011892,0.9540710717688005,0.017182339805488785,4.685768655141195,422.7633361816406,449.6803894042969,5.767284875008045
984,topanga_ridge,mps,150,-5051.82208371528,10,False,4.62391698996226,1.0323686626553537,0.014781809623042742,4.681689065297444,451.23724365234375,484.2468566894531,5.758423749997746
985,sullivan_canyon,mps,150,-80131.39845205954,294,False,-2.4722802170117695,0.3999680882699128,0.015142580674340328,4.67767507870992,267.5045166015625,316.8827819824219,6.075038625014713
986,sullivan_canyon,mps,150,-37152.47626891635,135,False,1.4666848923762639,0.11311645619571209,0.01203061049959312,4.674920988082886,136.6068115234375,156.03756713867188,5.968760541989468
987,topanga_ridge,mps,150,-12544.588359505417,40,False,3.7635920914262533,0.7152086068047356,0.01686255123000592,4.670101973215739,351.2384338378906,362.3304748535156,5.905253499979153
988,stone_canyon,mps,150,-136875.7483826574,468,False,-6.55114080757834,2.068654022041657,0.01652534069881464,4.665902894337972,628.5646362304688,672.5116577148438,6.121710958017502
989,sullivan_canyon,mps,150,-59572.879879478096,225,False,-0.7707810787918667,0.07496190833125184,0.013942867781346043,4.662539021174113,94.70679473876953,145.02316284179688,6.158380000008037
990,sullivan_canyon,mps,150,-43726.84621470002,168,False,0.8799471414803217,0.05115442849156352,0.013406007312393437,4.659241902033488,104.17053985595703,112.87322998046875,6.2297939590062015
991,topanga_ridge,mps,150,-6370.7703360794985,16,False,4.199260743657748,0.8925027226780852,0.01772440262294064,4.654984261194865,419.54742431640625,415.98455810546875,6.223989125021035
992,topanga_ridge,mps,150,-14140.533968757605,47,False,3.3750613815089068,0.5970184895079486,0.01992074568445484,4.650540679295858,312.06298828125,442.4053649902344,6.219329791987548
993,sullivan_canyon,mps,150,-45153.345127114975,172,False,0.45653302426760395,0.03379873909781357,0.014296395403022567,4.645586350758871,41.443111419677734,174.81219482421875,6.124609167018207
994,topanga_ridge,mps,150,-7079.607074207174,18,False,3.9807907965779306,0.7882723777523886,0.018262203465759134,4.641272487640381,387.80523681640625,404.534912109375,6.02384179100045
995,sullivan_canyon,mps,150,-58298.21047710623,210,False,-1.1656065651091436,0.14908482011000843,0.016312640991139535,4.637626667022705,216.02304077148438,330.8265075683594,6.173051834019134
996,sullivan_canyon,mps,150,-79231.47797017882,285,False,-3.054646513958772,0.5076357133632216,0.02247253716768076,4.636219663619995,381.7027282714844,489.0962219238281,6.01591112499591
997,stone_canyon,mps,150,-120000.89439096182,410,False,-5.586339345276356,1.567242047012939,0.019323646471602843,4.633093023300171,556.0294189453125,575.1114501953125,6.183225833985489
998,topanga_ridge,mps,150,-12700.298534553485,41,False,3.161545009470234,0.5402978923483518,0.01869641768435637,4.631618299484253,288.92681884765625,286.491943359375,6.096153208985925
999,topanga_ridge,mps,150,-16364.592192473629,56,False,2.735988533493752,0.4371683534226789,0.018397241177347798,4.630180358886719,231.4260711669922,236.1380615234375,6.04380633297842
1000,sullivan_canyon,mps,150,-53761.590475509045,201,False,-0.5907753250685831,0.05749356085738517,0.01637778935022652,4.628113555908203,54.050968170166016,320.41119384765625,6.012034125014907
1001,stone_canyon,mps,150,-132922.63084957266,457,False,-6.761423974658052,2.2929094003304877,0.014584651968131463,4.626678056716919,692.9142456054688,760.5191650390625,6.333880999998655
1002,stone_canyon,mps,150,-99251.55351187746,341,False,-4.061993158260981,0.8084546839057778,0.012726302732092638,4.628947350184123,456.378662109375,478.6622314453125,7.177032167004654
1003,topanga_ridge,mps,150,-18116.040662894764,63,False,2.4758638010174034,0.38761353513914704,0.0164781923017775,4.629886169433593,201.4470672607422,196.21554565429688,6.11016341598588
1004,sullivan_canyon,mps,150,-47350.59645241595,173,False,-0.03702830759808421,0.017207280112235518,0.01234544722052912,4.630685259501139,19.323490142822266,74.08149719238281,6.0212681670091115
1005,topanga_ridge,mps,150,-23750.223362672627,84,False,1.9153777280946573,0.25949153404999986,0.017980338441363226,4.633088191350301,134.58309936523438,149.14395141601562,6.020441500004381
1006,stone_canyon,mps,150,-97552.60420560653,337,False,-4.042577996850014,0.9079481134493835,0.011766458814963698,4.63281541188558,496.7660217285156,638.7744750976562,6.214721374999499
1007,topanga_ridge,mps,150,-20008.4493920711,70,False,2.2707791706795493,0.3281695441240542,0.017823581267148256,4.636220337549846,180.1219482421875,373.88433837890625,6.230012582993368
1008,stone_canyon,mps,150,-122170.45008911194,418,False,-5.821468135577937,1.7506261694766727,0.016228404964009922,4.639032258987426,558.7539672851562,594.3203125,5.9937751660181675
1009,sullivan_canyon,mps,150,-60756.21337592666,222,False,-1.1998313368422289,0.10616901827321877,0.013680594260028253,4.642864837646484,96.46065521240234,115.4521713256836,6.085690917010652
1010,sullivan_canyon,mps,150,-59538.710229108,225,False,-1.0757500178366899,0.10436988535521474,0.014487011877354234,4.646216271718343,96.8751449584961,140.44313049316406,6.317241708020447
1011,sullivan_canyon,mps,150,-55816.8589986416,207,False,-0.8728497004159727,0.06270633698172019,0.01444825591519475,4.652446982065837,112.4328842163086,140.8367462158203,6.209826667007292
1012,sullivan_canyon,mps,150,-36943.25627863401,138,False,1.1061969006061554,0.06439544479052225,0.014036676137087246,4.6594176069895425,118.85186004638672,130.08946228027344,6.289057249989128
1013,stone_canyon,mps,150,-103525.87244378567,356,False,-4.145871390352647,0.9300762080421555,0.013031891870001951,4.663054126103719,467.9237365722656,522.582275390625,6.27393858297728
1014,stone_canyon,mps,150,-131714.39020119232,452,False,-6.2563685296972595,1.9414503781753591,0.016970190238207578,4.669181327819825,576.5513305664062,655.0614624023438,6.735035666992189
1015,topanga_ridge,mps,150,-19394.12984377308,68,False,2.7448412215212983,0.41657789762015457,0.0172343128391852,4.673512665430705,240.8428192138672,262.7098083496094,6.96278058399912
1016,stone_canyon,mps,150,-198264.63780861945,685,False,-12.18041082115223,7.448960176543424,0.01766716081183404,4.678780218760172,1042.89208984375,1019.1417236328125,6.396512500010431
1017,sullivan_canyon,mps,150,-44374.07964699852,162,False,0.5859231205765779,0.029145789774035886,0.017331405111278095,4.681323165893555,48.81273651123047,97.22713470458984,6.810854125011247
1018,stone_canyon,mps,150,-168793.45173352215,578,False,-9.889478179253638,4.910427935250761,0.015389305769931525,4.682699101765951,868.790771484375,873.2181396484375,6.237351459014462
1019,stone_canyon,mps,150,-137569.79434407278,470,False,-6.238839327121775,2.1286279729156132,0.015158410427005341,4.685194409688314,480.22113037109375,469.5701904296875,6.0077034999849275
1020,stone_canyon,mps,150,-128750.2910909351,441,False,-5.653855265428622,1.8710402907059567,0.014016148024238647,4.68587142944336,442.6830749511719,468.5899963378906,6.251297916023759
1021,sullivan_canyon,mps,150,-48661.80422706748,184,False,0.46871714955351007,0.0224710318448975,0.016395312437477213,4.686592184702556,42.88788604736328,204.8950958251953,5.8770947080047335
1022,stone_canyon,mps,150,-142030.45073969584,487,False,-7.067911495827138,2.5463634704271683,0.013681906724038224,4.687969770431518,622.9805908203125,622.4760131835938,5.862930875009624
1023,stone_canyon,mps,150,-95061.56949027146,325,False,-2.64119176203385,0.38966718875482304,0.010600161167482535,4.686599203745524,229.53619384765625,226.28712463378906,6.25380579198827
1024,topanga_ridge,mps,150,-14169.721828990625,47,False,4.040988294283549,0.8157850053285559,0.014274213168925295,4.68461999575297,418.2106628417969,383.9916076660156,6.00297958299052
1025,sullivan_canyon,mps,150,-40415.67180959478,151,False,1.666059338649114,0.14580378094688057,0.013854004122937719,4.683442389170329,185.1444854736328,216.80368041992188,6.190110458002891
1026,topanga_ridge,mps,150,-12165.999853129842,38,False,4.210993497371674,0.9329455462098122,0.016315919095650316,4.6821429093678795,460.8689270019531,496.6713562011719,6.092559333017562
1027,stone_canyon,mps,150,-83452.85542208338,286,False,-0.9467676645517349,0.13016277599235765,0.011626636421618363,4.6789189688364665,65.36026000976562,92.37916564941406,6.129299042018829
1028,sullivan_canyon,mps,150,-65494.29507308725,246,False,-0.29909898022810616,0.11281451360729988,0.015553042722555498,4.6769463793436685,71.79405975341797,115.51520538330078,5.735007750015939
1029,topanga_ridge,mps,150,-7653.558177832057,21,False,4.947674641609192,1.1543552724520365,0.01443183842037494,4.675144116083781,527.2408447265625,483.9589538574219,6.046429041016381
1030,topanga_ridge,mps,150,-9003.368320641835,26,False,4.562890471617381,1.073857100456953,0.014981224845784406,4.675908371607463,500.23089599609375,442.00537109375,5.984479625010863
1031,stone_canyon,mps,150,-156293.06405150864,535,False,-7.124921392848094,3.1165899778955404,0.015232942230068148,4.675633900960286,529.7391357421875,438.8083190917969,6.20112204097677
1032,topanga_ridge,mps,150,-20312.492616516665,71,False,3.4803959129191937,0.5980927853617535,0.019283216493980338,4.675434513092041,340.9444274902344,328.37677001953125,6.072854333993746
1033,sullivan_canyon,mps,150,-57499.78454963563,209,False,-0.052734028771907714,0.025074844477356376,0.012848821768226723,4.675120499928792,12.931529998779297,50.964054107666016,6.139103124995017
1034,topanga_ridge,mps,150,-5997.798137609344,14,False,4.856900617281596,1.1320398075381914,0.016138474816301217,4.675257902145386,501.3312072753906,490.9681396484375,5.964387374988291
1035,stone_canyon,mps,150,-116950.44931024806,402,False,-4.80933723484166,1.358564012816332,0.013376735813605288,4.67552614847819,410.97186279296875,359.4292907714844,6.150959541002521
1036,stone_canyon,mps,150,-146405.8230001292,503,False,-5.941498603646954,2.423743273482396,0.01725621838433047,4.678270969390869,361.0445251464844,338.1861572265625,6.202534000010928
1037,sullivan_canyon,mps,150,-62082.010204071354,232,False,-0.434978190905725,0.04709869380596046,0.019498547821616134,4.678707389831543,23.01243782043457,177.82907104492188,6.1182916249963455
1038,topanga_ridge,mps,150,-14991.579517418812,49,False,3.802397384544214,0.7437929065446466,0.017837420348078014,4.678191175460816,363.8281555175781,330.2752685546875,6.139283500000602
1039,topanga_ridge,mps,150,-9728.250580567072,30,False,4.355720154841741,0.9188563753912846,0.016790108958569666,4.679353313446045,420.0224609375,405.00250244140625,6.008728999993764
1040,topanga_ridge,mps,150,-2920.3771286984747,1,False,4.893386512597402,1.182310604651769,0.016202993967259924,4.680976257324219,490.8289489746094,521.6552124023438,5.91718316602055
1041,stone_canyon,mps,150,-124228.54936890736,423,False,-5.34431367598474,1.446795143923373,0.016842141137458383,4.680775547027588,475.1693420410156,501.7036437988281,6.03951225001947
1042,topanga_ridge,mps,150,-6882.583047741971,18,False,4.4541196455558145,0.9701476609148085,0.018682604491089782,4.681659310658773,423.230224609375,466.3854064941406,5.83869637499447
1043,sullivan_canyon,mps,150,-67077.35014980652,247,False,-1.1235470872124036,0.12299083465807295,0.01485806198325008,4.682157767613729,85.11905670166016,141.90794372558594,5.942661250010133
1044,sullivan_canyon,mps,150,-47602.171994714925,175,False,0.46056549829741317,0.048026834569051664,0.015210603510495276,4.6830871931711835,30.090408325195312,77.97471618652344,6.050948082993273
1045,topanga_ridge,mps,150,-14902.607533871433,49,False,3.429563882711033,0.6416537765289376,0.01948017138017652,4.683521664937337,305.04705810546875,308.76953125,5.964637041994138
1046,sullivan_canyon,mps,150,-40103.18428962971,146,False,1.0660370972007513,0.07847250899433258,0.011525967956986278,4.68240982055664,77.61170196533203,86.02639770507812,5.6304685829964
1047,sullivan_canyon,mps,150,-38874.6477048227,140,False,0.9339859710199138,0.12210499828960261,0.01134697136313965,4.679256772994995,51.11099624633789,88.5143814086914,5.997632207989227
1048,topanga_ridge,mps,150,-20367.817414472473,71,False,2.689116516187787,0.444969590297563,0.01903552668169141,4.676474501291911,213.34828186035156,212.0333709716797,6.103809457999887
1049,stone_canyon,mps,150,-94812.07205702631,324,False,-3.4503187695890665,0.6013814241518655,0.014050619595994553,4.672519327799479,418.6661682128906,477.9772644042969,6.12049175001448
1050,stone_canyon,mps,150,-46218.39729550716,150,False,1.1400729441673805,0.10339209764147805,0.011110563815260927,4.669840704600016,158.0826416015625,192.28817749023438,5.840057166991755
1051,stone_canyon,mps,150,-130283.38300625164,449,False,-6.605577773253123,2.102104853304724,0.014209603486427417,4.6649546019236245,691.86865234375,696.60107421875,6.011440541013144
1052,sullivan_canyon,mps,150,-55895.12495633798,209,False,-0.966212173656871,0.12349740200739082,0.015049250302448247,4.661247847874959,181.04244995117188,241.89639282226562,6.052234208007576
1053,sullivan_canyon,mps,150,-44836.286231889746,166,False,0.5321562404185534,0.05383813609922375,0.01337397824274376,4.658665711085002,107.69625854492188,157.8937225341797,5.990197000006447
1054,topanga_ridge,mps,150,-6122.013309216824,14,False,3.8318938023597,0.7619165239664532,0.015389165658270941,4.65504820505778,371.12713623046875,370.5985412597656,6.087985249992926
1055,stone_canyon,mps,150,-102699.91917488615,350,False,-5.059224287768205,1.3369008897198364,0.012556061421831449,4.649859730402628,629.1150512695312,663.4127807617188,5.973268665984506
1056,sullivan_canyon,mps,150,-44135.76480366231,169,False,0.33169615487878523,0.031154242379780043,0.018896152588228386,4.648992233276367,36.39849090576172,479.9289245605469,6.116007707983954
1057,stone_canyon,mps,150,-117722.04860789716,402,False,-6.127122047295173,1.8564775176905095,0.015721496952076752,4.647246106465658,728.3965454101562,862.2027587890625,6.146287541982019
1058,stone_canyon,mps,150,-111449.299396868,382,False,-4.743873725930849,1.1594239164101114,0.012974312032262484,4.6455011018117265,453.1590881347656,465.10076904296875,5.99113874998875
1059,topanga_ridge,mps,150,-20589.292750406315,73,False,2.2732985612998404,0.34655777656740006,0.01662144030754765,4.647127599716186,170.20372009277344,170.23385620117188,6.1070962919911835
1060,sullivan_canyon,mps,150,-67264.2187716801,252,False,-1.9561411002278328,0.25030259850861813,0.01567366636202981,4.647858028411865,265.0749206542969,350.48175048828125,6.042976500000805
1061,topanga_ridge,mps,150,-21564.165669032973,76,False,2.2236395671963693,0.332706657108162,0.017760344012640417,4.650093161265056,167.3075408935547,177.84410095214844,6.518638999987161
1062,stone_canyon,mps,150,-108561.02576604465,373,False,-4.053603429952636,0.9368490746074827,0.011417538133294632,4.65173854192098,348.6075744628906,359.30169677734375,6.60282199998619
1063,sullivan_canyon,mps,150,-52849.98258078432,193,False,-0.3766711451144268,0.027259630095480436,0.011614804916704694,4.65337773958842,38.518714904785156,49.93480682373047,6.062752792000538
1064,sullivan_canyon,mps,150,-42903.61008812472,159,False,0.39568397955968976,0.03963432379907772,0.011003590326290578,4.655351581573487,32.59998321533203,63.30552673339844,6.230302917014342
1065,topanga_ridge,mps,150,-17440.3337550078,59,False,2.743046951111561,0.4294578805071059,0.01619255017566805,4.658560387293497,240.58340454101562,240.37513732910156,6.8067043340124656
1066,sullivan_canyon,mps,150,-42532.73205731426,157,False,0.587971668963631,0.03167210738824603,0.011012426250769446,4.658261280059815,58.462406158447266,87.08610534667969,7.128945292002754
1067,sullivan_canyon,mps,150,-45127.31336220129,172,False,0.23880539570003748,0.02201612203161858,0.01150883969074736,4.655868889490764,19.8304443359375,40.326416015625,6.688053333986318
1068,stone_canyon,mps,150,-146823.37509008113,502,False,-8.439817941387494,3.5518075428095957,0.01348672855257367,4.652822014490764,899.1652221679688,910.0296630859375,6.406345208000857
1069,stone_canyon,mps,150,-98643.47576741906,338,False,-3.9500040210286778,0.7437693894303327,0.011372352361989519,4.650307041803996,464.3723449707031,457.89459228515625,6.361788833019091
1070,sullivan_canyon,mps,150,-51677.55881054,191,False,-0.2918583249611159,0.015843488711219985,0.012099574018890658,4.64935388247172,32.38664627075195,158.5255126953125,6.0456373329798225
1071,topanga_ridge,mps,150,-16537.239441450023,56,False,2.888716236675779,0.4596306251122102,0.013993904280165831,4.649267965952555,274.7414855957031,243.5727081298828,5.876030917017488
1072,stone_canyon,mps,150,-118859.52715116006,407,False,-4.922679853787025,1.3464891183462653,0.012550958003072689,4.6493286101023354,422.2316589355469,399.50164794921875,6.366469916974893
1073,topanga_ridge,mps,150,-14801.018312873797,50,False,3.05039526792864,0.5247810087640634,0.014138581134999792,4.648695386250814,308.78057861328125,320.72808837890625,5.857798125012778
1074,sullivan_canyon,mps,150,-64870.53483810368,237,False,-1.4045159664253395,0.12313668232071602,0.012174388916852574,4.646997365951538,110.77277374267578,158.54071044921875,6.114862957998412
1075,topanga_ridge,mps,150,-11959.390190816344,38,False,3.390505475352208,0.6183141230351369,0.01312814997897173,4.6445578161875405,355.83184814453125,344.2616271972656,6.178574958001263
1076,topanga_ridge,mps,150,-20097.054097770328,70,False,2.604267496864001,0.38803801962630435,0.016605316375692684,4.643316911061604,250.35345458984375,247.9880828857422,5.932802791008726
1077,sullivan_canyon,mps,150,-44539.45512925842,164,False,0.32546417421350876,0.01821915021876824,0.013790849663006763,4.640816911061605,26.49867057800293,121.55738067626953,6.454890125023667
1078,topanga_ridge,mps,150,-6117.3893099226825,15,False,3.9424323360125224,0.7880303526856005,0.014706005064460138,4.6376689910888675,431.45599365234375,418.9117736816406,6.082435708987759
1079,stone_canyon,mps,150,-122801.12910468303,423,False,-6.229671593507131,1.8802694923547096,0.01303946018529435,4.63580400466919,638.0098266601562,646.957763671875,5.870982708001975
1080,sullivan_canyon,mps,150,-61364.620909632475,221,False,-1.4635369914273422,0.1505309450760251,0.015240704606597622,4.633591728210449,211.03367614746094,323.3539733886719,6.147715583007084
