episode,device,n_ticks,reward,buildings_destroyed,contained,policy_loss,value_loss,classification_loss,entropy,value_grad_norm,other_grad_norm,wall_time_s
1,mps,150,-96560.79514730968,314,False,-184804.65603027344,2059258984.804375,7.451031093597412,4.334532551765442,73476112.0,138951728.0,7.103440833001514
2,mps,150,-148961.85228207256,481,False,-2.7186522534365456,2.5031539527094187,7.281661535898844,4.3990974505742395,601.3058471679688,9585.6328125,6.885517624992644
3,mps,16,-252.75725252818322,0,True,17.615276277065277,13.709742486476898,6.27974745631218,4.739768475294113,531.3568725585938,1829.4197998046875,0.6631888749980135
4,mps,150,-142530.52118101204,466,False,5.024494541461269,2.6952839021878026,5.079103676478068,4.413984934488933,3410.638671875,11280.0615234375,5.850440708003589
5,mps,150,-94195.78261743003,308,False,8.41904400507609,4.792959567705791,3.8732936716079713,4.435897884368896,4687.57421875,12639.2783203125,6.264427749993047
6,mps,150,-132481.56485749714,433,False,3.5345281377978,2.237218165587498,2.6768446413675946,4.439974646568299,2408.790283203125,9283.48828125,6.064904749990092
7,mps,150,-126386.20640195221,422,False,2.8227205446859203,1.2641732101068677,1.587101281483968,4.440339035987854,1646.58056640625,7377.7255859375,6.043624333004118
8,mps,150,-126284.04537891383,413,False,1.063075485204657,0.9415402132021214,0.7840715674559275,4.43967644850413,634.7347412109375,4194.9052734375,6.159078458993463
9,mps,150,-104368.27615146308,342,False,2.2025082869579395,1.0553878645122101,0.3807675137122472,4.441413154602051,1290.4825439453125,2717.409912109375,6.235017125000013
10,mps,150,-95128.09327777312,311,False,0.7065648004288475,0.8030503726437503,0.21953831324974696,4.447829778989156,807.0194091796875,1706.7427978515625,6.880006666993722
11,mps,150,-139748.24207940418,458,False,-3.915670777956645,1.7046485551074146,0.175653621951739,4.457177677154541,1661.1456298828125,2853.908203125,5.9118099579936825
12,mps,150,-98544.31401599053,319,False,-0.11490944765430565,0.49545957370029203,0.15117341190576553,4.460505757331848,375.63836669921875,754.8716430664062,6.952611042011995
13,mps,5,-13.19922138036452,0,True,8.562078475952148,3.731635808944702,0.07898686230182647,4.813675498962402,44.67928695678711,126.86378479003906,0.2018177919962909
14,mps,150,-111127.13692172104,366,False,-1.193227614586552,0.816866756180146,0.1554484682281812,4.449818522135416,233.7236785888672,546.9633178710938,7.00001054200402
15,mps,150,-108637.69489349745,351,False,-0.754378367420286,0.3377969488483844,0.13515516777833303,4.447449475924174,108.1697998046875,310.3328857421875,6.385979875005432
16,mps,150,-98055.8382337921,324,False,0.9725722577298681,0.5095920776193573,0.13436835271616776,4.450162401199341,734.473876953125,1238.221923828125,6.004514875006862
17,mps,150,-104506.33093375067,339,False,0.26611055973917247,0.6180266239828052,0.1395041395475467,4.456350221633911,632.506591796875,1163.0780029296875,6.684060625004349
18,mps,150,-110018.15348110229,358,False,-0.3156626212472717,0.7362175981692174,0.1496097258478403,4.448532611529032,565.4295654296875,1032.1676025390625,6.063559000001987
19,mps,150,-136850.23035839573,457,False,-3.123217632986295,1.5591518593509235,0.1308887687822183,4.440866495768229,648.6951293945312,1140.6024169921875,6.044467790998169
20,mps,20,-240.78209310222545,0,True,9.874125289916993,4.2939518094062805,0.03903252501040697,4.785173320770264,206.59266662597656,379.2467346191406,0.7790403749968391
21,mps,150,-144103.7601357237,465,False,-4.029769504070282,1.6646152020517426,0.12293349641064803,4.444583924611409,1726.015625,2819.27587890625,6.5298466669919435
22,mps,150,-114496.54638085327,376,False,-0.7965991649652521,0.5072273175450754,0.13609374272326627,4.449383594195048,201.699951171875,430.6573181152344,6.09480325000186
23,mps,150,-94827.71164238905,307,False,1.5610581636925538,0.6818069067954639,0.12584677470227082,4.458941311836242,1150.782958984375,1905.0726318359375,6.267021957988618
24,mps,150,-132605.26966036003,438,False,-2.2033403837059935,0.8182778390649279,0.2118990760544936,4.464825580914815,501.4738464355469,807.7054443359375,6.127499333000742
25,mps,150,-105669.71863329932,345,False,0.31596454707284766,0.42187548346899956,0.13967618212103844,4.469233994483948,96.46871185302734,323.50543212890625,6.2081802080065245
26,mps,16,-262.80309680312047,0,True,9.924653947353363,4.269896686077118,0.03383553586900234,4.7559216022491455,183.22384643554688,360.89630126953125,0.5932860000029905
27,mps,150,-93262.61163838593,305,False,1.711485564764589,0.6777391412509921,0.12331056175132593,4.464865347544352,989.4280395507812,1669.3199462890625,6.187237792008091
28,mps,150,-116132.06139549297,379,False,-0.48609937220811844,0.5441304443955111,0.12601868090530235,4.450989918708801,193.67974853515625,487.2967834472656,5.930198582995217
29,mps,150,-90514.96111112344,299,False,1.4166451072506607,0.3674718479942567,0.12670620394249757,4.437007659276326,788.8599853515625,1304.8880615234375,6.310347125006956
30,mps,150,-99257.95171208687,326,False,-0.06616868978754308,0.34435505042715137,0.12170217752456665,4.4138802639643355,79.98986053466797,239.5070037841797,6.440877249988262
31,mps,150,-111754.828196854,366,False,-1.2116350498298805,0.4571556567555429,0.13360510416328908,4.3818179718653365,172.1133270263672,477.1366271972656,6.169766000006348
32,mps,150,-92543.92076212684,306,False,-0.16594665708641212,0.2922102775248883,0.11662638492882252,4.368657283782959,482.67755126953125,926.6177368164062,6.320144833007362
33,mps,150,-97655.41680492867,321,False,-1.0093080608298381,0.5912661364886298,0.13008023830751578,4.357839665412903,1286.052001953125,2357.2080078125,6.260883583992836
34,mps,150,-147385.10331689205,477,False,-5.38245669806997,2.440533339893251,0.12645859147111574,4.352784878412883,2636.165771484375,4517.64990234375,5.885014250001404
35,mps,150,-122820.11902227889,403,False,-2.4345331330845754,0.9689296559807553,0.11694749365250269,4.34357006708781,1060.373046875,1706.2808837890625,5.906970458003343
36,mps,150,-103775.21563531892,338,False,-0.43804906281332173,0.3613336999717285,0.10739630622168382,4.328445191383362,500.8624572753906,991.3738403320312,5.779974208009662
37,mps,150,-75586.5936488267,244,False,2.9732010192548235,0.5921520828974705,0.10784461684525012,4.309441712697347,1282.260009765625,2038.760986328125,6.103228291001869
38,mps,150,-121387.31279913327,395,False,-0.83545724923412,0.4157966084458167,0.12611617356538773,4.2959566005071,295.13909912109375,689.4319458007812,6.081206584000029
39,mps,150,-134525.18496910398,437,False,-2.0333815699070694,0.7549965184558338,0.11985192291438579,4.28425274848938,561.58984375,996.9893798828125,5.910204457992222
40,mps,150,-107048.2622853024,350,False,0.9896938432504734,0.3144382139277756,0.10908038146793843,4.263130420049031,643.6980590820312,1202.7471923828125,5.982866124992142
41,mps,150,-89959.94267064572,291,False,3.1493241223692894,0.7522432586566234,0.11186296259363493,4.2536465962727865,1777.927978515625,3182.352783203125,6.200322667005821
42,mps,4,-23.550313012310063,0,True,8.788698196411133,4.310345411300659,0.03443844709545374,4.619106650352478,64.39472198486328,129.0755615234375,0.1561948750022566
43,mps,150,-143521.27870990185,461,False,-2.324788616960868,0.8087801291674501,0.11862018167972564,4.296599127451579,933.5025634765625,1655.15283203125,6.0529539580020355
44,mps,150,-120747.22321447635,400,False,-0.4468005485615383,0.22415625552495536,0.10896977836887042,4.309055067698161,269.1628723144531,506.64910888671875,5.93719508301001
45,mps,150,-122604.05133803985,402,False,-0.17056055350850025,0.27003253335396477,0.11060465606550375,4.308292288780212,156.177490234375,400.22076416015625,5.836525749997236
46,mps,150,-105916.9075335399,348,False,1.7853514343251784,0.41942551105991394,0.1148392983029286,4.323017482757568,1155.6298828125,2016.44091796875,6.000996708011371
47,mps,150,-141079.86812724706,461,False,-1.509633899331093,0.3836621880091358,0.14141342289745806,4.3452863184611,472.171630859375,827.98193359375,5.986265291998279
48,mps,150,-104940.09016327967,346,False,2.7289795834004567,0.8802205960417306,0.10919602038959662,4.336911443074544,1916.3819580078125,3543.87841796875,5.901002832993981
49,mps,150,-134554.9087609135,437,False,-0.29902440289656324,0.3439437254766623,0.13599894531071186,4.343484745025635,480.4535217285156,1141.94970703125,6.179663707996951
50,mps,150,-162156.08450557693,530,False,-3.1517666373650233,1.0464433162674929,0.1388432765007019,4.346909977595011,1421.7236328125,2401.84814453125,6.647322292003082
51,mps,150,-100128.70117186786,331,False,3.117970957198025,0.7890514122545831,0.11949414265652497,4.3270072825749715,1783.462646484375,3260.85693359375,6.0957348750089295
52,mps,150,-114776.28387016268,372,False,1.7960682300229867,0.44251615880522877,0.10408159069716931,4.318776028951009,1241.3936767578125,2179.741455078125,6.13733024999965
53,mps,150,-158801.72763686112,514,False,-3.108836910178264,1.048394159822686,0.10489418737590313,4.321979967753093,1633.235107421875,2933.373046875,6.021939458994893
54,mps,150,-128211.34343189164,426,False,-0.1496603862941265,0.34194034324897077,0.12537505534787974,4.300425186157226,141.8456268310547,388.2862854003906,6.149731124998652
55,mps,150,-105744.03417640313,342,False,2.1628378465771676,0.36000446343862375,0.1217130392541488,4.2652953879038495,1165.6668701171875,2061.623046875,5.6897170419979375
56,mps,150,-107978.40341499732,355,False,1.4788131058759366,0.20990283299645132,0.12538077294826508,4.241898908615112,568.5345458984375,1158.851318359375,5.996005416993285
57,mps,150,-137861.7083889907,449,False,-1.665017377510667,0.42403199150183357,0.10431650578975678,4.241431379318238,799.2311401367188,1512.98046875,6.009950292005669
58,mps,150,-146856.6314670697,480,False,-2.662003189921379,0.7284802788115727,0.12199259345730146,4.22318207581838,1426.1893310546875,2615.230224609375,6.260827250007424
59,mps,150,-141003.74753592387,461,False,-2.083649681415409,0.6079040223706216,0.1006351392219464,4.191872887611389,1307.22412109375,2351.507080078125,6.246638249998796
60,mps,150,-120196.63984063524,386,False,0.34981784495835505,0.10541043922070002,0.11477101060251395,4.1475786161422725,95.18848419189453,324.259033203125,5.919976916993619
61,mps,12,-176.55943259144385,0,True,10.306431611378988,4.782407681147258,0.04272371996194124,4.5533227523167925,250.2483367919922,558.04345703125,0.5398832089995267
62,mps,150,-164172.07829944557,538,False,-3.479351036796967,1.1998946872896825,0.1047478694965442,4.173968731562296,2040.8773193359375,3795.08984375,6.336188499990385
63,mps,150,-83408.01038090007,272,False,3.7250428831577302,0.8477225515246392,0.08669707477092743,4.188312905629476,1760.8717041015625,3258.645263671875,6.106929667002987
64,mps,150,-103568.82444241954,343,False,1.6428403008977572,0.3051762017836639,0.10645015582442284,4.220511193275452,997.66650390625,1675.6839599609375,6.292906083006528
65,mps,150,-91773.23752864657,306,False,2.363138863220811,0.4729399678299766,0.0880503070851167,4.2498389403025305,1414.978271484375,2522.76220703125,6.042976083001122
66,mps,150,-122796.63686211314,398,False,-1.0181592758124074,0.2865947548635101,0.0872008091956377,4.275937989552816,242.00804138183594,719.3964233398438,6.101814291003393
67,mps,150,-118785.36955940121,387,False,-0.9454427017519872,0.35880847600868343,0.08953267167011897,4.2907248878479,301.76654052734375,904.8616333007812,6.0664191670075525
68,mps,150,-145723.97112120915,480,False,-3.307633901586135,0.6948872399616327,0.10162895868221919,4.289199678103129,1078.0316162109375,2008.3646240234375,6.155942666999181
69,mps,150,-109703.12725703236,359,False,0.07906127693752447,0.3599532065785752,0.09590625807642937,4.274424492518107,885.2421875,1836.6663818359375,6.037323708005715
70,mps,150,-108309.61460365554,355,False,-0.29989793837070466,0.11722109378577443,0.0862544077883164,4.2512907123565675,295.7370910644531,648.8359985351562,5.979536958009703
71,mps,15,-212.45094892338534,0,True,7.437627442677816,2.860431671142578,0.038617902994155885,4.665677738189697,214.75909423828125,417.8899841308594,0.5613342500000726
72,mps,150,-119761.18723001861,388,False,-0.9153133107721806,0.23007257806534956,0.10722817711532116,4.20611963113149,210.60020446777344,585.61474609375,6.056302291006432
73,mps,150,-143617.45850696927,462,False,-2.9508583281189202,0.6646087466233681,0.08630526542663575,4.175836728413899,1636.1221923828125,2892.138427734375,6.138298291989486
74,mps,150,-111916.63960459981,363,False,0.33686558516230436,0.062405469699131876,0.09612682302792867,4.136772834459941,263.4927978515625,555.8216552734375,6.0186421669932315
75,mps,150,-109931.96517542747,358,False,0.6336200265811446,0.07150656420182258,0.09230634827166796,4.1223585430781045,203.2831268310547,543.2811889648438,6.429947917000391
76,mps,150,-104322.73128304626,339,False,0.5888077838998288,0.20464386619404346,0.08412482167283694,4.123002875645955,392.4094543457031,1034.8958740234375,8.045965666999109
77,mps,150,-102976.72358251546,341,False,0.7720031154528261,0.13021534272838836,0.09397639505565167,4.133289755185445,406.9606628417969,798.676025390625,21.107654709005146
78,mps,150,-169370.7364649574,555,False,-5.2612638339400295,2.0552010958818574,0.09748159716526668,4.165912152926127,2619.7744140625,4661.0322265625,30.27542404200358
79,mps,150,-131262.77840468218,426,False,-2.3241274936000504,0.5287610235864607,0.09137974465886751,4.185424388249715,1194.750732421875,2195.736083984375,21.05970100000559
80,mps,150,-97191.10959057085,319,False,0.8355645812023431,0.07432780928653225,0.09723097170392672,4.200513385136922,280.69097900390625,510.8971252441406,18.40883645800932
81,mps,150,-94500.41440296412,311,False,0.7471779511372248,0.1264892564779681,0.10184637819727262,4.229697575569153,211.095703125,437.90618896484375,20.35845841700211
82,mps,150,-109505.98448509644,356,False,-0.7938089667081658,0.15842402085269905,0.09675502598285675,4.267076323827108,283.6513977050781,601.6587524414062,19.03718412500166
83,mps,150,-117925.13456538238,383,False,-1.5238122192459802,0.2873899876096281,0.09910847234229246,4.2839606714248655,489.96954345703125,978.3843383789062,18.9463780419901
84,mps,150,-137379.63420668518,453,False,-3.17979077398777,0.6768554585570624,0.10134172941247623,4.295484007199605,1530.381591796875,2725.7197265625,18.54325504199369
85,mps,150,-147835.5792786003,485,False,-3.406669815381368,0.7265674800643076,0.09753840538362663,4.303142051696778,1170.2822265625,2014.8797607421875,18.81080349998956
86,mps,150,-133330.43395375984,434,False,-1.374128927687804,0.3557459170588603,0.11298151555160682,4.301941828727722,332.2860107421875,936.7047729492188,18.541338791997987
87,mps,150,-104778.10272770024,341,False,2.047027697712183,0.3649584107446329,0.0908901237944762,4.2862998501459755,1296.670654296875,2504.60400390625,27.81442499998957
88,mps,150,-122840.63117229386,396,False,0.7893961060474006,0.24256177554923117,0.08428019791841507,4.284804105758667,959.691162109375,1940.351806640625,36.728175124997506
89,mps,150,-90132.05139452829,294,False,3.7739363841215767,1.1263984668751557,0.09903257167587677,4.284565661748251,2384.818603515625,4715.69140625,31.463047542012646
90,mps,150,-139926.19044784122,450,False,-0.6275788036361337,0.2081899242183378,0.08681241222967705,4.292381564776103,292.4344482421875,857.9745483398438,23.44745616700675
91,mps,150,-78783.95185488142,255,False,4.582965988318126,1.263647654056549,0.08071544051170348,4.293698078791301,2377.73974609375,4467.287109375,19.029173207993153
92,mps,150,-141926.02085132265,465,False,-1.6244794396994136,0.2645906599169924,0.10504733454436063,4.304746297200521,769.1322021484375,1393.767333984375,13.844529666996095
93,mps,150,-113492.08161499632,369,False,0.9720078869784872,0.1479545590997441,0.08101950493951639,4.301834799448649,424.8051452636719,951.2179565429688,6.170811417003279
94,mps,150,-108383.52953325999,353,False,0.8895474510267377,0.17518937732772125,0.06831256661564111,4.306677823066711,266.02105712890625,586.51220703125,6.2954166249983246
95,mps,150,-113250.95285541046,369,False,0.010782244907071192,0.14396003151057205,0.08968730077147484,4.315802580515544,358.208251953125,868.5017700195312,5.958324040999287
96,mps,150,-83896.28205721018,275,False,2.110674509356419,0.30689525830792264,0.10225723298887411,4.329258217811584,620.6810302734375,1218.6798095703125,6.0572325000102865
97,mps,150,-125981.93482879206,410,False,-2.5146484338492154,0.5644945744568395,0.0829928436378638,4.346908122698466,1270.667236328125,2533.61767578125,6.071094625003752
98,mps,150,-106031.65019047803,346,False,-0.8633199083184202,0.17808813208769456,0.0936930593351523,4.354994630813598,712.8111572265625,1426.4638671875,5.870315917010885
99,mps,150,-133683.66524694944,429,False,-3.016391753355662,0.5568421607806037,0.08777996895213921,4.3606130139033,1043.0833740234375,2054.356689453125,6.0456459159904625
100,mps,150,-89780.18880836207,294,False,0.8286320951177428,0.09723434688379105,0.08060628406703473,4.361995460192363,242.26036071777344,412.31475830078125,6.203639500003192
101,mps,150,-96185.4511439407,315,False,-0.11324071659027443,0.19928180791561695,0.0694083720445633,4.368996748924255,488.6806945800781,1121.6865234375,6.934895457990933
102,mps,4,-23.550313012310063,0,True,6.239602446556091,2.219708263874054,0.03620784264057875,4.740820288658142,44.099632263183594,68.5207290649414,0.16598325000086334
103,mps,150,-105015.30405501572,342,False,-0.7120399145293049,0.12469012938514026,0.08010956133405367,4.37942082564036,413.5648498535156,839.0848999023438,6.250752832987928
104,mps,150,-125301.81787837314,413,False,-1.9060513524338603,0.44754608246686983,0.08070434321959813,4.382979249954223,346.6431884765625,932.1426391601562,6.245071917001042
105,mps,150,-119051.47065323206,386,False,-1.4135277055576443,0.26067062213274766,0.07887190099805594,4.3831401618321735,305.5276184082031,728.5612182617188,6.133873917002347
106,mps,150,-136431.18565350774,444,False,-2.5837712885066866,0.4871252186542552,0.08711850728839636,4.38277813911438,745.76904296875,1358.9005126953125,6.157401083008153
107,mps,150,-96810.75116035178,314,False,1.9104131114731233,0.6919848919431388,0.10331143169353406,4.375281109809875,1730.177978515625,3401.288818359375,6.651140999994823
108,mps,150,-102506.24238227698,340,False,1.8569738055051614,0.3909802764021924,0.07272675880541404,4.36284735361735,1219.02978515625,2362.9990234375,7.1411744999932125
109,mps,150,-150685.31398191227,499,False,-2.1773722179730735,0.6515276098353207,0.09439940246442954,4.358023549715678,536.9575805664062,1121.01611328125,6.962185750002391
110,mps,150,-92580.70921300608,302,False,3.3630642575025558,0.919084369794,0.07885298271973928,4.3442487653096515,2071.243896484375,4187.85888671875,6.231408291001571
111,mps,4,18.385257913529145,0,True,8.940717101097107,2.8364492058753967,0.016544632613658905,4.614158749580383,63.82658386230469,243.712158203125,0.17592854199756403
112,mps,19,-295.8852959747388,0,True,7.837190879018683,3.3895327041023657,0.018043106127726406,4.633600762015895,321.1377258300781,607.6281127929688,0.7652265000069747
113,mps,150,-118769.67698626079,387,False,0.7001378681262335,0.2912165095985013,0.09414600608249506,4.36736100991567,801.1681518554688,1777.8414306640625,6.312689209007658
114,mps,150,-104367.38776581372,338,False,1.3510443731890216,0.2417314675350379,0.07081510548790296,4.380553391774495,890.90478515625,1854.4383544921875,6.025382082996657
115,mps,150,-126862.22683311069,417,False,-1.9902404117273789,0.3037288115849242,0.06981300356487433,4.395097238222758,1031.5946044921875,2019.717529296875,6.0533124590001535
116,mps,150,-133293.9087016993,432,False,-2.7187465336173773,0.6516924292857099,0.09035229798406362,4.400169062614441,1613.1075439453125,3309.92529296875,5.880028832994867
117,mps,150,-133333.2519970676,439,False,-2.474664737979571,0.4482137197545186,0.07629467258850733,4.401119476954142,1083.612060546875,1993.0,6.446019208000507
118,mps,150,-117457.59118453434,381,False,-1.1887411995418369,0.20501724393766685,0.08016363106667995,4.4040310080846155,681.435302734375,1406.8525390625,6.491106665998814
119,mps,150,-106690.36586025576,348,False,0.2852132583471636,0.17984809476778613,0.07875512452175219,4.403996957143148,234.11605834960938,534.611328125,6.071538874995895
120,mps,150,-135862.0051173079,445,False,-2.3082363394399485,0.43719992671637253,0.09869699653238058,4.4059516684214275,975.9920654296875,1821.53076171875,6.113574540999252
121,mps,150,-128566.79517797058,413,False,-1.1075107346164683,0.22281243371347956,0.08678557521353165,4.4051387468973795,256.5718688964844,594.3502197265625,6.373526249997667
122,mps,4,-23.550313012310063,0,True,5.918967127799988,2.310129940509796,0.02554699731990695,4.622947573661804,55.13362503051758,86.40277099609375,0.14787825000530574
123,mps,150,-97987.0252672673,316,False,2.3097359081109365,0.3623390372532109,0.07805954933166503,4.378152591387431,1190.54931640625,2366.697998046875,6.045146125004976
124,mps,150,-102681.32244435279,329,False,1.7303321611012021,0.25011334295481596,0.07536003414541483,4.368216551144918,938.9788208007812,1763.572509765625,6.5763035830023
125,mps,150,-125097.60783186898,413,False,-1.0035720160603523,0.18294222905008914,0.06979512604574363,4.362541057268778,730.1624145507812,1507.080810546875,6.478022708994104
126,mps,150,-174668.25669303097,567,False,-4.750725266275307,1.444530983701067,0.08915475681424141,4.352756530443827,1722.2747802734375,3112.528076171875,6.351178458004142
127,mps,150,-101083.72753291563,329,False,1.5136019649604957,0.19806806110359806,0.06797989142437776,4.334539569218953,589.0279541015625,1146.1239013671875,6.180998750001891
128,mps,150,-100168.86677796967,325,False,1.741651967416207,0.24980411073522799,0.0825653733809789,4.327077700297038,893.4302368164062,1728.2198486328125,6.798867292003706
129,mps,150,-130109.64271646566,433,False,-1.5591082298740124,0.30062285282899553,0.0839950813104709,4.327508390744527,930.3760375976562,1851.5284423828125,6.305861125001684
130,mps,150,-139171.02195121825,454,False,-2.274971947471301,0.37689456875785254,0.07339378063877423,4.326602017084758,1048.011474609375,2055.587890625,6.057701041994733
131,mps,4,18.385257913529145,0,True,7.049218535423279,2.3059709072113037,0.023680894635617733,4.562731146812439,57.816131591796875,171.43887329101562,0.18070458401052747
132,mps,150,-144934.18339994358,474,False,-2.557363260552908,0.4968706985147579,0.08517675993343195,4.324999798138936,1040.2459716796875,2044.814208984375,5.815352416000678
133,mps,150,-109223.52491556758,356,False,0.9736639420191447,0.1282509008143097,0.08713439681877692,4.32366821606954,628.4644165039062,1231.915771484375,5.8965520830097375
134,mps,150,-132552.79778504296,430,False,-1.3920050047151744,0.2059294135310256,0.07747087690979243,4.324124784469604,479.1062927246094,1026.7364501953125,5.868830625011469
135,mps,150,-104244.21185851302,339,False,2.067039768447479,0.5609280876754853,0.07883479677140713,4.31022919178009,1561.611083984375,3303.145263671875,5.853507791995071
136,mps,150,-142562.78781091134,468,False,-1.4086629768523078,0.49770158209573917,0.09086854649086794,4.299360184669495,490.87017822265625,1446.463623046875,5.995637375002843
137,mps,150,-122374.65489829949,400,False,-0.1802937793607513,0.1690156948864751,0.06429647179941336,4.280560342470805,267.6292724609375,665.7498779296875,5.706992583000101
138,mps,150,-151470.42709533958,497,False,-2.3983673467921713,0.5142260188474999,0.0720722538853685,4.258824367523193,1161.0533447265625,2312.654296875,6.101098291997914
139,mps,150,-107024.44916653409,351,False,2.2057084360842905,0.4066608091328453,0.06544224413732688,4.223212518692017,1139.138671875,2266.57373046875,6.059570166005869
140,mps,150,-132129.63224109903,432,False,0.39589442711944384,0.10172313553590205,0.08170039322227239,4.199830060005188,464.2795715332031,1047.640869140625,6.115025500010233
141,mps,150,-82374.26052328166,270,False,4.602027716636658,1.2495418690641722,0.08336303872366746,4.187427220344543,2281.9970703125,4775.79833984375,6.336878499991144
142,mps,150,-110817.6191003705,363,False,1.7953027752041817,0.2337364015278096,0.08343846003214518,4.191878821055094,896.180419921875,1880.92578125,6.160722291999264
143,mps,150,-113455.70331357342,373,False,0.5526237287713835,0.19499269039147482,0.0635132505123814,4.211157641410828,318.9408874511719,923.846923828125,6.429873457993381
144,mps,150,-97220.99659792209,317,False,1.4933200196921825,0.30269717302105464,0.0759808612987399,4.228821592330933,383.39129638671875,997.0834350585938,5.910402166002314
145,mps,150,-131121.5139191683,432,False,-1.960407289781918,0.3276210313587247,0.0828209159274896,4.251045622825623,1065.594970703125,2135.630615234375,6.153542125000968
146,mps,150,-103631.53425500753,338,False,0.18417863435014928,0.22396289718276022,0.062289434112608434,4.261124467849731,545.6838989257812,1383.739990234375,6.083567916997708
147,mps,150,-119357.08628136019,387,False,-1.3424229913018644,0.23539819515579286,0.07021650596211354,4.26993455251058,821.7053833007812,1680.5162353515625,6.231617875004304
148,mps,150,-110957.88358749094,361,False,-0.37027574646053835,0.10355374174672856,0.06527439674983422,4.270700588226318,86.85082244873047,316.4421081542969,6.295862833008869
149,mps,150,-120795.3389958063,399,False,-0.9282295875251293,0.1525048845446751,0.06415333158026139,4.266045344670614,199.0349578857422,631.5006103515625,6.240040874996339
150,mps,150,-111705.36467213428,362,False,0.0865461856375138,0.07128765329583378,0.06156567583481471,4.258029632568359,95.7559585571289,282.7372131347656,5.992534875011188
151,mps,150,-104126.53940863641,346,False,1.2046961707031976,0.21793930337637296,0.08413018591701985,4.259980152448018,922.1239013671875,1924.7623291015625,6.097069791998365
152,mps,150,-108779.32447946466,358,False,0.7311448153605064,0.08912124982152211,0.07808394872273008,4.264744318326314,498.2938232421875,1087.885498046875,6.014376916005858
153,mps,150,-98263.22458773253,320,False,1.1652209599564474,0.17278896503398453,0.07341578762357434,4.276144550641377,480.56866455078125,972.699462890625,5.924932499998249
154,mps,150,-135259.21503090046,446,False,-2.4203538509706655,0.5029628425219562,0.09498209576432903,4.290590372085571,1331.78662109375,2802.25390625,6.113190917007159
155,mps,150,-102699.59649242801,336,False,0.941062141781052,0.28503711513306673,0.08065411019449432,4.2987928899129235,936.0888671875,2255.865966796875,6.0938161660014885
156,mps,150,-160391.23793670852,528,False,-5.044835352351268,1.6282999740773811,0.07704670057321589,4.312230661710103,2197.943603515625,4355.486328125,6.136055708004278
157,mps,150,-93792.02582583987,304,False,0.9920714483968913,0.08343899817519741,0.08103494856506586,4.3173343420028685,382.3594055175781,788.4943237304688,5.9859543750062585
158,mps,150,-107548.82863099255,356,False,-0.42044924618055424,0.09948597016490264,0.08040959053362409,4.326839447021484,165.79811096191406,393.46905517578125,6.040103124993038
159,mps,150,-102531.27592342401,336,False,-0.4464309801968435,0.14973077759680867,0.06571824481089909,4.337752596537272,460.2017517089844,1098.3480224609375,6.1350976250105305
160,mps,150,-120032.75631653627,392,False,-2.0881779360895356,0.4717605100291985,0.07484876414140065,4.344315144220988,1341.2696533203125,2902.47998046875,5.950647707999451
161,mps,150,-112201.10542772894,368,False,-1.5284441973268985,0.7015586651698201,0.061913116984069344,4.346558046340943,1531.9754638671875,3619.482666015625,6.744898374992772
162,mps,4,-23.550313012310063,0,True,6.301636219024658,2.3375467658042908,0.029205212369561195,4.535737752914429,50.47492599487305,78.77690887451172,0.18441537499893457
163,mps,150,-98242.90578293668,320,False,0.93700953087459,0.10282115647427417,0.08348784442991018,4.341946881612142,339.6069641113281,671.643310546875,5.956940832998953
164,mps,150,-130916.69599711803,428,False,-2.0732988414168356,0.2747395223674054,0.09445620276033878,4.348289176623027,816.9180908203125,1546.8597412109375,6.052490500005661
165,mps,6,-49.88111773936944,0,True,6.844335714975993,2.163261671861013,0.03227378365894159,4.534119129180908,73.94794464111328,125.15426635742188,0.22050487498927396
166,mps,150,-77895.70459030759,253,False,2.6729974729816117,0.4481614440033445,0.06191304825246334,4.352113779385885,1026.0418701171875,1882.1160888671875,6.048882374991081
167,mps,150,-126875.96417024995,416,False,-1.9929229802886645,0.31127584412325326,0.06934362296015024,4.359231980641683,780.85498046875,1509.4681396484375,6.115420500005712
168,mps,150,-88802.26451209823,291,False,2.0409332308421533,0.626793768881189,0.06964712727814913,4.362776614824931,1506.123046875,3446.885498046875,6.189749665994896
169,mps,150,-109441.74912558479,368,False,-0.39151790253818036,0.14844624362197162,0.06412297375500202,4.369636044502259,335.1236267089844,927.0176391601562,6.063731333997566
170,mps,150,-112619.90141817051,373,False,-0.5565380184228221,0.18426206662128,0.0738526129970948,4.378689827919007,360.4135437011719,1024.7554931640625,6.529732708004303
171,mps,150,-148964.26379127675,487,False,-4.706943595409394,1.246496033051517,0.06376727578540643,4.390186994870504,1595.4752197265625,2912.016357421875,6.31476466699678
172,mps,5,-22.26384426988932,0,True,4.809070634841919,1.270150089263916,0.01918679103255272,4.530013751983643,48.79100036621094,87.59970092773438,0.26714558400271926
173,mps,150,-129547.13515094062,427,False,-2.9796471478883175,0.5683079691381151,0.06191614045451085,4.404807454744975,1097.50341796875,2059.640380859375,6.719759832994896
174,mps,150,-126443.3542891807,415,False,-2.3593496923396984,0.3778918052727143,0.0842326320707798,4.405312161445618,723.9537963867188,1184.8062744140625,6.061755665999954
175,mps,150,-140580.34002854762,461,False,-3.573851192474055,0.7744255176822981,0.07187358961751064,4.3994687493642175,1153.5323486328125,2063.789306640625,6.129160125012277
176,mps,150,-95316.57574707609,316,False,0.9319253775974115,0.11695764759609423,0.07488512452691794,4.385464723904928,427.0150451660156,901.6759643554688,6.200473832999705
177,mps,150,-144920.57976055777,473,False,-2.813208144878348,0.6132119304941929,0.07359555798272292,4.377451281547547,814.9916381835938,1271.5234375,6.190921625006013
178,mps,150,-119405.44223768663,389,False,-0.13981297245870034,0.14421005425557573,0.0768101314889888,4.362881449063619,330.15570068359375,933.2301635742188,5.67340712499572
179,mps,150,-130570.7576186321,428,False,-0.4600131497780482,0.4502772349926333,0.09446954318632682,4.358802760442098,679.5240478515625,1907.3026123046875,6.0356955000024755
180,mps,150,-120487.31968479781,395,False,0.3628719260947158,0.1456453522239637,0.09714757125203809,4.359367456436157,344.7564392089844,918.552734375,6.209461874997942
181,mps,150,-103055.26747658821,339,False,1.7191346603434068,0.2424047618705965,0.08073618258660038,4.370135501225789,672.70556640625,1486.150634765625,6.45644291699864
182,mps,4,-23.550313012310063,0,True,5.515530705451965,2.3361743092536926,0.014919726178050041,4.4435025453567505,61.35679244995117,87.20832824707031,0.15465599999879487
183,mps,150,-103037.89253682242,338,False,1.4294553974891702,0.19785592833793392,0.06894464376072089,4.402281131744385,675.1094970703125,1480.533203125,6.0130722079920815
184,mps,150,-138228.3384096725,452,False,-3.1612529359540593,1.1017219830971567,0.06730585084607203,4.4194605318705245,2112.15625,4495.20751953125,6.2226107500027865
185,mps,150,-138939.97884175548,453,False,-3.408337168097496,0.8595547825284302,0.06936624955385923,4.428789097468059,1854.4796142578125,3936.851318359375,6.232013917004224
186,mps,150,-89217.23713107764,292,False,0.6107008513932427,0.6660097839778852,0.08273902684450149,4.432127990722656,841.2019653320312,2429.3564453125,6.097160332996282
187,mps,150,-126907.62942824278,410,False,-2.2910751347988842,0.5385496827437115,0.06569768059998751,4.438319330215454,1459.12255859375,3283.818603515625,6.206658000010066
188,mps,150,-140595.07081533753,459,False,-3.2716740907790762,0.7508303351984129,0.0836889913553993,4.441581859588623,1440.0108642578125,2994.78955078125,5.673698541999329
189,mps,150,-103029.36116978162,339,False,0.49192431850979723,0.08494175278637764,0.06429183688014746,4.436772883733114,118.40103912353516,346.4350891113281,7.3895909169950755
190,mps,150,-112654.32734080228,369,False,-0.05874525904655457,0.05189132708537462,0.06872526490439972,4.440024436314901,63.99607849121094,192.70260620117188,6.832754666989786
191,mps,150,-86917.53268526163,283,False,2.63534622301658,0.4258172594662756,0.06481293441106875,4.441302490234375,1179.8331298828125,2502.689453125,6.941934499991476
192,mps,6,-13.854382723604509,0,True,6.029687245686849,1.9055588841438293,0.01932960096746683,4.389931758244832,79.9143295288086,178.31402587890625,0.24912562499230262
193,mps,150,-122073.0062480926,406,False,-0.6830795290259023,0.13366755364845934,0.06543026253581047,4.454725557963053,239.0296630859375,713.60400390625,6.868767833002494
194,mps,150,-106356.1679470358,344,False,0.3459871249475206,0.10174492053675863,0.0658800090290606,4.455718892415365,219.29037475585938,554.5720825195312,6.740456207990064
195,mps,150,-103700.71376396978,339,False,0.3958431395581768,0.113931230896841,0.061889954855044685,4.458457244237264,399.43011474609375,1057.877685546875,6.916881041994202
196,mps,150,-136184.22291406058,452,False,-3.0823434503376483,0.540371871071305,0.09197729418675105,4.461148792902629,1067.0888671875,2022.8651123046875,7.403667207996477
197,mps,4,18.34927128516004,0,True,4.660447299480438,1.3991886973381042,0.012611831771209836,4.38869845867157,42.71847915649414,85.40202331542969,0.2417542500043055
198,mps,150,-101333.4192239252,332,False,-0.7005636383096377,0.222633919682897,0.0542878566806515,4.448227704366048,567.2098388671875,1353.09814453125,6.882076666995999
199,mps,150,-147996.0944433496,481,False,-4.989783798058828,1.3626221493383248,0.07971926308547457,4.438055868148804,1942.7928466796875,3844.876708984375,6.093240166999749
200,mps,150,-109996.18020491744,367,False,-0.7199677442697188,0.11741700461103392,0.08476389799267053,4.424193903605143,186.9488067626953,535.2225341796875,6.844904375000624
201,mps,150,-96613.10530369329,315,False,0.2506433909976234,0.13087396831944034,0.0867186038258175,4.408354166348775,127.13319396972656,369.32611083984375,7.131271249993006
202,mps,4,3.3129991899270834,0,True,3.6432631611824036,1.1726923882961273,0.011356470873579383,4.279260158538818,39.477169036865234,55.670162200927734,0.19529820799652953
203,mps,150,-144664.2361698629,471,False,-3.6372975943485897,0.8126967257043968,0.07307919751852751,4.3738981040318805,1188.080810546875,2120.791015625,6.850866458000382
204,mps,150,-101396.55723406794,332,False,0.29141749056909855,0.06606194143386877,0.05632989830027024,4.353948562939962,120.21397399902344,259.7906188964844,6.448600333998911
205,mps,150,-90942.71275887315,294,False,1.13807331909736,0.15761485021283078,0.0515042752896746,4.33553299109141,338.7206115722656,555.7592163085938,6.904819874995155
206,mps,15,-156.68687105628084,0,True,5.047962331771851,1.3920738061269124,0.016258445754647254,4.202948347727458,157.810302734375,234.23728942871094,0.6321532080037287
207,mps,150,-138280.5426509722,447,False,-3.357516048848629,0.70059172380638,0.07336842795213064,4.313498431841532,1114.02001953125,1811.0462646484375,6.703090791997965
208,mps,4,-7.572332876715031,0,True,4.039725333452225,0.7123479098081589,0.01960113737732172,4.1183576583862305,32.38591384887695,44.53974533081055,0.1752537919965107
209,mps,150,-101072.74594433964,333,False,0.0637661375850439,0.2813607621918103,0.07817051795621713,4.3081931225458785,587.2015991210938,1686.6119384765625,6.1587801670102635
210,mps,150,-96632.73879120882,318,False,-0.4850278726220131,0.11518132885449935,0.05977447969218095,4.301603233019511,310.130126953125,678.9633178710938,6.575637917005224
211,mps,150,-131395.4266587801,431,False,-2.918119544213017,0.7558720877495944,0.06962536842872699,4.297680945396423,751.7447509765625,1002.529541015625,6.232926957993186
212,mps,150,-142376.37707676028,465,False,-3.9158519506951173,1.2620765334544315,0.06816757974525292,4.299678438504537,1098.7774658203125,1614.712646484375,6.451352666001185
213,mps,4,10.960691230589056,0,True,1.660943627357483,0.4281904622912407,0.020065972115844488,4.13414192199707,24.94854164123535,51.067745208740234,0.19293908299005125
214,mps,4,-2.2817468634139715,0,True,2.659840852022171,0.3923882320523262,0.01645180955529213,4.088516592979431,24.364538192749023,31.715272903442383,0.19302720899577253
215,mps,150,-152730.59375844372,502,False,-4.000308319579344,1.4628479630689766,0.08116425221785903,4.263441710472107,987.17138671875,1358.72998046875,6.584021540998947
216,mps,4,-24.649676064714228,0,True,2.9062429666519165,0.27854979038238525,0.010221675503998995,4.000487327575684,21.44715690612793,34.35637664794922,0.1615942909993464
217,mps,150,-138785.59197714194,455,False,-2.177272653952241,1.1038662002743997,0.09015012678379813,4.2536238018671675,642.290283203125,1754.851806640625,6.208105666999472
218,mps,150,-106700.2059401446,348,False,0.3111200911179185,0.5770167115453538,0.07984002067397038,4.252049724260966,976.568115234375,2539.451416015625,6.15147845800675
219,mps,150,-110816.91738442244,364,False,-0.2252296146005392,0.2746796241718403,0.07832802582532167,4.249628728230794,430.8042907714844,1194.4410400390625,6.336332332997699
220,mps,150,-119069.69918856335,391,False,-1.0227063843607902,0.29385930449391406,0.07068726381907861,4.243190080324808,268.63543701171875,490.5493469238281,6.010203708006884
221,mps,150,-134658.2342003609,440,False,-2.5517904050896565,0.6347004828512035,0.06878332703684767,4.233625160853068,677.7650756835938,959.6646118164062,6.305268249998335
222,mps,4,3.3129991899270834,0,True,1.9713962972164154,0.3274959474802017,0.01101150014437735,4.011767148971558,23.116374969482422,31.068222045898438,0.1884365840087412
223,mps,150,-151052.24819745737,494,False,-3.4439374480458596,1.131569610225015,0.09431527694066366,4.209646104176839,1199.40087890625,2038.9722900390625,6.448989791999338
224,mps,150,-140206.9366187889,453,False,-2.4428341023623945,0.5927506955647065,0.06880351125573118,4.199963825543722,880.6837768554688,1408.837890625,6.226165125000989
225,mps,6,-20.404815461880425,0,True,2.8826687335968018,0.6086938977241516,0.0125158770630757,3.9853983322779336,48.57670593261719,70.85259246826172,0.3089086249965476
226,mps,150,-118132.98067199129,397,False,0.09074940812463561,0.30149561103815964,0.06811774186169108,4.17493639310201,407.7938232421875,1114.170166015625,6.4314106660021935
227,mps,150,-100101.05611879604,328,False,1.4677796542644501,0.28952964522885094,0.0739206002590557,4.158364227612814,385.0586242675781,879.6917114257812,5.903070250002202
228,mps,150,-115818.33601737344,377,False,0.0904198793923327,0.14806711617702462,0.056716913208365444,4.147008999188741,97.02006530761719,375.3804016113281,5.9988050410029246
229,mps,150,-119610.37003785867,394,False,-0.6024899560833971,0.1824734764170777,0.06736806289603313,4.143785301844279,399.97296142578125,933.6000366210938,5.849140833001002
230,mps,150,-173166.44071573773,571,False,-4.246726711293062,1.3295035408313076,0.07993790294975042,4.138843468030294,1670.8782958984375,2860.333251953125,6.565989249997074
231,mps,21,-158.8863275513898,0,True,5.668018528393337,2.419496803056626,0.017997905966781434,4.089468649455479,294.3078918457031,479.9549255371094,0.8355464579944964
232,mps,5,-8.848905665139888,0,True,3.2580278158187865,0.6766770124435425,0.01807663105428219,3.8614468574523926,44.90824890136719,64.91706085205078,0.19061929199961014
233,mps,150,-122599.24727128554,400,False,-0.34413254796837767,0.19175303551743733,0.06187177245815595,4.135164200464884,296.6109924316406,915.9033813476562,6.074028165996424
234,mps,150,-139714.54327434913,464,False,-2.01986730436484,0.35919365666185815,0.07407761832078298,4.133716179529826,776.3599243164062,1364.931396484375,6.161968415995943
235,mps,150,-102039.42109793621,336,False,1.1200907503565152,0.24055796894036272,0.055111169454952084,4.131892002423604,559.9839477539062,1206.9052734375,5.914661709000939
236,mps,150,-107021.6058849461,356,False,0.8104037230710188,0.33179883320185277,0.058647155600289505,4.127546116511027,813.3690185546875,1895.43017578125,6.010170749999816
237,mps,150,-145652.8965655989,476,False,-2.9807616685827574,0.6414817535628875,0.06275326954821746,4.125623486836751,1052.0244140625,2020.7210693359375,5.918009584012907
238,mps,150,-96028.20828524233,312,False,0.825201461687684,0.4285905327608695,0.0563853861639897,4.11652751604716,354.4278259277344,1050.439697265625,6.056630124992807
239,mps,150,-100795.15480440206,327,False,1.308153806005915,0.5018319661983469,0.06601392441118757,4.110789971351624,1157.3946533203125,2765.666015625,5.961645041999873
240,mps,5,-12.709783587390667,0,True,2.4642524242401125,0.44617233872413636,0.013959802500903607,3.8609734058380125,36.1505126953125,44.214576721191406,0.1867874169984134
241,mps,4,15.738290414590665,0,True,1.9125740230083466,0.3330755829811096,0.012977140955626965,3.8394205570220947,25.243995666503906,35.508140563964844,0.218010292010149
242,mps,4,10.960691230589056,0,True,1.6854632645845413,0.242246862500906,0.011592849623411894,3.8273890018463135,21.4177303314209,31.610931396484375,0.17141808300220873
243,mps,150,-72265.00859991301,235,False,2.015646104812622,0.5202902012566726,0.06102990657091141,4.0830768855412805,696.0050048828125,1407.1634521484375,6.359843958998681
244,mps,150,-101351.0375310669,328,False,-0.8056163802805046,0.22936436123465076,0.05920735453565915,4.081170746485392,345.7434387207031,495.150390625,6.055613916993025
245,mps,8,10.19614753531377,0,True,0.7459573615342379,0.05645213421666995,0.00929323467426002,3.7812664806842804,19.508182525634766,27.333404541015625,0.29182399999990594
246,mps,5,-18.447733003299007,0,True,0.3849563606083393,0.016111644229386,0.008051327057182789,3.7167762756347655,5.700839042663574,6.964982986450195,0.22159745798853692
247,mps,5,8.773974037206788,0,True,-0.15528835356235504,0.008482918771915138,0.005642791837453842,3.6306866645812987,3.169903516769409,4.933696746826172,0.18569637500331737
248,mps,23,-198.14929742164034,0,True,2.400885415384951,0.6952909137522194,0.005991786202091886,3.9545008721558945,109.99231719970703,178.24191284179688,0.8565353330050129
249,mps,150,-92776.78282872874,306,False,-1.9845081298425793,0.6237027218977232,0.08293227436486632,4.065914425849915,1314.13623046875,2689.7919921875,6.031977166989236
250,mps,150,-108067.54348443694,352,False,-3.2972947613398236,0.8388333613673846,0.10872756341161827,4.070215145746867,1194.7635498046875,1810.506591796875,6.040092041002936
251,mps,5,1.4264647368831085,0,True,-1.0118786096572876,0.11707279980182647,0.002724708989262581,3.5973720073699953,20.103717803955078,28.334003448486328,0.18981391600391362
252,mps,4,10.44612502423152,0,True,-1.0094033181667328,0.09544678777456284,0.002366240427363664,3.65448659658432,14.281937599182129,16.996347427368164,0.15211512499081437
253,mps,150,-107774.2815509884,355,False,-3.0411971724033355,0.7216113046308359,0.16871029342369487,4.147909336090088,994.0120239257812,1557.29345703125,5.989219292008784
254,mps,150,-80655.86340339405,263,False,-0.5620532683841885,0.2265076688504026,0.09279326188067595,4.1850743611653645,251.98809814453125,414.733154296875,6.082299083995167
255,mps,150,-95146.86921051577,313,False,-1.412206516933317,0.3109827296321782,0.11270799840179582,4.226306387583414,327.20501708984375,590.4501953125,6.004595082995365
256,mps,150,-120491.97165329315,396,False,-2.8128680476810164,0.8736388544856516,0.1070335917842264,4.268720129330953,520.6846313476562,967.2357788085938,6.0776935829926515
257,mps,150,-148514.07607927214,480,False,-5.157224336067835,1.6018518688405554,0.1113285438871632,4.317371174494426,1385.1304931640625,2668.869384765625,6.112796417000936
258,mps,4,9.948984246658902,0,True,1.7533888965845108,0.27667294442653656,0.0064120967872440815,4.251022577285767,19.376649856567383,33.259517669677734,0.16267120800330304
259,mps,11,-111.53591443079885,0,True,3.0520917068828237,0.43230601061474194,0.011531131850047545,4.31622180071744,62.69721603393555,68.29313659667969,0.41929937500390224
260,mps,150,-159659.09524211663,515,False,-5.188056347072124,1.6999075115751474,0.06702317087600629,4.398996504147847,1195.9501953125,2431.224609375,5.9698307090002345
261,mps,150,-107688.78415873392,352,False,0.36952600959377985,0.2534686296100305,0.07898263244579236,4.412227703730266,517.9691162109375,1410.42822265625,6.642073666997021
262,mps,150,-90592.19267531288,299,False,1.6328025907536114,0.2846601058843136,0.066967941497763,4.4201934003829955,374.3017883300781,872.6486206054688,6.1014391249918845
263,mps,150,-128366.21588576697,424,False,-1.3730613906184832,0.4493536515533924,0.07949549071490765,4.423151836395264,274.2242431640625,807.0357666015625,6.105485749998479
264,mps,150,-108115.46081384242,353,False,0.208473909770449,0.21792255788774734,0.08285190356274445,4.43052708307902,421.3375549316406,1123.6226806640625,6.134627499995986
265,mps,150,-134806.04608609836,438,False,-2.636373493950814,0.5760651266790152,0.0787401793152094,4.430962584813436,889.4400024414062,1930.8504638671875,7.401983167001163
266,mps,150,-111069.66075860083,361,False,0.1893945344661673,0.31033938935914196,0.06570590174446503,4.434287131627401,460.97021484375,1274.305419921875,6.905921708996175
267,mps,150,-109108.71716175611,355,False,0.0060470093693584205,0.20878367017313168,0.05775215458124876,4.434148629506429,100.06101989746094,377.04193115234375,6.228089416996227
268,mps,5,-6.968524190118089,0,True,3.561504101753235,0.6594454288482666,0.018911070376634597,4.358107089996338,34.802677154541016,52.43574905395508,0.20164145799935795
269,mps,150,-145410.78374541237,469,False,-3.2432858844598136,0.9189467374359568,0.07872921387354533,4.425121213595072,766.8513793945312,1650.8167724609375,6.551388040999882
270,mps,150,-109987.97836941501,361,False,-0.629966442535321,0.17665815204097574,0.06983174163848162,4.422259128888448,218.46426391601562,569.957763671875,6.554246999992756
271,mps,150,-110150.5603532994,362,False,-0.3031514109174411,0.18273145224816592,0.06780063449094693,4.419269976615905,159.89788818359375,427.1386413574219,6.861418417000095
272,mps,5,10.687480984556828,0,True,3.384895372390747,0.6918207883834839,0.01196550577878952,4.358541679382324,34.83195495605469,49.45595932006836,0.19342595798661932
273,mps,150,-132723.16120557158,435,False,-3.0377867154280342,0.6179367442522198,0.0698140285598735,4.413940647443136,1133.8731689453125,2596.559814453125,6.145265125000151
274,mps,150,-137036.0376949674,446,False,-3.6038678841789564,0.8444227555642525,0.07022072027126948,4.410644173622131,1240.0076904296875,2835.085205078125,6.71194216699223
275,mps,6,54.45911871959625,0,True,3.2624796628952026,0.6820200085639954,0.011174202430993319,4.322867234547933,41.45665740966797,53.224918365478516,0.231851500007906
276,mps,150,-112329.02900335124,373,False,-0.6209505303328235,0.18744754501189165,0.06307348797718684,4.403604664802551,213.33596801757812,693.5940551757812,6.530789124997682
277,mps,150,-128548.41291440392,420,False,-2.067164606551329,0.3239078995938568,0.06882017601902286,4.387400342623393,554.3572998046875,1134.0089111328125,6.135557125002379
278,mps,150,-140583.98273685237,457,False,-2.760135217551142,0.6204500250571309,0.08996436543762684,4.375950258572896,539.701171875,1059.72998046875,5.807585957998526
279,mps,150,-96189.73069127095,311,False,1.3292667542491108,0.2456915761071165,0.0546078106512626,4.3672551250457765,301.2835388183594,688.9555053710938,5.83773141700658
280,mps,150,-96243.34303676504,314,False,1.6000304155051708,0.31393240417489626,0.0560501544115444,4.361678395271301,706.774658203125,1700.1011962890625,6.306336708003073
281,mps,18,-173.36143934608984,0,True,5.105305029286279,1.6576511131392584,0.011797413126462035,4.3118016719818115,161.35459899902344,250.45501708984375,0.7827531670045573
282,mps,150,-116633.98679961954,382,False,0.14722910265748698,0.40564508216342804,0.06845985966424148,4.338796259562175,749.465576171875,2185.22705078125,6.069017042013002
283,mps,150,-122827.32970601085,399,False,-1.3725878763695558,0.28281567754330655,0.0762875790335238,4.318912302652995,382.00927734375,665.4034423828125,6.217294333997415
284,mps,150,-102071.68567658537,337,False,0.565866800347964,0.15082217809313686,0.06421359941984216,4.305203893979391,279.06890869140625,728.2064208984375,6.407406500002253
285,mps,150,-100053.85282289206,323,False,0.3850435370579362,0.14829262074560878,0.05277007542550564,4.294459943771362,117.58283996582031,280.7005615234375,6.085846582995146
286,mps,150,-96602.22723485401,315,False,0.07676056710382302,0.28417300286494235,0.0732807894796133,4.282840296427409,452.72747802734375,1268.5203857421875,6.089515750005376
287,mps,20,-180.73893187223518,0,True,4.6512675255537035,1.3907225638628007,0.021908638626337053,4.218430650234223,162.830078125,204.58360290527344,0.7866857089975383
288,mps,150,-89393.83016064191,293,False,0.5538944700670739,0.16188290789650636,0.06508594203740359,4.271930484771729,251.12417602539062,609.9592895507812,5.987661457998911
289,mps,150,-125937.88674285637,412,False,-3.1408369060357413,0.6687407855999966,0.07056167591363191,4.265858643849691,1176.6319580078125,2525.580078125,5.866405083987047
290,mps,150,-117767.07853281722,385,False,-2.696533219901224,0.5479458571565434,0.06696192904065053,4.25675794283549,1159.4302978515625,2430.2607421875,6.042366915993625
291,mps,150,-94512.83751752196,312,False,-0.506713618511955,0.2910289549623849,0.0628696103890737,4.257171320915222,719.48876953125,1897.04052734375,6.176254625010188
292,mps,150,-110222.13199235009,362,False,-1.7702737775444986,0.2783476232655812,0.06558408336093029,4.260442926088969,669.447509765625,1361.523193359375,6.0874474169977475
293,mps,4,17.715906773013348,0,True,1.9859381765127182,0.27494555711746216,0.02056983858346939,3.8960763216018677,20.36339569091797,25.987409591674805,0.16887958299776074
294,mps,150,-87317.24489874487,285,False,0.5266323374211788,0.21762922463870685,0.050368770125011605,4.264451553026835,170.50119018554688,518.9955444335938,6.115380708011799
295,mps,150,-134991.6593164974,433,False,-2.7663644860809047,0.6338907825073693,0.062440975749244294,4.262946669260661,630.927978515625,782.9567260742188,5.9552674159931485
296,mps,150,-107742.63378652434,353,False,-0.3483065020665526,0.20163073288934052,0.06913364917660753,4.271526110967001,333.1552734375,1012.1736450195312,6.065376875005313
297,mps,150,-100058.77367557253,330,False,0.6699861850899954,0.21095462007771554,0.07672078823360304,4.271265255610148,408.98284912109375,1045.869140625,6.047520334002911
298,mps,150,-102367.99729389725,342,False,0.938225187927407,0.579977638548501,0.07651849852874876,4.281721062660218,1069.4129638671875,2818.496826171875,6.117722833994776
299,mps,150,-109602.06994474976,356,False,-0.1171077933938553,0.4117453917994044,0.06748237136751413,4.287152806917827,660.3878173828125,1903.6348876953125,5.990952250009286
300,mps,6,-10.388762796923608,0,True,1.968796859184901,0.2982144256432851,0.010156266701718172,3.8283057610193887,31.98777961730957,34.938804626464844,0.22173308400670066
301,mps,6,48.8039037094817,0,True,1.2920180360476177,0.27301904062430066,0.010388745460659266,3.805861155192057,30.786108016967773,48.956512451171875,0.22809758300718386
302,mps,150,-117853.9827370663,389,False,-1.4743459281511604,0.2897793880594569,0.08485541229446729,4.269565375645955,306.8265686035156,356.4449768066406,6.766206250002142
303,mps,150,-128289.92407809217,426,False,-2.1949100752423205,0.6939756495913025,0.08066605733707548,4.253702642122905,425.391845703125,927.4638671875,5.981241333996877
304,mps,150,-114521.8321351583,384,False,-0.566237571661671,0.46366198987326546,0.06395039459690452,4.235437773068746,383.9780578613281,1193.868896484375,5.950773458011099
305,mps,4,11.179301448228241,0,True,0.9523701593279839,0.15013810992240906,0.014614900574088097,3.548097550868988,16.240558624267578,25.063241958618164,0.16344920899427962
306,mps,150,-89018.15732477298,289,False,0.8763266242668033,0.38605860331250974,0.07133271879826983,4.197518437703451,697.8184814453125,1779.5653076171875,6.0019881670014
307,mps,4,19.174969551738698,0,True,0.863754890859127,0.10148377250880003,0.01568397763185203,3.3869975805282593,13.75660228729248,18.281078338623047,0.16496195799845736
308,mps,150,-136299.015706649,450,False,-4.1890022397662205,1.3821317091656238,0.06366673336674769,4.111698446273803,1771.346435546875,3404.747314453125,6.125916416989639
309,mps,150,-144924.15750825594,473,False,-4.166640870571136,1.6529018859565259,0.05880127822980285,4.063378348350525,1849.30517578125,3444.05908203125,6.111212750009145
310,mps,20,-221.23403353948362,0,True,3.0676276735961436,0.8272223847219721,0.01397335804067552,3.5037371039390566,134.1901092529297,151.6919708251953,0.7579075829999056
311,mps,5,0.4094824763030722,0,True,0.24671777803450823,0.013166479116080154,0.012628315389156342,2.914348316192627,5.328787326812744,6.916098594665527,0.1813190829998348
312,mps,150,-99481.34540691988,325,False,-0.7932701920717955,0.4805994577064363,0.05811861969530582,3.944963558514913,923.0037841796875,2092.867431640625,6.15393016699818
313,mps,5,-0.8250304482613018,0,True,-0.24357105903327464,0.01266769527719589,0.00834146086126566,2.6754636764526367,5.667706489562988,7.080842971801758,0.1989255420048721
314,mps,18,-77.83145425016701,0,True,1.0749665508046746,0.4509482803922664,0.006772528790558378,3.0613540675905018,73.5133285522461,142.18685913085938,0.6439878329983912
315,mps,150,-112351.07951354753,371,False,-2.038554258955022,0.8021165617962591,0.06593789737671614,3.8299815384546916,1501.4368896484375,2927.864013671875,6.162661584006855
316,mps,150,-86281.63720604546,287,False,0.4601168027613312,0.5003227590469548,0.058551213399817545,3.780570519765218,573.260009765625,1591.5013427734375,5.931015207999735
317,mps,5,-0.5563285886342442,0,True,-0.5977355539798737,0.06519360356032848,0.0037068321369588377,2.274216556549072,17.788829803466797,16.60183334350586,0.1854016249999404
318,mps,5,58.8039037094817,0,True,-0.109577576816082,0.0443302309140563,0.0032003921922296287,2.21066632270813,14.526586532592773,20.441452026367188,0.17355908299214207
319,mps,4,10.409482476303072,0,True,-0.18544682767242193,0.020490807859459892,0.0029856236651539803,2.253112316131592,7.332140922546387,8.477861404418945,0.14595370899769478
320,mps,150,-120624.45102724679,392,False,-0.7566279931863149,0.43928322830495137,0.09704003933351486,3.820960038503011,429.6761779785156,704.79443359375,6.112121332989773
321,mps,150,-103880.85275134654,347,False,0.9591444498548906,0.39682983570443564,0.10238616692523161,3.914590392112732,563.6484985351562,1503.7689208984375,6.523702666992904
322,mps,4,9.49435182233724,0,True,0.9915537461638451,0.09215797670185566,0.002746354788541794,2.808251202106476,15.548226356506348,17.09214973449707,0.1687485410075169
323,mps,4,6.297322548387569,0,True,1.30060513317585,0.10525013878941536,0.0028502612258307636,2.9950127005577087,16.17233657836914,21.278940200805664,0.15405904200451914
324,mps,150,-134646.34209855917,442,False,-2.0034050100917615,0.4917729429679889,0.0891363146295771,4.143378829956054,610.0987548828125,808.6575927734375,6.383642250002595
325,mps,4,18.803903709481702,0,True,0.9343064278364182,0.1482749991118908,0.00326496729394421,3.3482159972190857,17.657325744628906,24.659137725830078,0.16655754200473893
326,mps,150,-113057.29148376978,368,False,-0.13777467519044875,0.2784412087965272,0.07072617625041554,4.219002742767334,362.3842468261719,1064.88671875,6.176591917013866
327,mps,150,-101364.21940763795,333,False,0.3824873157805996,0.19343627111861916,0.08514887462525318,4.25224013487498,123.76119232177734,308.1463623046875,6.041667499986943
328,mps,7,-28.259024251548738,0,True,1.9321736310209547,0.24578207092625753,0.004224826315683978,3.6154772554125105,36.59453201293945,31.249725341796875,0.2537202500097919
329,mps,6,39.02161972536818,0,True,1.3374529381593068,0.20238285139203072,0.004996252401421468,3.629252473513285,28.36388397216797,30.123783111572266,0.2208243330096593
330,mps,4,18.803903709481702,0,True,1.135427050292492,0.1384411472827196,0.005435049184598029,3.6015936732292175,15.8970947265625,17.81712532043457,0.16202237499237526
331,mps,5,58.47420749705728,0,True,0.9866053104400635,0.10822701528668403,0.006235970556735993,3.592511510848999,17.35650062561035,18.579883575439453,0.18115870900510345
332,mps,20,-134.35972664408365,0,True,2.6370447397232057,0.6958356694784016,0.007588443509303033,3.9022061944007875,119.70976257324219,161.58358764648438,0.7447699580079643
333,mps,4,18.687688847784713,0,True,0.35261922306381166,0.01232675032588304,0.008258010726422071,3.4143608808517456,4.226078987121582,5.033200263977051,0.16239379200851545
334,mps,150,-128691.86666768884,419,False,-3.6342165295282998,0.9183553096155326,0.06284670827910305,4.286699787775675,1095.40576171875,1561.0760498046875,6.230341041999054
335,mps,150,-120741.20364854668,395,False,-2.9638183001677194,0.7427066574990749,0.07473496468737721,4.272155496279399,1029.837646484375,1471.147216796875,6.174597874996834
336,mps,5,2.8781152573805144,0,True,-0.5942535817623138,0.038313509151339534,0.009874407015740872,3.204173946380615,11.407218933105469,11.055370330810547,0.19556629199360032
337,mps,150,-107167.65548617786,354,False,-1.225360962698857,0.5350283011677675,0.06080350300918023,4.2686703475316365,483.26910400390625,715.9268188476562,6.4849413329939125
338,mps,150,-152623.39193273234,494,False,-5.329373934666315,1.9429317344973485,0.07033090038845936,4.273475840886434,1706.3231201171875,2445.36572265625,5.8853483330021845
339,mps,150,-90248.73833859086,295,False,0.3144819285472234,0.3641604176392624,0.06707122159500917,4.27917206287384,360.5428771972656,973.8089599609375,6.383562332994188
340,mps,4,4.713824288047654,0,True,-0.46374592930078506,0.05865072691813111,0.010767209576442838,3.1684720516204834,11.957590103149414,16.342878341674805,0.18503729200165253
341,mps,6,48.8039037094817,0,True,-0.29223917176326114,0.028074950135002535,0.010666011677434048,3.279868006706238,10.979278564453125,14.720169067382812,0.23742908399435692
342,mps,150,-128110.1682696708,418,False,-3.022228720188141,0.7437068591887752,0.0587690929385523,4.336791154543559,1055.4876708984375,1701.3800048828125,6.257836417004
343,mps,150,-132484.14412122947,437,False,-3.1083192868717013,0.7574016265592702,0.06560894014313817,4.360787353515625,838.4881591796875,1169.487060546875,6.180640666992986
344,mps,150,-141066.05801791648,460,False,-3.129164500900855,0.8995821476414979,0.0750092656351626,4.386662451426188,954.0384521484375,1369.3687744140625,5.982899624999845
345,mps,4,-4.44132017383545,0,True,0.40260649658739567,0.018663171940715984,0.009173614671453834,3.6048076152801514,5.5762248039245605,7.751073360443115,0.19922787499672268
346,mps,150,-88401.44977447065,291,False,2.306633891860644,0.641885618708208,0.04960824944699804,4.415301167170207,1027.9925537109375,2332.16064453125,6.234449166993727
347,mps,6,-10.825030448261302,0,True,0.8173488080501556,0.06904150514552991,0.008342566123853127,3.7230957746505737,16.353364944458008,16.946266174316406,0.22888629099179525
348,mps,150,-136485.2186218491,455,False,-1.186064483001828,0.5427824515871665,0.06846981226777037,4.420075078010559,381.47650146484375,860.988037109375,6.136721791990567
349,mps,19,-135.39155626401862,0,True,3.1316285384328744,0.9150206007455525,0.0077572156381058065,4.03089599860342,126.98048400878906,172.36123657226562,0.7906756659940584
350,mps,5,-25.202328359156844,0,True,1.2763963103294373,0.07854028679430484,0.007115995045751333,3.734707403182983,15.049626350402832,12.812881469726562,0.19343333299912047
351,mps,150,-104397.57611980298,338,False,2.009661686519782,0.8303521403899261,0.06869794874452055,4.42419915040334,1300.4510498046875,3343.657470703125,6.285910749997129
352,mps,150,-159567.31740404092,514,False,-3.4513773295283317,1.302343477595908,0.09845416297204793,4.423140796025594,815.2575073242188,1028.4044189453125,6.116495374997612
353,mps,150,-115229.98134685394,378,False,0.8769781275093556,0.5227143791092385,0.07821647471748293,4.417802821795146,772.9620971679688,2142.67041015625,5.822928666006192
354,mps,150,-123209.2327095909,403,False,0.3599662751207749,0.6146234892841798,0.09582265870645643,4.423690973917643,662.5159912109375,1953.661865234375,6.33448099999805
355,mps,150,-120943.44045685935,402,False,-0.5519848244580984,0.27342850019818243,0.06967340707778931,4.42228554725647,238.1388702392578,297.8900146484375,6.0071855839923956
356,mps,150,-74179.52086344422,240,False,3.195830648380021,0.9872947607454747,0.05376883206578593,4.428580827713013,743.3973388671875,1317.62841796875,5.948684582996066
357,mps,6,-39.64356146409553,0,True,1.0568040510018666,0.056580692840119205,0.007602920833354195,3.8626670042673745,15.419821739196777,16.288785934448242,0.22725125000579283
358,mps,150,-96295.25897621048,312,False,0.8585538160676758,0.2913712846974128,0.06136785599713524,4.448208033243815,167.039794921875,497.65997314453125,6.1048077500017826
359,mps,150,-129015.96409385974,426,False,-2.9181064765403666,0.7099732775986922,0.07473426614577572,4.457760038375855,1238.837890625,2812.273193359375,6.058798333004233
360,mps,150,-114494.14996565283,378,False,-1.528129325627039,0.3287728899512877,0.06672508413592974,4.465015246073405,664.6104736328125,1403.8438720703125,6.142583625012776
361,mps,150,-142264.0640285899,462,False,-3.7450016126036645,0.9671354060387238,0.05938229141756892,4.469517984390259,1087.6832275390625,1995.2696533203125,6.185236542005441
362,mps,4,-23.550313012310063,0,True,1.1428781524300575,0.08200573455542326,0.013901225524023175,4.02463972568512,12.162766456604004,12.364509582519531,0.1677632920036558
363,mps,150,-107204.04751163148,351,False,-0.1668925777884821,0.24771116720932468,0.05828871451939146,4.467546984354655,249.9853973388672,650.5029296875,5.938092583004618
364,mps,150,-139630.28709356813,453,False,-3.606182296673457,0.918163100387901,0.05601810148606698,4.467785409291586,1269.5169677734375,2465.807861328125,6.058431625002413
365,mps,150,-108271.61221737528,359,False,0.4730665261546771,0.5979568997398019,0.05507876005023718,4.465013678868612,772.9539794921875,2212.070068359375,6.688244749995647
366,mps,5,-30.535731491759037,0,True,1.1678485035896302,0.11981771513819695,0.01568997371941805,4.081861591339111,18.1683292388916,20.276567459106445,0.19891287499922328
367,mps,150,-112620.37256096676,365,False,-0.8315351777151228,0.2714304240309866,0.055762742136915525,4.450175921122233,290.4458312988281,423.1151123046875,6.925875208995421
368,mps,150,-117872.38757174257,387,False,-0.9243936236823599,0.2880328739649182,0.073535995973895,4.440424148241679,277.53631591796875,562.8361206054688,6.03173066599993
369,mps,150,-119175.36905511458,391,False,-1.3871123817687234,0.30055769681130184,0.056187651349852485,4.425969104766846,465.2644958496094,805.5068969726562,6.865935624999111
370,mps,150,-112776.28655012212,372,False,-0.2873163410210206,0.19642261974866285,0.06753330202152331,4.411240366299947,174.71510314941406,243.79811096191406,6.460244666988729
371,mps,150,-98027.17091537244,320,False,1.372135928819577,0.3657774020901707,0.06592270438248912,4.3996779823303225,743.7521362304688,2003.8388671875,6.5654893340106355
372,mps,150,-137543.11207563494,457,False,-2.082998363052805,0.4700312504105386,0.06913185977687439,4.393691763877869,653.6929931640625,958.8560180664062,6.11703908299387
373,mps,150,-104800.57592545518,339,False,0.7388477994315327,0.19582118665776155,0.05518314047406117,4.385285971959432,282.33026123046875,689.4774169921875,6.749928916004137
374,mps,12,-127.01931871942065,0,True,2.436352719863256,0.44852642963329953,0.013964214362204075,4.118868748346965,82.00737762451172,78.06822204589844,0.4913529159966856
375,mps,150,-113780.46032530043,376,False,-0.27354252529575734,0.1549213778798615,0.07295856172218919,4.376997516949971,133.99365234375,177.53587341308594,6.5527073749981355
376,mps,150,-123200.21841562448,405,False,-1.464298528271417,0.39851257011964963,0.06797991676876942,4.374766669273376,802.2927856445312,2042.47021484375,6.797380459000124
377,mps,150,-130721.33643432758,426,False,-1.6282559771339098,0.2644464989914559,0.06222164914632837,4.37518106619517,480.32391357421875,713.3211669921875,5.967301917000441
378,mps,150,-135833.05315308808,446,False,-1.7774890675613035,0.3506454643831603,0.0730445516978701,4.368492085138957,440.4938659667969,508.0338439941406,6.146806957985973
379,mps,150,-98272.00835449279,322,False,1.8183222766717275,0.31710541209826865,0.05347289146234592,4.3533898576100665,642.5773315429688,1340.1136474609375,6.045225791996927
380,mps,8,-55.89296807090052,0,True,2.936188444495201,0.6631203107535839,0.019799174275249243,4.042235344648361,69.96593475341797,74.05830383300781,0.32088324999494944
381,mps,150,-132967.3107361708,437,False,-1.0516123123839498,0.1811074532313796,0.061633414290845394,4.330135253270467,404.9137878417969,777.4246826171875,6.783305416989606
382,mps,4,-23.550313012310063,0,True,3.149850845336914,0.6997665166854858,0.017797221895307302,3.950169801712036,37.58326721191406,38.26953125,0.17161495800246485
383,mps,150,-94983.27110006055,313,False,3.508732629021009,1.1565844569106896,0.057297903131693605,4.29820033232371,1857.761474609375,4669.7978515625,6.318610250003985
384,mps,150,-118568.85691843736,385,False,0.8975495283057292,0.19579954094888913,0.05588241328174869,4.29582418123881,446.51788330078125,1069.150634765625,6.253355624998221
385,mps,150,-109080.4316458955,357,False,1.830197116335233,0.4364025283469285,0.06104452586422364,4.301075506210327,992.8609619140625,2405.20751953125,6.090413124999031
386,mps,150,-131155.4011585352,434,False,-0.7831982008460909,0.17364694834508554,0.07578853078807393,4.309833699862162,297.9114990234375,423.9420166015625,6.184135583011084
387,mps,150,-155818.1298866475,510,False,-2.7686972525715827,0.5727478491060901,0.06860452358921369,4.314180889129639,965.603515625,1709.2293701171875,6.8602724589873105
388,mps,6,-7.9635595336308285,0,True,3.725001335144043,0.779142290353775,0.010876858917375406,3.9278281132380166,59.266517639160156,76.0438003540039,0.25018699999782257
389,mps,150,-118185.12152774956,387,False,0.5479209867306054,0.18161160173408158,0.05457433120658,4.312281211217244,377.34814453125,1074.06884765625,6.836946374998661
390,mps,150,-137087.69672425961,443,False,-1.616855847084274,0.3242749867808106,0.07785229692235589,4.321477055549622,811.6605834960938,1894.8841552734375,6.78271658300946
391,mps,12,-137.69239255296495,0,True,3.329311420520147,0.8490523373087248,0.012781862867996097,3.9801372488339744,118.31559753417969,111.01620483398438,0.5671720829996048
392,mps,9,-97.75189261537156,0,True,2.7467365529802112,0.6589770019054413,0.01217452809214592,3.932079633076986,80.74192810058594,80.9041748046875,0.3553612499963492
393,mps,150,-97274.44867393549,323,False,2.12957013964653,0.43130548325832935,0.0517540665405492,4.3215104071299235,916.916748046875,2219.1025390625,6.13076899999578
394,mps,4,-7.088466690567216,0,True,3.5839042365550995,0.39318276941776276,0.010886666597798467,3.848772704601288,29.08203887939453,52.07945251464844,0.166115791987977
395,mps,150,-149675.53313377648,480,False,-3.1843983313689628,0.7564547809095651,0.06924086873109142,4.33758953889211,936.5198364257812,1502.808837890625,6.37633291700331
396,mps,7,-69.0550986110222,0,True,2.2579351493290494,0.2660707341773169,0.00902522967330047,3.8537586416516985,41.360626220703125,34.32252502441406,0.2564338329975726
397,mps,22,-244.09881833492432,0,True,5.387006938457489,2.088964917443015,0.009394283427602866,4.170931989496404,234.25729370117188,308.07427978515625,0.8125733750057407
398,mps,150,-93339.51765954055,304,False,1.0072710238272946,0.26244308318409215,0.05365992954621712,4.36092095375061,267.4793701171875,515.3525390625,5.999462708001374
399,mps,150,-108407.891357062,356,False,-0.6751017221311728,0.22773564530436335,0.05208687368469934,4.37770849386851,392.0303039550781,790.8862915039062,6.193428917002166
400,mps,150,-134350.16744644713,441,False,-3.088860203822454,0.6404361601918935,0.0649489313364029,4.39440796216329,965.122802734375,1653.311767578125,6.163852666999446
401,mps,150,-126141.7741185332,409,False,-1.9773624181716392,0.498249174679886,0.06411023575812579,4.401229386329651,503.2127380371094,649.0785522460938,6.916307541992865
402,mps,4,-23.550313012310063,0,True,0.783576563000679,0.044012613128870726,0.00896696443669498,3.8480133414268494,9.530714988708496,9.408573150634766,0.176274708006531
403,mps,150,-92997.00687871205,301,False,0.6627371848050583,0.26966095437520127,0.05185808322081963,4.394950532913208,217.96560668945312,522.3889770507812,6.1269582499953685
404,mps,150,-83058.20984222594,271,False,1.262763771477233,0.4215598137262399,0.0433575695194304,4.399777677853902,229.13973999023438,563.5292358398438,6.0486383749957895
405,mps,150,-105141.1075421095,344,False,-0.33326394990086555,0.282853172912243,0.05581963302567601,4.4111778259277346,264.2979431152344,510.2318420410156,5.994923667007242
406,mps,150,-92473.55274055102,302,False,0.35658565564701955,0.22758994946007724,0.04926098556568225,4.421138429641724,189.15692138671875,403.6407775878906,6.118569041005685
407,mps,150,-113987.11489890642,373,False,-1.4357175234425812,0.3398689782848703,0.06341734529783329,4.438096529642741,439.6866149902344,455.1622009277344,6.014306124998257
408,mps,150,-126325.33286167997,414,False,-3.396863422791163,0.7302743325040986,0.04819817161808411,4.455484951337178,1205.02978515625,2528.275390625,6.1159438750037225
409,mps,150,-130488.12225679582,422,False,-3.4376697996258736,0.7383695476719488,0.05372995063662529,4.4676991621653235,996.323486328125,1778.6719970703125,6.12908170800074
410,mps,150,-88855.11968535154,290,False,0.646503280972441,0.19898733920051503,0.04549646624053518,4.478408298492432,231.0004425048828,599.6720581054688,5.953506666002795
411,mps,150,-119187.57094063197,381,False,-1.743037599027157,0.3761682155744711,0.05441259689629078,4.492247495651245,408.5698547363281,447.8983154296875,6.143405542010441
412,mps,150,-125317.32488650612,415,False,-2.2567760391533374,0.42825587802498677,0.05562560467670361,4.502501084009807,515.4688110351562,645.650146484375,6.12085391599976
413,mps,150,-144016.0670532017,481,False,-3.4664689568181832,0.9671627531872946,0.07016463356713454,4.510515521367391,709.4198608398438,808.38134765625,6.003321416996187
414,mps,25,-367.834244785181,0,True,5.58876145362854,1.7915060126781464,0.01555881004780531,4.418328647613525,209.8280029296875,245.62344360351562,0.9491147079970688
415,mps,150,-136999.54153751268,449,False,-2.5317119061450164,0.5691163668713489,0.054710755863537394,4.526561717987061,642.9926147460938,1057.2088623046875,5.8707504580088425
416,mps,150,-88425.72958770953,289,False,2.388459023910885,0.541057815537885,0.04660766715804736,4.528449071248373,980.5135498046875,2329.914794921875,6.001650250007515
417,mps,150,-83166.06913746428,269,False,3.285774933497111,0.8377140423996995,0.04691243656600515,4.535313498179118,1308.321533203125,3062.328125,5.970889917007298
418,mps,6,-25.948677981714347,0,True,2.460130055745443,0.3664245903491974,0.012119651772081852,4.169382969538371,35.92841720581055,35.999149322509766,0.2221761249966221
419,mps,6,-47.03748270872708,0,True,2.5972666144371033,0.3728804687658946,0.010311906846861044,4.172273238499959,36.34031295776367,31.44287872314453,0.21553524999762885
420,mps,9,-85.47467253209135,0,True,2.2829168372684054,0.3645420687066184,0.008273555069333978,4.17180601755778,53.66672897338867,56.809547424316406,0.3317898750101449
421,mps,150,-99878.13988168887,328,False,2.010340349326531,0.502989104603527,0.051651487244913974,4.518079195022583,898.7230224609375,2223.79931640625,6.543095125001855
422,mps,150,-67716.91972856747,226,False,4.418746119340261,1.172605521529913,0.03879449346723656,4.506732536951701,1332.770751953125,2752.991943359375,5.95520845799183
423,mps,150,-131451.93288212118,430,False,-1.0364485756556192,0.5701482702046633,0.08683222843023639,4.4991601339975995,387.4090881347656,1165.1309814453125,6.205978915997548
424,mps,150,-121201.39905684661,399,False,-0.7247175685626766,0.3479762217756706,0.058798891830568516,4.493438882827759,231.24490356445312,657.517822265625,6.023029500007397
425,mps,150,-117218.09211889793,377,False,-0.6548633873462677,0.2988982004734377,0.06234458813133339,4.487796640396118,233.5475311279297,623.0213623046875,6.082217874994967
426,mps,150,-100724.65149136102,335,False,0.23811126733819643,0.18401597223060284,0.05534508956285814,4.487985108693441,125.85386657714844,384.66705322265625,6.166394667001441
427,mps,10,-73.85933131002402,0,True,2.1607795536518095,0.27566558569669725,0.007557511609047651,4.136040163040161,52.334983825683594,44.39289855957031,0.3930888750037411
428,mps,5,-16.96102257940403,0,True,1.8892367959022522,0.18668353855609893,0.009379325062036514,4.09351692199707,22.597553253173828,19.506484985351562,0.18890645800274797
429,mps,150,-115183.74611557879,378,False,-2.380340999563535,0.4995406975075859,0.05594885444889466,4.499607184727987,944.35205078125,2133.66064453125,5.938452875008807
430,mps,150,-86979.49871994885,282,False,-0.21071920583645504,0.33729991992906433,0.05260490318760276,4.497475722630819,550.401123046875,1558.0770263671875,6.209835874993587
431,mps,150,-117744.51427673743,385,False,-3.068089650173982,0.8347052766537915,0.05275035558268428,4.498944387435913,1331.5994873046875,3199.775390625,6.064950874992064
432,mps,150,-125903.01457580991,414,False,-3.991650096774101,1.244904206986539,0.05103257867197196,4.501909217834473,1642.3050537109375,3820.236328125,6.205497832997935
433,mps,150,-94267.70109930863,307,False,-0.49185281169911227,0.23413633128618433,0.05614806806047758,4.502821326255798,376.1090393066406,749.384033203125,6.0234683330054395
434,mps,150,-185895.87489266688,600,False,-8.51230048408111,3.7193366615311243,0.0691906859104832,4.508307234446208,2457.30322265625,4495.0380859375,6.2079737080057384
435,mps,150,-102374.20821694992,336,False,-1.0125439456788201,0.22463901967301353,0.054007103741168974,4.513034172058106,475.3705749511719,1056.266357421875,6.225650540989591
436,mps,150,-153000.84410937145,498,False,-4.835156797369321,1.3872488287034987,0.05772103952864806,4.517939734458923,1338.658203125,2158.548095703125,6.177774458003114
437,mps,150,-128351.48098681866,425,False,-2.026163486118118,0.4100163175596875,0.06084414927909772,4.5162173239390055,504.69927978515625,502.0914611816406,6.143044625001494
438,mps,150,-105433.54965574096,341,False,0.6269709213264286,0.29109073881547376,0.051278690714389084,4.513195443153381,459.1913146972656,1150.9847412109375,6.273140000004787
439,mps,150,-147252.46092429344,480,False,-2.908945347269376,0.7911526937416056,0.06001728435978294,4.510647366841634,656.6563720703125,656.13525390625,6.193071542002144
440,mps,150,-98846.56501925288,324,False,1.5916682749738296,0.35986851629427596,0.03797884635006388,4.510198701222738,583.5908813476562,1345.5072021484375,6.34263466700213
441,mps,150,-121840.10456251021,405,False,0.7672667915870746,1.0239215531155546,0.07154344690653185,4.512835694948833,1091.2960205078125,2674.86669921875,6.60592541701044
442,mps,7,-67.64039243374411,0,True,1.7275949546269007,0.26695903071335386,0.006532170477190188,4.0731328555515836,38.86281967163086,43.54618453979492,0.2738641670002835
443,mps,150,-128517.78940549624,417,False,-0.22458951511730751,0.4664790709860245,0.0489537560629348,4.508501043319702,556.5578002929688,1419.0225830078125,6.143306583995582
444,mps,150,-121978.45495595207,398,False,0.9974745201816162,1.0070793446843769,0.0520597820263356,4.5050531641642255,1096.9464111328125,2566.042724609375,6.105121833010344
445,mps,150,-93079.10520643987,302,False,2.9502553631862005,0.8770093585038558,0.053839094151432315,4.50145637512207,1270.174560546875,2684.68994140625,6.119975374997011
446,mps,150,-117606.00413500515,384,False,0.5439736364036798,0.2808258546880461,0.07413824022126694,4.507489643096924,446.4158630371094,1083.0595703125,5.977410291990964
447,mps,150,-100931.86039287834,331,False,1.717820692807436,0.3716202197675981,0.0649831083153064,4.515613826115926,696.9358520507812,1523.0660400390625,6.127168042003177
448,mps,150,-67526.67901071704,220,False,4.0574639677753055,1.0435782235092241,0.05458056641742587,4.5269240919748945,929.985107421875,1632.3135986328125,6.017343667001114
449,mps,150,-148904.2324809581,486,False,-3.597023114860058,0.826659877540078,0.07721108970387529,4.538256225585937,911.2908935546875,1660.8270263671875,6.052331625003717
450,mps,150,-118955.60022491885,385,False,-1.1473733761782448,0.20950040626400854,0.07541761603361617,4.5440822633107505,314.78802490234375,563.9735107421875,6.3083663750003325
451,mps,4,14.57024361829654,0,True,2.2730022966861725,0.3491840586066246,0.003639871021732688,4.157178163528442,24.03939437866211,24.775074005126953,0.16069900000002235
452,mps,150,-128695.09282476564,418,False,-2.680412412335475,0.5435035330988467,0.05534320744064947,4.544836088816325,904.7308349609375,1840.456298828125,6.178342708008131
453,mps,150,-93342.03902243102,306,False,0.5192960295453668,0.2088329242147544,0.043519911263138054,4.541388244628906,117.78172302246094,409.6298522949219,6.019405999992159
454,mps,150,-97502.73935174345,320,False,-0.16251529105007648,0.34090341907004285,0.0472976349790891,4.542829421361287,453.4263916015625,1107.701171875,5.999165292014368
455,mps,150,-124343.18492611832,404,False,-1.807770475243839,0.31119256318902294,0.054046746777991456,4.541286052068075,451.5255432128906,662.340576171875,6.147913833003258
456,mps,150,-91873.98227255845,301,False,1.4647488602499168,0.2813081216355204,0.06164579379061858,4.542928724288941,498.5567321777344,1163.6739501953125,6.03143312499742
457,mps,150,-106061.35205531046,347,False,-0.3875886311288923,0.14947527185477005,0.0505623268087705,4.54363751411438,204.86050415039062,386.8912658691406,5.903612791997148
458,mps,150,-115261.95572330922,377,False,-0.9358156540927788,0.18839755971169173,0.046247539849330985,4.542018330891927,384.7262878417969,634.3099365234375,5.875867666996783
459,mps,150,-60289.37404359348,196,False,3.695805989050617,1.2463256568419516,0.03279025631646315,4.543262872695923,648.8369750976562,973.7449340820312,6.213649833007366
460,mps,150,-118805.4375722184,387,False,-1.107703772764653,0.22495137966553558,0.05456711042361955,4.543260857264201,223.9784698486328,380.2743225097656,6.215828166998108
461,mps,150,-113235.82404374072,370,False,-0.48891894123575186,0.15045943740717987,0.06702453452472885,4.542841227849324,138.10165405273438,324.57452392578125,6.465546625011484
462,mps,4,-23.550313012310063,0,True,2.676459163427353,0.5149764567613602,0.007938472437672317,4.174567937850952,28.434335708618164,27.605955123901367,0.1657778749940917
463,mps,150,-160646.29849349387,528,False,-4.183138925880193,1.1742030108826915,0.04886515773211916,4.530679874420166,867.1737670898438,1303.6551513671875,5.646983624988934
464,mps,150,-140639.12349883906,457,False,-2.074352058507502,0.4512569512777312,0.055377768166363237,4.523101050059001,395.60247802734375,485.4762268066406,5.860125958992285
465,mps,7,-53.35978408676066,0,True,3.215187208993094,0.6538570352963039,0.0312688590160438,4.170985494341169,55.68965148925781,59.225154876708984,0.2533770000009099
466,mps,150,-117571.59629296605,385,False,0.8509054585577299,0.46436882594627754,0.06503710952897866,4.495330839157105,754.5887451171875,1960.2010498046875,6.100351125001907
467,mps,150,-141966.38255506748,459,False,-1.2525601583936563,0.3435863551929621,0.06598766388992469,4.484361178080241,300.30328369140625,781.5199584960938,5.962835665995954
468,mps,150,-121843.04087978216,404,False,0.7695837430035074,0.425260698572359,0.0626216018324097,4.47571800549825,696.2177734375,1818.5595703125,6.178166915997281
469,mps,4,0.03117497743560449,0,True,3.264683961868286,0.6303272247314453,0.014675203477963805,4.090545058250427,33.42949676513672,33.23362350463867,0.1616891250014305
470,mps,150,-107036.75218288452,349,False,2.55515623105069,0.9212586961890611,0.04874968520676096,4.464859911600748,1293.338134765625,2991.168212890625,5.841752041000291
471,mps,150,-94879.89697036032,310,False,3.217044788599014,0.9233205995460352,0.049815789957841236,4.4611858463287355,1342.1478271484375,2899.4287109375,6.13483058300335
472,mps,7,-54.29046297011218,0,True,3.0337172746658325,0.6437155434063503,0.0044172388900603566,4.099608830043247,58.55686569213867,51.36909484863281,0.26011708300211467
473,mps,150,-100742.4122199445,331,False,2.039334036372602,0.4471184091325631,0.06598533919391533,4.463552306493123,809.9269409179688,2004.43896484375,6.677935332991183
474,mps,5,44.713824288047654,0,True,1.993863296508789,0.4780561089515686,0.0029771253000944855,4.062881422042847,37.091407775878906,45.15593338012695,0.26340304101177026
475,mps,7,-21.167536778085676,0,True,2.941285490989685,0.43729696954999653,0.0025550614975925,4.047504765646798,49.35740280151367,61.43305587768555,0.2967018750059651
476,mps,150,-118539.51529320261,388,False,-0.9966423410053055,0.23743277793912265,0.0837550012798359,4.469026843706767,346.0647277832031,688.2755737304688,6.013333208989934
477,mps,150,-116561.45488437997,382,False,-1.5812279496714472,0.45756911987659504,0.06999499812955037,4.469930386543274,772.7157592773438,1752.7147216796875,6.29617945800419
478,mps,150,-136370.11331205722,448,False,-2.982133883535862,0.6215533422719455,0.10261715154862032,4.46731275399526,865.6510620117188,1530.666748046875,6.5879217500041705
479,mps,150,-137254.05528917973,443,False,-3.0109988619138797,0.65626082534749,0.09200479220133274,4.461800567309061,1007.9953002929688,2030.207763671875,5.946919167006854
480,mps,150,-106774.83287509262,347,False,-0.2355354012362659,0.17701377987244524,0.07739157584651063,4.452607332865397,242.48858642578125,571.7892456054688,6.077643665994401
481,mps,6,39.9489842466589,0,True,1.1999046802520752,0.17058310409386954,0.0034643202864875398,3.845713218053182,28.217378616333008,28.91098403930664,0.2542061670101248
482,mps,150,-137404.25802507426,448,False,-2.2533457274579756,0.48582433039786527,0.0651896811214586,4.420668951670328,587.2504272460938,734.7174072265625,6.850803332999931
483,mps,150,-132781.31605108286,434,False,-1.5146301575253407,0.417388060001734,0.06568837975772719,4.3925349839528405,397.19464111328125,511.6448669433594,6.031571125000482
484,mps,150,-86540.50039159069,284,False,2.8883937091132004,0.8406111587666768,0.05763745985925198,4.36835231145223,1171.13037109375,2242.96044921875,5.789097874992876
485,mps,4,-15.321513711403043,0,True,0.7925005033612251,0.05878853797912598,0.022598668932914734,3.5344502329826355,12.417649269104004,15.098612785339355,0.16942266700789332
486,mps,150,-110610.91295521428,363,False,0.7486172394330303,0.3284933131004133,0.059848552147547404,4.311531198819479,384.72540283203125,928.9487915039062,5.991452249989379
487,mps,6,-20.773209743950567,0,True,0.8169419467449188,0.0724030298491319,0.029131663963198662,3.4774476289749146,19.647274017333984,21.578229904174805,0.22569395799655467
488,mps,150,-115251.08391513507,381,False,0.43234350566907476,0.3226765383955626,0.07455922568837801,4.252505008379618,325.8336486816406,927.322509765625,6.137869458005298
489,mps,150,-108613.78626380229,358,False,0.9865819911410412,0.3976155219401274,0.052284448482096194,4.2389028390248615,503.2113037109375,1144.047607421875,6.0259749999968335
490,mps,6,-51.995824151187016,0,True,0.6091008968651295,0.029974289323339082,0.01635080234458049,3.3542528549830117,11.942819595336914,15.300093650817871,0.21996770800615195
491,mps,150,-134359.31994413282,435,False,-2.193143445340296,0.5749057012344323,0.0510359047477444,4.216807592709859,758.8211059570312,807.7568969726562,6.201360958002624
492,mps,150,-90822.01458424353,299,False,2.0349005944281817,0.7540437741507776,0.059940217128023505,4.200627460479736,1033.7821044921875,2245.669921875,6.191956790993572
493,mps,150,-128627.20112344768,416,False,-1.773322643140952,0.4468262023454008,0.05907213932834566,4.183718382517497,800.73974609375,1093.9384765625,6.336544082994806
494,mps,4,4.713824288047654,0,True,0.11638109083287418,0.005906458987738006,0.004831335972994566,3.232211470603943,1.2114143371582031,4.440505504608154,0.16092162499262486
495,mps,4,18.832463221914317,0,True,0.03987838514149189,0.0029891715130361263,0.0035040101502090693,3.218138635158539,0.7172843217849731,2.874324321746826,0.15002529199409764
496,mps,4,18.803903709481702,0,True,0.2690936583094299,0.005904245685087517,0.0024249887792393565,3.2887244820594788,1.1479954719543457,5.988896369934082,0.15838241699384525
497,mps,150,-77352.0594211794,252,False,2.123061457431565,0.5431600030000724,0.06009230476183196,4.18326365629832,641.3460083007812,966.8831787109375,6.1976017499982845
498,mps,150,-97588.27168208812,319,False,-0.07262701570987701,0.3308483347087167,0.08122563299179698,4.217310237884521,318.1794128417969,648.3358764648438,6.071700957996654
499,mps,150,-138037.17425637075,451,False,-3.5360829504330953,0.8525098090618849,0.0967371557559818,4.244707353909811,1323.386474609375,2015.3157958984375,6.1879072500014445
500,mps,150,-123344.13874550884,400,False,-2.3780247612545886,0.5871933531332373,0.08533543125881503,4.259373148282369,1052.15966796875,1922.1697998046875,6.046084040994174
501,mps,150,-123541.13196149125,402,False,-2.0967933258414266,0.4576718235993758,0.10071359502462049,4.266813883781433,846.1597900390625,1332.2215576171875,6.233375291994889
502,mps,13,-171.92791238251033,0,True,1.458702075939912,0.2780175645961068,0.002912996139807197,3.7912434798020582,56.41670227050781,63.92406463623047,0.4902462499885587
503,mps,150,-96167.65738090732,316,False,0.4163344308920205,0.3605780661017585,0.07154796708064774,4.25712341149648,261.59674072265625,579.8804321289062,6.046496458002366
504,mps,150,-161227.5007115348,525,False,-4.209775252913436,1.4175626218648782,0.09702945314658185,4.243847284317017,1470.0604248046875,1741.6146240234375,6.1738988750003045
505,mps,150,-99502.99702444457,325,False,1.231554937592397,0.5077821373917626,0.06616779984130214,4.232512342135111,795.2078857421875,1930.9013671875,6.556671792000998
506,mps,150,-140150.7770636093,456,False,-1.9348892205767334,0.6801838902492212,0.06048380153098454,4.227280433972677,606.3228759765625,712.1483154296875,5.834182874998078
507,mps,150,-131524.00057216693,429,False,-1.1987423654894034,0.3835794427243915,0.06006865127167354,4.225478097597758,413.2810974121094,535.739013671875,6.150896291990648
508,mps,150,-89540.17804528678,293,False,2.6878860513369243,0.714829271590958,0.057577760880813005,4.2274514055252075,1150.0074462890625,2193.310791015625,6.0578256669978146
509,mps,150,-91451.92475175107,299,False,2.611509923140208,0.7813467678179343,0.05501710970575611,4.235343238512675,1235.32568359375,2492.211669921875,6.004271833007806
510,mps,150,-109304.45657373087,358,False,0.5984289282808701,0.20767789467250017,0.05225406459843119,4.2453052647908525,252.40274047851562,527.78271484375,6.119619125005556
511,mps,150,-105816.84418435358,347,False,0.9861705707013607,0.27048696837989455,0.06582365827014049,4.266632634798686,480.2667236328125,1104.649658203125,6.034975665999809
512,mps,150,-76480.17192930814,251,False,3.264617195924123,0.7930719007365405,0.04164553976307313,4.28933092435201,1099.5389404296875,1969.2933349609375,5.834027833014261
513,mps,150,-85175.44893465009,275,False,1.3007619945704938,0.7270857560057387,0.051376242724557715,4.31577313264211,408.5572204589844,1147.6204833984375,6.369952250010101
514,mps,150,-111394.3847865599,367,False,-0.6455393300834111,0.17661698447981414,0.06835449436058601,4.338795145352681,277.1881103515625,498.6690673828125,5.862151541994535
515,mps,150,-123739.72062866382,409,False,-1.6912286344915628,0.3089339588910904,0.05794708975901206,4.357540459632873,548.9865112304688,848.399169921875,6.164449082993087
516,mps,150,-148264.30635127774,482,False,-4.569833307266236,1.2807383174325029,0.07780455057819684,4.371544655164083,1523.95556640625,2840.196533203125,6.007423084010952
517,mps,150,-105263.61260664352,347,False,0.027045828501383463,0.1634344786409929,0.059057787532607715,4.380774655342102,191.58657836914062,479.4720764160156,6.25644349999493
518,mps,150,-142532.7649256188,471,False,-2.2618450882906713,0.7681393689231846,0.07567343483368556,4.391723117828369,530.9290161132812,567.4324951171875,6.393909125006758
519,mps,150,-137586.43866666392,451,False,-2.7190127978722254,0.5028467314705873,0.06710029135147731,4.40592589378357,685.8651733398438,940.3252563476562,5.776206000009552
520,mps,150,-78655.05998750307,255,False,2.633895895946771,0.5377715275468654,0.0450405207897226,4.41536434173584,604.18798828125,875.6453247070312,6.6421612500125775
521,mps,150,-155041.4809789176,506,False,-4.058412192165852,0.9059988027559788,0.06511338489751022,4.424995314280192,1090.1553955078125,1857.6708984375,6.431975499988766
522,mps,4,-23.550313012310063,0,True,2.914023995399475,0.6018149703741074,0.009278393816202879,4.152238845825195,32.15869140625,28.968839645385742,0.16195312500349246
523,mps,150,-154476.80340757326,502,False,-3.5157092521588007,0.812122726906479,0.055098182292034226,4.423362328211467,924.8950805664062,1289.287353515625,6.1748764170042705
524,mps,150,-108654.89307986264,355,False,0.676142348597447,0.1432949006385752,0.06148276482398311,4.421096029281617,282.5614318847656,641.2957763671875,6.0359942089999095
525,mps,12,-149.69341338766804,0,True,3.7260212302207947,0.9259276737769445,0.0048900336648027105,4.210376540819804,111.69365692138672,114.75467681884766,0.44067037499917205
526,mps,150,-88766.43593186002,290,False,2.9173538851737977,0.6501329217851162,0.05121453210090598,4.406524187723796,1037.3143310546875,2014.924560546875,6.066569000002346
527,mps,150,-146395.33869473689,476,False,-1.9445498175298175,0.5352059764525378,0.0760243379495417,4.397461592356364,395.1916198730469,726.0405883789062,5.897373708998202
528,mps,15,-207.89257054526382,0,True,5.203846391042074,1.5935513814290365,0.0041115641128271815,4.246275552113851,155.23019409179688,142.42807006835938,0.5605323330091778
529,mps,150,-109609.95100520061,354,False,0.871623103581369,0.1661511937151469,0.05622210680351903,4.382859195073445,230.49476623535156,449.9815673828125,5.849568208010169
530,mps,4,-22.0264551628744,0,True,3.335870921611786,0.6412606984376907,0.004703921265900135,4.111139297485352,34.059696197509766,27.392927169799805,0.16586308300611563
531,mps,150,-114731.73992591369,368,False,0.10634152327974637,0.11377261550323359,0.04954398686687152,4.383512541453044,93.78927612304688,261.8089599609375,5.937443582995911
532,mps,150,-114200.88247207501,371,False,-0.11854194086355467,0.18385638604278692,0.05196804903447628,4.380619850158691,76.9615249633789,263.2146911621094,6.062145417003194
533,mps,150,-101045.07217460497,331,False,1.5695295458535354,0.42772770192532333,0.05485284631450971,4.379729235967,722.9989013671875,1867.0223388671875,5.99471183399146
534,mps,150,-128347.05544647345,419,False,-1.5031117412634194,0.2930219918443921,0.054901277062793574,4.383870239257813,340.57470703125,408.0818176269531,6.096587834006641
535,mps,150,-101977.96075766147,333,False,0.8865609141159803,0.3599551593273827,0.05867086660116911,4.3835571734110514,606.8840942382812,1621.090087890625,6.000784791991464
536,mps,150,-135591.9283977738,442,False,-2.967416455447674,0.5647548243990362,0.054569958299398424,4.384943033854166,877.070068359375,1671.5223388671875,6.021651874994859
537,mps,150,-88536.6076031538,287,False,0.5678759725391864,0.3737395067530451,0.048292415800193944,4.384074986775716,354.2545471191406,1258.768798828125,5.997777416996541
538,mps,150,-104181.86118209512,338,False,-0.5834768985832731,0.16368542451799536,0.04768511727452278,4.383021720250448,402.68292236328125,1055.3599853515625,5.985295082995435
539,mps,150,-118781.38533800852,392,False,-1.968926949572439,0.42373682905452675,0.04351473883415262,4.380427023569743,874.8325805664062,2122.491943359375,6.087556457991013
540,mps,6,-54.258238184624396,0,True,3.2007820208867392,0.627792090177536,0.009806476843853792,4.142256339391072,49.466487884521484,44.06884765625,0.22971783400862478
541,mps,150,-137543.38042485982,444,False,-3.362856767326593,0.7082573674471738,0.0516253466407458,4.3684971809387205,1112.170166015625,2236.65869140625,6.746009875001619
542,mps,150,-111047.41839848577,362,False,-0.6857244963695606,0.16523383299407707,0.05123154299333692,4.3585788472493485,313.3143615722656,678.4754028320312,6.080911917000776
543,mps,150,-118939.80383665813,389,False,-1.252500341075162,0.216136938529271,0.044222100319651264,4.349654302597046,499.09527587890625,1037.1259765625,6.085129582992522
544,mps,150,-104312.01374995444,348,False,0.8556826636722932,0.21241795881846315,0.0612237099201108,4.336366065343221,411.6153259277344,1140.4647216796875,5.847710500005633
545,mps,150,-135215.7744385321,439,False,-1.8817170268048842,0.33000503869746656,0.07062981235018621,4.326945444742838,565.0236206054688,808.817626953125,6.095541582995793
546,mps,150,-99176.89901160273,329,False,1.8142277776946625,0.45200010078115155,0.07025547964653621,4.3190402348836265,834.4434814453125,2033.784912109375,6.124322874995414
547,mps,150,-127736.2223614746,424,False,-0.6772356136888266,0.19262232189382,0.04776869029738009,4.320072662035624,218.9129180908203,514.28271484375,6.047080874996027
548,mps,150,-114177.27106601521,375,False,1.0504080941993743,0.41146794161847233,0.05752666434583564,4.3178597227732345,700.0338745117188,1886.821044921875,6.071054542000638
549,mps,150,-104377.5784328858,341,False,1.438582291851441,0.30269814341164114,0.04893795094142357,4.32287624835968,619.3917846679688,1551.8917236328125,5.877642250008648
550,mps,150,-152189.23702187245,494,False,-2.376939989104867,0.6218377539005208,0.05763144804785649,4.334273703893026,565.541748046875,514.8551025390625,6.041245249987696
551,mps,150,-97208.19661344176,320,False,2.5516619951526325,0.6382869020686485,0.056237734618286295,4.334238481521607,1027.9049072265625,2405.979248046875,6.2185923749930225
552,mps,150,-92764.1672732602,304,False,2.392115867137909,0.3969463069240252,0.04979980532079935,4.340654923121135,745.5613403320312,1508.44921875,6.144689082997502
553,mps,150,-111601.83878521659,361,False,0.31033374041318895,0.1291656103169468,0.05788784023374319,4.3508351675669354,111.35681915283203,654.8576049804688,6.161486167009571
554,mps,150,-89530.40191763308,292,False,2.147615264256795,0.3567755929008126,0.055859974858661496,4.362274713516236,637.78515625,1196.239990234375,5.825878791991272
555,mps,150,-121233.28697030235,396,False,-1.263296855793645,0.29631001882690877,0.04937244214117527,4.374273309707641,618.25830078125,1691.22705078125,5.794351584001561
556,mps,150,-117723.55016776876,391,False,-0.5902319812324519,0.14054343135781133,0.06161349978918831,4.382703905105591,274.0621643066406,698.57373046875,5.897796000004746
557,mps,150,-130784.5763280089,424,False,-1.636251979821051,0.2251837526997512,0.0581097518838942,4.389374303817749,408.8587341308594,578.6068115234375,6.084380667001824
558,mps,150,-110360.63848709264,369,False,-0.27434622009595233,0.16789509916001408,0.05812007230706513,4.386530984242757,317.2090759277344,967.8502197265625,6.105238832999021
559,mps,150,-161979.81631883676,526,False,-4.576781121691068,1.1696480063135581,0.04888119658144812,4.3913907591501875,1247.962158203125,2183.9638671875,6.086747334004031
560,mps,6,-31.693105322690208,0,True,4.4038039445877075,1.088638613621394,0.005056612969686587,4.170732339223226,63.20070266723633,59.620582580566406,0.22650320899265353
561,mps,150,-150069.86946811376,482,False,-2.9636909518033887,0.5699904812822774,0.05616661610081792,4.391483761469523,739.3064575195312,1238.4356689453125,6.499830583008588
562,mps,4,-23.550313012310063,0,True,3.7384143471717834,1.0199374705553055,0.004170391708612442,4.14001202583313,42.06988525390625,37.41828155517578,0.1627774579974357
563,mps,150,-107548.75244240544,348,False,1.6974677664538225,0.3809287167235743,0.04529256443337848,4.379617106119792,747.1006469726562,1818.1094970703125,6.02737504200195
564,mps,150,-114579.26712082811,374,False,0.976830635741353,0.2703138125334711,0.048363132746890185,4.380129556655884,571.2759399414062,1448.89013671875,6.203621499997098
565,mps,150,-76486.35922453456,255,False,3.8384246314068635,0.9814757139330322,0.04021418568367759,4.381261638005575,1087.200439453125,1910.407470703125,6.189704749995144
566,mps,150,-109020.9129018139,353,False,0.9373405369060734,0.14721491501941433,0.041826740329464276,4.390539124806722,306.0844421386719,670.1529541015625,5.893959458000609
567,mps,150,-93536.50845963275,307,False,2.265527891715368,0.44228297643363473,0.048898359530915814,4.4022275161743165,804.0985107421875,1744.4874267578125,6.320149709004909
568,mps,150,-121046.76892230824,400,False,-0.5180381994570294,0.12101284165388886,0.04925077272579074,4.416877253850301,125.04359436035156,212.8751678466797,5.902717375007342
569,mps,150,-94898.88423712415,308,False,1.391149811608096,0.21657896444424599,0.05309650784979264,4.421459248860677,314.5788879394531,531.3340454101562,6.157231500008493
570,mps,150,-112401.9374352208,368,False,-0.7099137765758982,0.19467333468118037,0.042757609666635596,4.4319480037689205,420.1972961425781,1153.673583984375,5.82679091700993
571,mps,4,18.385257913529145,0,True,4.61251038312912,0.8446196168661118,0.012338347500190139,4.204872965812683,36.982994079589844,68.1181869506836,0.1659194160019979
572,mps,20,-264.99370744191975,0,True,5.8578085660934445,2.248815378546715,0.011718297190964223,4.413258218765259,204.8367919921875,251.4615936279297,0.7633748750085942
573,mps,6,-14.377317699540328,0,True,4.323876659075419,0.7980190316836039,0.009454753715544939,4.236264228820801,52.559814453125,66.98994445800781,0.23332966699672397
574,mps,150,-122027.7569762573,399,False,-2.1642092755871514,0.29965385840628833,0.05206349808722734,4.477880633672078,562.992431640625,1000.3028564453125,6.231759916001465
575,mps,150,-105590.69956551342,350,False,-1.0911255741243562,0.1688609931120345,0.04409779270490011,4.486693862279256,413.558837890625,833.7471313476562,6.412039583010483
576,mps,150,-129138.59255878205,419,False,-3.265099180539449,0.582536786744992,0.047860698578879236,4.494185717900594,841.8401489257812,1653.1280517578125,5.852805834001629
577,mps,4,14.672034811833996,0,True,2.8231909573078156,0.6184306740760803,0.007243465981446207,4.207176923751831,31.228883743286133,30.871049880981445,0.1621320420090342
578,mps,150,-105516.28600706215,344,False,-0.8943235126634439,0.11403564293657534,0.051413957715655365,4.497479003270467,229.69924926757812,396.4190368652344,6.18771487500635
579,mps,150,-131847.13245516986,430,False,-3.1609170738856,0.5532960645109415,0.03946831014628212,4.497391417821248,725.6599731445312,1269.972900390625,5.981842833003611
580,mps,150,-116196.1324650435,380,False,-1.5463102499581873,0.18658430144259303,0.041675668793419995,4.498197991053264,327.884033203125,497.4012145996094,5.857491167000262
581,mps,150,-95285.46463202026,310,False,1.0354315621654193,0.2459623730465925,0.04153968778749307,4.493232456843058,454.771728515625,1288.6849365234375,6.767901417013491
582,mps,4,-23.550313012310063,0,True,2.5930625796318054,0.5058895498514175,0.012656570179387927,4.121684551239014,29.27507972717285,29.38370132446289,0.16537437499209773
583,mps,150,-112989.6876060176,371,False,-0.36649349773302675,0.13141474862776098,0.044477764423936604,4.48401876449585,161.89047241210938,473.7100830078125,6.16271091598901
584,mps,150,-100424.01343898059,330,False,0.6610981629602611,0.13193026110917952,0.035181617004175984,4.480567792256673,124.7059555053711,259.84429931640625,6.071007042002748
585,mps,6,-49.01499909687521,0,True,2.542478064695994,0.4971582889556885,0.007889983166630069,4.093599955240886,43.70294952392578,45.680721282958984,0.22115283299353905
586,mps,150,-112941.1699768353,368,False,-0.6007882934715599,0.15914197443384487,0.03841896431520581,4.465577433904012,266.2165222167969,554.8916015625,6.14342220799881
587,mps,6,-29.640893729419524,0,True,2.3802878061930337,0.4195586492617925,0.004960494193558891,4.045258363087972,41.42783737182617,37.811676025390625,0.21997787500731647
588,mps,150,-94168.48273488611,309,False,1.8134809358914694,0.5689919829087254,0.05591211776404331,4.4448909107844035,839.37353515625,2243.25634765625,6.087155708009959
589,mps,10,-96.8334958038592,0,True,2.622934329509735,0.4210863530635834,0.0038357735611498356,4.038934350013733,68.30066680908203,46.624732971191406,0.3475047920073848
590,mps,150,-103288.24605616617,336,False,0.5919977166752021,0.1943449545550781,0.04648291391165306,4.424641275405884,324.08319091796875,984.7816772460938,6.064836208999623
591,mps,150,-116358.88745850616,379,False,-0.8073863092865455,0.18499384043116615,0.050641287015751005,4.413894677162171,234.264404296875,371.2850036621094,5.919690249997075
592,mps,150,-117860.90334588074,382,False,-1.2485828109659876,0.22342077856492892,0.04192169521624843,4.406751988728841,379.613525390625,537.4597778320312,6.046608832999482
593,mps,150,-92140.29283159731,300,False,1.9320798667271932,0.7837396367231607,0.03569804788877567,4.40340708732605,959.5515747070312,2811.099609375,6.244849791008164
594,mps,150,-129188.88360740991,417,False,-1.7689354725182056,0.5776781703198018,0.04707210605343183,4.400339231491089,386.78179931640625,934.496826171875,6.242324999999255
595,mps,150,-128642.15928254221,419,False,-2.0265590974378087,0.500564145515347,0.06415320786337057,4.393731926282247,435.6866455078125,759.8497924804688,6.213943041002494
596,mps,150,-146552.85807223897,477,False,-4.095682672945162,0.9908947784032838,0.049944096294542155,4.3872100432713825,1080.6993408203125,2072.310546875,6.49222929100506
597,mps,150,-111914.94337292567,367,False,-0.22277991094936928,0.3445607048501794,0.04433341406906644,4.381989437739055,302.7291259765625,1006.11083984375,5.866510084000765
598,mps,150,-88206.88423514193,287,False,1.163500849340732,0.2549153994885103,0.033647958803921935,4.3720107857386274,245.8130340576172,428.2648010253906,5.833962332995725
599,mps,150,-86068.61721908138,282,False,1.6355316190918288,0.32092116692258665,0.039228828257570666,4.374273223876953,482.9903259277344,1201.8048095703125,5.84891850000713
600,mps,150,-85228.96075148498,279,False,1.250846016680201,0.2681743205194531,0.03571736860399445,4.370288592974345,285.06121826171875,620.7269897460938,5.940687750000507
601,mps,150,-107175.53680267488,348,False,-1.3723739653701583,0.30727342734569296,0.04976286738490065,4.37208438873291,636.8623657226562,1591.14404296875,6.434983541010297
602,mps,4,-11.361429758337682,0,True,1.3168037980794907,0.1765867881476879,0.006920070620253682,3.831651508808136,20.07801628112793,19.829790115356445,0.16879125000559725
603,mps,150,-157804.48461551178,518,False,-5.881119821667671,2.15063697953398,0.04649514997377992,4.3668647368748985,1720.7625732421875,3579.18310546875,5.972326417002478
604,mps,150,-117796.6789028755,385,False,-2.4224123818178973,0.5535789718809732,0.04688857113321622,4.362479985555013,924.0765380859375,2026.1790771484375,5.996879750004155
605,mps,150,-81614.42233649234,264,False,0.10935893436272939,0.818436916655628,0.040484263335044186,4.359705007870992,765.0756225585938,2489.333984375,5.93135554199398
606,mps,5,-41.698724425540306,0,True,1.5808675408363342,0.1856320634484291,0.0044976816512644294,3.807140922546387,25.760353088378906,21.915403366088867,0.19366283300041687
607,mps,150,-96657.18056776203,317,False,-0.7796220139910778,0.42295318094130685,0.03844366025800506,4.353135935465494,684.021728515625,1830.885009765625,6.0529620419983985
608,mps,150,-136156.24904449383,446,False,-3.6722867304086684,0.9339748008254295,0.05607696229591966,4.345098557472229,1204.098388671875,2299.46435546875,6.126262084013433
609,mps,150,-95752.04294437886,317,False,0.11564599371359995,0.15042962688894362,0.04983636056849112,4.344087800979614,173.40037536621094,583.9459228515625,6.053452791995369
610,mps,150,-111177.9342782714,365,False,-1.4821991912772259,0.23063034567322271,0.05092736801908662,4.33888413588206,507.3471374511719,908.68310546875,6.041100957998424
611,mps,150,-94757.40258559455,312,False,0.5291729559749365,0.19657677334373147,0.03980802130885422,4.334155915578206,226.46859741210938,653.987060546875,6.15765462499985
612,mps,150,-113651.40130126933,373,False,-1.1736666208381454,0.22667938546093258,0.03574805069714784,4.338976751963298,373.21112060546875,494.3976745605469,6.097647290996974
613,mps,150,-132481.0921264047,435,False,-2.5828937482632077,0.49656542473743115,0.0381567270308733,4.340845888455709,650.4031982421875,775.52490234375,6.0358832080091815
614,mps,17,-212.6389484172286,0,True,3.404238735928255,0.9719178010435665,0.020545393885935053,3.983277811723597,139.62948608398438,141.9708251953125,0.6708412500011036
615,mps,150,-104913.40788017082,350,False,0.6424541865289212,0.4073993607731245,0.037880505522092184,4.326464033126831,524.4135131835938,1484.377685546875,6.491500459000235
616,mps,150,-110324.66566666956,368,False,0.027998779636497297,0.2599989252099166,0.03466993783290188,4.3247042020161945,329.5072326660156,1073.4044189453125,5.8357242080091964
617,mps,150,-135955.30453065765,454,False,-2.6332911218951147,0.5121543295142813,0.03472122701195379,4.3161672608057655,704.4213256835938,788.215087890625,6.027915833008592
618,mps,150,-98507.35210171122,320,False,1.3269692418972652,0.39661680384868914,0.04496454322089752,4.312136430740356,641.1400146484375,1807.4345703125,6.149305458995514
619,mps,150,-87313.69591219958,283,False,2.1129043484230836,0.4921404991793679,0.03178134186193347,4.305414935747782,772.8271484375,1692.66552734375,5.8527126670087455
620,mps,150,-87794.78514863145,289,False,2.1228830676277477,0.5273196800440201,0.03558135821484029,4.3053405555089315,824.7498779296875,1971.4366455078125,5.8636547079950105
621,mps,150,-125704.09228137968,408,False,-1.248333761598915,0.32764004978368877,0.047381600644439456,4.307814661661784,366.894287109375,603.8261108398438,6.188587333002943
622,mps,4,-11.361429758337682,0,True,1.5644735991954803,0.2749469354748726,0.007244504056870937,3.694045662879944,26.838682174682617,22.595293045043945,0.16187079199880827
623,mps,150,-147806.01669101324,476,False,-2.9713629880547523,0.9224587331638516,0.0363465275708586,4.298179454803467,756.043212890625,627.1148071289062,6.240372500004014
624,mps,150,-99357.31496032543,324,False,0.651440160870552,0.16380615815908336,0.03779764483682811,4.289345140457153,229.59678649902344,527.0548706054688,6.109935000000405
625,mps,22,-324.7804042562896,0,True,5.166913720694455,1.793857459317554,0.008790574459867044,4.041283965110779,234.71371459960938,194.66378784179688,0.8449398749944521
626,mps,7,-76.9429331784229,0,True,1.9532170295715332,0.3433262067181723,0.009941918908485345,3.693721226283482,51.31978225708008,52.30134582519531,0.24717083299765363
627,mps,150,-161817.1614962713,527,False,-5.2588042374451955,1.9770218279802552,0.0401869132121404,4.2642979192733765,1824.48095703125,3453.587890625,6.237275000006775
628,mps,150,-97776.43328579603,321,False,0.3120036196584503,0.14526434025307633,0.04085229810948173,4.247842423121134,142.86683654785156,430.510986328125,6.121085374994436
629,mps,5,-9.931940813534254,0,True,2.0293058276176454,0.25682569444179537,0.007785298675298691,3.6366021633148193,32.960269927978516,25.590837478637695,0.19680691599205602
630,mps,150,-105862.3104753911,353,False,-0.8837348521252473,0.24538191256132752,0.03328795197109381,4.2574934482574465,467.505126953125,1100.8897705078125,5.818036416007089
631,mps,150,-117309.41980771242,386,False,-1.7981123025466998,0.404597228675096,0.04121003766854604,4.2650861120223995,759.3197021484375,1503.628662109375,6.388624999992317
632,mps,150,-117513.62006069804,386,False,-2.0391930671868614,0.4358071197002103,0.031007493380457163,4.266108646392822,812.9226684570312,1648.205810546875,6.054627582998364
633,mps,150,-92509.71186451166,305,False,0.9437120336418351,0.2199677595990579,0.03107824835926294,4.269390327135722,266.0952453613281,630.5071411132812,6.224381709005684
634,mps,4,2.235168999747465,0,True,1.301530584692955,0.1845101546496153,0.008127325214445591,3.603012442588806,22.843103408813477,23.32925033569336,0.15236104199721012
635,mps,150,-93371.11989437722,309,False,0.8613072640510897,0.18753269854534058,0.029476578747853636,4.273973177274068,252.8401336669922,673.8326416015625,5.888345583007322
636,mps,150,-108313.41370133242,355,False,-0.055054241909335055,0.4023014821557812,0.0358678475394845,4.282129586537679,336.3007507324219,960.082275390625,6.110921125000459
637,mps,150,-118361.17539043509,386,False,-1.5915011545542317,0.3306651021660476,0.038154861498624085,4.291480129559835,446.3247985839844,436.470947265625,6.088005458994303
638,mps,150,-108213.99995389253,349,False,-0.9550697049126029,0.16838984398206322,0.03172531059632699,4.302442606290182,371.22015380859375,629.4890747070312,5.812409792008111
639,mps,9,-146.79563233514358,0,True,1.7075954344537523,0.23779242816898558,0.010959159582853317,3.648443831337823,55.26289367675781,53.384559631347656,0.358443332996103
640,mps,4,9.474342949460151,0,True,1.5885053873062134,0.16904616355895996,0.007588356384076178,3.591413974761963,21.884353637695312,17.804603576660156,0.1442117499973392
641,mps,150,-124980.1471413591,411,False,-2.4054093423485754,0.42391765780358887,0.03535926729130248,4.301826388041178,741.6024780273438,1194.3878173828125,6.400012375001097
642,mps,150,-97739.53215424652,317,False,0.24902311166127522,0.14478601033139663,0.0452849776778991,4.3009403721491495,137.7290496826172,455.0069580078125,6.227905167004792
643,mps,150,-107949.02769281562,351,False,-0.36380662280362835,0.2249219774078972,0.043887056599681576,4.304614338874817,261.4879455566406,773.5780639648438,6.04421520800679
644,mps,150,-150927.81339146476,493,False,-4.317525898776949,1.1849241885795103,0.035524683557450774,4.307372439702352,1182.9598388671875,1813.39990234375,6.05657479200454
645,mps,150,-88381.98034264984,288,False,0.9998549350351095,0.21186526845174738,0.036640184558928014,4.307368976275126,214.5350799560547,680.326171875,6.167446041989024
646,mps,150,-89200.26080359158,291,False,1.075987697187811,0.289408146964973,0.037070254484812416,4.309857778549194,276.0828552246094,649.8561401367188,6.1392848340037744
647,mps,6,-45.790862126479055,0,True,1.8656994303067524,0.19709718972444534,0.008264300879091024,3.5909210840861,34.658931732177734,26.63178253173828,0.21918387500045355
648,mps,150,-115961.59816063783,378,False,-0.9818242844768489,0.22681461606228367,0.04102166287600994,4.3225963560740155,333.0711364746094,400.71246337890625,6.185024209000403
649,mps,150,-121363.5306805935,395,False,-1.435182175859809,0.3308103739299501,0.04080124968662858,4.323496467272441,366.7508239746094,470.38848876953125,6.2487831660109805
650,mps,150,-103157.75891287797,337,False,-0.016077328684429328,0.1607515442167399,0.0342935534613207,4.322179848353068,221.42442321777344,637.3487548828125,6.037240584002575
651,mps,150,-105025.33036144529,347,False,-0.8951818310221036,0.30341455175993665,0.02800694426211218,4.3313829787572224,514.1807250976562,1463.8682861328125,6.208274042000994
652,mps,150,-89147.46720017985,286,False,0.8550153755893309,0.16764335410067968,0.03146463718886177,4.33526716709137,179.41571044921875,305.1644287109375,6.096695790998638
653,mps,150,-119316.63282217084,392,False,-1.6364086217681566,0.25053806815626256,0.03422049784411987,4.337691691716512,473.874267578125,776.2942504882812,5.9202535830117995
654,mps,5,-5.365493089241518,0,True,1.8072962045669556,0.3138735622167587,0.011085784249007701,3.6453513145446776,35.66952896118164,31.528703689575195,0.19287820901081432
655,mps,150,-127037.82342292556,410,False,-2.6451333641136685,0.6322910999810302,0.029625433397789797,4.3394421148300175,923.6748046875,2176.86572265625,5.880021832999773
656,mps,150,-131173.66863124864,427,False,-2.71155208120433,0.6548319210000105,0.036210476439446214,4.3446856753031415,790.1359252929688,1578.6256103515625,5.787510209003813
657,mps,5,-9.243104844311429,0,True,2.1787420749664306,0.34241912961006166,0.0037680733948946,3.629800319671631,37.23282241821289,26.535837173461914,0.18960625000181608
658,mps,150,-131434.95207136468,433,False,-2.4317654974758627,0.4610751384389975,0.03445194810008009,4.341951654752095,710.701904296875,1295.4471435546875,6.097274250001647
659,mps,150,-95871.82627702731,316,False,1.3909786628435055,0.3104913708071884,0.03586947481458386,4.341539599100749,543.0838012695312,1484.9716796875,6.038437916999101
660,mps,150,-107100.62157031745,353,False,0.18846185510822883,0.17001508928517828,0.03442828795096527,4.335111756324768,241.30860900878906,796.6314086914062,6.026283916988177
661,mps,11,-85.34398656368302,0,True,2.64392133734443,0.5327997478571805,0.0037820655640892005,3.7343939651142466,93.87097930908203,64.84406280517578,0.4870971250056755
662,mps,150,-100708.40635925185,328,False,1.0309443467032786,0.4476131778688051,0.03340015203071137,4.332608559926351,597.5105590820312,1803.433349609375,6.177739999999176
663,mps,150,-130798.90468014746,425,False,-1.808932934689025,0.33384727341171433,0.03479341394888858,4.330027117729187,415.26470947265625,384.21429443359375,6.013976749993162
664,mps,150,-106387.58153858197,348,False,0.35885665789557,0.23366670458779631,0.028559014871716498,4.324048082033793,351.6664123535156,1087.7701416015625,5.816238500003237
665,mps,150,-99744.07966297433,327,False,0.7774352026482423,0.23164462822057733,0.03739672467112541,4.31973875840505,400.428466796875,1221.773193359375,6.1984370419959305
666,mps,150,-121887.82400004883,397,False,-1.0468634664950272,0.2325691987342437,0.03435079220682383,4.315488425890605,317.8481140136719,613.5515747070312,6.082001124988892
667,mps,150,-124755.6142352321,405,False,-1.4981670109927654,0.28537594278001205,0.029389351811259984,4.308979654312134,378.3702697753906,305.4794921875,6.145333791995654
668,mps,4,8.170559509835769,0,True,2.14372456073761,0.3158418722450733,0.003758205915801227,3.5412870049476624,29.243377685546875,22.673879623413086,0.17253733301186003
669,mps,150,-91687.55466179794,296,False,1.1020201500008504,0.22266463364223454,0.0378405322584634,4.30744060198466,169.3705596923828,508.4829406738281,6.177966457995353
670,mps,150,-91854.96704256194,299,False,1.1673210694392522,0.1883651900322487,0.03813460996762539,4.306925937334697,276.39434814453125,670.2211303710938,5.856509750010446
671,mps,7,-52.81162756832098,0,True,2.260822125843593,0.40997113074575153,0.002200452644111855,3.603248085294451,55.722801208496094,38.22557830810547,0.2616371670010267
672,mps,6,-30.251129341478887,0,True,1.813746800025304,0.3338637053966522,0.0021373113074029484,3.550055821736654,44.32509231567383,30.26667594909668,0.2746803330082912
673,mps,6,-22.0600427597726,0,True,1.7405494153499603,0.2895543500781059,0.0022173381876200438,3.5131258964538574,41.766239166259766,29.788164138793945,0.2508246670040535
674,mps,150,-152846.93684753493,499,False,-4.401282156954209,1.288834954512422,0.04112006672347585,4.292661317189535,1203.17626953125,2190.90380859375,6.010260625000228
675,mps,150,-135448.42896570597,443,False,-3.8307324319457012,1.1227864402980776,0.029122714973054825,4.282494468688965,1342.7928466796875,3157.09228515625,6.101370250005857
676,mps,150,-101558.87502536058,333,False,-0.32560525510886995,0.14002966392585373,0.0338960385027652,4.273412992159526,218.85205078125,426.4447021484375,6.0912744579982245
677,mps,150,-65848.87824853203,210,False,2.7625473882320026,0.9341216415807079,0.02146032638537387,4.269392995834351,517.6294555664062,713.289306640625,6.123229042001185
678,mps,7,-6.380565530344697,0,True,1.5238518416881561,0.15617413552744047,0.012408360705843993,3.343862090791975,36.87040328979492,36.841529846191406,0.2526205410104012
679,mps,150,-141255.07283688214,463,False,-3.65699669594566,0.9217668866571815,0.032770003266632555,4.262971399625142,1119.33984375,2071.852783203125,6.064818083003047
680,mps,150,-148748.5507129053,483,False,-4.224904601449768,1.1913153026331564,0.03383598703270157,4.2555670054753625,1269.306884765625,2109.926025390625,5.873264542009565
681,mps,4,20.20988675275987,0,True,0.692801833152771,0.048278695438057184,0.009763645473867655,3.1864870190620422,12.684326171875,14.196959495544434,0.18624387501040474
682,mps,150,-115782.22608739519,383,False,-0.42762248592451213,0.4997514671708662,0.034130872863655286,4.241006697018941,445.1728820800781,1316.7581787109375,6.493156999989878
683,mps,4,5.053551728569154,0,True,0.4544213693588972,0.024941694107837975,0.0033090939396061003,3.1235081553459167,9.104964256286621,9.698744773864746,0.16456274999654852
684,mps,150,-116194.063803988,382,False,-0.634588450404505,0.32948189014956064,0.040169887030497196,4.215762573877971,342.93853759765625,847.4579467773438,6.211333790997742
685,mps,8,4.9609875767025216,0,True,0.42484820575919,0.04036648414512456,0.002333575364900753,3.1717386543750763,19.942476272583008,19.81017303466797,0.29857416699815076
686,mps,5,0.960691230589056,0,True,0.255834749341011,0.013840152067132294,0.0015932413283735515,3.090426301956177,6.362514019012451,5.3060479164123535,0.20138529098767322
687,mps,150,-134016.59118726474,438,False,-2.5413314310709634,0.636074945894458,0.061526431418800105,4.173475507100423,964.8795776367188,1405.21923828125,5.946854416994029
688,mps,150,-131744.0188305774,432,False,-1.9108152164891363,0.7028915914965183,0.07628619870481392,4.160488322575887,600.56884765625,955.8240356445312,6.045996250002645
689,mps,150,-99248.43463696324,326,False,0.6581312625544766,0.29996408526323043,0.04718332634617885,4.144152515729268,353.6112060546875,1007.375244140625,6.08986916700087
690,mps,6,-27.01994660721072,0,True,-0.2691039005294442,0.01669439866236644,0.0016951280025144417,2.8900229930877686,8.731744766235352,6.831274032592773,0.2283850829990115
691,mps,150,-102797.4396692271,336,False,0.5116277812918028,0.41467673672792,0.048558314446515094,4.149667344093323,460.47320556640625,1133.8697509765625,6.225420207993011
692,mps,5,-20.91956185666219,0,True,-0.3079242013394833,0.013167757261544465,0.0031356184277683496,2.854900598526001,7.384419918060303,5.305093765258789,0.19459804199868813
693,mps,150,-128058.86751190784,420,False,-1.6203634517764052,0.5079348041395497,0.03262172143595914,4.16422671953837,579.1569213867188,449.714599609375,6.1223220829997445
694,mps,4,6.319403054869028,0,True,0.06411307584494352,0.0045868215238442644,0.013794694328680634,2.8583685755729675,0.45226824283599854,14.437745094299316,0.16411991699715145
695,mps,5,2.4011025039184446,0,True,0.20773648843169212,0.011133500456344337,0.016062045842409133,2.8951618671417236,5.289229869842529,23.760971069335938,0.19448787500732578
696,mps,9,-8.27195409087853,0,True,0.5291921007834995,0.038057601456077665,0.008642678873406516,2.9606732262505426,20.925743103027344,23.990692138671875,0.34054812500835396
697,mps,23,-319.1339301911309,0,True,4.1338192891005585,1.528698728161702,0.0038483235782579236,3.64188932335895,202.91680908203125,217.35592651367188,0.8809274999948684
698,mps,6,45.970391607388194,0,True,0.4842646368779242,0.02900778991018645,0.0023200962653694055,2.9353397289911904,12.595311164855957,10.01691722869873,0.21878229100548197
699,mps,5,59.05106699813657,0,True,0.2740694358944893,0.01526075525325723,0.0019373232498764992,2.911679267883301,7.870084285736084,7.724170684814453,0.17818600000464357
700,mps,150,-75815.78880641422,246,False,2.5825178016970556,0.7120525917474879,0.049964056148504216,4.170741675694783,772.8484497070312,1730.2598876953125,6.16031337500317
701,mps,4,14.401951854740851,0,True,0.015199443325400352,0.002358637510042172,0.0014589214406441897,2.8577500581741333,0.23609787225723267,2.0931522846221924,0.17760495899710804
702,mps,150,-145113.70527431252,471,False,-4.0983606456716855,1.2786354514413203,0.06293279896878327,4.177023158073426,1268.024658203125,1863.77734375,6.380119208988617
703,mps,4,5.053551728569154,0,True,-0.022834783332655206,0.003006600458320463,0.0013721511495532468,2.9056928753852844,1.5577888488769531,3.0116219520568848,0.1656472080067033
704,mps,150,-165947.81534262595,539,False,-6.069209063450495,2.4245162992994302,0.07411019341554492,4.174051823616028,2041.359619140625,3738.184326171875,6.106613458992797
705,mps,4,14.649115143395719,0,True,0.023499719332903624,0.001855301585237612,0.0014458760124398395,2.9977368116378784,0.2286757081747055,2.207496166229248,0.1639862500014715
706,mps,150,-104171.75944293429,341,False,-0.38650352889206263,0.21988324034747544,0.10167865841416641,4.1815777746836345,284.3503112792969,679.7713623046875,6.210615792006138
707,mps,150,-124715.99644197368,407,False,-2.1038034655712545,0.47224254878991057,0.09276269188344789,4.189398145675659,789.8703002929688,1393.8616943359375,5.97902325000905
708,mps,150,-130099.60090033384,424,False,-2.4528738658626876,0.6138818773682578,0.05574675883942594,4.188540825843811,916.0884399414062,1474.860595703125,5.755033583001932
709,mps,150,-100407.2834272972,330,False,0.19594414357095957,0.23151560510861904,0.0507582207963181,4.196928545633952,250.1967315673828,600.4725952148438,6.026359499999671
710,mps,150,-82269.75998769821,270,False,2.258177413344383,0.5150925320507183,0.03658324998182555,4.213287518819173,645.1669311523438,1395.28076171875,6.091392292000819
711,mps,150,-114180.48902774029,373,False,-0.276611812710762,0.32117689083126605,0.029263876294717193,4.22248779296875,332.5626220703125,703.8822631835938,6.168940458999714
712,mps,150,-104559.30290773547,340,False,0.4967997776530683,0.4002810633580733,0.0395649557809035,4.2334685150782265,508.0335388183594,1701.6307373046875,6.07032725001045
713,mps,14,-162.32875037522106,0,True,1.9214554514203752,0.47369741355734213,0.07140138372778893,3.575398189680917,89.47224426269531,326.72235107421875,0.5636177499982296
714,mps,150,-120144.48724920995,392,False,-0.7804922302175934,0.33483815881942897,0.09516339610020319,4.254462631543477,337.15570068359375,3540.231201171875,5.896566209004959
715,mps,150,-106720.48982180939,351,False,-0.13573534989807134,0.16218091200264037,0.0534021816154321,4.264343414306641,183.6348419189453,1644.17333984375,6.175258874995052
716,mps,150,-129889.71676001218,421,False,-2.109947012116512,0.3803738630046913,0.028735184830923875,4.266912943522136,557.5209350585938,611.32275390625,6.273385124994093
717,mps,150,-121154.41044613338,396,False,-1.356814413666725,0.25910494985716165,0.039952336663069826,4.270932491620382,440.4435729980469,700.04052734375,6.783452415998909
718,mps,150,-141670.44408380645,469,False,-2.9840190026039877,0.6914502271564137,0.03830451642473539,4.280607926050822,669.5278930664062,737.6023559570312,6.3399603749858215
719,mps,26,-375.7814210241412,0,True,5.883668798666734,2.4580777877798448,0.004094451227082083,4.1121289271574755,274.7584228515625,278.06781005859375,1.1465843329933705
720,mps,5,-7.271350336903652,0,True,1.4567089319229125,0.26799930930137633,0.0019190516090020538,3.4448779582977296,36.12449264526367,25.793806076049805,0.22167587500007357
721,mps,150,-125049.91662634983,406,False,-0.8459138725697994,0.3204659076568593,0.06337128104486812,4.283155636787415,306.85443115234375,880.3369140625,6.2512885839969385
722,mps,150,-100955.43467645858,329,False,1.340933475891749,0.31834028342350695,0.05835720654654627,4.275831645329793,521.9409790039062,1415.567626953125,6.047298290999606
723,mps,150,-144184.64949306464,473,False,-2.413440159338837,0.5597774618393206,0.05889956850015248,4.275437196095784,589.4408569335938,652.1141357421875,5.946446792004281
724,mps,150,-91100.67942757659,299,False,1.889635625158747,0.3240483471371408,0.04200150491824994,4.272767837842306,443.30224609375,924.9993896484375,6.06163516700326
725,mps,150,-148966.07709009454,488,False,-2.971382026647528,0.6812985970448547,0.04798795314660917,4.26938102722168,729.3047485351562,841.2902221679688,6.077650833001826
726,mps,150,-144009.31421191158,470,False,-2.17705171028773,0.6756063292418063,0.034241257089500626,4.272141431172689,468.7183837890625,561.9058837890625,6.100320082987309
727,mps,150,-93413.95812320753,306,False,2.1645596648255983,0.4409130845653514,0.03103069114809235,4.273361015319824,704.8568725585938,1599.400634765625,6.115278875004151
728,mps,150,-120545.7798773942,400,False,-0.21326877097288768,0.2255612288339762,0.04503948252648115,4.274596654574077,234.52732849121094,1280.1722412109375,6.065260083007161
729,mps,150,-122240.66811794385,396,False,-0.6689856851970156,0.1908457041024849,0.05706060762206713,4.268295903205871,235.81109619140625,1821.8043212890625,5.911983708996559
730,mps,150,-108242.37774333487,359,False,0.6485542863979936,0.15088290533060597,0.043979930952191354,4.276732524236043,167.217529296875,1043.763427734375,5.877307750008185
731,mps,150,-117726.13364201805,381,False,-0.5398640342801809,0.18076891515919669,0.03037740713606278,4.278102517127991,284.4607849121094,696.5565795898438,6.0786795419990085
732,mps,150,-104008.18555121178,344,False,1.1319583191738154,0.20842555414523872,0.03239402971851329,4.277218321164449,355.74188232421875,920.906005859375,5.994045624989667
733,mps,150,-137674.96666872597,450,False,-2.3130089378356935,0.4111031386974112,0.03262066071853042,4.277519294420878,694.9766845703125,1239.0765380859375,6.150094790995354
734,mps,150,-96513.20528214418,316,False,1.7555462690194448,0.31412935962279637,0.040147771447276076,4.284434595108032,518.7591552734375,1302.118408203125,5.97529245899932
735,mps,150,-123875.7566173004,405,False,-1.3262190987914801,0.2584233172756891,0.04851116907084361,4.28890287399292,483.288330078125,1178.5540771484375,6.131459957992774
736,mps,150,-129626.98708380463,431,False,-1.5083526130517324,0.21745502633605307,0.04107109280458341,4.290282648404439,454.3509826660156,790.2601928710938,6.175173708004877
737,mps,150,-135570.51594608006,448,False,-2.148237141557038,0.37611890052508895,0.039592066563200204,4.29001669883728,667.2423706054688,1426.1727294921875,6.097020041997894
738,mps,150,-165129.75573636312,548,False,-4.837307894428571,1.5237401463603601,0.043752271317255995,4.28520645459493,1463.864013671875,2939.420166015625,6.168152833008207
739,mps,150,-112072.37293231016,365,False,0.2144777609000448,0.1276784361305329,0.032824599913631874,4.290559859275818,136.01467895507812,522.060302734375,5.884746875002747
740,mps,150,-121693.62805320609,396,False,-0.32816274878879387,0.16589370634552325,0.029860903024673462,4.2932932647069295,267.3635559082031,771.8597412109375,6.0172685419966
741,mps,4,5.830691818763221,0,True,2.894242286682129,0.9808506220579147,0.00506215076893568,3.4266582131385803,52.6044807434082,42.19255065917969,0.19919037500221748
742,mps,150,-104916.57662384179,343,False,1.861916764130195,0.375101763055136,0.027904581933592756,4.29078471660614,577.2725219726562,1433.7076416015625,6.513287499998114
743,mps,150,-85092.26539466158,276,False,3.836377099752426,1.0656023346756895,0.030703327332933742,4.281958734194438,1222.9110107421875,2542.5498046875,5.713008334001643
744,mps,150,-94577.720422491,307,False,2.9622120567162833,0.9124361428121726,0.04103911131620407,4.28873502890269,1159.7083740234375,2742.43896484375,6.298622417001752
745,mps,6,-57.50372620908327,0,True,4.30296270052592,1.1331165432929993,0.041112895434101425,3.427365024884542,82.87263488769531,104.43724822998047,0.3078007919975789
746,mps,150,-128725.80685308088,414,False,-0.03111920182903608,0.3018960764076716,0.044403355109194916,4.282888843218486,406.6315612792969,1777.16943359375,6.145659458008595
747,mps,150,-115536.55708337789,376,False,0.7544010350108147,0.27940814102776734,0.03222163731853167,4.282814491589864,455.8780212402344,1352.015380859375,6.102639792006812
748,mps,150,-133488.9508505923,441,False,-0.8577607573692997,0.1574839705255969,0.02698698843518893,4.285871934890747,228.59873962402344,316.7187805175781,5.889576582994778
749,mps,150,-133459.4088379695,434,False,-1.1580394522969921,0.16090549466762846,0.03122092374910911,4.288538885116577,303.7351989746094,382.53375244140625,5.936006874995655
750,mps,150,-79505.08792536295,258,False,3.7271064633876083,0.8733237872060151,0.033773038104797405,4.282688234647115,1000.9293212890625,2145.663330078125,5.966913750002277
751,mps,150,-140367.50097774662,457,False,-1.5164342666169008,0.306019786518688,0.042013264149427416,4.277896005312602,362.5906066894531,418.349853515625,5.956333833004464
752,mps,150,-95364.07287618409,316,False,2.3784568401177726,0.3686197413007418,0.03403529516421258,4.275325479507447,584.8772583007812,1389.1390380859375,6.086859332994209
753,mps,6,-8.623963866158107,0,True,3.3185070753097534,1.2222336133321126,0.003008516311335067,3.409438133239746,86.412109375,55.16282653808594,0.23578045899921563
754,mps,150,-89016.60684252226,291,False,2.6724903718630473,0.4498135022322337,0.030835217096221945,4.2847825034459435,604.6814575195312,1224.0140380859375,6.00680345800356
755,mps,150,-181632.02597467272,591,False,-5.609659669796626,1.946222966586453,0.02801013254870971,4.28810063680013,1398.470947265625,2445.197265625,5.82114695799828
756,mps,150,-94448.11965742357,312,False,1.673293481990695,0.3097511505247288,0.02990035460020105,4.2885310713450115,269.8089904785156,479.4236755371094,5.763521041997592
757,mps,150,-125380.1137105751,408,False,-1.0516445371724936,0.21209978299672763,0.035307483760019145,4.302935571670532,466.5231628417969,1409.3509521484375,6.11674954200862
758,mps,150,-114959.65216224075,373,False,-0.38615110966493377,0.18963617781227726,0.03218990451345841,4.30484934647878,361.6438293457031,1157.6834716796875,5.970310834003612
759,mps,150,-81528.32817173429,266,False,2.498868925298254,0.6164406764706534,0.024427836096535125,4.313957371711731,381.61737060546875,578.942138671875,6.533736292010872
760,mps,150,-134996.3723008862,440,False,-1.7191105410953362,0.26294819164640404,0.02663016707636416,4.317052669525147,454.9271545410156,669.935546875,6.257993042003363
761,mps,150,-109482.91929511291,356,False,0.27014805236210426,0.07597685701096452,0.03138029133901,4.341014698346456,69.98587036132812,251.38101196289062,6.847950417009997
762,mps,4,-23.550313012310063,0,True,3.5029260516166687,1.0578842908143997,0.004505255492404103,3.3090431094169617,55.43077850341797,35.552207946777344,0.17257541698927525
763,mps,150,-128972.03583693445,422,False,-1.285190882384777,0.148676644032336,0.02637683241162449,4.366666277249654,310.005126953125,352.6636047363281,6.64884708300815
764,mps,150,-114023.47790915264,373,False,0.11956256048443417,0.0877799049946528,0.033457528535897535,4.383808304468791,75.6990966796875,414.35406494140625,6.571018834001734
765,mps,20,-250.41678989538576,0,True,6.40689754486084,2.511871483922005,0.0058041700627654794,3.8901249885559084,276.0707702636719,179.21925354003906,0.7536007080052514
766,mps,5,2.719127407035856,0,True,2.5966701030731203,1.0522501111030578,0.005690053384751081,3.3526257514953612,68.72203826904297,47.15449523925781,0.1966344590036897
767,mps,150,-136107.00746966313,442,False,-1.711587303529183,0.2721607377085214,0.02398957570704321,4.400991655985514,374.2051086425781,436.9403381347656,6.039039291994413
768,mps,150,-116937.95550556012,380,False,0.4992356821149588,0.36739112305379723,0.02643963186070323,4.394829988479614,470.6290283203125,1540.598388671875,6.180226790995221
769,mps,150,-120154.77338074506,398,False,-0.13557937777911624,0.12010549883404262,0.02871347565514346,4.396474208831787,155.01329040527344,468.68450927734375,6.181693915990763
770,mps,150,-135479.3244254603,440,False,-1.48291601156195,0.35068319834186695,0.028275943004215758,4.402240791320801,297.0788879394531,574.9872436523438,6.012187166008516
771,mps,150,-132622.17275327106,436,False,-1.6046000499402484,0.23043931730096423,0.02508013344059388,4.4059057664871215,444.10467529296875,711.5132446289062,5.903472832986154
772,mps,7,-17.63023589781705,0,True,2.68301214490618,0.883312063557761,0.005112735953714166,3.275926487786429,91.5306167602539,67.76274871826172,0.2797797079983866
773,mps,4,5.5470323919180515,0,True,2.333245038986206,0.7732849419116974,0.0038089013542048633,3.1938517093658447,50.9257698059082,37.048336029052734,0.15267483300704043
774,mps,150,-103860.463675973,338,False,1.502806974463165,0.22469742968780337,0.031026346352882685,4.395947028795878,431.0707092285156,1228.0655517578125,5.970588625001255
775,mps,14,-123.58248413711824,0,True,3.4512381553649902,1.3446831916059767,0.0030218002918575492,3.465772237096514,187.24526977539062,134.79574584960938,0.5270515830052318
776,mps,5,3.545583004744053,0,True,1.6823044538497924,0.6231853008270264,0.0019633075688034298,3.0730719566345215,59.353668212890625,43.83898162841797,0.19699812500039116
777,mps,150,-142058.2890644452,460,False,-1.7268612828354042,0.45338545440068023,0.04581849124127378,4.34623805363973,449.8500061035156,569.49609375,6.166113875005976
778,mps,5,-3.680596945130972,0,True,1.868374514579773,0.4703454732894897,0.001693309098482132,2.9295868396759035,54.07558822631836,33.782108306884766,0.20118562500283588
779,mps,4,11.105953176748748,0,True,1.721932366490364,0.3991182819008827,0.0013360950688365847,2.862608253955841,40.758506774902344,33.7183723449707,0.1548255419911584
780,mps,150,-136037.09637695292,446,False,-1.317402673798303,0.3774179725340946,0.04409430355997756,4.2737763388951615,438.3446044921875,522.7733764648438,5.801103374993545
781,mps,150,-127972.6934581597,417,False,-0.7812059101338188,0.22564578176982952,0.04188807088959341,4.2548901001612345,341.7303771972656,393.08221435546875,6.276161166999373
782,mps,150,-106852.59660946323,348,False,1.5525000949700674,0.5159574047053077,0.03917796918811897,4.228058190345764,609.378173828125,2075.89404296875,6.1563944590016035
783,mps,150,-128805.33050063101,416,False,-0.6780815865720312,0.33061462832566274,0.029173545772209764,4.214399798711141,356.935302734375,611.8484497070312,6.135369042007369
784,mps,150,-88063.10803850956,288,False,1.990602106973529,0.512028919927252,0.024841377306729556,4.20017903804779,432.178955078125,731.9368896484375,6.126565083002788
785,mps,150,-116223.42331463101,380,False,-0.22843021827749907,0.20146885122526176,0.072104868243138,4.200447079340617,296.41119384765625,3031.973876953125,5.790081459010253
786,mps,150,-117583.39610043135,386,False,-0.8825391278167566,0.25422406989291024,0.13290862868229547,4.191028151512146,510.0761413574219,6458.53076171875,6.040084207998007
787,mps,21,-210.71184046638757,0,True,3.955207049846649,1.553055888485341,0.09532203951052257,3.1722327300480435,260.3055725097656,631.70751953125,1.0257790409959853
788,mps,150,-92868.03145095267,303,False,1.0247791300031046,0.26487281507242794,0.04551777844627698,4.172353377342224,232.4257049560547,1364.5860595703125,5.79569920799986
789,mps,150,-115637.67794798299,376,False,-1.4718308077907811,0.44134426255114706,0.024996912740170955,4.170454316139221,778.9859008789062,1767.6788330078125,5.83827704199939
790,mps,150,-94313.09104775752,312,False,0.7108897258589665,0.25750192965885316,0.033151486970794695,4.148091988563538,247.3571014404297,700.244384765625,6.005737040992244
791,mps,5,-5.286175711952346,0,True,0.9397859573364258,0.14689383953809737,0.002159883314743638,2.299264430999756,34.385215759277344,24.97650909423828,0.1805356670083711
792,mps,4,18.832463221914317,0,True,1.0387451201677322,0.11132376454770565,0.0016985061229206622,2.247104525566101,24.711734771728516,13.688050270080566,0.1455933749966789
793,mps,4,18.803903709481702,0,True,0.3633105233311653,0.10344813112169504,0.0015979486342985183,2.2496097683906555,23.483919143676758,22.971956253051758,0.14761124999495223
794,mps,5,8.803903709481702,0,True,0.3530375510454178,0.07821250185370446,0.0015179070178419352,2.2074933528900145,25.33262062072754,15.807010650634766,0.17959058300766628
795,mps,4,10.409482476303072,0,True,0.5688899978995323,0.04689143970608711,0.0015198277833405882,2.1316381096839905,15.7656888961792,12.841408729553223,0.1453725419996772
796,mps,4,18.803903709481702,0,True,0.17985046841204166,0.022204639157280326,0.0013782770838588476,2.0591894388198853,10.435563087463379,9.61906623840332,0.1464472920051776
797,mps,20,-48.22937508770902,0,True,2.2808837916702034,0.8146413095229945,0.002198457298800349,2.7201931536197663,170.65841674804688,135.4963836669922,0.705312292004237
798,mps,4,18.803903709481702,0,True,-0.03450409462675452,0.006014285783749074,0.0013460491318255663,1.8898447453975677,3.8687617778778076,3.5459799766540527,0.15699674999632407
799,mps,5,3.976371835405324,0,True,-0.1770500914892182,0.016387418699014233,0.0013440667418763042,1.8614115715026855,10.76266098022461,6.278316974639893,0.17472237499896437
800,mps,4,3.1832820874180143,0,True,-0.38826045021414757,0.028737760614603758,0.0012385073641780764,1.8123875856399536,13.755026817321777,8.24477481842041,0.14728937500331085
801,mps,6,48.8039037094817,0,True,-0.12103907639781634,0.016927745346038137,0.0017243544183050592,1.8732058207194011,12.601479530334473,8.269262313842773,0.2870471659989562
802,mps,150,-146286.03037433996,475,False,-4.007929565111796,1.427324311931928,0.09056166576609637,4.109782377084096,1575.842041015625,1598.8624267578125,6.230447167006787
803,mps,8,-22.32125401764324,0,True,-0.07963757799006999,0.010722990933572873,0.0017814140883274376,1.9512639343738556,5.701148986816406,6.203579902648926,0.3054451249918202
804,mps,150,-184119.54077265816,599,False,-7.52443058013916,3.80045541703701,0.07724837782094256,4.144490188757579,2589.314697265625,3898.108154296875,6.095834791995003
805,mps,4,18.803903709481702,0,True,-0.01009436983440537,0.003194388158192396,0.0014801111537963152,1.9377803206443787,0.7783663272857666,0.9565720558166504,0.16051129200786818
806,mps,150,-115836.34511275259,381,False,-1.9588148267070453,0.4914120223451755,0.07456283308410395,4.184840573469798,906.0507202148438,1546.5986328125,6.103054791004979
807,mps,5,1.8117061526420741,0,True,0.3570502229034901,0.02379727892111987,0.0018326340476050973,2.089566373825073,12.601667404174805,7.815642833709717,0.2065694579941919
808,mps,6,0.960691230589056,0,True,0.31347937261064845,0.030499787380297978,0.0018656465108506382,2.13933789730072,17.539196014404297,11.478851318359375,0.22490466700401157
809,mps,4,15.702370525851407,0,True,0.6033411342650652,0.028268821421079338,0.0017594039090909064,2.174148201942444,11.808273315429688,10.381239891052246,0.15214066600310616
810,mps,5,0.960691230589056,0,True,0.4281102240085602,0.03468768252059817,0.0019845420960336924,2.2658503532409666,16.0728759765625,10.191481590270996,0.1973440000001574
811,mps,150,-98079.92867886394,319,False,0.8905373656998078,0.3824631627817871,0.047025651219300926,4.261902818679809,467.8005676269531,1653.8602294921875,6.165191374995629
812,mps,4,4.713824288047654,0,True,0.2858711816370487,0.01453983286046423,0.0018130316457245499,2.3479984998703003,8.103950500488281,5.346317768096924,0.1846006249979837
813,mps,4,5.3400696085253685,0,True,0.21234438347164541,0.00782130610787135,0.0017927227600011975,2.3955971002578735,5.515377998352051,4.024011611938477,0.1942351250036154
814,mps,4,3.1832820874180143,0,True,0.19701524497941136,0.004775343360961415,0.0017316715675406158,2.4661206007003784,3.097797155380249,4.935935974121094,0.15813725000771228
815,mps,150,-99137.22725427272,323,False,0.6197691542903582,0.3473384699518404,0.05957567802319924,4.26747799873352,421.84515380859375,1116.186767578125,5.878369500002009
816,mps,4,15.151161771565423,0,True,-0.05571644101291895,0.004893641945272975,0.0015160003677010536,2.59808886051178,2.9290947914123535,4.010908126831055,0.16473287499684375
817,mps,150,-120389.89839169812,395,False,-0.7287844210925202,0.5866625941204013,0.06529872847255319,4.264673358599345,594.1944580078125,1222.2498779296875,6.030830167001113
818,mps,5,4.3323073713124955,0,True,-0.08630886301398277,0.007569401024375111,0.0012852997053414584,2.7539318084716795,4.092321872711182,5.086301803588867,0.19967649999307469
819,mps,5,-1.3806457577468194,0,True,-0.08692754060029984,0.007948260678676888,0.001366102322936058,2.8026480674743652,4.485236644744873,5.17595911026001,0.18923683300090488
820,mps,9,-55.70461980910951,0,True,0.10947130993008614,0.017452310188673437,0.0016626088181510568,2.9249688254462347,7.057717800140381,7.341547966003418,0.3554241660021944
821,mps,7,24.713824288047654,0,True,0.07485098045851503,0.008302585251970283,0.0015637855976819992,2.9474472999572754,3.24939227104187,7.193355560302734,0.2950678329943912
822,mps,150,-84032.24346307115,277,False,1.7704271419843038,0.46101396541149975,0.049053060765533396,4.27917371749878,550.158935546875,1650.2515869140625,6.20390095798939
823,mps,150,-117324.14229108953,377,False,-1.068044070750475,0.427968367159386,0.0578242689021863,4.280840816497803,560.8931274414062,806.9080200195312,5.84742891699716
824,mps,150,-89443.83033370496,295,False,0.40681720775552094,0.4377596068017954,0.032052493387212354,4.287056644757588,388.86297607421875,939.2838134765625,5.93207816699578
825,mps,150,-133001.98085505934,438,False,-2.6464395100312927,0.7637978551467435,0.036847211078274995,4.2916668065389,909.7745361328125,659.554931640625,6.146564624999883
826,mps,150,-154412.78018864457,506,False,-4.461169526477655,1.5247793496272062,0.026960179150725405,4.303422802289327,1421.1439208984375,1566.1575927734375,6.271939625003142
827,mps,150,-103678.23641844979,343,False,-0.3948207172751427,0.24962568585506234,0.022254330065722267,4.310761483510335,409.6231384277344,405.90191650390625,6.333650957996724
828,mps,28,-321.1492443147311,0,True,4.317999446764588,1.5619363456384494,0.01045551200929497,3.831690396581377,272.4727478027344,275.486083984375,1.0322482920018956
829,mps,4,10.409482476303072,0,True,0.5624164864420891,0.021360933606047183,0.016460297163575888,3.1303235292434692,9.67913818359375,18.25738525390625,0.17010162500082515
830,mps,4,11.61229110441736,0,True,0.34256209433078766,0.02226508653257042,0.015747064957395196,3.1384673714637756,10.056046485900879,21.173933029174805,0.1470359590020962
831,mps,150,-118809.7043294213,391,False,-1.231363855782741,0.28734244164197664,0.026089270294954378,4.349193731943767,538.6284790039062,734.2156982421875,6.039673375009443
832,mps,150,-131511.11686881306,429,False,-1.6532972074796757,0.5550299280843561,0.026515310097796223,4.344081614812215,586.8466186523438,477.60833740234375,6.12260933300422
833,mps,150,-121948.80570628622,403,False,-0.7714900434513887,0.38690528241995104,0.021145967685927948,4.348216881752014,388.92901611328125,776.0718994140625,6.133341958004166
834,mps,150,-115653.72231018485,377,False,-0.28668638015476366,0.2387654490842859,0.023372102924622596,4.342919030189514,309.2121887207031,572.1478271484375,6.195771416998468
835,mps,150,-130041.59609703645,423,False,-1.334398352932185,0.40458117579012953,0.022869514903674525,4.359327448209127,470.3172607421875,517.8282470703125,5.969301541001187
836,mps,150,-119379.35451924818,398,False,-0.11790417651335398,0.32969425341289027,0.026196025052728753,4.37049463113149,341.3182067871094,887.4212646484375,5.892441750009311
837,mps,150,-95311.46486762243,309,False,1.7188359234730404,0.3542808959990119,0.022423542039468884,4.387475997606913,484.34710693359375,1327.6529541015625,6.196305915989797
838,mps,150,-91801.94917766305,299,False,1.8234164931376775,0.37424303668337716,0.02207170447955529,4.397489436467489,504.1849060058594,1228.7103271484375,6.056893791988841
839,mps,150,-97082.700152676,314,False,0.9154675344315668,0.20345155860513842,0.04043481045713027,4.418361666997273,214.52537536621094,1287.14306640625,6.115437458996894
840,mps,7,-72.25898197409765,0,True,1.570021595273699,0.26204133885247366,0.03540500413094248,3.3503524575914656,56.622718811035156,106.51447296142578,0.2754245839896612
841,mps,150,-98162.00686825528,317,False,0.5002051090436361,0.15948471830830319,0.03126644693315029,4.432770516077677,182.91322326660156,789.41015625,6.406063165995874
842,mps,4,-11.361429758337682,0,True,1.5564286708831787,0.29238810762763023,0.0057041344698518515,3.363190233707428,34.26555633544922,19.972166061401367,0.19683495799836237
843,mps,150,-142878.27101566835,461,False,-3.883452008664608,0.9914289988111704,0.022410088997955123,4.436374578475952,1132.541259765625,2264.739990234375,6.0870122499909485
844,mps,150,-113181.79238302779,373,False,-1.7651882311701774,0.45179850559946017,0.027046756477405627,4.439615225791931,735.997314453125,1742.57177734375,6.073065792006673
845,mps,150,-131146.52412277323,422,False,-3.1218448072175184,0.7105150002716497,0.03967763853725046,4.435426174799601,942.6986694335938,1929.821044921875,5.967379207999329
846,mps,150,-103693.4328158089,336,False,-0.4735709397743146,0.1759501800506524,0.04847310227924027,4.43916153271993,324.0090637207031,836.6593017578125,6.182413792004809
847,mps,150,-107766.47584306417,353,False,-0.82682836137712,0.32847752133474084,0.05382647734096584,4.434935970306396,498.5506286621094,1408.8504638671875,6.088349249999737
848,mps,150,-81535.21559074927,267,False,1.8946737502887845,0.42333118139361736,0.05599148018208022,4.446429942448934,327.46807861328125,861.50927734375,5.884819500002777
849,mps,150,-73206.44692541636,236,False,2.7481244480858247,0.5938643231414608,0.05736822453055841,4.450760453542074,519.4721069335938,1365.1578369140625,6.159636208001757
850,mps,150,-83816.94038827486,278,False,1.6513527588825674,0.3248496086975335,0.0491259612616462,4.462433818181355,310.56787109375,840.1913452148438,5.9002199999958975
851,mps,4,18.385257913529145,0,True,2.5857750475406647,0.42182281613349915,0.0014730917755514383,3.3937365412712097,40.48454666137695,49.08628845214844,0.1722162920050323
852,mps,150,-95297.19387107113,310,False,0.8276544713911911,0.1544297826690763,0.03606343269658585,4.493260941505432,224.86512756347656,778.2337646484375,6.031935459002852
853,mps,150,-84168.55693923536,275,False,1.1911296410361927,0.2722150199157962,0.019475850062444806,4.508744912147522,162.3707275390625,318.155029296875,6.056528082990553
854,mps,6,-47.604929275731465,0,True,1.7885939677556355,0.4203943858544032,0.019090694996217888,3.416433811187744,59.562843322753906,55.236968994140625,0.21772470799623989
855,mps,5,-0.204768976168495,0,True,1.6683295249938965,0.38986226320266726,0.07463559657335281,3.4016265869140625,48.0908088684082,137.5181427001953,0.1818624169973191
856,mps,5,-0.5056481776627635,0,True,1.5375297784805297,0.3602093935012817,0.12445060759782792,3.3925285816192625,46.19675064086914,200.60220336914062,0.17991412499395665
857,mps,150,-134392.10971335127,449,False,-3.7859806338946025,0.7472527924614648,0.10597696423530578,4.530280521710714,831.68212890625,4881.669921875,6.074947583008907
858,mps,150,-159392.16557434807,518,False,-5.116267337004344,1.561221979856491,0.053802691549062726,4.528706192970276,1053.965576171875,2268.2138671875,6.1436879170069005
859,mps,150,-138184.96145124693,452,False,-3.9331104310353595,0.8194780024141073,0.028750372876723607,4.534010279973348,878.6109008789062,1491.6259765625,6.0262230840016855
860,mps,150,-117275.58917949467,382,False,-1.4152145347744227,0.3768734431550062,0.02730707440835734,4.53561359723409,349.6488952636719,695.134521484375,5.929297459006193
861,mps,150,-97776.42394486014,318,False,0.24404233171449352,0.18727063641894706,0.02971059366129339,4.534811725616455,260.435546875,863.9307861328125,6.269940125013818
862,mps,4,-11.361429758337682,0,True,1.5334898978471756,0.29430725425481796,0.0029045266564935446,3.333825170993805,33.80755615234375,17.76982307434082,0.16149583300284576
863,mps,150,-120272.61752078608,393,False,-1.9428290734191735,0.30162867987962577,0.03785050149075687,4.534062364896139,466.07666015625,638.574462890625,5.87171966599999
864,mps,150,-120180.71221246602,390,False,-2.4672268832311968,0.4955668895877005,0.0366564045737808,4.532033888498942,699.2015380859375,1524.724609375,6.071588667007745
865,mps,150,-85825.04076114467,280,False,1.4412432273415228,0.22685347695469468,0.039893826932335896,4.526039409637451,310.9599609375,870.603515625,6.238244583000778
866,mps,5,-31.02921215510792,0,True,1.6520513534545898,0.28549684882164,0.0023960793390870095,3.289472961425781,42.050376892089844,28.379329681396484,0.18278129200916737
867,mps,150,-75839.6622518336,251,False,2.0779678044910543,0.42762022489334733,0.029875089816438657,4.519547031720479,289.6712341308594,430.1256103515625,5.99959479199606
868,mps,150,-105745.77605740319,347,False,-0.12434613759513014,0.1922851704827115,0.03230647124660512,4.513189918200175,256.7391052246094,543.6271362304688,6.039518749996205
869,mps,4,10.409482476303072,0,True,1.0141132324934006,0.20865996181964874,0.003905262507032603,3.2328158617019653,29.697509765625,24.275285720825195,0.16177729099581484
870,mps,150,-122980.79895848948,404,False,-2.8056742768237988,0.673069076386067,0.027991609480232,4.517423246701559,854.7188720703125,2000.1324462890625,6.1195793749939185
871,mps,150,-107576.33407832422,354,False,-0.18402751186241706,0.2702107060421379,0.027941588262716928,4.518232460021973,262.8115234375,750.894775390625,6.0895112919970416
872,mps,150,-114065.22534838054,370,False,-1.3873234237606327,0.2275107720230638,0.027268543696651857,4.515930593808492,385.0250244140625,427.82794189453125,6.165909167000791
873,mps,150,-106667.82537570078,343,False,-0.23608015169699986,0.22610231235317768,0.029265271214147407,4.514339051246643,268.4353942871094,612.4222412109375,6.002214332998847
874,mps,150,-114539.84326119654,376,False,-1.7145231541246175,0.32203884654405557,0.02671298993130525,4.515689687728882,515.7640991210938,1082.2568359375,6.202444375012419
875,mps,6,-23.129388190844992,0,True,1.1008570392926533,0.22068476925293604,0.01181786491846045,3.1756823857625327,45.537872314453125,32.2624397277832,0.23731512499216478
876,mps,5,-0.5056481776627635,0,True,0.9755483865737915,0.1790454387664795,0.009286815114319325,3.1175028324127196,35.10787582397461,24.43773651123047,0.18123587500303984
877,mps,150,-120678.33400412327,395,False,-2.443581253178418,0.47680214922615316,0.024519883651907246,4.511861470540365,674.990966796875,1503.9642333984375,6.212864125001943
878,mps,150,-80881.43381834748,265,False,1.8729761323332788,0.28812144684566493,0.024089091972758374,4.504654450416565,356.7418212890625,1004.3021850585938,6.146113249997143
879,mps,150,-137314.5285656219,449,False,-3.0982965284461774,0.7435793588751767,0.025546321463771164,4.505184205373128,689.0540161132812,687.3607177734375,6.237587750001694
880,mps,150,-123182.92282159967,400,False,-2.0471718826990886,0.3771720738053933,0.02566248213717093,4.499209901491801,534.0280151367188,685.1170654296875,6.200337458009017
881,mps,150,-104567.34965098476,344,False,-0.1678351788672929,0.15436801244780707,0.025056697813173136,4.491660067240397,219.76095581054688,274.0135803222656,6.599247042002389
882,mps,4,-11.361429758337682,0,True,1.011832743883133,0.13145838305354118,0.003929343074560165,2.947596848011017,25.048215866088867,13.318113327026367,0.16523420800513122
883,mps,150,-126620.64769082771,413,False,-1.8481146036771436,0.3599921931856261,0.025149065532411138,4.480061586697897,529.2838134765625,481.5943298339844,6.107917791989166
884,mps,150,-116081.74068674276,382,False,-0.6368685987467567,0.23408514542628836,0.02353554013185203,4.473176902135213,319.74713134765625,352.75927734375,5.975023249993683
885,mps,150,-105961.21028268749,349,False,0.29155917547643184,0.21759890699836737,0.02224586489610374,4.46780784924825,270.62396240234375,810.6124267578125,5.965071250000619
886,mps,150,-121994.02440723545,401,False,-0.942616922284166,0.30203262648763485,0.02369388671591878,4.463203001022339,351.49139404296875,329.4820251464844,5.976221375007299
887,mps,150,-99401.80683207151,327,False,1.0289243792990843,0.2978369642376007,0.023240063146998485,4.452819609642029,385.6106262207031,1225.941162109375,6.208928499996546
888,mps,150,-117647.14176974967,389,False,-0.7068909306731075,0.21503723031205632,0.019980391723414263,4.456088428497314,282.3511962890625,356.03875732421875,6.184229708000203
889,mps,150,-124141.88314157318,405,False,-1.427220147040983,0.252706765056937,0.02549208656574289,4.44922278881073,415.8855895996094,301.8431701660156,6.141912249993766
890,mps,150,-127164.52298839914,418,False,-1.7250897241632144,0.32448534057980094,0.024368308945558966,4.436244519551595,458.159423828125,352.62506103515625,6.193521542008966
891,mps,4,18.385257913529145,0,True,2.4721491634845734,0.4533972814679146,0.004402977298013866,2.9697115421295166,46.18466567993164,42.7263069152832,0.16128937501343898
892,mps,150,-123676.14746004056,400,False,-1.3407922869424025,0.2152515497241014,0.022260195209334293,4.427294082641602,397.6669616699219,456.5650939941406,6.062719416993787
893,mps,150,-82475.48421850531,268,False,2.401170243819555,0.41057970413627726,0.023100929042945306,4.42344118754069,488.9215393066406,827.95068359375,6.292447333005839
894,mps,6,-47.604929275731465,0,True,2.1780640880266824,0.6492345829804739,0.004784028123443325,2.9666442473729453,81.14921569824219,60.35444641113281,0.23129762499593198
895,mps,150,-119254.60017393835,390,False,-1.1838292820006608,0.3197770377443521,0.020940904781843225,4.415290954907735,559.14453125,1508.3409423828125,6.152529541999684
896,mps,150,-66968.34024125546,215,False,3.852861355145772,0.9148988704379493,0.02096580105678489,4.409932891527812,818.285888671875,1600.56884765625,6.034647834007046
897,mps,150,-107380.02157702323,353,False,0.4481257471962211,0.13564683183338275,0.020320137275072436,4.4167591015497845,175.04608154296875,271.9777526855469,6.056228082990856
898,mps,150,-101897.56772930184,332,False,0.6490316329523921,0.12042066084227675,0.021603360990993678,4.419027689297994,130.4667205810547,223.47935485839844,6.047378584000398
899,mps,6,-6.909049419577613,0,True,2.288118282953898,0.8579836984475454,0.003177290588306884,3.0233156283696494,88.95507049560547,54.926570892333984,0.22423158401215915
900,mps,150,-127732.87003459598,410,False,-2.4729506377254924,0.5841291363549075,0.019451102249634762,4.429323207537333,841.3204956054688,2101.092529296875,6.033278166010859
901,mps,150,-118585.61576468807,387,False,-0.9977048241812736,0.14169100348350183,0.021873325797108312,4.431958360671997,352.9517822265625,425.65118408203125,6.364096083008917
902,mps,4,-11.361429758337682,0,True,2.494004547595978,0.8191623240709305,0.0036603272892534733,2.949608087539673,59.19778823852539,29.249631881713867,0.17552425000758376
903,mps,150,-117020.31165282334,383,False,-0.9258058561881384,0.1271428069139923,0.021318256319500507,4.426233595212301,315.9306640625,576.24755859375,5.9742642089986475
904,mps,150,-102957.18685051792,338,False,0.2848044947053616,0.10026034060718984,0.019546693904946247,4.425414055188497,133.8703155517578,238.4490966796875,6.083965500001796
905,mps,150,-124444.34468333429,412,False,-1.761716608206431,0.32262877338556184,0.01977619562142839,4.42600041548411,573.5487060546875,1253.4249267578125,6.164891624997836
906,mps,150,-90022.31718389975,295,False,1.9636957577119272,0.2780309961092159,0.01729669680353254,4.426492274602254,447.78033447265625,920.638916015625,6.10430816700682
907,mps,150,-103735.14829510744,339,False,0.9630081588154038,0.15498621622088346,0.021026426237076522,4.420642315546671,311.6770324707031,834.150634765625,5.976334082995891
908,mps,150,-94820.17775355298,313,False,1.8988590762019157,0.2673832392242427,0.017365128776679437,4.42721435546875,476.9443054199219,1098.8282470703125,5.99317204199906
909,mps,150,-129959.02379467608,424,False,-1.300592862268289,0.2633630285642721,0.021920942732443414,4.424049232800802,300.1565246582031,327.9781494140625,6.089809083001455
910,mps,150,-129122.66569555597,422,False,-1.19126417097946,0.18860494720544618,0.021970265105677147,4.417660303115845,316.56744384765625,205.07247924804688,6.150196000002325
911,mps,4,18.385257913529145,0,True,3.3339072465896606,0.9191841930150986,0.003944534284528345,2.9004223942756653,64.45223999023438,53.262020111083984,0.1653412909945473
912,mps,11,-133.506676694988,0,True,3.1301119327545166,1.1336598287929187,0.004323044961149042,3.0350568294525146,183.0209503173828,87.23955535888672,0.3893598329887027
913,mps,150,-121972.80385700996,402,False,-0.7134416275595625,0.11717822709996502,0.019847744589981932,4.408126619656881,257.4864501953125,328.4373779296875,6.1481932919996325
914,mps,5,-15.740808136274005,0,True,2.1248050212860106,0.9448948740959168,0.003465982899069786,2.8935148239135744,81.51353454589844,40.963218688964844,0.2017240830027731
915,mps,150,-122715.43590901571,402,False,-0.5973570110400518,0.1722321899762998,0.02047705401200801,4.388302949269613,187.87420654296875,213.54833984375,6.0464509169978555
916,mps,150,-120577.81178004014,395,False,-0.5278073618808412,0.10328727041987579,0.017046773284673692,4.3739053551356,232.87965393066406,440.41357421875,6.091377292003017
917,mps,150,-126183.39611210431,411,False,-0.23835054335650058,0.2316373831637846,0.022211033708105486,4.360996201833089,224.5654296875,832.8637084960938,5.928433209002833
918,mps,150,-99807.29925999742,332,False,1.6541042603055636,0.22908819847158157,0.0197105925809592,4.347553154627482,386.1339111328125,643.5297241210938,5.9321124170091935
919,mps,150,-79464.4328541404,263,False,3.8275702279806136,0.9011546944826841,0.018758318708278238,4.33712451616923,1029.0172119140625,2195.406982421875,6.121453833999112
920,mps,150,-138929.97467164465,454,False,-1.5151401633396744,0.274241102381978,0.0210428745765239,4.332407118479411,435.734619140625,278.94647216796875,6.155152708000969
921,mps,150,-107227.6677331392,350,False,0.9318852276603381,0.1519331761881282,0.018507642640421786,4.319677569071452,268.9056701660156,689.272216796875,6.285525416999008
922,mps,4,-11.361429758337682,0,True,2.479939877986908,0.8333071172237396,0.00454651121981442,2.7091307044029236,65.51007080078125,32.02766799926758,0.16024866700172424
923,mps,150,-131611.34931680968,430,False,-1.564416340055565,0.32657412373982575,0.018987646809158227,4.297095568974813,599.515380859375,1399.26953125,6.249520165991271
924,mps,150,-107719.20628860418,351,False,0.27661993275086083,0.1777911892129729,0.01709771073423326,4.282315417925517,176.36248779296875,671.4508056640625,5.8820421249984065
925,mps,150,-134652.19825918518,435,False,-1.5722626057267188,0.280279762300197,0.021363680673142274,4.2699476830164595,452.1346130371094,361.5878601074219,5.852263959008269
926,mps,150,-118055.27798630754,388,False,0.4415555201843381,0.2288269585034262,0.02168059198030581,4.252881541252136,280.0625915527344,800.637939453125,6.08043145899137
927,mps,150,-72842.07545857788,239,False,3.5703865886231263,0.9004401545876559,0.018934356632332006,4.238288844426473,954.7086181640625,1438.97265625,6.199044499997399
928,mps,150,-131941.3316435245,436,False,-1.1221449386452635,0.19433272055003423,0.017371324918543297,4.244057472546896,395.4788513183594,229.16546630859375,6.11917508400802
929,mps,150,-107999.37060665515,352,False,0.13579102380201222,0.25036594878360724,0.01948925630344699,4.233745458920796,263.9891662597656,1033.6630859375,6.055738875002135
930,mps,150,-102949.38127042301,337,False,0.9313896464308103,0.13408591263287234,0.017373614416768154,4.2224431212743125,243.92120361328125,436.90997314453125,6.277151666989084
931,mps,4,18.385257913529145,0,True,3.401363044977188,0.9658530205488205,0.005873429705388844,2.699703812599182,71.90837097167969,61.006431579589844,0.16975920800177846
932,mps,150,-116010.12351282101,378,False,-0.4148059838327269,0.11212682828272591,0.021820548425118127,4.236260299682617,279.6594543457031,647.7706909179688,5.9222937089944026
933,mps,150,-124680.01569468972,412,False,-1.0613146585722764,0.12928500422643235,0.01884203012722234,4.246673615773519,380.5311584472656,588.48828125,5.913105250001536
934,mps,150,-98087.1117173028,320,False,1.3988147832709366,0.194900446665276,0.018308518839379152,4.236092034975687,323.3977355957031,556.1298217773438,5.989241582996328
935,mps,5,9.05106699813657,0,True,2.3897849321365356,1.0200878143310548,0.0028180737979710104,2.6624462604522705,92.07661437988281,70.43521881103516,0.18593191698892042
936,mps,150,-95785.26705538866,312,False,1.7872428768873214,0.30236987795991205,0.01920577814957748,4.248222026824951,572.0325317382812,1731.6260986328125,6.127236833010102
937,mps,150,-110165.89979415933,358,False,0.1951426006956414,0.0811592565423488,0.018544458757775526,4.262963720957438,90.17255401611328,163.8308563232422,6.04349229199579
938,mps,4,13.802147259657758,0,True,3.9206927716732025,0.9915605932474136,0.002352785028051585,2.6213914155960083,72.96012115478516,44.932308197021484,0.15940333300386555
939,mps,4,25.151161771565427,0,True,2.6106444895267487,0.9784249663352966,0.0033638812019489706,2.618094801902771,72.1051254272461,39.415775299072266,0.1425665839924477
940,mps,150,-112124.29570546708,365,False,-0.4662443192799886,0.11432708824674288,0.019263791249444086,4.279574910799663,291.64013671875,726.6589965820312,5.854571332994965
941,mps,150,-120275.64237883309,384,False,-1.0916137999979159,0.14149015916310723,0.020599585228289165,4.277855191230774,414.8323974609375,823.4603881835938,6.568636416996014
942,mps,4,9.49435182233724,0,True,2.1975340843200684,0.9112050980329514,0.0042601414024829865,2.6220622658729553,69.39492797851562,30.422348022460938,0.16348820900020655
943,mps,150,-115897.64865502862,378,False,-0.371908115404658,0.080408281905405,0.016348446484965584,4.2767747847239175,206.20729064941406,122.88876342773438,5.544878582993988
944,mps,150,-99999.48386805314,325,False,1.075690615804245,0.16047917344724377,0.018172831853541235,4.270376048088074,346.29925537109375,983.8080444335938,5.903775083002984
945,mps,150,-154273.92700954428,502,False,-3.8576864945391813,0.9248541269724956,0.020115661206655203,4.273787989616394,1114.294677734375,1979.715087890625,6.069019583999761
946,mps,5,-13.129388190844992,0,True,2.1381118297576904,0.8618129014968872,0.0020134184509515763,2.6198427200317385,84.20954895019531,42.37656021118164,0.1947241669986397
947,mps,4,18.803903709481702,0,True,2.09824001789093,0.7856469452381134,0.0017663474136497825,2.5757654309272766,65.64009857177734,49.42671203613281,0.1498659999924712
948,mps,4,20.409482476303072,0,True,1.7029616981744766,0.715080052614212,0.0015054153627716005,2.5299274921417236,63.4761848449707,41.030067443847656,0.14789612499589566
949,mps,150,-110460.18074926335,361,False,1.0659962487965822,0.4837849969433349,0.022042663612713415,4.237107032140096,555.34912109375,1821.1942138671875,6.061954875010997
950,mps,150,-113294.08167572237,374,False,0.3573865890413193,0.18846866857666802,0.028121820103842766,4.226490267117819,295.7478942871094,929.4566040039062,6.025818042005994
951,mps,5,-13.129388190844992,0,True,1.7901691317558288,0.5847010374069214,0.0013796715065836906,2.426683807373047,72.93358612060547,48.44121551513672,0.2046137919969624
952,mps,150,-100148.27000519047,336,False,0.49963533182938896,0.18502450910275609,0.019243518416769804,4.210099062919617,183.21543884277344,590.3729248046875,6.020357375004096
953,mps,150,-86579.27488117872,285,False,1.8958719217777251,0.2859689066489227,0.018567647168723247,4.1970940637588505,452.1257629394531,848.5029907226562,6.210961625009077
954,mps,4,18.34927128516004,0,True,1.0375269502401352,0.42594898492097855,0.001983224065043032,2.2952080965042114,51.5307731628418,25.964210510253906,0.1583551250078017
955,mps,4,4.713824288047654,0,True,1.1109916418790817,0.36812083423137665,0.0027560049784369767,2.2388963103294373,48.44660568237305,26.548870086669922,0.14383354199526366
956,mps,4,18.803903709481702,0,True,0.9350131750106812,0.2925059087574482,0.003140639921184629,2.159730911254883,44.0302848815918,22.906301498413086,0.145213750001858
957,mps,150,-98279.25848791361,318,False,0.48729992901634733,0.12430519335977887,0.018565941696676115,4.165044040679931,210.32339477539062,238.44891357421875,5.8614121669961605
958,mps,4,18.34927128516004,0,True,0.4598642438650131,0.17862320691347122,0.0036229855613783,2.0212757885456085,35.17161560058594,19.3137149810791,0.15717616699112114
959,mps,11,-61.65072871483996,0,True,0.7201026217503981,0.26647898148406635,0.0036616529211063275,2.1303368264978584,106.84129333496094,58.981773376464844,0.40064116699795704
960,mps,5,58.8039037094817,0,True,0.18111810684204102,0.08547368496656418,0.002785481372848153,1.839907717704773,30.61631965637207,19.83025360107422,0.2045021249941783
961,mps,4,18.803903709481702,0,True,0.08932874910533428,0.029827212681993842,0.0018953249382320791,1.6749895513057709,14.440566062927246,8.370144844055176,0.15576912500546314
962,mps,4,10.960691230589056,0,True,0.07710866630077362,0.006076276287785731,0.0012949274678248912,1.5151009857654572,4.414976119995117,3.248246431350708,0.18941879100748338
963,mps,5,58.8039037094817,0,True,-0.017662430973723532,0.007451946212677285,0.0011888536508195102,1.4090006828308106,5.896662712097168,3.6368699073791504,0.19974129200272728
964,mps,4,18.803903709481702,0,True,-0.14450598508119583,0.03038744884543121,0.0008100413688225672,1.307718187570572,15.835043907165527,6.842922210693359,0.1810657500027446
965,mps,4,18.803903709481702,0,True,-0.07550743967294693,0.051014138385653496,0.0009569833491696045,1.2668429613113403,21.25885581970215,10.995406150817871,0.19253316600224935
966,mps,4,18.803903709481702,0,True,-0.08371171355247498,0.06113170739263296,0.0006705653649987653,1.265616238117218,23.4394474029541,12.08371639251709,0.16369933298847172
967,mps,5,8.803903709481702,0,True,-0.34802367240190507,0.057228625565767285,0.0010399522841908037,1.3071522951126098,27.553442001342773,13.658668518066406,0.21604112500790507
968,mps,5,58.8039037094817,0,True,-0.2677152544260025,0.03800320718437433,0.0009486558032222092,1.357766819000244,21.69912338256836,10.005340576171875,0.22118791700631846
969,mps,5,0.960691230589056,0,True,-0.3315476417541504,0.02349574281834066,0.0010486023966223001,1.395478868484497,16.053733825683594,8.103350639343262,0.23051091699744575
970,mps,150,-147928.58756998906,484,False,-5.092281355063121,1.8748421074946722,0.04180375784325103,4.104376702308655,1914.6605224609375,2638.1884765625,6.255314542009728
971,mps,150,-105566.38605273933,348,False,-1.9553294606258471,0.5735396409623355,0.02986461582321984,4.124849274953206,1079.65966796875,2060.987060546875,6.187055375005002
972,mps,4,20.960691230589056,0,True,0.06079594430048019,0.0032470581902543927,0.0010171780595555902,1.4221896529197693,1.2696999311447144,3.965874671936035,0.1547143329953542
973,mps,5,58.8039037094817,0,True,0.04463076954707503,0.01273428742570104,0.0012025421368889511,1.4990712642669677,9.993182182312012,5.05463981628418,0.17175012499501463
974,mps,150,-126859.91072669999,411,False,-3.222620358069738,0.8600297298065076,0.02176880902183863,4.163604079882304,1277.3931884765625,2155.754638671875,6.1650930420000805
975,mps,5,58.8039037094817,0,True,0.18670266177505254,0.022174912109039723,0.0010994716547429561,1.5144450902938842,14.586357116699219,9.104048728942871,0.187371833002544
976,mps,4,18.803903709481702,0,True,0.2630049688741565,0.016663804417476058,0.001242154510691762,1.5015498101711273,10.189915657043457,6.450949192047119,0.14229716600675602
977,mps,4,18.34927128516004,0,True,0.22179676103405654,0.014441585022723302,0.0012905020557809621,1.5222331285476685,9.3065185546875,10.906678199768066,0.14375324999855366
978,mps,150,-132800.3506441628,433,False,-2.663766695410013,0.8252321500477653,0.022784221606949966,4.176718988418579,985.6848754882812,688.5702514648438,6.107145874993876
979,mps,150,-115655.70284622045,378,False,-1.6659836299391464,0.3780581536648621,0.020462726227318248,4.1788241950670875,772.8411865234375,856.3272705078125,5.8802780419937335
980,mps,4,18.803903709481702,0,True,0.10633501736447215,0.011127420242701191,0.0022747228504158556,1.6329950392246246,7.768219470977783,4.300995349884033,0.16142904199659824
981,mps,4,18.803903709481702,0,True,0.04787737299920991,0.008937860458900104,0.002492644125595689,1.6582667827606201,6.5874810218811035,4.332412242889404,0.20350150000012945
982,mps,4,10.960691230589056,0,True,0.06337865814566612,0.00542075265548192,0.0021621391060762107,1.6563060283660889,4.0160346031188965,2.968141794204712,0.14688170900626574
983,mps,4,18.803903709481702,0,True,0.004734827438369393,0.0033828559680841863,0.0015159424801822752,1.656700313091278,0.33027318120002747,0.8429170846939087,0.15365249999740627
984,mps,5,0.960691230589056,0,True,-0.0023448031162843106,0.004819424691640961,0.0011600833153352142,1.6886099576950073,2.040191888809204,3.690101146697998,0.2113865830033319
985,mps,5,-1.650728714839957,0,True,-0.049878201074898244,0.006355094438913511,0.0010297726839780807,1.7098714113235474,4.936010360717773,2.9494235515594482,0.21503416600171477
986,mps,4,18.34927128516004,0,True,-0.07012549694627523,0.007550822459052142,0.0009937354479916394,1.7232888638973236,5.946645259857178,2.861461877822876,0.1633517500013113
987,mps,150,-104081.18845603568,344,False,0.6894517863417665,0.32720935185721073,0.07887974189710803,4.213832584222158,416.4012451171875,1226.27978515625,6.039515416006907
988,mps,150,-108677.1134611722,359,False,0.996640104452769,0.746553664264211,0.06438796200207435,4.218804989655813,655.1987915039062,1899.5333251953125,5.903144166004495
989,mps,4,18.803903709481702,0,True,0.027810220955871046,0.0033787712218327215,0.0009521102911094204,1.861562430858612,1.12982976436615,2.207031488418579,0.16158654101309367
990,mps,4,18.803903709481702,0,True,0.1418823596322909,0.004032861882478755,0.0009282590181101114,1.909836322069168,2.520548105239868,3.546332836151123,0.14734937499451917
991,mps,5,-19.895090350085866,0,True,0.22062503788620233,0.007498445914825425,0.001014962582848966,1.98496572971344,6.0108442306518555,6.865996360778809,0.18145791700226255
992,mps,5,-7.470729662619519,0,True,0.1592868000268936,0.00787600432522595,0.0011653963010758162,2.0480241775512695,6.189950466156006,4.840490341186523,0.18041133299993817
993,mps,4,18.803903709481702,0,True,0.03551048971712589,0.0037953704181745707,0.0009758796368259937,2.0867111682891846,2.1547305583953857,1.7300751209259033,0.14606491599988658
994,mps,4,20.960691230589056,0,True,-0.022851641406305134,0.0028404951531229017,0.0011994059168500826,2.1203492879867554,0.8172850012779236,1.0251051187515259,0.14456895799958147
995,mps,150,-104554.28465250002,343,False,0.9927439297735691,0.5429966518528999,0.07875402706985672,4.290956209500631,542.5316772460938,1616.3154296875,5.795816833997378
996,mps,150,-157629.15787825873,513,False,-3.6914301094164452,1.5347351675672931,0.08957997578196228,4.301528471310934,1028.670166015625,934.8046875,6.082727416011039
997,mps,150,-87353.7203304866,286,False,2.611215255881349,0.946734838263219,0.079409686056509,4.3046542803446455,848.2235717773438,2302.61669921875,5.99359016600647
998,mps,150,-107066.27643567669,354,False,0.2821584917108218,0.4421438247551365,0.06664525916722293,4.317873973846435,454.92510986328125,1194.81787109375,5.825880625008722
999,mps,150,-153698.74520028514,500,False,-3.7235933677107096,1.354089503743841,0.04707016402351049,4.314568839073181,1071.6263427734375,1080.4591064453125,6.238190332995146
1000,mps,150,-117136.4069312547,382,False,-1.04755686792545,0.3362776472640113,0.032780345901846884,4.314842963218689,495.1833801269531,452.596923828125,6.053736832996947
1001,mps,150,-114173.60174666076,381,False,-0.8873340615754326,0.3168327165467781,0.019217065195553006,4.312578854560852,453.82391357421875,348.09307861328125,6.332572832994629
1002,mps,15,-170.9368141366065,0,True,1.3662772357463837,0.43123270305804906,0.006955882658561071,2.7835556507110595,93.87028503417969,73.98494720458984,0.5749089170130901
1003,mps,150,-111402.78789122001,366,False,-0.905136999518921,0.28485103189512756,0.06948664158582687,4.317829030354818,420.0146484375,4073.198974609375,6.052475957985735
1004,mps,150,-142219.22283951525,460,False,-3.1565082317466535,0.9518967278074706,0.16782962948083877,4.311108892758687,908.0284423828125,10082.4765625,6.029700875005801
1005,mps,150,-90729.11529399446,296,False,1.2854151848951976,0.3784808179200142,0.153064215083917,4.309973859786988,414.4218444824219,9191.00390625,5.881729291999363
1006,mps,150,-112277.43458121426,369,False,-1.036195147788773,0.2639102458387015,0.05914020873606205,4.317083382606507,501.6756896972656,3376.9375,5.994482874986716
1007,mps,150,-106953.42863323148,349,False,-0.7657295071582,0.23053969533653193,0.023496380349000295,4.310933620134989,466.7469787597656,871.3199462890625,5.815650500007905
1008,mps,150,-96849.07289502617,315,False,0.5213861981255468,0.19144134615887792,0.017727657166930536,4.323571748733521,253.1731414794922,272.1762390136719,6.001666167008807
1009,mps,150,-108597.3005626265,353,False,-0.432344084319969,0.1980353677049546,0.029431888948505125,4.3282842461268105,366.97265625,506.700439453125,5.842289374995744
1010,mps,150,-127856.33307388394,414,False,-2.373000461521248,0.46294948506113237,0.033428461071647084,4.339819523493449,683.4813842773438,1151.7059326171875,6.027430209011072
1011,mps,150,-63287.91115297576,206,False,3.0719667609532673,0.8550788765657853,0.030369908018425727,4.3444098297754925,477.9071044921875,476.7707824707031,5.9380604999896605
1012,mps,150,-122640.03941406337,406,False,-1.7741442001176377,0.31960285122467513,0.04220163360781347,4.354282269477844,482.21112060546875,647.8460693359375,6.062069999999949
1013,mps,150,-89763.53159993472,297,False,1.8253398138284682,0.42069710076849637,0.04492482616255681,4.353941561381022,486.28533935546875,1335.349365234375,5.935759625004721
1014,mps,150,-93103.37747495157,300,False,0.9524785313382744,0.17852241903460406,0.04037647905216242,4.361218992869059,270.71051025390625,974.7160034179688,6.186949249997269
1015,mps,150,-89143.42868193705,290,False,0.9956608517190519,0.15759600823083283,0.03464340220593537,4.373038177490234,173.8468017578125,400.1229248046875,5.993889042001683
1016,mps,150,-154265.9203802513,511,False,-5.115968356529872,1.568151841312647,0.02997268030885607,4.375315748850505,1248.4718017578125,2449.923828125,6.033749374997569
1017,mps,5,-5.168662064148762,0,True,1.8859686613082887,0.4073065459728241,0.001851062662899494,2.6698309421539306,56.909427642822266,39.853153228759766,0.18407058400043752
1018,mps,150,-92150.7501352566,299,False,0.4161723887672027,0.11548074656785805,0.017390921159336964,4.378855088551839,157.2607879638672,210.5731201171875,6.00694479199592
1019,mps,150,-143077.34973384818,472,False,-4.120858689645926,0.9917964311844358,0.02211122161708772,4.377743034362793,980.460205078125,1566.3834228515625,5.83601254200039
1020,mps,150,-87455.69390717699,283,False,0.9981127429008484,0.1462117569668529,0.02363532243296504,4.38742131392161,201.96458435058594,1029.5701904296875,5.885118833000888
1021,mps,150,-89365.77812820529,294,False,1.2968657740089111,0.2979007338417436,0.028009918462485076,4.391211007436117,431.84033203125,1672.0325927734375,6.520058750000317
1022,mps,7,-67.54072648335367,0,True,1.9579286575317383,0.6134375206061772,0.009034235296504838,2.817220381328038,94.03424072265625,56.74428939819336,0.2642734999972163
1023,mps,150,-133994.95225890676,438,False,-2.479854427014167,0.8061115511251652,0.02183077751037975,4.40291119893392,498.52215576171875,681.9127197265625,6.044669625000097
1024,mps,150,-107195.19102504065,352,False,-0.6718096267804503,0.17396034411678707,0.020532360871632894,4.396593844095866,206.4196014404297,415.17657470703125,6.060489333001897
1025,mps,150,-144835.6943295883,473,False,-4.286996648708979,1.0454607815202326,0.01985707292178025,4.405555909474691,962.1445922851562,1584.5506591796875,5.8830660410021665
1026,mps,12,-105.08920826244571,0,True,3.1023049354553223,0.9058077385028204,0.0034851636737585068,3.0519548257191977,178.17752075195312,87.61908721923828,0.4421981670020614
1027,mps,5,-8.786060240243188,0,True,2.648043155670166,0.6718256831169128,0.0031684794463217258,2.863110876083374,70.92081451416016,47.930320739746094,0.17313704200205393
1028,mps,150,-103450.59212048812,340,False,-0.4905046137484411,0.08992594578221694,0.020612940252758564,4.4105335839589435,200.41712951660156,246.4638214111328,6.145103625007323
1029,mps,150,-101628.3011281183,329,False,-0.2308120412627856,0.12302960825613506,0.019937106136543054,4.416023035049438,180.48696899414062,307.203125,5.8082744580024155
1030,mps,150,-118373.56527968674,394,False,-1.5039475362747907,0.20436092879642578,0.01861762798546503,4.420139799118042,427.5879821777344,741.3892211914062,5.8803478750051
1031,mps,150,-126840.5153431918,408,False,-1.8879610720276832,0.277181223815763,0.018910509548150004,4.421803476015727,464.8918151855469,526.3018188476562,5.987035458005266
1032,mps,150,-126624.66850797205,418,False,-1.484662937944134,0.22703833916622293,0.01935655970747272,4.433449899355571,355.10931396484375,341.47088623046875,6.120605791991693
1033,mps,150,-120209.12990838975,389,False,-0.7310431431730589,0.13578931565463487,0.018834031928951542,4.4389599466323855,193.3561248779297,261.1100769042969,5.731672040987178
1034,mps,150,-99388.86829251102,325,False,1.6448397967405617,0.3253939732192657,0.018569309112305442,4.433359700838725,452.8974304199219,1273.109130859375,6.045452541002305
1035,mps,150,-128081.76652204762,418,False,-0.9612632057567437,0.2952856859761717,0.021329209602748353,4.429280077616374,213.69541931152344,496.4841003417969,6.105550583000877
1036,mps,150,-104511.69203531426,341,False,1.7560296797410895,0.49796580572615007,0.01924327722750604,4.422325862248739,580.5533447265625,1883.269775390625,6.034651666996069
1037,mps,150,-95410.7987393601,315,False,2.3219333974520366,0.36222048332293827,0.018214982748031617,4.420049370129903,550.9337158203125,1260.4041748046875,6.175634083003388
1038,mps,150,-102300.00494494103,343,False,1.6668599583456913,0.22381835650235493,0.018191476970290145,4.414353753725687,365.16253662109375,865.9094848632812,6.085808999996516
1039,mps,150,-104250.83204336005,336,False,1.8621341659221797,0.447750657381949,0.020484575688218078,4.413079290390015,575.8071899414062,1616.106201171875,6.278227874994627
1040,mps,150,-163509.61048844317,537,False,-4.090598518053691,1.1051232312542076,0.02251920972019434,4.412146689097087,868.1434326171875,1401.8741455078125,6.091407333005918
1041,mps,150,-87979.67401905212,292,False,2.5475371253490446,0.3905448864152034,0.021240565652648608,4.4150163284937545,558.5624389648438,1252.9891357421875,6.663901250009076
1042,mps,4,-4.595727599096808,0,True,2.6638591289520264,1.2029271125793457,0.008469313848763704,3.0745466351509094,74.38948059082031,33.91456985473633,0.21329912499641068
1043,mps,150,-94538.23575906623,312,False,1.578560285369555,0.20976056138363977,0.022638787844528753,4.408642586072286,326.3121643066406,749.9593505859375,6.036480624999967
1044,mps,150,-88712.96843583739,289,False,1.2814950700725118,0.22546900858514468,0.01931977697337667,4.405708624521892,182.34788513183594,387.47418212890625,6.135989124988555
1045,mps,150,-95069.64687480123,307,False,0.31895385958254335,0.2101042084585788,0.020140225561335684,4.400067408879598,203.36672973632812,783.711181640625,6.054444458000944
1046,mps,5,-3.64602960032029,0,True,2.481426501274109,1.1512396574020385,0.0023115366697311402,3.0508728504180906,90.8046646118164,55.71635818481445,0.19409866699425038
1047,mps,150,-148774.0565767843,486,False,-4.80138697060446,1.342112191808507,0.020707020512005934,4.394716014862061,1150.169921875,2464.357666015625,6.046409167000093
1048,mps,150,-89956.03614987085,293,False,0.51368540349106,0.2146441412419275,0.02174684766291951,4.376160821914673,207.1937713623047,528.2072143554688,6.100187125004595
1049,mps,4,10.960691230589056,0,True,1.957949697971344,1.0023219883441925,0.001637113484321162,2.963963568210602,70.17160034179688,56.42066192626953,0.15687970801081974
1050,mps,150,-90499.93609691758,296,False,0.5528108676026264,0.09638565538322534,0.017530061295256017,4.383388732274374,99.75212097167969,199.0186767578125,6.083538916995167
1051,mps,150,-118599.0121495766,384,False,-1.5580883208910625,0.1840660102312298,0.02615220056924348,4.389233013788859,427.18707275390625,629.8377685546875,5.9301784170093015
1052,mps,150,-127646.74726152606,422,False,-2.921012752254804,0.5254012140445411,0.018417040375061332,4.38173304716746,760.0158081054688,1748.06884765625,6.021376124990638
1053,mps,150,-115913.06374847083,379,False,-1.9490474139961103,0.4419142225284789,0.020367669072002173,4.379747204780578,608.4583740234375,1527.880126953125,6.150276833010139
1054,mps,150,-120165.82679228105,393,False,-1.862800959966456,0.29195414029859423,0.02396000488350789,4.374354019165039,532.270263671875,1061.86083984375,6.197752457999741
1055,mps,150,-122438.43476782937,400,False,-1.9492717489619584,0.3216214071316347,0.03508954707533121,4.365036382675171,550.357666015625,1450.3480224609375,6.107138916995609
1056,mps,150,-93198.22690278632,306,False,1.313217833439509,0.1593242803926114,0.03103419575840235,4.348041872978211,254.4295654296875,1352.9461669921875,5.805304624998826
1057,mps,150,-95902.1934268329,310,False,1.6257140519221625,0.283432445753715,0.020819186742107074,4.349801940917969,446.56793212890625,1250.9041748046875,6.122131416996126
1058,mps,150,-90097.11718564275,293,False,2.5138656349976856,0.5098787953083714,0.018737535799543063,4.341462133725484,656.9823608398438,1388.6368408203125,5.955842499999562
1059,mps,150,-101236.46259666678,329,False,1.6367605029062058,0.38804909803442056,0.018671444773984452,4.347401386896769,511.71697998046875,1183.8265380859375,6.066453374995035
1060,mps,4,20.960691230589056,0,True,2.4251142144203186,0.9684407413005829,0.0014615438703913242,2.7542640566825867,73.10499572753906,59.336822509765625,0.16474516701418906
1061,mps,150,-115840.58371240656,382,False,-0.0032091032465298972,0.39394574605071586,0.03083235566969961,4.35593044757843,322.4784851074219,1062.9287109375,6.271948458001134
1062,mps,4,-4.595727599096808,0,True,2.2895195186138153,0.94703508913517,0.0010657533130142838,2.7526281476020813,72.2645492553711,29.380172729492188,0.17426804199931212
1063,mps,150,-174364.1359518641,563,False,-5.481155110994975,1.9092777813311357,0.041325530250711985,4.353066066106161,1166.5687255859375,1506.836181640625,6.261038999989978
1064,mps,150,-108037.64438896927,356,False,0.885523738351961,0.44998021202173427,0.03313932725267174,4.350321278572083,442.392333984375,1117.200439453125,6.132504749999498
1065,mps,13,-142.82419379880457,0,True,4.314580954038179,1.2200510593561025,0.0015666172212849443,2.975660562515259,230.26730346679688,99.32968139648438,0.4934801249910379
1066,mps,150,-134535.0133389105,440,False,-2.22719991919895,0.4930140387356126,0.03480896220115634,4.342051301002503,494.63134765625,722.1288452148438,6.05767566699069
1067,mps,150,-123461.97702019106,406,False,-1.5205055891225736,0.270516879108424,0.026360204612525803,4.335519693692525,380.047607421875,515.8011474609375,5.84135183399485
1068,mps,6,-34.269287303212145,0,True,3.123465637365977,0.8091029425462087,0.0021665223563710847,2.7409546772638955,101.498046875,44.05842971801758,0.22847445799561683
1069,mps,150,-47518.901303351886,154,False,5.167492420822382,1.6753671753939368,0.016972759854979813,4.3239893007278445,1061.1402587890625,1420.5987548828125,5.984966666001128
1070,mps,15,-208.4105710917198,0,True,3.6723408301671348,1.2841797788937888,0.006394660907487074,3.1147613525390625,246.2952423095703,120.54737091064453,0.557216833010898
1071,mps,150,-105834.82852978939,348,False,0.13184605138686797,0.1647124484505078,0.02088363979011774,4.314234379132588,149.6387939453125,557.8648681640625,6.111748958996031
1072,mps,150,-87815.98669818799,286,False,1.687678650120894,0.2367848121173059,0.021874064585814874,4.300680767695109,388.6462097167969,903.9655151367188,6.046581582995714
1073,mps,150,-135734.64106641387,441,False,-3.15928219700853,0.6661618321874994,0.016253614466016492,4.302555632591248,808.5382080078125,1109.671875,6.25686208299885
1074,mps,150,-139984.79807830523,457,False,-3.4513471901416777,0.7910901313181966,0.020486368080601097,4.293386308352153,873.4735107421875,1052.42724609375,5.764550624997355
1075,mps,150,-107222.36209956957,350,False,-0.7432070326595567,0.17722964222198545,0.01801205415589114,4.2827199920018515,367.6272888183594,663.9021606445312,5.861968708995846
1076,mps,150,-112508.97543247258,367,False,-0.6788936760400732,0.14054605842187204,0.0195426450499023,4.275996996561687,264.0685729980469,164.86135864257812,6.162059166992549
1077,mps,150,-99550.21400107851,327,False,0.5350312344605724,0.14252952638221209,0.018702906548666458,4.269596389134725,189.8386993408203,498.2550048828125,6.215653833001852
1078,mps,150,-128072.72170702083,418,False,-2.028180076107383,0.3825148012345502,0.018960638257364434,4.257413841883341,651.5575561523438,831.4318237304688,6.071935540996492
1079,mps,150,-99431.96590625159,328,False,0.6220403475686908,0.10441404310837242,0.02005947903729975,4.2510443083445235,199.94911193847656,459.9525146484375,5.967953334009508
1080,mps,150,-112750.08991858583,368,False,-0.7665786676496888,0.16103393742481975,0.017305364318502447,4.244898479779561,285.0999755859375,276.5566101074219,6.008194790993002
1081,mps,150,-139256.1017064204,456,False,-3.201397968629996,0.6598144081238813,0.017639595412959654,4.2463490041097005,857.1236572265625,1141.2828369140625,6.62830916600069
1082,mps,4,-4.595727599096808,0,True,1.9330511093139648,0.6903441101312637,0.003668078628834337,2.6997496485710144,66.0126724243164,25.36135482788086,0.16839099999924656
1083,mps,150,-106028.878377496,345,False,1.0545627227200505,0.35614918259021927,0.02084171299977849,4.2220056470235185,434.2493896484375,1274.234619140625,5.959647290990688
1084,mps,150,-94664.57321041159,312,False,1.5229803814614813,0.2854179693109472,0.016900352380859355,4.216568554242452,471.130126953125,1134.7161865234375,5.906104957990465
1085,mps,150,-57166.795015668584,189,False,4.308107497915626,1.3427273578364354,0.015809544711373746,4.207424041430156,960.1041870117188,1200.1644287109375,6.16396549998899
1086,mps,5,-3.64602960032029,0,True,1.9697945356369018,0.758711862564087,0.003741310955956578,2.7135242462158202,85.85675811767578,45.6591911315918,0.19734012501430698
1087,mps,9,-78.77051951841466,0,True,2.899005889892578,0.8126861585511101,0.0035342274802840417,2.767101764678955,154.729248046875,125.29199981689453,0.3508411249931669
1088,mps,11,-97.2780915164181,0,True,2.4264992367137563,0.8606048388914629,0.003266632091253996,2.8262360962954434,188.23831176757812,123.46781921386719,0.40488816700235475
1089,mps,5,-22.656287197076445,0,True,1.8186941146850586,0.5775223255157471,0.0027211285196244717,2.6593652725219727,77.77102661132812,39.61125946044922,0.18324770900653675
1090,mps,150,-96589.33591142656,315,False,0.2870700950656707,0.12370663828645774,0.01786216310070207,4.162453519503275,162.64715576171875,350.8382873535156,5.903099625007599
1091,mps,4,-4.159723904862403,0,True,1.942777380347252,0.4425554797053337,0.002110837842337787,2.6191371083259583,55.6595344543457,29.62656021118164,0.1584404169989284
1092,mps,150,-120470.1220357509,393,False,-1.200346389102439,0.3317787677169811,0.017641157497030994,4.1583629258473715,455.26165771484375,400.591796875,6.07849129200622
1093,mps,150,-118158.94905729778,384,False,-1.7913527208566666,0.27516286382451655,0.018458018829114735,4.151809431711833,625.53564453125,755.3895263671875,6.03299891599454
1094,mps,150,-101752.49830245976,332,False,-0.4902635538081328,0.1889746899831031,0.017821326550717154,4.142910094261169,419.2765808105469,859.7257080078125,6.042828584002564
1095,mps,150,-85660.29632383195,289,False,0.8833041576296091,0.2456779831327731,0.012576715083171925,4.14484431107839,210.9424285888672,421.8191833496094,6.198021249991143
1096,mps,4,2.235168999747465,0,True,1.6864381730556488,0.3157630190253258,0.0030428480240516365,2.5325191617012024,47.85649871826172,34.7299690246582,0.16123279101157095
1097,mps,150,-112407.22827468153,373,False,-0.8995786265159647,0.18000940944654834,0.01713923245513191,4.151331117947897,383.4331359863281,211.6558380126953,6.026179749998846
1098,mps,150,-73755.074682206,237,False,2.1162155269086362,0.40614398695557613,0.012606228760754068,4.147798283894857,432.15447998046875,565.9912719726562,6.15465637500165
1099,mps,150,-135328.76399182202,445,False,-3.409378270652766,0.7788530909845577,0.016957156305822233,4.1604482316970826,1076.08349609375,1834.1864013671875,5.886700707997079
1100,mps,150,-113004.94773313949,374,False,-0.843134507710735,0.152528807506363,0.016715726234639683,4.157669485410055,387.5157775878906,247.90354919433594,6.207897374988534
1101,mps,150,-88214.17561282836,288,False,1.6792864827811718,0.2799647264604331,0.01797796577991297,4.158402001063029,433.2360534667969,1026.9556884765625,6.3945418749935925
1102,mps,150,-161681.6290406856,525,False,-4.609717722833157,1.398674219455085,0.019509683487315972,4.168897875150045,1344.28076171875,1607.1873779296875,6.0596145410090685
1103,mps,150,-121937.60670854608,403,False,-0.8652690097068747,0.2505897803901462,0.015391400606992345,4.184624083836874,383.1966247558594,373.1904602050781,5.8792917499959
1104,mps,150,-92684.09525098055,304,False,1.6877515672706067,0.3443980385029545,0.01706546269978086,4.1953077173233035,511.3385925292969,1342.687255859375,6.11207704199478
1105,mps,150,-76560.9595102808,250,False,2.8374714756011965,0.49082162939012053,0.017181610162369906,4.213124861717224,626.3910522460938,1233.8116455078125,6.19311758299591
1106,mps,150,-86608.93947214136,280,False,2.136116876006126,0.40042229047045114,0.016714425903434554,4.228632885615031,575.9541015625,1422.098876953125,6.1481041249935515
1107,mps,150,-123316.2804196944,403,False,-1.553837626129389,0.24252253718290984,0.016193735459819437,4.249594348271688,477.0726013183594,691.2869873046875,6.266863750002813
1108,mps,150,-95312.3727678362,313,False,1.4029472588002683,0.2295500130217988,0.01937448743575563,4.252305472691853,358.7457275390625,837.6084594726562,6.028147583012469
1109,mps,150,-98978.8105531156,328,False,0.4584845264721662,0.12214540887158061,0.019900704052609703,4.254939114252727,157.50096130371094,349.6202697753906,5.82120562500495
1110,mps,28,-407.8217944854605,0,True,6.029195419379643,2.6763708804334914,0.0029909655401882318,3.7454639758382524,423.8553466796875,314.6207275390625,1.029196375005995
1111,mps,6,-20.515936904257373,0,True,2.9621865351994834,0.7468748092651367,0.0023905751683438816,2.703390916188558,101.83362579345703,72.4975357055664,0.23491395899327472
1112,mps,150,-169460.57711627008,554,False,-5.833488134418925,2.0944422871435138,0.020715654185041784,4.284740405082703,1352.3709716796875,2199.1875,5.9678339999954915
1113,mps,150,-137832.1378778643,455,False,-3.5489348845680553,0.9385932227810069,0.01713535443258782,4.286869196891785,970.515380859375,1888.5308837890625,6.1204806250025285
1114,mps,150,-78223.20108353252,253,False,2.485885012547175,0.38173723382254443,0.015832553437600535,4.29440834681193,517.6989135742188,1080.0465087890625,6.157840959000168
1115,mps,11,-91.90599704060693,0,True,2.6237046176737007,0.885806533423337,0.0027541099751198835,2.8456638943065298,191.42825317382812,78.73672485351562,0.4175867919984739
1116,mps,150,-137338.95374486735,448,False,-2.9470902672658363,0.5574033210294632,0.02043058683630079,4.306128819783528,700.9493408203125,982.0892333984375,5.8002698749915
1117,mps,150,-124858.13390495275,413,False,-1.768842892398437,0.3059088390668755,0.015564113793273767,4.301267379124959,489.0636291503906,649.1002807617188,6.072724333993392
1118,mps,4,3.0608672663261274,0,True,2.8931873738765717,0.6473978459835052,0.003742668137419969,2.6968043446540833,65.25215148925781,37.674285888671875,0.1709869169862941
1119,mps,150,-89713.31877462172,292,False,1.3251951696475346,0.14829913968841235,0.01757556230140229,4.302384996414185,269.74005126953125,606.4181518554688,6.242585832995246
1120,mps,150,-96539.19750327093,320,False,0.6282212960440665,0.09959001901313816,0.018823611110759277,4.3014785671234135,161.19656372070312,216.37266540527344,6.10732325000572
1121,mps,150,-88961.47065356943,294,False,1.0191030418872833,0.20463719925173487,0.01745228619935612,4.307873522440593,135.5205078125,369.83270263671875,6.488536208998994
1122,mps,4,-4.595727599096808,0,True,1.9638735055923462,0.5967440158128738,0.0015164141659624875,2.7215343713760376,63.087642669677734,36.407588958740234,0.17435704100353178
1123,mps,150,-106190.00401405536,342,False,-0.19987237511202693,0.0895938441412909,0.02079640360005821,4.324668493270874,200.14761352539062,383.42730712890625,6.162886541991611
1124,mps,150,-126255.31720187543,410,False,-1.930425707154597,0.350922139376274,0.02099322298270029,4.33438182036082,466.9527587890625,399.5581970214844,6.227767374992254
1125,mps,13,-143.52483330039755,0,True,3.4193739065757165,0.9179108715974368,0.0013219698224789822,2.9950254146869364,213.3009796142578,107.9572525024414,0.4678376249939902
1126,mps,150,-123656.74944423609,405,False,-1.860463622768099,0.33829945411664997,0.01865416251278172,4.343928505579631,472.9700012207031,537.3916015625,5.894862125001964
1127,mps,12,-121.36817093785214,0,True,2.129887133836746,0.7945719261964163,0.0022213449507641294,2.9401626189549765,196.28196716308594,112.96414947509766,0.48332324999501
1128,mps,5,-13.801367734253645,0,True,1.8346979379653932,0.5288864493370056,0.003467278415337205,2.764820766448975,75.05213928222656,35.88877487182617,0.18367120801121928
1129,mps,150,-153616.42994937513,508,False,-4.152082579961667,1.2719371727762214,0.019968288882325092,4.334883438746134,925.7963256835938,925.9292602539062,6.058235583011992
1130,mps,4,-7.9296913902463935,0,True,1.9230989813804626,0.4455204978585243,0.00966311851516366,2.7394278049468994,56.132625579833984,28.698974609375,0.17011554099735804
1131,mps,150,-115886.05927638481,383,False,-0.5938163980267321,0.24405752111750795,0.02439529892678062,4.34285631497701,290.79412841796875,838.69091796875,6.1498694170004455
1132,mps,150,-142004.99274529278,474,False,-3.0731291175385316,0.6933630169691363,0.020398775888606904,4.336329763730367,746.4432373046875,783.4270629882812,6.09410633299558
1133,mps,150,-81499.09112216422,268,False,2.611109189192454,0.5386150096537312,0.018632173246393602,4.330203671455383,653.2428588867188,1474.012939453125,5.923207333005848
1134,mps,150,-121700.33133029082,395,False,-0.8445932825903097,0.379115940488191,0.015629896828904748,4.335057541529338,363.7571716308594,928.0695190429688,5.926507083000615
1135,mps,11,-111.60774713303172,0,True,1.7669653567400845,0.5464521240104329,0.0023019223431633277,2.85176589272239,156.66763305664062,61.38423156738281,0.45128908299375325
1136,mps,150,-91247.14799003936,298,False,1.8930838469819475,0.3347987856329742,0.019018184162365892,4.3200952386856075,478.1429138183594,1211.8465576171875,6.107612791005522
1137,mps,150,-112402.26182786353,374,False,-0.47695830373559145,0.1284577481049492,0.018852065205574035,4.322598357200622,299.6574401855469,211.36795043945312,6.247038375004195
1138,mps,150,-143538.96699410517,473,False,-3.247311243613561,0.7864085529116468,0.021473530725731205,4.321931398709615,798.0526123046875,782.8871459960938,6.099711874994682
1139,mps,4,-9.376255133386394,0,True,1.1586963385343552,0.2954972870647907,0.001926992554217577,2.6641666293144226,47.55341339111328,28.28092384338379,0.16673958298633806
1140,mps,150,-88390.00083618819,290,False,2.041782888136804,0.45713340024580856,0.018903534474472204,4.30808448155721,578.697998046875,1796.30615234375,6.078440582990879
1141,mps,150,-153719.8492632511,497,False,-3.0332199895506102,1.204170897657829,0.0221679769611607,4.306497681935628,839.7230834960938,482.48089599609375,6.198333374995855
1142,mps,4,-4.595727599096808,0,True,1.3212074637413025,0.2866426557302475,0.0044917057966813445,2.656613826751709,47.10625076293945,26.397178649902344,0.169414207994123
1143,mps,150,-86687.3771228915,283,False,1.5799105399350326,0.23029948411140747,0.02039441087283194,4.292325822512309,337.1014099121094,731.2684326171875,6.135014708008384
1144,mps,150,-83530.19938902716,273,False,1.7711406160891057,0.2833655661550195,0.01762886715432008,4.289539108276367,400.6820068359375,844.1622924804688,6.1571730409923475
1145,mps,6,-44.66991383757473,0,True,1.7248970965544383,0.2771141206224759,0.0049305026574681205,2.6735443274180093,69.19291687011719,30.760854721069336,0.22165245799988043
1146,mps,150,-124187.48857271105,395,False,-2.035807619988918,0.3888381042998905,0.021432799293349188,4.270030105908711,772.7348022460938,1095.9339599609375,6.2774950839957455
1147,mps,150,-90253.83110261298,290,False,0.6251444858188431,0.13497185579758783,0.01843899944797158,4.264419086774191,210.03318786621094,185.15682983398438,5.849114208001993
1148,mps,150,-100900.90067273875,329,False,0.08207874817152817,0.1960287059227509,0.018868125500157474,4.260652419726054,352.1813049316406,426.6434326171875,6.095727583000553
1149,mps,150,-114470.09778198636,368,False,-1.9493650193574528,0.40947489046423924,0.01497039878508076,4.271881130536397,740.4093017578125,1447.424560546875,6.008722041995497
1150,mps,5,-5.740808136274012,0,True,1.0782337665557862,0.2567146003246307,0.0019049320602789522,2.6805492877960204,56.21981430053711,27.5346736907959,0.19042070899740793
1151,mps,150,-128127.56257628131,419,False,-3.2012278052217638,0.7192117164188164,0.021551013540787003,4.270978762308757,1043.5849609375,1810.058349609375,5.886112457999843
1152,mps,150,-90005.88427178719,296,False,0.43334124826515713,0.17195074420493256,0.0206715968134813,4.263558111190796,267.78106689453125,279.2936706542969,6.29722216699156
1153,mps,150,-114557.53653853123,372,False,-1.5388629771769047,0.24167905964316258,0.018314844437409192,4.271629748344421,569.0313110351562,693.7318115234375,6.184754375004559
1154,mps,150,-91380.1605782501,296,False,0.12719063512049616,0.19235773971266554,0.015567615271235506,4.265049301783244,250.4436798095703,638.153076171875,6.121909041001345
1155,mps,4,9.795231023831505,0,True,1.1294090747833252,0.27902253344655037,0.003243314102292061,2.6408376693725586,48.04022979736328,30.73288345336914,0.15822179200768005
1156,mps,5,-0.5056481776627635,0,True,1.1992324829101562,0.29297678768634794,0.003779631992802024,2.639861297607422,61.19194412231445,46.98971176147461,0.1839139579969924
1157,mps,150,-110328.92475050542,370,False,-0.9572655805324515,0.14661583360710362,0.015524376273776093,4.26104659875234,376.90966796875,270.3079528808594,5.994158083005459
1158,mps,150,-121676.02675852395,398,False,-0.9500275251890222,0.3853498653480832,0.021310664131306112,4.251625219980876,468.1340637207031,666.6102294921875,5.947512749989983
1159,mps,150,-99005.0930884465,325,False,0.6585000790345172,0.2533084686934497,0.018617115495726467,4.255873001416524,375.0723571777344,887.1721801757812,5.836258707990055
1160,mps,150,-87873.20768969733,289,False,1.5642916783628364,0.25160875934526944,0.016870936130483946,4.254551556905111,404.9186706542969,892.5098266601562,5.8677356249972945
1161,mps,150,-134105.55613920494,438,False,-2.445935460155209,0.5165285045327619,0.019369864891438434,4.245711654027303,677.8637084960938,409.85308837890625,6.5065396659920225
1162,mps,4,-4.595727599096808,0,True,1.3550485372543335,0.34539296478033066,0.0021252260194160044,2.580790400505066,54.071075439453125,21.566659927368164,0.15463208299479447
1163,mps,150,-110404.65612337507,360,False,-0.45416041117471956,0.16168423349236416,0.014701932665581504,4.235956865946452,274.5790100097656,264.7778625488281,6.0638098339986755
1164,mps,150,-96941.1737321419,320,False,0.5955603452399373,0.10044373064889442,0.017373565323650836,4.231730672518412,161.03636169433594,199.626953125,6.113513333009905
1165,mps,6,-34.02109504029249,0,True,2.225328485171,0.43275858958562213,0.002434743995157381,2.589561939239502,88.93440246582031,41.22702407836914,0.22424429201055318
1166,mps,150,-135571.53915393708,440,False,-2.423373139599959,0.5710526080409667,0.018043340345223743,4.209621926943461,689.4478759765625,402.9461364746094,6.191161833005026
1167,mps,7,-34.91510986969535,0,True,1.9687005281448364,0.49192491599491667,0.002782870483185564,2.6195273739951,108.88224792480469,80.05548858642578,0.26032308299909346
1168,mps,150,-114637.28401927884,373,False,-0.8254797603935004,0.22647475403617137,0.01769021978446593,4.195117519696553,311.6183166503906,408.1440124511719,6.195255291997455
1169,mps,150,-105315.15675813028,343,False,0.08303907912845412,0.10256916215884605,0.016952583923315008,4.187420555750529,222.79864501953125,418.0230712890625,6.118591500009643
1170,mps,150,-81898.9769707242,269,False,1.5054678251532216,0.3189851038511673,0.015512517893997331,4.179118177096049,228.01890563964844,331.8463134765625,6.007163665999542
1171,mps,150,-109962.89577214218,356,False,-0.778174653382351,0.14725441627047986,0.017652669466721515,4.177191239992777,415.3701171875,688.060302734375,6.241454791001161
1172,mps,7,-36.93913273367387,0,True,2.2126054423195973,0.6228631905147007,0.0023068050255200694,2.6541924136025563,121.23802185058594,65.45671081542969,0.2651372919935966
1173,mps,4,-2.05187787119322,0,True,1.955225020647049,0.525180496275425,0.0018638757173903286,2.5824093222618103,66.9325180053711,45.500221252441406,0.14347675000317395
1174,mps,6,-19.757772050121552,0,True,2.0641371806462607,0.5751747737328211,0.0016394264724416037,2.6086191733678183,102.57984161376953,53.38725280761719,0.21507879199634772
1175,mps,150,-116139.64199680566,382,False,-1.383073829881226,0.3158973793006286,0.017807301480012635,4.164845867156982,675.5018920898438,1401.347900390625,6.068097999988822
1176,mps,150,-91221.44591112983,297,False,1.166905771183471,0.14677136091585757,0.017778620078073192,4.154620695114136,264.21600341796875,441.8337097167969,6.206182334004552
1177,mps,150,-121902.6725029185,398,False,-1.1552720468429227,0.26951567235003987,0.017736817880067975,4.156770593325297,452.0370178222656,285.490478515625,6.139963166002417
1178,mps,4,18.349271285160036,0,True,1.6751219034194946,0.4938155487179756,0.001929071149788797,2.5012559294700623,65.74585723876953,47.515296936035156,0.16685845800384413
1179,mps,150,-89762.86485346126,292,False,0.6714595317840576,0.24928221986357432,0.017254854418958226,4.157128071784973,193.40805053710938,682.3717651367188,5.985121250007069
1180,mps,150,-129330.16477086704,428,False,-2.2850472162663937,0.4572221745046651,0.018821646152064206,4.155636180241903,728.0696411132812,1023.1219482421875,5.917613416997483
1181,mps,4,20.960691230589056,0,True,1.164145067334175,0.4927560091018677,0.004394305869936943,2.421258270740509,66.13519287109375,36.16107177734375,0.16619620801066048
1182,mps,150,-129548.70512686351,424,False,-2.25229214767615,0.3876209836297979,0.01993563407721619,4.146661098798116,672.70703125,618.8447875976562,6.6741379580053035
1183,mps,4,5.053551728569154,0,True,1.640558898448944,0.4729643985629082,0.0048944170121103525,2.324466824531555,65.64266204833984,31.827606201171875,0.19774008399690501
1184,mps,150,-142182.1408596606,467,False,-3.0561991208791732,0.6588395861815661,0.01796765354151527,4.132026433944702,937.2728881835938,1001.2554931640625,6.040666540997336
1185,mps,4,14.649115143395719,0,True,1.6588188111782074,0.4362470358610153,0.0034511021804064512,2.2572140097618103,64.0946273803711,55.44279479980469,0.16476829099701717
1186,mps,150,-118138.71288808671,387,False,-0.9134427880371611,0.14745291384861048,0.01596078830615928,4.116567145983378,419.6514587402344,501.2471618652344,5.91448545899766
1187,mps,4,12.515750350523163,0,True,1.8569678366184235,0.4182455986738205,0.002394985407590866,2.2283027172088623,63.0244255065918,29.753555297851562,0.16455837500689086
1188,mps,4,20.409482476303072,0,True,1.3696809262037277,0.39463452249765396,0.0018582866177894175,2.218958795070648,61.41674041748047,39.73160934448242,0.1428486249933485
1189,mps,150,-120938.93065924889,395,False,-0.02934549460808436,0.31891641993114417,0.016709389536796758,4.105716077486674,372.91534423828125,954.7103881835938,6.239763999998104
1190,mps,150,-138673.90654938528,457,False,-1.8412237093349297,0.5488016190481722,0.01856712859744827,4.091508696873983,614.403564453125,448.4044189453125,6.206528583003092
1191,mps,150,-115326.11831369383,383,False,0.559692604119579,0.4211324166661022,0.01986805212140704,4.086216864585876,514.265869140625,1405.7445068359375,5.8948878749943106
1192,mps,150,-141722.35924318453,462,False,-1.8510387576371432,0.7120890843809563,0.0146558063205642,4.075573782920838,609.74755859375,661.9405517578125,6.051438708993373
1193,mps,150,-152293.64995667414,497,False,-2.8073453217869004,0.849957498545967,0.01423040215857327,4.0640245532989505,868.9122924804688,544.8358764648438,6.088982999994187
1194,mps,4,19.143631150003202,0,True,1.0987317860126495,0.32777876406908035,0.0022514768643304706,2.114908993244171,57.58319091796875,39.122222900390625,0.16412950000085402
1195,mps,4,18.803903709481702,0,True,0.7748346477746964,0.3495161309838295,0.002919014950748533,2.112561523914337,59.04317092895508,37.977699279785156,0.14493183299782686
1196,mps,6,-1.1960962905182981,0,True,1.218919078509013,0.3654468357563019,0.00322517694439739,2.1007119019826255,89.32592010498047,43.17328643798828,0.22098274999007117
1197,mps,150,-97214.90188034442,319,False,2.0479245676596958,0.3968272383728375,0.016263236198574303,3.982161276340485,676.8277587890625,1343.974365234375,5.828683500003535
1198,mps,5,8.803903709481702,0,True,0.610684734582901,0.28074704110622406,0.002841075463220477,1.9940525770187378,66.83586120605469,32.49554443359375,0.199628375004977
1199,mps,7,-19.590517523696928,0,True,1.1604216737406594,0.30493971918310436,0.0022747988613056286,1.998430848121643,94.3830337524414,35.96010971069336,0.24139708299480844
1200,mps,11,-1.1960962905182981,0,True,0.7726077193563635,0.34955994378436694,0.0016126304293390024,2.027833006598733,148.41452026367188,88.12608337402344,0.3845501250034431
1201,mps,4,18.803903709481702,0,True,0.34476472064852715,0.12298312410712242,0.0010781647870317101,1.791983962059021,36.84605407714844,17.689067840576172,0.17326862500340212
1202,mps,150,-100427.57741304842,328,False,1.2286035934338968,0.26624919308368894,0.02152197389708211,3.908400334517161,451.759521484375,807.5687866210938,6.523479249997763
1203,mps,4,0.31187243330680303,0,True,0.40145321749150753,0.03662444930523634,0.0008610902732471004,1.6286658644676208,20.46822166442871,12.837349891662598,0.16302558399911504
1204,mps,10,-44.996876755450074,0,True,0.37563624754548075,0.07897459650412202,0.0009409756981767714,1.7005203127861024,59.655426025390625,21.41128921508789,0.38067333299841266
1205,mps,5,13.545583004744053,0,True,0.02172755151987076,0.004266522172838449,0.0007765919552184641,1.5389797925949096,1.7612937688827515,1.308017373085022,0.18274737500178162
1206,mps,4,25.151161771565427,0,True,-0.24632211029529572,0.016041628667153418,0.000817256499431096,1.48703071475029,13.868791580200195,5.821688175201416,0.15223691699793562
1207,mps,5,8.803903709481702,0,True,-0.14574980735778809,0.03402025126852095,0.0008662959793582558,1.4666023969650268,24.8559627532959,9.78861141204834,0.18325408299278934
1208,mps,150,-102185.6155605126,336,False,-0.16194876919190088,0.3763870734393519,0.029411364680466554,3.7807692821820575,727.4246826171875,761.0780029296875,6.270778292004252
1209,mps,4,18.803903709481702,0,True,-0.3394281081855297,0.05607582721859217,0.0006749309541191906,1.4445930421352386,27.180967330932617,14.501384735107422,0.17193450000195298
1210,mps,5,-22.506510295514886,0,True,-0.5653958916664124,0.04526072852313519,0.0008077498292550445,1.4645304203033447,29.345293045043945,19.507036209106445,0.19909300000290386
1211,mps,5,8.803903709481702,0,True,-0.18871656507253648,0.04651719406247139,0.0011445558280684053,1.4393309116363526,30.180295944213867,11.056316375732422,0.2037637080065906
1212,mps,4,14.401951854740851,0,True,-0.26356153562664986,0.03412566427141428,0.0009997870365623385,1.4335196614265442,21.153223037719727,10.888465881347656,0.1541134580038488
1213,mps,4,18.803903709481702,0,True,-0.09246551664546132,0.014189616544172168,0.0011677328730002046,1.4469178915023804,12.094985961914062,9.936738967895508,0.1453922920045443
1214,mps,5,58.8039037094817,0,True,-0.016435536183416845,0.004759997448491049,0.00149091558996588,1.4686453580856322,2.6453158855438232,5.032153606414795,0.18148816699977033
1215,mps,150,-124497.61168839634,412,False,-1.275952670413535,0.44131298687392584,0.0213805474814338,3.862896536986033,854.7857666015625,410.6181945800781,6.202368540994939
1216,mps,150,-115737.81142607538,379,False,-0.8858151231519877,0.29424341762554834,0.0180793582329837,3.878286754290263,731.763916015625,574.403076171875,6.171170583998901
1217,mps,4,14.401951854740851,0,True,0.12927320413291454,0.027344237314537168,0.001459144870750606,1.440634936094284,17.711891174316406,8.390026092529297,0.16234816699579824
1218,mps,150,-138407.4594385291,449,False,-2.0766631812850633,0.6193086823769287,0.019147826496046037,3.881117146015167,980.1021728515625,580.4869995117188,5.849932375000208
1219,mps,150,-121090.22717503711,396,False,-0.8057068129011895,0.2808205745702572,0.016199693189313014,3.888378483454386,664.2507934570312,875.41796875,5.97446562499681
1220,mps,9,18.803903709481702,0,True,0.44126128488116795,0.18512587911552852,0.004315701416797108,1.438116153081258,95.26215362548828,32.98822021484375,0.38953358300204854
1221,mps,150,-92456.00411833705,306,False,2.3034759628524384,0.5522490373248972,0.019388322963689763,3.8727302678426105,780.474365234375,1564.123291015625,6.307844791997923
1222,mps,7,-29.688127566693197,0,True,0.7369591806616101,0.1892401927283832,0.005977177726370948,1.3336230175835746,78.85785675048828,31.880125045776367,0.2827396250067977
1223,mps,150,-113103.06558008683,371,False,0.6787471708958037,0.27577858397930877,0.016683349205801886,3.8722408493359883,415.4244689941406,1010.7194213867188,6.275818708003499
1224,mps,150,-116964.98144715473,383,False,1.0248804377764464,0.7159437498985305,0.015822786569284895,3.868405071099599,714.2306518554688,1713.7567138671875,6.206005415995605
1225,mps,150,-121438.72302309862,398,False,0.017956082026163736,0.40051454556058164,0.018154836744070053,3.883610459168752,445.1064453125,1108.0802001953125,6.071497042008559
1226,mps,150,-112919.3947308892,370,False,0.5704253238932385,0.23985924993954996,0.019212915708776562,3.884871627489726,393.1839294433594,739.9472045898438,6.050116540995077
1227,mps,7,-19.039308769410944,0,True,0.8958732209035328,0.27781147190502714,0.0012895705876871943,1.3187027658735002,93.55306243896484,37.633392333984375,0.2678869170049438
1228,mps,13,-60.68846682499664,0,True,1.6235814415491545,0.557108882528085,0.0013695129444106268,1.5752759346595178,194.75704956054688,69.4299087524414,0.4937577090022387
1229,mps,150,-61133.07891708542,201,False,3.6138480233897767,1.271144112549955,0.02208158283494413,3.938004970550537,833.621337890625,729.8292236328125,6.196779792007874
1230,mps,150,-125877.6115291709,419,False,-1.6254957803028325,0.5082780815610687,0.03338335097107726,3.956901824474335,953.1841430664062,1667.7119140625,5.90054112499638
1231,mps,150,-86602.76253320079,283,False,1.4699055191874504,0.2835023123768042,0.029945897138677537,3.973404985268911,361.2787780761719,493.07879638671875,6.0168368750019
1232,mps,150,-97777.37076741392,319,False,-0.026767303744951884,0.4032565870631273,0.03671605800744146,3.9940127976735433,569.7537841796875,1389.5299072265625,6.124291500003892
1233,mps,7,38.8039037094817,0,True,0.5639315375259945,0.25267687014171053,0.000989473266859672,1.4851842096873693,88.09307861328125,38.496192932128906,0.26149379200069234
1234,mps,9,-2.051877871193227,0,True,0.8506230662266413,0.28000982933574253,0.0010435532183489865,1.5389018721050687,115.44190979003906,38.99296188354492,0.3251210829912452
1235,mps,11,-55.598048145259156,0,True,0.49437466805631464,0.28605450554327533,0.0010243905020285058,1.5874592065811157,139.30360412597656,55.245147705078125,0.4027069580042735
1236,mps,150,-100728.2796237071,333,False,-0.7706666414936384,0.25787759270584504,0.026806560777282964,4.014402706623077,642.7944946289062,1081.395751953125,6.052142291999189
1237,mps,10,8.803903709481702,0,True,0.44275872111320497,0.2062222830951214,0.0012238644529134035,1.5542811274528503,108.90363311767578,43.73467254638672,0.41411983300349675
1238,mps,150,-91142.44809759947,299,False,0.3312385986931622,0.18222734202043891,0.026425138455815612,4.010860226154327,425.5265808105469,266.90728759765625,6.132303291989956
1239,mps,9,18.803903709481702,0,True,0.5214588857359357,0.1275964379310608,0.0018493473503945603,1.4942470259136624,78.74506378173828,25.136518478393555,0.343849874989246
1240,mps,7,-11.196096290518298,0,True,0.2625280480299677,0.06776710306959492,0.0032257690826164825,1.442986113684518,46.52676773071289,14.086955070495605,0.25011312500282656
1241,mps,32,-251.6140374641729,0,True,5.316970298183151,2.2099777455587173,0.0058536546130198985,3.17796890437603,391.064697265625,339.1325988769531,1.2509447920019738
1242,mps,150,-95179.6579735078,312,False,-0.5626539260769884,0.34015962649188924,0.018571684223910173,4.0348103578885395,731.533935546875,1027.7318115234375,6.07591508400219
1243,mps,150,-102235.15246070217,340,False,-0.9932923473417758,0.3154094964883552,0.019860103415946167,4.0291782228151956,818.1920776367188,856.6143798828125,6.043142790993443
1244,mps,150,-128700.69936329407,424,False,-2.986980740229289,0.8198911104972164,0.01672844080720097,4.030055919488271,1221.1776123046875,1033.1866455078125,6.246106332997442
1245,mps,8,-29.03930876941095,0,True,0.06613120809197426,0.011505981841764878,0.0033093800593633205,1.412841722369194,4.479375839233398,9.928887367248535,0.2993279999936931
1246,mps,150,-135043.49540140852,435,False,-3.335113311211268,0.9860903752843538,0.020135542604451377,4.059754976431528,1367.9478759765625,1424.7459716796875,6.174684791985783
1247,mps,6,34.713824288047654,0,True,-0.04798310001691183,0.007282937733786336,0.0016500675895561774,1.3910322189331055,7.372812747955322,8.178293228149414,0.23765974999696482
1248,mps,150,-97407.96939696922,317,False,0.6603152546379715,0.5052015236425753,0.019897405658072482,4.078440091609955,619.347412109375,1530.881103515625,6.137129791997722
1249,mps,150,-115890.32554446379,378,False,-1.630378054442505,0.4183860064846946,0.025493519567341232,4.0859014654159544,804.6962890625,550.5097045898438,6.02345091701136
1250,mps,8,28.803903709481702,0,True,-0.03230657796302694,0.010715857140098706,0.0011690114843077026,1.384086325764656,3.3680100440979004,6.089425086975098,0.293330500004231
1251,mps,9,-39.039308769410944,0,True,-0.0008027408685949114,0.013105425876953328,0.0011436518010062475,1.3997795581817627,11.920924186706543,7.857218265533447,0.31597358400176745
1252,mps,4,14.401951854740851,0,True,-0.0722596796695143,0.004658259950701904,0.0010938609775621444,1.293454110622406,6.623006820678711,3.024475336074829,0.1452566670050146
1253,mps,4,18.803903709481702,0,True,-0.022025818936526775,0.0032821876447997056,0.0011227943177800626,1.2756052315235138,2.3456220626831055,3.886622667312622,0.1463983330031624
1254,mps,29,-318.8119410942668,0,True,3.6232217761190157,1.6178770444993429,0.0013762662821481455,2.8181744526172507,312.724853515625,226.9649200439453,1.1010027500014985
1255,mps,150,-80985.59137537809,266,False,2.2622235865704714,0.476283512915846,0.02520517265307717,4.07918915828069,577.2097778320312,1149.81005859375,6.273007875002804
1256,mps,9,18.803903709481702,0,True,0.12740695812842912,0.019708099220628758,0.001188575600584348,1.2202978663974338,22.264041900634766,10.321770668029785,0.3229715000052238
1257,mps,5,4.401951854740851,0,True,0.017692240327596663,0.002597576647531241,0.0010366791626438498,1.1393544912338256,1.254418134689331,1.6800692081451416,0.17990308300068136
1258,mps,150,-104911.77702830939,340,False,-0.028964481676618258,0.206128028047436,0.024005253902481247,4.07617653687795,493.5836181640625,288.1809997558594,6.093905665999046
1259,mps,5,8.803903709481702,0,True,0.038086676597595216,0.004102300316299079,0.0008803788805380464,1.095035147666931,0.8442752957344055,3.60347580909729,0.2035765420005191
1260,mps,4,0.31187243330680303,0,True,-0.010597889486234635,0.002001757357220413,0.0009624956583138555,1.0663332045078278,2.651421546936035,2.959571123123169,0.1421672090073116
1261,mps,150,-84951.47143196122,280,False,2.032805913028618,0.4866182655578814,0.01965801865560934,4.064507400989532,600.5928344726562,1238.2874755859375,6.372000458010007
1262,mps,150,-105120.46340448399,348,False,0.18598647460031012,0.3136949254542325,0.015732626758205394,4.068996409972509,525.2838134765625,662.119873046875,5.895505084001343
1263,mps,150,-96128.7813569456,313,False,1.1577815865228573,0.6194048849618412,0.017913603365886956,4.073849084377289,617.16650390625,1490.510009765625,6.148258291010279
1264,mps,150,-138411.32637660962,447,False,-2.269171220883727,1.0619592387092902,0.020700218417526534,4.052826340993246,1084.6075439453125,607.9161987304688,6.211552958993707
1265,mps,150,-127413.34811606603,413,False,-2.109738951275746,0.7106146334517204,0.0159203208082666,4.060710270404815,942.4888305664062,569.5438842773438,5.958942333003506
1266,mps,150,-87213.90504452071,287,False,1.0655551021173597,0.22124361096810086,0.018043229955558977,4.054263292551041,367.4861755371094,539.3883666992188,6.109979791988735
1267,mps,8,28.803903709481702,0,True,0.2626722166314721,0.051145206787623465,0.004788802587427199,1.1079173609614372,47.28562545776367,33.48880386352539,0.29096250000293367
1268,mps,150,-121151.85804227878,396,False,-1.4552888365586598,0.5514714561740403,0.014653917586741349,4.065995163122813,797.4069213867188,420.8851318359375,5.927928999997675
1269,mps,35,-466.23711239797825,0,True,5.348551554126399,2.20006486294525,0.003499353736905115,3.128887220791408,449.35125732421875,295.1649475097656,1.403940333009814
1270,mps,150,-139503.5126155015,449,False,-3.3618191222349805,0.9757480545559277,0.020865029086514067,4.079736066659292,1205.0318603515625,861.1852416992188,6.045124999989639
1271,mps,19,-113.0974304138912,0,True,2.6067402453014723,0.9412574770027086,0.001613180085673536,2.1230460530833195,260.50390625,84.99343872070312,0.7572924170090118
1272,mps,6,-5.598048145259149,0,True,0.19148741538325945,0.09475875397523244,0.0011959708062931895,1.203521986802419,51.8499755859375,15.939422607421875,0.23853545800375286
1273,mps,5,8.803903709481702,0,True,0.2697501048445702,0.090783029794693,0.0012219872092828154,1.2042511701583862,42.199859619140625,13.58590316772461,0.20313170801091474
1274,mps,10,8.803903709481702,0,True,0.41313381418585776,0.12936254888772963,0.0012784635066054762,1.2786209225654601,94.30870056152344,39.1270637512207,0.34802350000245497
1275,mps,150,-114439.08858258641,375,False,-1.674995167553425,0.37281299985324345,0.021714127366043005,4.078579932053884,845.4030151367188,759.5396118164062,5.975690874998691
1276,mps,6,-5.598048145259149,0,True,0.2097511583318313,0.044277788450320564,0.0008950254317217817,1.209084192911784,35.34749984741211,9.945444107055664,0.22626374999526888
1277,mps,6,-9.62751718372687,0,True,0.41537126526236534,0.031149959191679955,0.0010652313067112118,1.2222147782643635,28.275259017944336,12.040299415588379,0.2155686249898281
1278,mps,150,-99985.49881494642,330,False,0.11994138014192382,0.31449282435146414,0.021454155936371535,4.067481406529745,574.9964599609375,522.0809936523438,5.948987708994537
1279,mps,150,-89697.53189672228,295,False,-0.2594676783680916,0.5451838984499531,0.020509317740797995,4.070234295527141,763.988525390625,1098.11083984375,6.110060209000949
1280,mps,5,0.960691230589056,0,True,0.008851398341357708,0.004304231800779235,0.0011497681261971593,1.2710737228393554,4.2209882736206055,3.9116592407226562,0.20506383400061168
1281,mps,150,-132145.12781881168,436,False,-3.2599973188340665,0.9358772363866834,0.02062220116145909,4.067112650076548,1385.22314453125,1234.6318359375,6.351823666002019
1282,mps,4,18.803903709481702,0,True,-0.08208017365541309,0.005494025403095293,0.0015057999698910862,1.2576715350151062,6.43526554107666,6.670289039611816,0.1674587919987971
1283,mps,150,-103037.53880878926,338,False,-0.5387275393151989,0.26800572497152036,0.019962270150426776,4.067360014915466,724.1094360351562,336.6626892089844,6.167188042003545
1284,mps,150,-107136.1853609713,353,False,-0.6431516462688645,0.34163291608696456,0.017436620995091894,4.056715080738067,688.241943359375,371.6500244140625,6.209307083001477
1285,mps,150,-107455.42013706328,352,False,-0.6129138420398037,0.3074858085852611,0.022089470635789137,4.061002143224081,757.849365234375,317.43914794921875,6.011937999996007
1286,mps,150,-89941.77489668252,295,False,0.7266591622121632,0.21175818653377065,0.014992140196263791,4.053317701021831,453.8208923339844,359.72210693359375,6.258282458991744
1287,mps,150,-120570.23640592876,394,False,-1.9452987903356551,0.4864948277119644,0.01821242434903979,4.064443447589874,1004.7991333007812,999.5232543945312,6.033924417002709
1288,mps,6,48.8039037094817,0,True,0.17790021126468977,0.029497200894790392,0.0022561741449559727,1.265035887559255,27.9775390625,16.711156845092773,0.23319595798966475
1289,mps,4,14.401951854740851,0,True,0.10363235883414745,0.024984063813462853,0.0014252700202632695,1.2420569062232971,18.41427993774414,6.6939849853515625,0.14446720799605828
1290,mps,5,0.960691230589056,0,True,0.3329690515995026,0.03795465249568224,0.0013098279712721705,1.2540866374969482,27.466697692871094,15.25778579711914,0.18352204099937808
1291,mps,150,-128611.92904396042,420,False,-2.0211707974721986,0.4919500460945225,0.02153768199340751,4.08960556268692,914.2957763671875,513.8935546875,5.951981874997728
1292,mps,7,-11.196096290518298,0,True,0.3649596337761198,0.05267941685659545,0.0008001919736021332,1.2825202090399606,44.196861267089844,31.52875518798828,0.2613175830047112
1293,mps,5,8.803903709481702,0,True,0.24044912904500962,0.037794534116983414,0.001106679777149111,1.2703548192977905,28.30365562438965,9.162025451660156,0.21701829199446365
1294,mps,5,-3.680596945130972,0,True,0.47012012749910354,0.03252439294010401,0.0009443637914955616,1.2829997539520264,25.430904388427734,17.02902603149414,0.18903941700409632
1295,mps,4,18.803903709481702,0,True,0.10419801529496908,0.016349095152691007,0.0007472253491869196,1.2834177017211914,14.796426773071289,3.756432056427002,0.15925329200399574
1296,mps,9,18.803903709481702,0,True,0.2074815547093749,0.034622550403582864,0.0010999294463545084,1.3458027574751112,39.24536895751953,11.75076961517334,0.3318521659966791
1297,mps,4,18.803903709481702,0,True,0.004678664030507207,0.0015267288454197114,0.0007895678572822362,1.272537648677826,0.5309973359107971,1.0744640827178955,0.19206400000257418
1298,mps,4,18.803903709481702,0,True,-0.040802955627441406,0.005201009102165699,0.0007285322499228641,1.2841072082519531,6.642663478851318,2.9664676189422607,0.14676629099994898
1299,mps,4,18.803903709481702,0,True,-0.06865959544666111,0.009874770083115436,0.0006990986730670556,1.3014771938323975,10.838444709777832,4.039379596710205,0.14916516600351315
1300,mps,4,18.803903709481702,0,True,-0.06403525127097964,0.01067553466418758,0.0007742660091025755,1.3362078368663788,11.107131004333496,8.05009937286377,0.14601987499918323
1301,mps,4,18.803903709481702,0,True,-0.0769798532128334,0.011005214546457864,0.0007946541009005159,1.367904782295227,11.598799705505371,4.632052421569824,0.16548254201188684
1302,mps,6,-15.286175711952346,0,True,-0.12140156188979745,0.006975231661878449,0.0008143376423201213,1.4281228184700012,9.609527587890625,7.2632060050964355,0.2985899580089608
1303,mps,4,18.803903709481702,0,True,-0.031709117349237204,0.003637694870121777,0.000781943352194503,1.4466679394245148,4.510629653930664,1.9649714231491089,0.1721894170041196
1304,mps,150,-137573.85899998466,449,False,-2.211955851006011,0.6487910094229543,0.03356985206327712,4.128534894784291,941.3960571289062,649.9924926757812,6.1758034999947995
1305,mps,4,18.803903709481702,0,True,0.0724639329710044,0.008020463983257287,0.0008874467748682946,1.5351373851299286,8.819795608520508,2.7243778705596924,0.15857012500055134
1306,mps,8,-47.09186806691149,0,True,0.4403721026610583,0.031838607479585335,0.0007746486735413782,1.6013317555189133,34.120079040527344,17.111356735229492,0.2926552090066252
1307,mps,8,-29.590517523696917,0,True,0.21576980408281088,0.035743403335800394,0.0008199941221391782,1.632991760969162,38.40561294555664,12.377601623535156,0.2862505829980364
1308,mps,150,-96285.23366133419,317,False,1.8432037787884474,0.43111642569150715,0.026896069906651974,4.131749076048533,602.9036254882812,1045.9866943359375,6.102918667005724
1309,mps,150,-120266.59414847051,399,False,-0.41029743452556433,0.3200519350965275,0.019758388771830747,4.1262273613611855,597.9453125,449.88018798828125,5.916633582994109
1310,mps,150,-79923.74095086771,264,False,2.850801156014204,0.6431740150709326,0.01889016384491697,4.128015596071879,720.7570190429688,1098.16552734375,6.160396708000917
1311,mps,150,-92321.71785673096,299,False,1.5491697147907688,0.3747357702212646,0.01768722329599162,4.129989949862162,432.11614990234375,865.7113647460938,5.9468583749985555
1312,mps,150,-144367.61468745297,475,False,-2.611690792242686,1.0146808134358434,0.01973357761433969,4.139921700954437,978.3084716796875,478.48583984375,5.893005624995567
1313,mps,6,48.8039037094817,0,True,0.24900410075982413,0.03353263678339621,0.006436583586037159,1.6428682804107666,29.61895179748535,34.19160461425781,0.22618779201002326
1314,mps,5,9.143631150003202,0,True,0.2528471663594246,0.02698387149721384,0.004786379355937243,1.6232463121414185,22.92534637451172,16.25182342529297,0.19101487498846836
1315,mps,150,-92503.08168454158,306,False,1.516339126539727,0.38297462486058065,0.018219128424922626,4.1393658129374185,515.239013671875,995.7080688476562,6.093876166007249
1316,mps,4,18.803903709481702,0,True,0.22199189849197865,0.02217286662198603,0.0010878821485675871,1.6108432114124298,17.091184616088867,8.286026000976562,0.18095537500630599
1317,mps,150,-115024.6468267227,375,False,-1.1034963834285736,0.2743528976189312,0.022608035459415986,4.140661536852519,694.6217041015625,539.8287963867188,6.194214916991768
1318,mps,150,-111745.12842143684,364,False,-0.7431224493643579,0.2531656555409959,0.02658224824971209,4.1464587887128195,576.8358764648438,352.560546875,6.144521000009263
1319,mps,150,-108280.26444126609,354,False,-1.1070649991681178,0.3732012041687267,0.018615794411549966,4.12989269733429,779.9641723632812,1050.423828125,6.0946017499954905
1320,mps,4,18.803903709481702,0,True,0.2523288317024708,0.03306601452641189,0.0009678641363279894,1.6283420622348785,20.75303077697754,8.166305541992188,0.1723533329932252
1321,mps,10,-59.68812756669318,0,True,0.5344956643879414,0.08634063582867384,0.0009475668834056705,1.7213014841079712,73.99163818359375,32.4285888671875,0.45309041600557975
1322,mps,4,18.803903709481702,0,True,0.18876435235142708,0.028695812448859215,0.0010647956951288506,1.6413899660110474,19.322612762451172,11.76396656036377,0.16115775000071153
1323,mps,4,10.409482476303072,0,True,0.3464194182306528,0.023007174837403,0.0011619248543865979,1.6509370803833008,17.010780334472656,12.467571258544922,0.18615229200804606
1324,mps,5,58.8039037094817,0,True,0.17981845885515213,0.01937317573465407,0.001243231608532369,1.6753132820129395,18.77842140197754,7.0980353355407715,0.23290158300369512
1325,mps,150,-126440.97383043646,412,False,-2.0333703098756573,0.4916650607242294,0.02360556461925929,4.1469212961196895,952.8304443359375,659.304443359375,5.963815625000279
1326,mps,4,-0.22796859535247194,0,True,0.1300239593256265,0.0019912640045731678,0.0011780248896684498,1.6547119617462158,1.8118704557418823,4.443121433258057,0.16755158299929462
1327,mps,7,38.8039037094817,0,True,0.02978002599307469,0.008153351888592755,0.0012866336785789048,1.7045327765601022,5.6283392906188965,4.976826190948486,0.24996895900403615
1328,mps,150,-129194.53624230543,424,False,-2.1189507528270286,0.5908204905841558,0.025236162193274746,4.139308012326558,1056.1351318359375,703.3788452148438,6.15436316600244
1329,mps,150,-139989.16091600253,459,False,-2.917614792982737,0.874129829229787,0.016258651048410684,4.135069707234701,1219.4638671875,705.5478515625,6.2084317919943715
1330,mps,150,-85688.63406013207,277,False,1.0447476321458817,0.46459728842621795,0.017334751727369924,4.139928159713745,467.5136413574219,598.8911743164062,6.18897287499567
1331,mps,150,-127959.3137508846,419,False,-2.0081202951073647,0.5218461871817999,0.018763973925573132,4.14269790649414,952.20849609375,523.8290405273438,6.049063208993175
1332,mps,4,18.803903709481702,0,True,-0.10531274508684874,0.010187831168877892,0.0020663746108766645,1.6788389384746552,11.003702163696289,6.167897701263428,0.17879125000035856
1333,mps,10,4.3323073713124955,0,True,0.22614492028951644,0.022790905322472098,0.0022509861271828415,1.7814927339553832,13.360895156860352,25.07155990600586,0.3847647920047166
1334,mps,6,-1.1960962905182981,0,True,-0.025585561137025554,0.00591250650541042,0.001766257007451107,1.7198954423268635,3.995988130569458,4.630746364593506,0.22460808399773668
1335,mps,14,-50.87097708263403,0,True,1.1278183485597506,0.36517990811648815,0.0010797337786893227,2.1576755813189914,81.2856216430664,48.35721206665039,0.5320250829972792
1336,mps,6,48.8039037094817,0,True,0.023414537116574746,0.0054546047176700085,0.0009455373316692809,1.7692156831423442,4.593245983123779,3.905200958251953,0.21523145800165366
1337,mps,150,-81970.91366128004,270,False,3.098223281651735,0.8333678895908331,0.022434544938538845,4.179327380657196,903.4772338867188,1627.8426513671875,6.0542236659966875
1338,mps,150,-164012.24924090412,534,False,-3.4685762246449787,1.655024463842031,0.03371379885453886,4.183853178819021,1213.142578125,795.7311401367188,5.910990083008073
1339,mps,5,58.8039037094817,0,True,0.029747436195611952,0.003565420681843534,0.0006966798333451152,1.7716393709182738,2.1824872493743896,3.1755754947662354,0.20631770801264793
1340,mps,5,58.8039037094817,0,True,0.08227615877985954,0.0035284158075228333,0.0008611915342044085,1.7895168304443358,2.0194547176361084,4.173763751983643,0.16803379201155622
1341,mps,4,14.401951854740851,0,True,-0.026850475696846843,0.0022026263450243277,0.0007212236960185692,1.7979428470134735,3.383787155151367,2.1428592205047607,0.18338850000873208
1342,mps,9,-35.667692628687504,0,True,0.13934398022118127,0.02515470208053077,0.0006624419798350169,1.965680678685506,22.421634674072266,15.008830070495605,0.4368054999940796
1343,mps,4,20.409482476303072,0,True,-0.03196820616722107,0.0027077158738393337,0.0005880464814254083,1.9012247323989868,2.7805066108703613,1.497313380241394,0.17821695801103488
1344,mps,150,-134356.19630974793,437,False,-0.8958513748149077,0.7768639631563565,0.03208778926384791,4.208439116477966,704.2611083984375,999.3157958984375,6.377101500009303
1345,mps,4,19.143631150003202,0,True,0.03313312120735645,0.0014309797006717417,0.0007065331155899912,2.0071443915367126,0.5495643615722656,3.3909993171691895,0.1514614580082707
1346,mps,6,28.166452637826154,0,True,0.26428683816144866,0.009535891387107162,0.0008273615773456792,2.122163454691569,10.299747467041016,11.607866287231445,0.210339124998427
1347,mps,7,38.8039037094817,0,True,0.1393432150528367,0.014628024086570284,0.0006969236627420676,2.2207185540880476,16.23175621032715,7.079328536987305,0.2578732910042163
1348,mps,150,-99629.4333653832,326,False,1.8949811030179262,0.6912514179331871,0.031036287711273567,4.232256655693054,744.9248046875,1588.8902587890625,6.008226582998759
1349,mps,150,-114407.77098465142,374,False,0.5700827731750906,0.5186192949536235,0.02298946409408624,4.236793891588847,589.424560546875,1184.887451171875,6.223374666995369
1350,mps,150,-123988.38798527507,402,False,-0.36693369949857396,0.47286972303933,0.023386863820875684,4.239928806622823,585.0626220703125,792.1036987304688,5.88191320799524
1351,mps,11,-101.76257891469095,0,True,0.5253403053872965,0.06169526444645354,0.001023735544136302,2.544603326103904,51.20589065551758,27.33708381652832,0.40451483300421387
1352,mps,150,-104026.5547996827,339,False,0.6086735530942678,0.2791841077666444,0.020032531800679862,4.236151758829752,415.9353942871094,494.86761474609375,5.863903582998319
1353,mps,150,-108796.04793947896,363,False,-0.32448800617828966,0.21833681441195948,0.02062699439469725,4.24746311823527,480.2484130859375,377.9313659667969,5.906837082991842
1354,mps,150,-95368.88036590358,310,False,1.3139558400213718,0.38090998459485187,0.02160301906988025,4.243320325215658,498.6664733886719,972.8734741210938,5.9952516249904875
1355,mps,4,18.803903709481702,0,True,0.09161121894430835,0.004308559138522128,0.006219154805876315,2.5020286440849304,6.210772514343262,12.463038444519043,0.16419154198956676
1356,mps,150,-83123.7623614199,269,False,1.7936534644166628,0.3950831901659452,0.01879840366076678,4.235461562474569,475.3731384277344,675.4863891601562,5.891660291003063
1357,mps,11,-21.127991811719433,0,True,0.724210366437381,0.10048068272987042,0.0019025137245824392,2.6973496783863413,71.61345672607422,25.812389373779297,0.4178372919996036
1358,mps,150,-104251.85757002604,346,False,-0.4273346499539912,0.25033687589831366,0.021565300768318897,4.234460956255595,613.5216064453125,559.399169921875,6.030058458010899
1359,mps,150,-108891.39029197107,357,False,-0.5818862247715394,0.277994110090045,0.02357392018311657,4.228274219830831,593.6515502929688,343.6128234863281,5.999718457998824
1360,mps,150,-127696.47473378197,416,False,-2.9838242291783295,0.7236536307989687,0.02035915549650478,4.222138276100159,1208.9256591796875,1373.2713623046875,6.07811162500002
1361,mps,150,-124057.09443829405,403,False,-2.6280714083711305,0.6311424030887429,0.02475263054560249,4.23084189414978,1071.2998046875,1232.950927734375,6.414703665999696
1362,mps,6,-43.55031301231006,0,True,0.47235146909952164,0.030567925966655213,0.0011255998397246003,2.5449712673823037,27.390522003173828,14.614731788635254,0.23861341700830963
1363,mps,30,-420.70890109571803,0,True,5.454007508357366,2.4073668891719233,0.0014840371867952248,3.7593984365463258,354.5896911621094,297.246337890625,1.1842357919958886
1364,mps,150,-138229.55027082714,452,False,-3.328137554923693,0.8424273360598211,0.024380933907814324,4.234948339462281,1198.5303955078125,1067.7421875,5.768000249998295
1365,mps,150,-126151.12537954607,413,False,-2.403818930039803,0.5055392524363318,0.018525756335972497,4.2272306235631305,974.3113403320312,798.7283935546875,6.113387249992229
1366,mps,150,-179787.38550275945,590,False,-6.775432802041371,3.0695989143972597,0.021574651345144958,4.230429395039876,2210.5654296875,2478.7314453125,6.153391207990353
1367,mps,9,-10.906797334016034,0,True,0.6587790184550815,0.07883703398207824,0.002620524959638715,2.631494151221381,62.32844924926758,31.72713851928711,0.36000716699345503
1368,mps,5,-11.218669767322837,0,True,0.3938619166612625,0.03171247858554125,0.0026702021714299917,2.5520612239837646,24.681076049804688,15.16344165802002,0.18034904199885204
1369,mps,4,11.788961779488982,0,True,0.6241528429090977,0.026319430442526937,0.002471000887453556,2.5509210228919983,18.085514068603516,15.732807159423828,0.15239395899698138
1370,mps,150,-120057.96460450531,394,False,-1.4573816624904672,0.33405082798232494,0.020078651069973905,4.2440201314290364,708.1211547851562,442.09783935546875,6.060008249987732
1371,mps,150,-80461.09440509709,259,False,2.46091226875782,0.6291762878152076,0.020657397382116565,4.2438081947962445,672.4904174804688,1179.828369140625,6.139954124999349
1372,mps,150,-101844.5198291628,331,False,0.06076635997742415,0.2248298479673349,0.01789820711904516,4.248682284355164,416.8927001953125,228.1161651611328,6.00830808399769
1373,mps,150,-118203.49539569339,386,False,-0.6872556144744157,0.3166973461469873,0.02096288101747632,4.2522417338689165,601.0384521484375,525.0265502929688,5.976972959004343
1374,mps,4,19.977445912680643,0,True,0.46049127355217934,0.028733656043186784,0.002539525623433292,2.6137081384658813,18.75457763671875,10.675874710083008,0.1736274169961689
1375,mps,150,-84304.79780650341,279,False,2.0137275129556658,0.410605040123531,0.01774590450959901,4.259506050745646,494.13140869140625,856.1424560546875,6.262056416991982
1376,mps,4,8.56271299673432,0,True,0.6828163117170334,0.026339669013395905,0.002603383210953325,2.5811983346939087,18.447383880615234,13.312206268310547,0.17098641699703876
1377,mps,5,-9.688127566693197,0,True,0.4015623778104782,0.029600369557738305,0.0022161026950925588,2.5931556224823,23.83626365661621,10.743073463439941,0.17812466699979268
1378,mps,5,8.803903709481702,0,True,0.2733058869838715,0.02522533228620887,0.0016193946124985815,2.5949660301208497,21.501855850219727,10.667137145996094,0.18160358299792279
1379,mps,4,-2.697505169114052,0,True,0.4236358441412449,0.01065621996531263,0.0011130162456538528,2.555338442325592,11.44272518157959,8.033098220825195,0.14846358299837448
1380,mps,150,-102858.83944153941,337,False,0.44272827591747044,0.25719574532212996,0.020144195927617452,4.259804256757101,430.8111877441406,581.115966796875,5.967674291998264
1381,mps,150,-94730.85969604201,312,False,1.0406540212066224,0.2841790857890834,0.02453534973668866,4.26369428952535,433.63507080078125,659.7290649414062,6.557097042008536
1382,mps,4,-23.550313012310063,0,True,0.10130650922656059,0.0024861512602001312,0.0006877732957946137,2.5498719811439514,2.4644901752471924,5.398548603057861,0.16772066699923016
1383,mps,150,-98382.97516630922,322,False,0.4293290570816801,0.23561884835779304,0.022685325734782963,4.2649416844050085,472.7960205078125,297.2591552734375,5.970180499993148
1384,mps,150,-97771.92360824032,315,False,0.4172773331985809,0.23534401368360258,0.017681714900148412,4.260743064880371,457.2351989746094,409.9773864746094,6.106968292006059
1385,mps,150,-52181.60894720938,168,False,4.051572063068549,1.3092942231548175,0.01731092852074653,4.267792158126831,889.34326171875,1149.228759765625,6.115383041993482
1386,mps,8,-57.344987907012595,0,True,0.13432176411151886,0.011308997385640396,0.0026764877111418173,2.665893644094467,12.676589965820312,13.967845916748047,0.3023123329912778
1387,mps,5,-16.235499216914697,0,True,-0.028044897317886352,0.003296595146821346,0.0027215913869440556,2.617068958282471,3.333796262741089,6.065945625305176,0.20717441699525807
1388,mps,150,-93801.80513120738,306,False,0.29198241118962565,0.22570151886382595,0.01697878445032984,4.256333467165629,426.6247863769531,352.05609130859375,6.127060458005872
1389,mps,150,-98048.93725760354,317,False,-0.4751180427024762,0.25851428020702544,0.018561247277539224,4.255659886995951,625.66650390625,653.3644409179688,6.093771833999199
1390,mps,150,-116329.9805312564,379,False,-2.262656226779024,0.5510732167050204,0.019956691439729182,4.251670195261638,1047.4483642578125,1201.7286376953125,6.142198000001372
1391,mps,150,-145270.22264975947,464,False,-4.820893883307775,1.5292345383033776,0.02389311285301422,4.253631180127462,1761.3436279296875,2091.924072265625,5.678452958993148
1392,mps,14,-92.17639855743178,0,True,1.3964835926890373,0.38688075020088164,0.0026003975071944296,3.0602261338915144,109.56275939941406,65.53955078125,0.5277692920062691
1393,mps,150,-122691.56813686152,400,False,-3.091348749184981,0.9207831496687277,0.0218141206241368,4.253804952303568,1287.827880859375,2113.901611328125,6.098736332991393
1394,mps,150,-96474.2502217543,314,False,-0.022657796101799854,0.20006549635154441,0.017692466653728235,4.251957556406657,477.8740234375,305.1814880371094,5.971612124994863
1395,mps,150,-107440.40615700283,350,False,-1.3999059972912073,0.2891349973473431,0.017670936450983086,4.256485761006673,729.0150146484375,641.9344482421875,6.324273917009123
1396,mps,150,-122666.41737254262,397,False,-2.3352544440329073,0.4772437778865181,0.018107415976313254,4.265260543823242,859.5880737304688,480.4743957519531,6.0018813330098055
1397,mps,150,-113946.61629689464,376,False,-1.0334748822947344,0.4528870072829401,0.020454535841320953,4.266305306752523,518.4937744140625,652.6946411132812,5.974975666002138
1398,mps,12,-146.79380418547825,0,True,1.098619135717551,0.17561997814724842,0.005189532840934892,2.8898560404777527,119.69709777832031,45.8021240234375,0.4537664590025088
1399,mps,150,-116954.43577228647,382,False,-1.4293058011184137,0.3680408872574723,0.020246902390693624,4.265223026275635,584.3075561523438,327.3028259277344,6.303435874986462
1400,mps,150,-112089.16488243736,365,False,-1.1167932478354001,0.20575514699536068,0.02036084189855804,4.268941284815471,503.46343994140625,278.4183654785156,6.158811792003689
1401,mps,150,-111159.62110250548,362,False,-0.6169586027165254,0.20004283084405566,0.02066503438477715,4.263949937820435,471.715576171875,314.5245056152344,6.28820979098964
1402,mps,150,-92574.35539683347,304,False,1.1025754562517007,0.2067100992318592,0.017362249626312404,4.264855680465698,320.428955078125,588.8788452148438,6.098576000003959
1403,mps,150,-102663.99265091763,340,False,0.05037519831210375,0.15440382551318105,0.015887028929622224,4.252189610799154,290.539306640625,210.33546447753906,5.923701500010793
1404,mps,150,-102808.11941480717,339,False,-0.1388439922221005,0.18054309020892106,0.019511977534275502,4.246448012987773,390.8132629394531,712.7178344726562,5.991724791005254
1405,mps,150,-127303.06412417986,413,False,-1.7920719079424938,0.4014897854199838,0.01994527753132085,4.24731629371643,611.09326171875,312.5495300292969,6.228055750005296
1406,mps,150,-80428.57871378523,258,False,2.1350688087940215,0.38765008879204593,0.015191782399391134,4.243868892987569,559.385986328125,1074.387939453125,6.236418833010248
1407,mps,150,-123383.77278537887,405,False,-1.5806583418821296,0.23258094525634684,0.016614273035277922,4.246001176834106,576.5721435546875,444.936279296875,6.076683708000928
1408,mps,150,-150552.94754590813,486,False,-3.7372614383200804,1.0627260614820018,0.022285195970907806,4.2339899587631225,1088.119384765625,1136.7020263671875,6.189700874994742
1409,mps,150,-95082.06851404667,314,False,1.1424572826176882,0.1630857669369046,0.017995888972654937,4.223802517255147,317.4393615722656,719.9952392578125,6.284119500007364
1410,mps,27,-301.7999043314193,0,True,6.609705907327157,2.846618444831283,0.005241630650642846,3.7054336071014404,526.5853881835938,303.7701721191406,1.0101498330041068
1411,mps,150,-118299.19417375245,388,False,-1.021876372549062,0.16056132072524937,0.01638769918742279,4.22448446114858,340.00018310546875,199.90296936035156,5.844582500008983
1412,mps,15,-161.91556126695127,0,True,4.368850914637248,1.6157614787419636,0.002425293019041419,3.0803733825683595,358.7048034667969,153.61279296875,0.54423066599702
1413,mps,19,-126.44643918232298,0,True,4.695184280997829,2.23855017360888,0.0026869326401011725,3.3787691467686702,430.26300048828125,222.6903839111328,0.7074854579987004
1414,mps,7,-54.31804801678652,0,True,2.656233412878854,1.0344979166984558,0.001210586799840842,2.724554947444371,177.56857299804688,97.84125518798828,0.26065308299439494
1415,mps,150,-127089.33239900753,415,False,-1.6480829866230489,0.23415121121914126,0.022427069949141395,4.191814606984456,554.7377319335938,534.3908081054688,6.0875685829960275
1416,mps,4,-3.9125606162075357,0,True,3.570229947566986,0.9404657036066055,0.0009346035221824422,2.659947633743286,101.15299224853516,71.75837707519531,0.20132954200380482
1417,mps,150,-124187.30976236264,402,False,-1.518598242489,0.2532713541339035,0.021290559954553222,4.190562270482381,525.0202026367188,671.3799438476562,6.09634333300346
1418,mps,6,24.54669313361459,0,True,2.6335508028666177,0.9671512941519419,0.0010744079481810331,2.7261822621027627,151.9805450439453,80.39385223388672,0.2654892499995185
1419,mps,150,-117197.88685889436,381,False,-0.4404875008016825,0.10303161117530787,0.01892561143729836,4.184494919776917,247.5966796875,325.4090881347656,5.973050874992623
1420,mps,5,-9.676759841066492,0,True,2.4342251300811766,0.9224301695823669,0.0010717425495386124,2.754737949371338,125.0585708618164,47.09781265258789,0.19721949999802746
1421,mps,150,-110190.9947937273,362,False,-0.2210922192471723,0.22278401129622769,0.020758718150512626,4.174896717071533,395.20782470703125,995.7589721679688,6.45288654199976
1422,mps,4,-11.361429758337682,0,True,2.9055070281028748,0.8626392036676407,0.0015456465480383486,2.7799676656723022,98.022705078125,53.43296432495117,0.16936008300399408
1423,mps,150,-126954.10874433219,408,False,-1.2231013008207083,0.1813239113675081,0.016654989363159983,4.174322814941406,495.49969482421875,477.0181884765625,5.935593875008635
1424,mps,150,-83510.78931927425,272,False,2.272655894520382,0.41981485535549534,0.014039206396167478,4.171505047480266,552.839599609375,547.6964721679688,5.939891834001173
1425,mps,6,-39.31398308984083,0,True,2.6936023036638894,0.8265746533870697,0.003227302571758628,2.8700865109761557,143.03016662597656,54.43690872192383,0.2355898330133641
1426,mps,150,-47101.972871308215,152,False,5.6409686137239134,2.118958205021918,0.018199924458749593,4.173094034194946,1560.0185546875,2026.7904052734375,6.107988332994864
1427,mps,7,-39.445280138369355,0,True,2.131413323538644,0.7285052878516061,0.0035511080973914693,2.888482468468802,158.72091674804688,88.40510559082031,0.27467333400272764
1428,mps,150,-139094.774959227,452,False,-2.2175169794633987,0.4281909834016794,0.01753691483133783,4.16327841758728,720.7681884765625,471.80438232421875,5.894586875001551
1429,mps,6,-23.680596945130972,0,True,2.3659345706303916,0.6559260586897532,0.0033297776632631817,2.911068240801493,129.3799591064453,46.60947036743164,0.2930665419989964
1430,mps,4,-13.00936626473495,0,True,2.41166090965271,0.5600554496049881,0.002872430661227554,2.8830337524414062,81.82701873779297,49.4468879699707,0.14991629200812895
1431,mps,150,-82459.85678773823,270,False,2.6383331855138143,0.5191310814519723,0.017932507642544806,4.153756373723348,733.472412109375,1074.8155517578125,5.977263749999111
1432,mps,150,-88380.05864180035,285,False,2.78618100611493,0.7624666750507458,0.014588021627472093,4.146224021911621,914.3775634765625,1848.2529296875,6.0390742080053315
1433,mps,150,-85696.62891160349,279,False,2.164789854089419,0.3820489686479171,0.016577929460133114,4.138450915018717,579.4130249023438,948.2205810546875,6.182410249995883
1434,mps,4,4.713824288047654,0,True,1.2714312970638275,0.3481254205107689,0.0012060809531249106,2.8980799317359924,66.15210723876953,38.92120361328125,0.16858666599728167
1435,mps,150,-102506.6333195371,330,False,0.765574461966753,0.2291486432858316,0.020796237577839445,4.130283041000366,405.67535400390625,807.2167358398438,6.1018069999990985
1436,mps,4,18.803903709481702,0,True,1.8019697964191437,0.27009980753064156,0.0010595908534014598,2.879468619823456,58.62290954589844,46.539947509765625,0.15989020800043363
1437,mps,150,-125163.29342906462,408,False,-2.0119545688852667,0.372637644061809,0.016993008987046778,4.12650606473287,843.0266723632812,923.423095703125,5.931649541002116
1438,mps,150,-93172.2562010494,303,False,0.9304186066985131,0.22414347938579643,0.01903611036677224,4.130686259269714,378.5350646972656,569.6953125,6.231272874996648
1439,mps,5,8.803903709481702,0,True,0.818725860118866,0.18631882667541505,0.0011031930451281368,2.8130885124206544,61.510250091552734,40.8021125793457,0.1946690420008963
1440,mps,150,-125713.27800976473,414,False,-2.5764736288910113,0.5318976938877191,0.015983463882779082,4.132774957021078,1090.1688232421875,1478.0279541015625,5.911528875003569
1441,mps,6,28.166452637826154,0,True,0.9378132273753484,0.1695383774737517,0.00148435829517742,2.7575539350509644,69.6376953125,34.927345275878906,0.2493488750042161
1442,mps,150,-121721.53391111,399,False,-2.295505930998673,0.5100266079957313,0.018792005799865973,4.119960503578186,1059.986572265625,1552.900634765625,6.298763291997602
1443,mps,150,-112836.71275828255,367,False,-1.4033667094508806,0.3822170498687895,0.016394355158942442,4.12237663269043,897.6888427734375,1503.08837890625,5.960255541998777
1444,mps,150,-76068.08470439719,247,False,1.4619438129446158,0.5073841988398893,0.014007896897383035,4.124144077301025,385.2213439941406,604.2913818359375,6.079943959004595
1445,mps,150,-89606.76464051133,293,False,0.884232117440212,0.1940524610087247,0.018943454430749018,4.126411039034526,334.7995300292969,484.1138610839844,6.048477707998245
1446,mps,150,-119632.81801402273,390,False,-1.7076833797742923,0.3387707679835148,0.017684688296479484,4.1298999468485516,875.1995239257812,901.6793212890625,5.980665916998987
1447,mps,150,-90337.89726454458,296,False,0.7201273817010224,0.1896345775939456,0.014650685486073295,4.12239466826121,348.0278015136719,256.05548095703125,6.118013375002192
1448,mps,5,58.8039037094817,0,True,0.7192589581012726,0.1309588819742203,0.0024941500276327135,2.417372703552246,52.740203857421875,26.479127883911133,0.19018229200446513
1449,mps,5,50.35896282941581,0,True,0.9133562266826629,0.13502011746168135,0.0018757254118099808,2.3569430351257323,53.584999084472656,22.364990234375,0.18428308299917262
1450,mps,150,-139882.51476951974,461,False,-2.7518124531333643,0.7811214133348161,0.017475923319191983,4.1272943449020385,1050.9354248046875,516.5830688476562,6.06201437501295
1451,mps,150,-114601.64697985994,380,False,-1.1479582715538952,0.22675968267693558,0.016220871223292004,4.119218468666077,600.1123046875,437.3658447265625,6.279822540993337
1452,mps,6,-45.77089145037028,0,True,0.9294353624184927,0.14773408696055412,0.0012727954308502376,2.2060316801071167,67.10863494873047,27.028316497802734,0.2364194999972824
1453,mps,6,-24.296337936295572,0,True,0.9259224881728491,0.1416764756043752,0.0012129243308057387,2.149931271870931,66.44992065429688,31.579498291015625,0.21168120800575707
1454,mps,14,-37.96996333833855,0,True,1.6026501804590225,0.5419149739401681,0.0016110990795173816,2.5139853273119246,198.9473876953125,83.92647552490234,0.5240244579908904
1455,mps,4,10.409482476303072,0,True,0.7461770512163639,0.09532543644309044,0.0011677462607622147,2.069928377866745,37.304927825927734,23.632583618164062,0.15429995801241603
1456,mps,4,18.803903709481702,0,True,0.2165989726781845,0.07413376308977604,0.0010099162464030087,2.0562958121299744,33.04460906982422,20.40526580810547,0.15095045800262596
1457,mps,6,-26.136656372731927,0,True,0.8077444757024447,0.07093589069942634,0.000902600916257749,2.0598946611086526,46.59099197387695,21.041303634643555,0.2121185419964604
1458,mps,10,-48.89404682325125,0,True,0.882138304412365,0.08958155894652009,0.0008964848995674402,2.1299083471298217,79.6340103149414,31.802494049072266,0.35184412499074824
1459,mps,4,11.105953176748748,0,True,0.16348209138959646,0.013337583863176405,0.000768441881518811,1.9839220643043518,13.353474617004395,4.084174633026123,0.1470822080009384
1460,mps,4,18.803903709481702,0,True,0.021928731817752123,0.002514748106477782,0.0007235783123178408,1.9658722579479218,3.058316469192505,0.7339991331100464,0.1449411250068806
1461,mps,6,48.8039037094817,0,True,-0.0360190588204811,0.004917761946974982,0.0007652178561935822,1.9780500332514446,6.0161824226379395,6.710915565490723,0.2742219159990782
1462,mps,5,0.960691230589056,0,True,-0.20751478672027587,0.01704875025898218,0.0006089163420256227,1.9685378789901733,19.438982009887695,8.539887428283691,0.23362166700826492
1463,mps,4,11.105953176748748,0,True,-0.22950459644198418,0.037082129158079624,0.0006672579329460859,1.9656883478164673,24.8288631439209,12.628751754760742,0.17702208399714436
1464,mps,5,0.40948247630306867,0,True,-0.28423830568790437,0.04290876276791096,0.0006218231632374227,2.014582395553589,33.12440872192383,18.108125686645508,0.2580444159975741
1465,mps,150,-132421.5860839538,434,False,-2.6756811239694556,0.7401120141311064,0.03827185941316808,4.067258723576864,1335.5477294921875,1018.45947265625,6.258096709003439
1466,mps,7,-7.72931913856705,0,True,-0.45574200925018105,0.04075238524767753,0.001020087781528543,2.1373893192836215,40.40159606933594,26.070344924926758,0.30961883399868384
1467,mps,5,-19.5314978949068,0,True,-0.4031231179833412,0.04697859175503254,0.0008404251944739372,2.1105058670043944,34.65850830078125,17.294296264648438,0.20079112499661278
1468,mps,150,-172129.3918712323,564,False,-5.3353976866727075,2.4391882475460926,0.03525163217408893,4.084101510047913,2071.997802734375,1217.3387451171875,6.172805124995648
1469,mps,150,-108224.49319708729,352,False,0.016021819915622473,0.46110740241823805,0.019894273733953013,4.078044780095419,640.2810668945312,925.9166870117188,5.822508708995883
1470,mps,150,-101079.77008397495,328,False,0.4238011074283471,0.2704067916558112,0.018984484694665297,4.087719198862712,511.56317138671875,582.8475341796875,6.081618333992083
1471,mps,150,-136963.4328054178,448,False,-2.510111928333839,0.8996675386198331,0.018666898345109074,4.091939067840576,1082.0311279296875,639.654541015625,6.029236624992336
1472,mps,6,-16.364384571517185,0,True,0.0782142096819977,0.004667062286898727,0.002399494250615438,2.130607803662618,1.9866148233413696,8.963305473327637,0.22341008299554233
1473,mps,5,-11.46248151991685,0,True,0.11922111450694502,0.005154115988989361,0.003479737462475896,2.1280367374420166,6.453319549560547,10.675633430480957,0.18235633299627807
1474,mps,150,-82961.42222652439,271,False,1.8218578171357513,0.4010964285978662,0.01647093933230887,4.101499857902527,499.2799987792969,508.600830078125,6.089743834003457
1475,mps,150,-91759.13451673285,300,False,1.4295877848689755,0.32349645243304015,0.017696994710713624,4.107192257245382,474.9159851074219,874.2107543945312,5.8588288339960855
1476,mps,150,-131343.9610922162,427,False,-1.9308049397791425,0.5043688026813773,0.016552472980692984,4.106804095904033,927.4912719726562,404.7966613769531,6.170453334008926
1477,mps,150,-104945.85535231062,343,False,0.6277102433269223,0.4164245529123036,0.018840746839220324,4.116756191253662,504.0354919433594,1163.3350830078125,6.220807374993456
1478,mps,150,-115629.09201143627,380,False,-1.1018430532689671,0.25500716424188047,0.017004215749911965,4.114623478253683,743.5787353515625,766.2825317382812,6.113374207998277
1479,mps,6,48.8039037094817,0,True,0.5333278179168701,0.07961146719753742,0.0013853468117304146,2.190509041150411,50.220733642578125,27.09770393371582,0.24667862498608883
1480,mps,150,-109703.58645679001,366,False,-0.11014940418303013,0.255856873307348,0.01859595505675922,4.1237100378672285,458.3843994140625,518.2471313476562,6.106021416999283
1481,mps,4,18.803903709481702,0,True,0.45401062443852425,0.09629350528120995,0.001455804711440578,2.1497992277145386,37.81450271606445,20.1435546875,0.15538637500139885
1482,mps,150,-116226.83055285607,382,False,-0.8942945045232773,0.34925158123563355,0.019146866518228004,4.1294653065999345,513.5675048828125,555.9114379882812,6.54328645899659
1483,mps,4,4.713824288047654,0,True,0.8304217867553234,0.1261658761650324,0.0017204208415932953,2.1109588742256165,43.1674690246582,19.436948776245117,0.17887316600535996
1484,mps,21,-245.5026473009641,0,True,4.054542104403178,1.4836317605915523,0.002131112890007595,3.1163209847041538,334.8809509277344,119.41040802001953,0.821684374997858
1485,mps,5,1.1059531767487485,0,True,0.7151849806308747,0.14742286652326583,0.0020345330238342287,2.135904550552368,57.259422302246094,18.803218841552734,0.20435637499031145
1486,mps,150,-127246.7833385637,417,False,-2.545407826403777,0.5962772619475921,0.023206294840201737,4.117176009813945,1104.5274658203125,1446.5445556640625,6.156656457998906
1487,mps,150,-164870.6332556608,542,False,-5.650142240412533,2.173569311152266,0.015615210320490102,4.108202533721924,2069.583740234375,2776.937744140625,6.10235804101103
1488,mps,4,10.960691230589056,0,True,0.8202624209225178,0.1089085042476654,0.001815127267036587,2.124936044216156,40.060508728027344,18.750686645507812,0.16773141699377447
1489,mps,150,-91054.06971428372,300,False,0.9282829291125139,0.23404601030129318,0.017983172624371945,4.109841292699178,408.0517883300781,559.5057373046875,6.051113666006131
1490,mps,4,4.713824288047654,0,True,0.6960415989160538,0.09144393634051085,0.0016551276203244925,2.1480628848075867,36.83938980102539,16.542585372924805,0.16534933300863486
1491,mps,4,17.750910309134404,0,True,0.6832071244716644,0.07417506817728281,0.0016799783916212618,2.155203342437744,33.4791259765625,17.45926856994629,0.1513097499992
1492,mps,4,3.1832820874180143,0,True,0.6827327571809292,0.06073462124913931,0.0014822565426584333,2.1898289918899536,30.153329849243164,20.847156524658203,0.1505088749981951
1493,mps,150,-86500.05299287384,284,False,0.8814387184381485,0.3308879210985242,0.018608693131245673,4.117868146896362,489.54327392578125,259.72808837890625,5.9406079160107765
1494,mps,4,10.409482476303072,0,True,0.3236118257045746,0.03332238062284887,0.001432709686923772,2.250536799430847,22.074312210083008,7.957701683044434,0.1687185830087401
1495,mps,6,-10.544496416689995,0,True,0.5279140621423721,0.035155892449741565,0.0014799683121964335,2.3020511865615845,31.36697006225586,18.48651123046875,0.23725916699913796
1496,mps,150,-116829.09569984843,382,False,-2.2967846374128325,0.6392604307008832,0.017957275193184616,4.118591275215149,1201.5802001953125,1597.4420166015625,5.9639325000025565
1497,mps,4,11.105953176748748,0,True,0.17126401490531862,0.005036034799559275,0.0012254534231033176,2.307705819606781,6.646592140197754,5.614433765411377,0.17075575000490062
1498,mps,150,-115517.82437565975,377,False,-1.973401534954707,0.4307694289957484,0.02148158863419667,4.133891447385152,1019.4072265625,1077.4261474609375,5.988463750007213
1499,mps,5,-14.659930391474632,0,True,-0.012498929165303707,0.0031443288280570414,0.0011216363636776805,2.395957088470459,0.9638081192970276,4.308559894561768,0.20112949999747798
1500,mps,150,-91669.96990368649,298,False,-0.4528873937468355,0.5415543897827232,0.02038968637973691,4.1436939573287965,774.4915161132812,1435.7872314453125,6.175643082999159
1501,mps,4,18.803903709481702,0,True,-0.09132592100650072,0.005474862133269198,0.0008951622003223747,2.439482629299164,7.5851616859436035,5.315107345581055,0.19260541601397563
1502,mps,150,-113980.54783808342,371,False,-1.2285542968598504,0.3814295833733922,0.022054979233459258,4.162922018369039,805.6635131835938,450.1527099609375,6.387668334005866
1503,mps,10,-49.086956176884115,0,True,0.3388071399182081,0.0329523975502525,0.0009639961703214794,2.663130021095276,27.65574836730957,29.702701568603516,0.3673347500007367
1504,mps,4,19.174969551738698,0,True,-0.052761825907509774,0.0034530504044596455,0.0008687974914209917,2.5813902616500854,4.370432376861572,4.229712963104248,0.1468426250066841
1505,mps,150,-109481.01689928916,361,False,-1.07498450408224,0.27425490898588406,0.022544605354002368,4.178113554318746,770.6138916015625,654.3880615234375,5.929111916993861
1506,mps,8,15.59412278802705,0,True,0.08569647232070565,0.014393990924872924,0.000990641456155572,2.730231076478958,14.325066566467285,17.033916473388672,0.29318849999981467
1507,mps,150,-101579.11278500031,334,False,0.07203921728612234,0.21594695501963676,0.016523972945287825,4.187312076886495,506.1214294433594,244.75714111328125,5.9682664580032
1508,mps,150,-127017.21938333962,421,False,-2.186913998598854,0.4928006703061692,0.01750927773847555,4.19581905523936,1024.4012451171875,1008.2080078125,6.2614933750010096
1509,mps,150,-146558.3406743714,479,False,-3.340375074048837,1.024906764900273,0.01687262322443227,4.194546655019124,1237.52880859375,663.3262939453125,5.96536533300241
1510,mps,14,-206.69582720137998,0,True,1.699322926678828,0.3761207989383755,0.0040403675687100205,3.049499716077532,123.50698852539062,64.15505981445312,0.5792017920030048
1511,mps,150,-119980.65298799585,399,False,-1.1165373932073515,0.3003907949647752,0.021748675781612596,4.2064846913019815,607.8931884765625,444.71160888671875,5.935872542002471
1512,mps,150,-106334.40125252024,356,False,0.05769309355566899,0.17783418238261825,0.019265319185021022,4.205974394480387,382.316650390625,237.1727752685547,6.143981291010277
1513,mps,13,-134.90261051250545,0,True,1.6315353237665617,0.27801404076700026,0.0019378580439549226,2.9956617171947775,132.10769653320312,75.82865142822266,0.5072170000057667
1514,mps,150,-133847.02345979968,438,False,-1.2678409240643183,0.7525037276023068,0.020161248811054976,4.204768581390381,710.3568725585938,1022.8223876953125,6.118445166997844
1515,mps,5,12.27949537994769,0,True,0.7611851871013642,0.07170583084225654,0.0010805230005644262,2.820945072174072,40.003089904785156,16.54751205444336,0.19625575000827666
1516,mps,4,0.6800289809368536,0,True,1.1378466933965683,0.06042645312845707,0.0009083242039196193,2.8069021105766296,30.379810333251953,20.89293098449707,0.15128791600000113
1517,mps,8,-9.631659501335072,0,True,1.0482912436127663,0.15080637903884053,0.001167842150607612,2.9297111332416534,85.12920379638672,34.85030746459961,0.2919819579983596
1518,mps,8,3.4659086591573356,0,True,1.2817912213504314,0.1478545218706131,0.0011385271718609147,2.9483625292778015,82.00498962402344,38.41699981689453,0.306316041998798
1519,mps,8,-8.588174593639891,0,True,0.8376918956637383,0.08713974780403078,0.0009182033536490053,2.923619866371155,66.3615493774414,30.378341674804688,0.3021622920059599
1520,mps,10,-12.075038617319635,0,True,0.6873632058501243,0.11677887421101332,0.0008715934178326279,3.0077048540115356,88.7258071899414,51.41346740722656,0.3531294589920435
1521,mps,4,14.401951854740851,0,True,0.35510462895035744,0.019626623950898647,0.0006586722156498581,2.908785045146942,16.864465713500977,17.755783081054688,0.15461574999790173
1522,mps,150,-94905.34568256213,309,False,1.65446191996336,0.4986518760518326,0.033281371968332675,4.197269988059998,634.0247192382812,1408.7969970703125,6.388647500003572
1523,mps,150,-83159.58446244181,269,False,2.7594027811971804,0.9702655338867286,0.025165580382260185,4.196370608011882,958.0147705078125,1957.908447265625,6.239009290991817
1524,mps,150,-108850.61098319381,357,False,-0.020424147721690437,0.23013337594415437,0.02317891100188717,4.195496444702148,551.4169311523438,460.49481201171875,6.011786333008786
1525,mps,150,-102929.62112265329,334,False,0.8636133024344842,0.6094318177047353,0.02485157835103261,4.190485556920369,633.7159423828125,1635.68115234375,6.187793416989734
1526,mps,150,-101695.75914862314,335,False,0.9491111869225278,0.5022193680075141,0.020443239826709033,4.19454896291097,634.2568359375,1305.12939453125,6.1647091249906225
1527,mps,150,-140511.57589686423,454,False,-2.529679577201605,0.8767484317060734,0.020964685742898535,4.189046889940897,1063.9923095703125,585.4299926757812,6.073111749996315
1528,mps,6,-7.865766566212002,0,True,0.03015645407140255,0.007865384332641648,0.0021578624534110227,2.956413666407267,3.467514753341675,8.627217292785645,0.23404620800283737
1529,mps,5,-2.8694468221261076,0,True,-0.03893784985411912,0.0040968047240767195,0.0031236073933541774,2.9316554069519043,0.9649702310562134,7.70938777923584,0.17784387500432786
1530,mps,150,-126062.19307879405,413,False,-2.2867546394467353,0.49040319797136667,0.015120429100158313,4.1778063933054606,1014.5624389648438,824.888671875,6.071304957993561
1531,mps,150,-103315.93712322482,338,False,-0.5112100318943461,0.27858732839600026,0.018352760643077393,4.168874588012695,661.2281494140625,750.849365234375,5.988309458000003
1532,mps,150,-96309.26365899124,317,False,0.07575279944265882,0.2012300129432712,0.01928051948392143,4.163257953325908,437.49932861328125,262.7066650390625,6.027320249995682
1533,mps,150,-106831.03451235969,350,False,-0.8179956959436337,0.289521330344578,0.015910309427417814,4.161286714871724,706.4251098632812,858.77880859375,6.09130654099863
1534,mps,150,-100149.97954220486,329,False,-0.01255805928260088,0.22874910940739787,0.017573079138528555,4.155064940452576,567.7291870117188,278.0328063964844,5.979108208004618
1535,mps,150,-110223.45951791064,360,False,-0.1637894970178604,0.3550271651688187,0.02016375043274214,4.1593018086751306,567.822265625,724.5623779296875,6.138094333000481
1536,mps,23,-219.06627962359772,0,True,4.3427613474752595,1.537142959828286,0.0028039379166844096,3.5920794632123862,292.61077880859375,146.47201538085938,0.8523723340040306
1537,mps,150,-74443.54052996411,242,False,1.9439361381530762,0.6674819566528094,0.017976826500768463,4.165573852856954,534.4702758789062,308.86871337890625,5.685237249999773
1538,mps,150,-96806.35237634208,321,False,0.43055369493861995,0.176587536065684,0.01669604117516428,4.168217569986979,382.73974609375,211.17884826660156,6.259749749995535
1539,mps,150,-83616.75426309936,273,False,1.4240159646670023,0.2552234721724138,0.018923802914408348,4.186743308703105,373.53839111328125,506.9872131347656,6.245911833000719
1540,mps,150,-115840.73494170171,382,False,-1.335095807686448,0.24753904460104725,0.017172733184415846,4.190015171368917,701.3221435546875,502.2319030761719,5.96954704199743
1541,mps,150,-117429.45307205201,387,False,-1.6261628843347231,0.26695820678335924,0.02016791990104442,4.203762528101604,729.9788208007812,569.0125732421875,6.31682258300134
1542,mps,4,-23.550313012310063,0,True,1.4883505553007126,0.1560282912105322,0.002065975684672594,2.69193834066391,48.03891372680664,30.5986328125,0.1719712089980021
1543,mps,19,-227.24760749938363,0,True,3.82785879938226,1.3439859583189613,0.0022424138028566774,3.4236337887613395,314.54620361328125,141.43040466308594,0.7491025000053924
1544,mps,4,-8.672909475418365,0,True,1.6295535415410995,0.20009110122919083,0.0021076754783280194,2.7327901124954224,53.93252182006836,43.276180267333984,0.16412954099359922
1545,mps,8,15.887366491246588,0,True,1.2611190006136894,0.28989494405686855,0.001915561209898442,2.843826651573181,121.27426147460938,38.12153625488281,0.278626165993046
1546,mps,15,-83.9238183304382,0,True,2.5590818881988526,0.8227287044127782,0.0025541844544932244,3.2013999621073403,252.853271484375,99.78459930419922,0.5431760000064969
1547,mps,150,-101543.04525294466,330,False,0.12441893087079127,0.18663619094074724,0.021714668155958256,4.240727210044861,317.5513916015625,629.7017211914062,6.086292666994268
1548,mps,5,5.59412278802705,0,True,1.0376503229141236,0.14209406971931457,0.0013170277466997503,2.7864745616912843,57.41963577270508,35.95848083496094,0.20024070799991023
1549,mps,150,-154248.13369446766,505,False,-4.9132055043180785,1.6108221506839617,0.01700730073110511,4.229535075823466,1625.138916015625,1785.1236572265625,5.841633666990674
1550,mps,150,-144880.89133727545,473,False,-3.764448433915774,1.111716315000085,0.021908063339069486,4.242636062304179,1191.217041015625,699.8433837890625,6.151611249995767
1551,mps,150,-87986.2514649159,292,False,1.1234903454780578,0.2782758952330429,0.018410333491240938,4.247749703725179,393.3576965332031,804.634765625,6.17638208300923
1552,mps,150,-113514.47101586837,373,False,-1.5117157044323781,0.26946736355937295,0.02007851828044901,4.240305123329162,662.7579956054688,409.66326904296875,6.177015749999555
1553,mps,9,17.325068307690486,0,True,1.043547769387563,0.17177626159456041,0.002140818474193414,2.860156218210856,106.82511138916016,50.54520034790039,0.33520741599204484
1554,mps,26,-257.56354293250945,0,True,4.98975098820833,1.735074932472064,0.0041298012320811935,3.7108619396503153,394.2444763183594,164.53009033203125,0.977548625000054
1555,mps,150,-121928.7862498196,397,False,-1.9116719512827693,0.35687295019325876,0.018806220688857136,4.250148638089498,762.8197021484375,502.3285217285156,6.220476458998746
1556,mps,150,-79760.4327944486,259,False,2.0186309585968654,0.4219816883128078,0.0155640666714559,4.247999377250672,512.8286743164062,1224.6314697265625,5.981666250008857
1557,mps,6,-16.816717912581986,0,True,0.630408301949501,0.08615954220294952,0.002494244370609522,2.7459923028945923,53.90363311767578,30.231210708618164,0.22160504199564457
1558,mps,150,-139522.9202301993,458,False,-3.404451584716638,0.8572715645330027,0.0186019623807321,4.243659173647563,1203.3067626953125,940.1988525390625,6.210561750005581
1559,mps,150,-90991.01858407952,298,False,1.0324882173041503,0.2468691568050417,0.018957388090590634,4.239901536305745,360.50726318359375,735.10205078125,6.110837458996684
1560,mps,6,-4.40587721197295,0,True,0.6409182498852412,0.07238511865337689,0.0018020816496573389,2.6723368167877197,49.49176025390625,23.831510543823242,0.2261653750028927
1561,mps,4,14.401951854740851,0,True,0.5026632212102413,0.04800899978727102,0.0016071450081653893,2.627887785434723,27.885828018188477,26.350372314453125,0.16321549999702256
1562,mps,150,-138106.48004193534,453,False,-3.053533691166473,0.8621243380883713,0.02037093060168748,4.24702100276947,1077.0675048828125,521.02392578125,6.464861082989955
1563,mps,10,-42.32125401764324,0,True,1.1685258775949479,0.1120888164266944,0.0017153372638858855,2.7021004915237428,91.43213653564453,56.02344512939453,0.3787142910005059
1564,mps,150,-111880.69157683718,367,False,-1.0589959215993683,0.25103771954016946,0.018102613030932843,4.242966248194377,600.9290161132812,272.3509826660156,6.217793500007247
1565,mps,6,-4.40587721197295,0,True,0.4068330352505048,0.0398458371249338,0.0018414722677941124,2.575320283571879,35.852996826171875,13.322410583496094,0.22829279200232122
1566,mps,6,48.8039037094817,0,True,0.2851809809605281,0.03638594628622135,0.0020173449496117732,2.5620824495951333,34.2681884765625,18.813608169555664,0.21186541698989458
1567,mps,9,14.332307371312496,0,True,0.5865042044056786,0.06176094371928937,0.0018334861508467132,2.584189494450887,57.7027702331543,29.271833419799805,0.36181237500568386
1568,mps,150,-122167.7054545151,400,False,-1.880313404475649,0.45303694301568614,0.01604771484155208,4.219008604685466,924.3389282226562,734.3462524414062,5.972997500008205
1569,mps,150,-122762.93553776122,398,False,-1.4718673906723658,0.4491537113239368,0.0170427591050975,4.214839111963908,832.8831787109375,469.5088806152344,6.022446375005529
1570,mps,150,-150516.7077972223,490,False,-3.502832985551407,1.2110328414117126,0.019123666236021866,4.20397692044576,1416.7532958984375,710.3746948242188,5.827422041009413
1571,mps,5,-27.480962602904157,0,True,0.19094418790191411,0.008114465069957078,0.0014115464175119997,2.3863523960113526,8.992218971252441,8.274467468261719,0.19417504200828262
1572,mps,150,-89679.31263547255,301,False,1.2082343531151614,0.28880036862237224,0.01807520118619626,4.20754994392395,443.6692810058594,733.5692749023438,6.094404917006614
1573,mps,150,-136062.98481172195,442,False,-2.990335789086918,0.7423719395489752,0.01669531354913488,4.199824622472128,1174.34423828125,980.2223510742188,5.887013042010949
1574,mps,9,-62.88973083253875,0,True,0.23287417936242288,0.02290494133436975,0.001410488530786501,2.383477078543769,28.74641990661621,9.728163719177246,0.3442639999993844
1575,mps,150,-111179.73309467628,361,False,-0.5903020956646651,0.22848939626987583,0.019022540336009114,4.18858448823293,620.6829833984375,315.5939025878906,6.016752750001615
1576,mps,4,18.803903709481702,0,True,0.03644037712365389,0.0017975812734221108,0.0011912062764167786,2.2442198395729065,2.679542303085327,1.803311824798584,0.21395641699200496
1577,mps,5,9.977445912680643,0,True,0.07780293114483357,0.004666514549171552,0.0008358926861546934,2.231984567642212,5.575037002563477,4.144759654998779,0.20896999999240506
1578,mps,10,-10.534696039668702,0,True,0.2553308124653995,0.03869646548992023,0.0008363580622244626,2.321907329559326,38.903526306152344,17.440401077270508,0.3427772919967538
1579,mps,6,48.8039037094817,0,True,0.035501232681175075,0.005825402164191473,0.0006908218007689962,2.200810710589091,1.9493064880371094,7.305586814880371,0.21989195799687877
1580,mps,150,-152772.98225346062,498,False,-2.9897266454497973,1.3337995288537028,0.02533621952830193,4.162968289057414,1267.9468994140625,689.2300415039062,6.057394291012315
1581,mps,150,-159824.66721993525,523,False,-4.23197911525766,1.4886974913155184,0.02921228391933255,4.151092783610026,1517.548583984375,801.8794555664062,6.287048541998956
1582,mps,4,5.5470323919180515,0,True,-0.20767938904464245,0.011027593747712672,0.0006787204038118944,2.1192362308502197,13.438798904418945,4.3177809715271,0.1607319169997936
1583,mps,4,0.31187243330680303,0,True,-0.14370041666552424,0.007293583053979091,0.0007159410597523674,2.1205965280532837,10.033679962158203,3.590949535369873,0.14729979100229684
1584,mps,150,-98836.30670981143,325,False,1.4397200816621383,0.48101906815897866,0.023300885926000773,4.113211539586385,623.4115600585938,1362.733154296875,6.021350750001147
1585,mps,4,14.401951854740851,0,True,0.0024795690551400185,0.0014090146614762489,0.000700427990523167,2.1225086450576782,0.11365559697151184,3.1338067054748535,0.16618874999403488
1586,mps,8,-24.40587721197295,0,True,0.2722700848826207,0.025691449194255256,0.0007600757235195488,2.2095139622688293,27.804040908813477,13.153986930847168,0.29846337500202935
1587,mps,6,48.8039037094817,0,True,0.14680399225714305,0.014914276770317278,0.0009303006906217585,2.1953859329223633,18.783912658691406,9.290678977966309,0.21470050000061747
1588,mps,150,-106186.1162681433,347,False,0.7177138114348054,0.31259333558723784,0.01819713422989783,4.074716146787008,499.27313232421875,941.7008666992188,5.98060575001
1589,mps,7,-19.039308769410944,0,True,0.1947588134956147,0.02285822628092709,0.0009193204376580459,2.215987069266183,25.9263916015625,13.368220329284668,0.2589955830044346
1590,mps,4,19.46971018378329,0,True,0.1359637889545411,0.004363383573945612,0.0009626236715121195,2.150163769721985,6.436456680297852,5.113409519195557,0.15742362498713192
1591,mps,150,-142763.54307690123,474,False,-1.8846842714523275,0.7566365523330266,0.019312329597305507,4.036729159355164,1006.0996704101562,481.9959716796875,6.2036247920041205
1592,mps,5,-9.688127566693197,0,True,0.07436168976128102,0.004440429146052338,0.0010943166795186698,2.157726001739502,5.791369915008545,4.550083637237549,0.19657887500943616
1593,mps,4,-2.8979084881478485,0,True,0.0038492712192237377,0.0013801021596009377,0.0011266785440966487,2.144275188446045,0.06586477160453796,2.716413974761963,0.14707612500933465
1594,mps,5,-6.816717912581985,0,True,-0.008963349647819996,0.0017537627260026055,0.00107286567799747,2.1647517681121826,0.7821412682533264,1.8750113248825073,0.194030415994348
1595,mps,5,8.803903709481702,0,True,-0.011432972177863121,0.002611963087838376,0.0009078895789571106,2.1851032733917237,1.910569667816162,2.328577995300293,0.18246808399271686
1596,mps,150,-117015.37215250156,378,False,-0.6022766059140364,0.2728346541443989,0.01992710748415751,3.9976982259750367,693.9624633789062,322.16461181640625,5.791364792006789
1597,mps,150,-94216.19925271127,312,False,1.1166134467720985,0.30104068524718364,0.016775081286905334,3.9880577818552654,521.1126098632812,649.435546875,6.09287854199647
1598,mps,150,-87728.13749433278,288,False,1.9297470800206065,0.4715976473223873,0.019129308284803605,3.9847520399093628,691.2791748046875,1129.1737060546875,6.028514125006041
1599,mps,5,4.401951854740851,0,True,0.08986262492835521,0.006916799317696132,0.000642236601561308,2.296182918548584,10.86174488067627,4.7813401222229,0.2022613330045715
1600,mps,5,8.803903709481702,0,True,0.1281669730320573,0.010064855068048929,0.0007553966948762536,2.3098676204681396,13.000776290893555,5.363341331481934,0.18399433301237877
1601,mps,14,-104.44159988245525,0,True,1.2344715612541353,0.3828904753110172,0.000720621386010732,2.6688241277422224,112.52397155761719,77.59501647949219,0.6116029999975581
1602,mps,150,-63503.678738443916,207,False,3.0806174548560135,0.9328431061332291,0.020032729861171297,3.962609537442525,828.7352294921875,760.7594604492188,6.269906957997591
1603,mps,4,-1.4624815199168495,0,True,0.05084144324064255,0.002226033408078365,0.0013620255049318075,2.2715113759040833,1.3320883512496948,4.869862079620361,0.16857100000197534
1604,mps,150,-91986.74549127204,301,False,0.15678543804213405,0.3229115152801872,0.014744147260983786,3.981710158983866,553.4719848632812,705.0905151367188,6.068317208002554
1605,mps,6,-4.40587721197295,0,True,-0.06969250831753016,0.003871462368503368,0.0027724786195904016,2.2846253712972007,5.675114631652832,7.801222801208496,0.24430962499172892
1606,mps,150,-106958.68169588874,348,False,-0.8283750438938539,0.30027811696952994,0.01408636812508727,3.994066054026286,809.1830444335938,749.080078125,5.922792333003599
1607,mps,5,-8.514585363494255,0,True,-0.09364391323179007,0.003867417055880651,0.0010432639159262181,2.3006543159484862,2.771296262741089,6.388339042663574,0.18502662499668077
1608,mps,150,-123510.73291431526,409,False,-1.9800879158079625,0.527704575053261,0.01787813884089701,4.001085658073425,1134.250244140625,989.8211059570312,5.8612636659963755
1609,mps,150,-123351.86683003511,406,False,-2.2141758042573927,0.5614961627249916,0.016097057422545427,4.011992979049682,1185.75341796875,1202.84423828125,6.1119590000016615
1610,mps,150,-104053.92753787541,339,False,-0.4592037483708312,0.2218541884579463,0.021454438740426365,4.01802700996399,637.8109130859375,387.2373962402344,6.161478041001828
1611,mps,10,-9.808168325017263,0,True,0.3549512949772179,0.04251518324540484,0.0007952128478791564,2.365554857254028,48.48054885864258,28.85325813293457,0.3626079999958165
1612,mps,4,21.353116465403616,0,True,0.3170894607901573,0.008843095172778703,0.0006681059312541038,2.24276065826416,10.937232971191406,9.09319019317627,0.15290479200484697
1613,mps,150,-115535.75617710693,379,False,-0.914450296163559,0.28660873510103557,0.019862589210970328,4.044869472185771,743.2297973632812,374.0917663574219,6.206294167001033
1614,mps,150,-128603.15741811434,423,False,-2.4776316552485027,0.6512576700338832,0.017697965335876992,4.057976331710815,1167.39990234375,1470.21533203125,6.1808863330079475
1615,mps,150,-91612.32010031136,299,False,1.2246908242814243,0.26167742821374324,0.015743199836773178,4.067797983487447,471.3203125,614.2260131835938,6.049481124995509
1616,mps,150,-117713.37756649464,387,False,-0.991950643354406,0.2675930588622456,0.015505434220346311,4.076923400561014,678.2193603515625,424.383056640625,6.187672708008904
1617,mps,5,4.401951854740851,0,True,0.3969637155532837,0.05556041784584522,0.0021370377391576765,2.2787933349609375,37.14698028564453,18.49798011779785,0.1914284999947995
1618,mps,14,-55.83289190945343,0,True,1.5316476821899414,0.4724645343210016,0.003300214502295213,2.6566237722124373,175.07720947265625,74.41546630859375,0.505280290992232
1619,mps,5,-11.833547362173846,0,True,0.5778090119361877,0.07088924795389176,0.0036815485451370477,2.262417268753052,41.898563385009766,22.356260299682617,0.18913774999964517
1620,mps,7,-89.60980236830397,0,True,0.7582354630742755,0.08400081151298114,0.002809870655515364,2.2848077842167447,62.064815521240234,28.39202880859375,0.26448941699345596
1621,mps,150,-112345.44223498418,367,False,0.09046607343479991,0.26390373906481573,0.01786748692858964,4.1029123751322425,505.6888122558594,654.9629516601562,6.238487750000786
1622,mps,150,-133411.73031439557,435,False,-0.8233185309854647,0.8234132652886986,0.016897007748484613,4.107549780209859,782.6380615234375,1110.02392578125,6.233288167000865
1623,mps,150,-161912.58407175384,527,False,-3.469458523740371,1.6004220495106225,0.0163955438346602,4.098958945274353,1338.0869140625,501.0028076171875,6.086126875001355
1624,mps,150,-150893.61782943585,487,False,-2.840388873213281,1.111802114778675,0.017116932307059567,4.099277070363363,1147.00146484375,507.24951171875,6.021665374995791
1625,mps,150,-120773.9931294201,396,False,-0.4337800051768621,0.3043515414970534,0.018106340356947234,4.097714392344157,628.5497436523438,540.3202514648438,6.145698791005998
1626,mps,150,-85822.03835509394,279,False,2.4597465665390095,0.78193429468122,0.013229310555228342,4.103640275001526,830.1950073242188,1958.6783447265625,6.177497208991554
1627,mps,150,-105495.39764129644,348,False,0.7889689008363833,0.23333780658184536,0.016593746639943372,4.11203641573588,414.5744323730469,730.7982177734375,6.0178057919983985
1628,mps,5,-6.5983874035626116,0,True,0.7134641766548157,0.13688652515411376,0.0017636779928579926,2.253388214111328,58.3128776550293,19.215486526489258,0.19054525000683498
1629,mps,150,-97103.82870421957,316,False,1.2370543198225399,0.26139143614621996,0.021447701488311093,4.0996689049402875,462.7082824707031,743.8638305664062,5.803196792010567
1630,mps,150,-141433.84725600362,461,False,-2.716768951987227,0.6385599292379144,0.01758889713169386,4.102275630633036,1089.8785400390625,854.6419067382812,6.135529208011576
1631,mps,4,13.105339245405158,0,True,1.4908937066793442,0.1741030029952526,0.002729065192397684,2.2563202381134033,52.809898376464844,41.947635650634766,0.16542595899954904
1632,mps,4,14.401951854740851,0,True,0.5364307016134262,0.1766127422451973,0.00286019837949425,2.2596134543418884,53.48914337158203,32.00434875488281,0.1454345829988597
1633,mps,150,-110055.91238700609,361,False,-0.23719056065349528,0.16264260100771935,0.018130966955795885,4.107913190523783,409.08319091796875,203.5668487548828,5.772289417000138
1634,mps,8,13.401612596437388,0,True,0.9156796932220459,0.26174506917595863,0.00227710566832684,2.3470315039157867,122.42322540283203,42.34397888183594,0.28800616700027604
1635,mps,4,-6.235499216914697,0,True,0.9447072893381119,0.18518386408686638,0.001749092130921781,2.24763160943985,54.60026931762695,40.87554168701172,0.14600720899761654
1636,mps,4,20.340748912506754,0,True,1.216349370777607,0.17726539820432663,0.0014613248058594763,2.244922459125519,53.31589889526367,36.20973587036133,0.1448354160093004
1637,mps,6,22.908131933088505,0,True,1.0585325012604396,0.1981757382551829,0.001273953161823253,2.3093780279159546,81.40174102783203,33.804988861083984,0.21073408400116023
1638,mps,7,-46.52216368541971,0,True,1.3179121102605547,0.1461467785494668,0.0009629045879202229,2.291642223085676,82.7686767578125,41.7130012512207,0.27421058299660217
1639,mps,150,-106023.00146191679,345,False,-0.5811387657436232,0.27785873523685345,0.015119805429906895,4.092834498087565,627.8900146484375,809.4874267578125,6.121597125005792
1640,mps,4,-6.235499216914697,0,True,0.5149313881993294,0.06844865996390581,0.0007536069460911676,2.3173609375953674,33.62917709350586,13.927167892456055,0.16985620799823664
1641,mps,4,18.803903709481702,0,True,0.4000163786113262,0.04379119351506233,0.0007088003912940621,2.3433300256729126,27.050119400024414,14.599550247192383,0.16989812500833068
1642,mps,150,-126990.02577706882,418,False,-2.7165472003693383,0.7889194612495399,0.021154067772440614,4.086365162531535,1234.3095703125,1728.130126953125,6.511856375000207
1643,mps,150,-99459.62223317227,325,False,0.16550361747543016,0.21473521145154034,0.01868466290878132,4.090085237820944,537.89404296875,338.7840881347656,6.199283207999542
1644,mps,150,-138267.00604840522,452,False,-2.9109596371650697,0.7702290367335081,0.018991390160905817,4.091569018363953,1303.069580078125,1100.298095703125,5.823354124993784
1645,mps,25,-258.40614510972745,0,True,4.714182101022452,1.8833393363094728,0.0015884493198245764,3.536937942504883,317.9803771972656,153.8599395751953,0.9371485419978853
1646,mps,4,12.923116452949635,0,True,0.07475673034787178,0.001998827181523666,0.0010652450291672722,2.357798397541046,3.8350718021392822,3.930684804916382,0.14901095900859218
1647,mps,4,19.46971018378329,0,True,0.025132220704108477,0.001938042896654224,0.0010882534552365541,2.375701665878296,0.3941972553730011,4.142521381378174,0.14545812500000466
1648,mps,22,-224.6764091007719,0,True,3.2901834082705053,1.3159700510295806,0.0011707411904353648,3.357631574977528,240.91299438476562,175.80247497558594,0.8177270000014687
1649,mps,8,-11.553946587518254,0,True,0.018726385256741196,0.015918183281542042,0.0009863673985819332,2.505675733089447,1.8358911275863647,16.770708084106445,0.2685176659870194
1650,mps,4,-1.8335473621738458,0,True,-0.2236658800393343,0.01572469633538276,0.0008275658037746325,2.458872437477112,15.865447044372559,7.674113750457764,0.16230791600537486
1651,mps,4,-21.63779032995901,0,True,-0.32752183824777603,0.02392431255429983,0.0006917425635037944,2.4816635251045227,20.653657913208008,8.751707077026367,0.14817558399226982
1652,mps,150,-95775.50277322224,313,False,0.7740625539422035,0.29356799364385855,0.017533281847136095,4.103631784121196,550.8446044921875,616.3392944335938,5.992612583999289
1653,mps,150,-97720.4699100452,320,False,1.1453708099077144,0.5921982893284197,0.01856906462344341,4.10386065642039,750.665771484375,1472.6363525390625,5.924149457991007
1654,mps,5,-8.817866757357578,0,True,-0.2637230833992362,0.017040568540687674,0.0006278424523770809,2.5678235054016114,18.737409591674805,10.473410606384277,0.19546149999951012
1655,mps,150,-114417.56649850654,380,False,-0.3933792399552961,0.3675236523381166,0.017333334758489704,4.120061575571696,751.154296875,471.0677795410156,6.073778833000688
1656,mps,4,24.121633781565016,0,True,-0.15889262408018112,0.00804679701468558,0.0008545247692381963,2.5757827758789062,10.703336715698242,6.5934739112854,0.1737963750056224
1657,mps,6,-5.598048145259149,0,True,-0.02414873898184548,0.0041132294901823725,0.0010239752300549299,2.615865707397461,3.399156332015991,4.593812465667725,0.21914595799171366
1658,mps,5,-35.606429120326474,0,True,0.11507330536842346,0.005854403774719685,0.0009156097308732569,2.6546594142913817,5.53061580657959,9.212316513061523,0.1773568329954287
1659,mps,5,-31.63779032995901,0,True,0.17146171182394027,0.005436894558079075,0.0008726269006729126,2.6776278972625733,8.476974487304688,7.316068172454834,0.1799498749896884
1660,mps,150,-127020.75484095956,422,False,-2.554831003074845,0.575333838448696,0.018135858872750155,4.145589356422424,1077.978759765625,1233.7763671875,5.971002292004414
1661,mps,150,-107446.80253393327,357,False,-0.3416350136138499,0.22798530348609952,0.019911363611075407,4.139383495648702,623.778076171875,327.43408203125,6.494856750010513
1662,mps,4,-3.985345697306098,0,True,0.4588455371558666,0.016728619288187474,0.0007853111601434648,2.764015316963196,15.977679252624512,9.481406211853027,0.17171558400150388
1663,mps,150,-91183.61929233104,298,False,1.0215436330313483,0.27426689380343305,0.017585329017213856,4.1461424573262535,477.4229736328125,778.169921875,6.104357082993374
1664,mps,150,-100806.7144605452,331,False,-0.22276917806516092,0.19125241719323563,0.01708834365204287,4.144443505605062,535.1055297851562,382.84716796875,6.152806166996015
1665,mps,150,-170568.2460674031,555,False,-5.367196916366617,2.063505464371592,0.019736902666433406,4.141937936147054,1948.0965576171875,1963.68994140625,5.781343624999863
1666,mps,150,-111089.00542433611,360,False,-1.0720889086586733,0.3019709367650012,0.01689511180234452,4.151122024854025,672.70703125,799.0135498046875,5.970098999998299
1667,mps,23,-370.17013789057165,0,True,4.267354144998219,1.5022411514883456,0.003097579915724371,3.6277817124905796,351.8790283203125,173.58636474609375,0.8805398330005119
1668,mps,150,-132012.74510997423,429,False,-2.2883201904812207,0.4949176701773346,0.018502758997492492,4.158468259175619,1006.7743530273438,851.564453125,5.731328583002323
1669,mps,8,-81.5872054685056,0,True,1.0939254611730576,0.1319778049364686,0.003110065095825121,2.896150767803192,88.48001861572266,39.50632858276367,0.2897969159967033
1670,mps,4,10.409482476303072,0,True,1.1215975135564804,0.11580143868923187,0.0021873405785299838,2.87314110994339,42.79397964477539,44.89360809326172,0.14800083299633116
1671,mps,150,-106259.80646594222,353,False,0.40482056049630044,0.21392641758295214,0.016121112204467256,4.167172211011251,444.7866516113281,526.0422973632812,5.917617457991582
1672,mps,150,-125497.86650680534,416,False,-1.6746751357118288,0.312627404058973,0.01542021354738002,4.166363860766093,752.9759521484375,637.9320678710938,6.214897458004998
1673,mps,150,-110679.29689150985,362,False,-0.2551793638182183,0.1666903126146523,0.015794217591950047,4.1694673871994015,453.4612121582031,264.830810546875,6.1507219999912195
1674,mps,10,-143.30097574745648,0,True,1.3568473160266876,0.24768888354301452,0.0011653045658022165,2.941796898841858,143.61007690429688,64.42437744140625,0.36500233299739193
1675,mps,150,-105154.04209560672,345,False,0.033141817752621136,0.19038898139867985,0.016217574764353534,4.171821694374085,347.5575256347656,371.00469970703125,5.8363447500014445
1676,mps,6,-24.892754330528035,0,True,1.1866882542769115,0.19788028796513876,0.001426782653046151,2.8833055893580117,82.80319213867188,37.87450408935547,0.22124133400211576
1677,mps,150,-79050.3428480327,256,False,2.875005713701248,0.6118706736962001,0.01441106992851322,4.166392599741618,764.155029296875,1156.3994140625,5.960054416995263
1678,mps,150,-106526.13123781316,344,False,0.7055008186151585,0.26382894828254694,0.01584833547938615,4.165309963226318,446.6993408203125,816.7295532226562,5.973604290993535
1679,mps,150,-111397.78049414846,364,False,0.40798645234977204,0.33351227607049927,0.01583018567801143,4.162072302500407,478.9342346191406,1075.623779296875,5.936756666997098
1680,mps,9,-117.68752655305343,0,True,1.4645342429478962,0.3200856082969242,0.0021071870190401873,2.937046448389689,147.6014404296875,59.593589782714844,0.3260478340089321
1681,mps,150,-134360.752155829,440,False,-2.1975592327350753,0.4860197237511822,0.015226393973765275,4.153355309168497,808.0443725585938,440.6133728027344,7.108899416998611
1682,mps,150,-120364.72812347584,389,False,-0.5212454386800528,0.2911830845260799,0.015213089639631411,4.14919038772583,571.9052124023438,598.1755981445312,6.186331541000982
1683,mps,150,-142790.92599235423,477,False,-2.423857217555245,0.609353353958771,0.01544987337042888,4.139660754203796,940.9850463867188,315.8802185058594,6.232068792000064
1684,mps,150,-108462.92428991276,353,False,-0.053781871795654294,0.1265396307359788,0.014757079874786238,4.118301881154379,395.3997497558594,201.27627563476562,6.171624833004898
1685,mps,150,-116945.50834808785,381,False,-0.4198560555403431,0.18039721007884357,0.014227703963406384,4.118902559280396,485.8396301269531,445.46624755859375,6.076236624998273
1686,mps,150,-98232.42806444388,325,False,0.8714325970473389,0.17149530293507875,0.013496733455297848,4.1148903862635295,363.3112487792969,308.0047607421875,6.075478250000742
1687,mps,8,-75.4272696713,0,True,1.9702446162700653,0.5427051112055779,0.0015917643759166822,2.887447476387024,171.82899475097656,111.7838363647461,0.30285904101037886
1688,mps,150,-139523.0667954012,459,False,-2.6013533020950854,0.5838835670606279,0.011851265083532781,4.114522339502971,911.8889770507812,844.6616821289062,6.075266041996656
1689,mps,150,-147819.9132391389,484,False,-3.39572093129158,0.7854771584047315,0.021527883501257748,4.110353808403016,1120.0899658203125,1153.430908203125,6.037095791005413
1690,mps,14,-188.71005255357838,0,True,3.195442250796727,1.0504464251654488,0.0013651197576629265,3.048531344958714,339.012451171875,148.13046264648438,0.5256669579976005
1691,mps,150,-89742.16337023962,294,False,2.0406878860791524,0.360143163021033,0.018015216457812736,4.091007048288981,572.77978515625,985.6528930664062,6.118822749995161
1692,mps,150,-121328.58770295641,391,False,-1.0486244242358953,0.19416232360441465,0.013832265939563514,4.089960632324218,479.3144226074219,596.5032348632812,6.014941749992431
1693,mps,150,-99275.13020253117,325,False,1.2910302581638098,0.2695956950667187,0.014547417007076244,4.090308748881022,446.1036071777344,808.5747680664062,5.857523250000668
1694,mps,150,-109957.70999772733,359,False,0.08366128434737523,0.08555056363125914,0.015376710460986941,4.082905101776123,242.40414428710938,232.97129821777344,5.961173290997976
1695,mps,150,-126093.66140666544,412,False,-1.6983829734660685,0.31264237412969276,0.0141104330176798,4.084158031145732,698.6451416015625,1097.89697265625,5.906565792000038
1696,mps,150,-120642.98635849534,392,False,-1.0256105543114244,0.13323309559405364,0.016136470021059116,4.0830033588409425,425.2474670410156,320.1192626953125,6.336153208001633
1697,mps,150,-96026.03757188776,313,False,1.36070633182923,0.20400396220638262,0.015405506758640209,4.086593065261841,392.1423645019531,664.12060546875,6.109573666995857
1698,mps,150,-126795.13968042827,415,False,-1.5519983704015612,0.20519425839355487,0.01701305790959547,4.094947713216146,566.7468872070312,519.430908203125,6.10903129199869
1699,mps,5,-5.7751733380867805,0,True,2.5695990085601808,1.0455995082855225,0.0021397320087999105,2.7031853675842283,157.3523712158203,95.17488861083984,0.20800158299971372
1700,mps,150,-111186.93371697824,371,False,-0.5039306663845976,0.14105789932100984,0.014770176867799212,4.08311683177948,353.31500244140625,790.3310546875,5.9526687920006225
1701,mps,4,19.46971018378329,0,True,2.827472507953644,1.1484983265399933,0.0017774177831597626,2.6933798789978027,132.18197631835938,102.49803924560547,0.19625933399947826
1702,mps,150,-112715.51599623315,368,False,-0.04113289583474398,0.08676942628040706,0.013655156888222943,4.087785129547119,303.7579650878906,244.45448303222656,6.379144791993895
1703,mps,150,-88291.2183259376,288,False,1.9542910806337992,0.29270884293441973,0.014619859218752633,4.0929021072387695,540.1027221679688,1029.9820556640625,6.036037917001522
1704,mps,150,-178286.16249295278,581,False,-5.210357353687287,1.8421591776267936,0.01629187736970683,4.094915418624878,1631.4281005859375,1492.005615234375,5.791493208002066
1705,mps,6,-71.36125589610289,0,True,3.8036531607309976,1.385966996351878,0.0015950911717178922,2.7475866079330444,212.5720977783203,80.24637603759766,0.23528358299518004
1706,mps,150,-98565.75687767805,325,False,0.6428861929103732,0.14272665548198954,0.016648844285712887,4.100364116032918,170.06785583496094,169.93524169921875,6.226026667005499
1707,mps,7,-57.067050605208635,0,True,3.1184286730630055,1.443347760609218,0.002168529899790883,2.756922824042184,251.86672973632812,127.4786376953125,0.270384749994264
1708,mps,12,-152.88025498726938,0,True,3.2961462338765464,1.654036859671275,0.00342315227802222,2.884839951992035,421.4555969238281,199.1063690185547,0.5013159999944037
1709,mps,5,-31.856120838978384,0,True,2.988824415206909,1.35592839717865,0.0038406995590776205,2.7147958755493162,178.58840942382812,95.9217529296875,0.19809791599982418
1710,mps,150,-103358.90802034711,341,False,0.8527347038065394,0.12507393139944117,0.014697668643978735,4.108486641248067,276.0647277832031,626.9983520507812,5.655170166995958
1711,mps,4,-13.00936626473495,0,True,2.9134321808815002,1.2619763314723969,0.001817684475099668,2.6872100234031677,138.7589874267578,66.55450439453125,0.23537454100733157
1712,mps,150,-112403.0702482621,366,False,-0.000572832537194093,0.04562967737718281,0.01477868517084668,4.118177919387818,171.72706604003906,140.49014282226562,6.441903957995237
1713,mps,150,-99833.22632611479,325,False,0.8457802871358581,0.10729769957490172,0.013269483842886984,4.1169704898198445,175.31764221191406,287.1017150878906,6.3424231670069275
1714,mps,150,-137475.8712944676,449,False,-2.267903830210368,0.35922801326339443,0.01608012241932253,4.110547340710958,756.505859375,722.6110229492188,6.054741208994528
1715,mps,150,-119397.11477017985,384,False,-0.7680394897283986,0.11677774606532922,0.014335592224573096,4.114175620079041,335.1454162597656,142.1404571533203,6.239646625006571
1716,mps,150,-96881.4050029801,318,False,1.109482921163241,0.104334242635717,0.017010019064570468,4.106245241165161,263.66265869140625,348.90008544921875,5.997809624997899
1717,mps,4,-14.860440736471624,0,True,3.639116108417511,1.1309759616851807,0.00252603180706501,2.5482561588287354,133.07192993164062,82.72798156738281,0.19073162499989849
1718,mps,6,-25.54746328380574,0,True,3.9020817279815674,1.1355340083440144,0.0027188138337805867,2.553283413251241,198.3678741455078,137.38218688964844,0.24618508300045505
1719,mps,15,-161.1400034699235,0,True,3.581611720720927,1.7295719782511394,0.0028087135714789232,2.9715481122334797,455.25390625,223.45492553710938,0.6359909580060048
1720,mps,4,-1.8335473621738458,0,True,1.9632427394390106,1.03214530646801,0.0027701830840669572,2.526444911956787,127.05409240722656,63.62787628173828,0.1503058329981286
1721,mps,150,-112228.5805926095,372,False,-0.8920826636751493,0.1970388114500808,0.017904078226226073,4.099092535972595,432.5972900390625,951.2674560546875,6.384106333993259
1722,mps,5,40.96380273362305,0,True,2.6528006553649903,0.9583056926727295,0.0024069109931588173,2.5070862770080566,151.73910522460938,67.24200439453125,0.21747862499614712
1723,mps,150,-138980.64245856518,456,False,-2.700932632610202,0.5379009133332632,0.01710987450244526,4.100164546966552,948.4501342773438,1246.5120849609375,6.345707625005161
1724,mps,150,-98701.05953000869,325,False,0.34468867395073177,0.19311352109565633,0.015037952954880893,4.102614986101786,290.56878662109375,435.8862609863281,6.475968083992484
1725,mps,150,-141999.4153831976,464,False,-2.444393688639005,0.6057420111700291,0.017813347056508066,4.1035538736979165,852.9209594726562,339.3289489746094,6.085416707996046
1726,mps,21,-249.37553310406946,0,True,4.024969827561152,2.134173001561846,0.0017794261941508878,3.325618380591983,521.49853515625,310.4021301269531,0.8796274999913294
1727,mps,150,-127668.47209067973,417,False,-1.5255316748718422,0.26494121302705026,0.014119411405796806,4.1030904483795165,576.4598388671875,296.6189880371094,6.08766612499312
1728,mps,150,-116031.769063789,380,False,-0.3530771588906646,0.1150358499196894,0.01753208278833578,4.091257713635763,290.8246154785156,293.89532470703125,6.0567191669979366
1729,mps,13,-84.11757948318657,0,True,3.3838807802933912,1.1120331700031574,0.0020250335980493287,2.6240555873283973,367.20135498046875,110.49266052246094,0.5266517499985639
1730,mps,4,25.8476324720111,0,True,2.403581917285919,0.7495198547840118,0.001984893868211657,2.3466449975967407,110.77340698242188,54.16775894165039,0.15905870801361743
1731,mps,150,-106344.75358149203,347,False,1.067332764758418,0.3094173097454101,0.014920474365353584,4.075850756963094,471.3749694824219,1217.54443359375,6.010547833007877
1732,mps,150,-76045.63613961588,247,False,2.991330060089628,0.6890892460033259,0.013021876564404617,4.072549101511638,787.8207397460938,501.2695007324219,6.113473874996998
1733,mps,150,-125693.85547835799,415,False,-0.5211524194168548,0.18893559437554056,0.017448722256037098,4.089271542231242,430.7031555175781,361.15118408203125,6.264558125010808
1734,mps,150,-131249.28208567298,432,False,-1.234255598137776,0.24680464922261308,0.015923796515756598,4.09120896021525,582.3629150390625,271.7040710449219,5.93606304100831
1735,mps,5,-0.14517217076142686,0,True,2.77473566532135,0.6720270633697509,0.0018168359529227018,2.335091257095337,132.0488739013672,100.01081848144531,0.19329870800720528
1736,mps,150,-129743.26193464009,428,False,-1.1559794838229815,0.3253426553893466,0.012619975151028483,4.109764898618062,554.2095336914062,371.5453796386719,6.139310625003418
1737,mps,150,-110938.51036382142,366,False,0.48168561958086986,0.19725304895437148,0.019168676962144672,4.117466913859049,362.3222961425781,642.5751342773438,6.138983457989525
1738,mps,5,-7.304156864036962,0,True,2.1749299287796022,0.7275219321250915,0.001885007112286985,2.414028453826904,134.6516876220703,66.55754089355469,0.20132733399805147
1739,mps,150,-94833.65696540482,308,False,1.669857070138678,0.3633009555873245,0.016861788784929863,4.130138254165649,514.869384765625,1416.934326171875,6.162050040991744
1740,mps,150,-159417.2515938925,524,False,-3.471108461221059,1.0856420943078895,0.01525262378078575,4.138242777188619,1227.00146484375,942.5693359375,6.092728083996917
1741,mps,4,18.803903709481702,0,True,1.5860466063022614,0.7033740431070328,0.0020412548328749835,2.4348926544189453,107.13741302490234,83.13300323486328,0.1744332500093151
1742,mps,150,-132939.40153295256,435,False,-2.047342807898919,0.341023487465233,0.01864669908148547,4.141814152399699,762.19482421875,567.0394897460938,6.226142667001113
1743,mps,150,-123851.45711075395,405,False,-1.1435571915656328,0.1969423260296268,0.01612536790004621,4.1400412734349565,541.4916381835938,278.67742919921875,6.080018292006571
1744,mps,150,-131954.82171829158,432,False,-1.896696280290683,0.32852175607345996,0.016376208344784874,4.13701402982076,748.2423706054688,871.7909545898438,6.052374167004018
1745,mps,150,-98356.17259784049,322,False,0.160104147469004,0.3328996114686985,0.0166070735702912,4.136620081265767,315.6321105957031,940.0747680664062,6.093269750010222
1746,mps,5,-0.8250304482613018,0,True,2.055586647987366,0.859227991104126,0.002097106771543622,2.389067792892456,145.39845275878906,77.96805572509766,0.18654062499990687
1747,mps,150,-134541.11134322901,441,False,-1.7195129835357268,0.2976958316367503,0.0169535566548196,4.13475924650828,662.7376708984375,430.9503173828125,6.0606705409882125
1748,mps,6,-39.698629049339885,0,True,2.27949857711792,0.9301197330156962,0.001971993789387246,2.3507471481959024,180.32640075683594,97.6438980102539,0.22709029199904762
1749,mps,150,-134307.44981215033,440,False,-0.9803486599028111,0.32124936548313904,0.018398628431993226,4.118036805788676,528.1200561523438,411.94622802734375,6.028149207995739
1750,mps,5,-12.996890767331454,0,True,2.50285964012146,0.9576821327209473,0.001851641829125583,2.3287195682525637,153.1060791015625,56.798988342285156,0.19558229099493474
1751,mps,150,-132308.86050400042,436,False,-1.1447941188017527,0.19150750593131913,0.014373582845243316,4.115068937937418,497.4982604980469,250.4438934326172,5.935437499996624
1752,mps,6,-7.969963338338552,0,True,2.2936774492263794,1.0148795942465465,0.0016928642677764099,2.3265018463134766,186.26597595214844,112.22943878173828,0.2287331250117859
1753,mps,150,-143052.41984802828,468,False,-1.6683513830058898,0.3326810523998828,0.016213949195419748,4.098561704953512,691.5008544921875,312.1688232421875,6.105733208998572
1754,mps,6,-16.59838740356261,0,True,1.9290285110473633,0.9978982706864675,0.0018485325078169506,2.2521797815958657,187.19895935058594,76.01908111572266,0.2305388750100974
1755,mps,8,22.03003666166145,0,True,2.072780430316925,1.1140278205275536,0.0017596422549104318,2.3365998566150665,250.92352294921875,108.45448303222656,0.3063662500062492
1756,mps,18,-184.95056555750838,0,True,4.998093171252145,2.15282932917277,0.0015306748165231612,3.042099012268914,498.9674987792969,184.98117065429688,0.6703519169968786
1757,mps,4,20.387401969821614,0,True,3.625895321369171,0.8788976669311523,0.0014962263812776655,2.1645020246505737,119.40579986572266,58.24722671508789,0.14548362500499934
1758,mps,150,-115643.6375085337,373,False,1.345220737196505,0.3141017594912167,0.015592622162463765,4.012482892672221,538.856689453125,964.6537475585938,5.975202292000176
1759,mps,5,7.325068307690486,0,True,1.949597430229187,0.7736998200416565,0.0014894623542204498,2.1548003196716308,140.00416564941406,60.77108383178711,0.19990574999246746
1760,mps,7,18.166452637826154,0,True,1.4768550055367606,0.7922640357698713,0.001546922538961683,2.230106455939157,191.27505493164062,56.083282470703125,0.2573105420015054
1761,mps,4,18.803903709481702,0,True,1.3771791607141495,0.6075293123722076,0.0013722616422455758,2.1190919280052185,100.9013671875,62.083892822265625,0.15712216700194404
1762,mps,150,-91867.07453463571,303,False,2.8111831013361614,0.5735951092342536,0.013403124213994791,4.000035629272461,937.4237060546875,1091.29248046875,6.40679175000696
1763,mps,10,-29.49910266968785,0,True,2.8793698251247406,0.6316509455442428,0.0015047539956867695,2.255892276763916,236.3075714111328,145.00567626953125,0.3684045419940958
1764,mps,4,18.803903709481702,0,True,0.9166224151849747,0.38484394550323486,0.0013238192186690867,2.080861508846283,81.18277740478516,54.44395446777344,0.14814770899829455
1765,mps,150,-120377.1681203474,395,False,0.10247242149431258,0.16608075565665653,0.015983113266993313,4.021768732070923,374.6197509765625,363.5476989746094,6.09505750000244
1766,mps,5,8.803903709481702,0,True,0.6942457973957061,0.27342826724052427,0.0014190969988703728,2.0645042419433595,85.45238494873047,31.167186737060547,0.19082012500439305
1767,mps,4,18.803903709481702,0,True,0.562921017408371,0.20572302117943764,0.0016065989038906991,2.0122644901275635,60.236549377441406,29.173702239990234,0.1445212079997873
1768,mps,150,-95709.15623380465,312,False,2.1274296907459695,0.6115871592181308,0.014570292082304755,4.039261971314748,740.4835205078125,1622.388427734375,6.223582416001591
1769,mps,4,18.803903709481702,0,True,0.3358433283865452,0.10740148276090622,0.0016805937339086086,1.9070631563663483,44.147029876708984,17.6788330078125,0.1678699170006439
1770,mps,6,-8.820698551771756,0,True,0.7277423292398453,0.09582455766697724,0.001491606157893936,1.8931515614191692,60.220611572265625,25.41071128845215,0.2133529999991879
1771,mps,5,8.803903709481702,0,True,0.17665819078683853,0.044201603159308434,0.0012650510063394905,1.8086815357208252,34.38252639770508,15.171162605285645,0.19200862498837523
1772,mps,5,8.803903709481702,0,True,0.1439541645348072,0.01812836576718837,0.0011096740257926286,1.7366939306259155,20.570547103881836,6.564886093139648,0.18331800001033116
1773,mps,150,-109553.3617876293,364,False,-0.39281356337994416,0.2921497988123398,0.018465294144504395,4.027174746195476,736.8016357421875,578.7455444335938,6.0841976669908036
1774,mps,4,18.803903709481702,0,True,-0.10267484607174993,0.006228590034879744,0.0007114882319001481,1.5699403584003448,10.04233455657959,5.113105297088623,0.16123162499570753
1775,mps,4,18.803903709481702,0,True,-0.05614418303593993,0.014393716875929385,0.0007317822019103914,1.5278575420379639,15.871708869934082,8.42801284790039,0.14542220800649375
1776,mps,4,18.803903709481702,0,True,-0.10166160110384226,0.022917942493222654,0.0006787404126953334,1.5032740235328674,20.815196990966797,7.9054856300354,0.14489024999784306
1777,mps,5,58.8039037094817,0,True,-0.1871481418609619,0.02155085830017924,0.0007141904439777136,1.528406834602356,24.169334411621094,7.694515228271484,0.1753738340048585
1778,mps,6,48.8039037094817,0,True,-0.16192500106990337,0.01921679415439333,0.0006975838914513588,1.5591464042663574,24.447998046875,8.879355430603027,0.22567345800052863
1779,mps,5,8.803903709481702,0,True,-0.23936697021126746,0.018722064886242153,0.0006229947379324585,1.5374291658401489,22.932899475097656,13.746460914611816,0.17882229101087432
1780,mps,150,-138266.14168952344,458,False,-3.316382071574529,0.8640271929154794,0.023915377253045638,4.0380916841824845,1484.107421875,1646.6094970703125,6.176175291009713
1781,mps,4,18.803903709481702,0,True,-0.08092779712751508,0.0055446384503738955,0.0006124174033175223,1.5405119359493256,9.247456550598145,4.386001110076904,0.17639883299125358
1782,mps,150,-136846.56551422403,448,False,-2.2718901271000504,0.7037800174780569,0.02265021057294992,4.052364558378855,1273.1473388671875,788.2061157226562,6.503100625006482
1783,mps,4,18.803903709481702,0,True,0.06696058518718928,0.003202573734597536,0.0005800758735858835,1.5664299726486206,6.023857116699219,2.9400322437286377,0.16270945899304934
1784,mps,4,17.325068307690486,0,True,0.15022783516906202,0.008520796545781195,0.0006419106575776823,1.5962237119674683,11.516762733459473,5.024778366088867,0.14861225000640843
1785,mps,4,18.803903709481702,0,True,0.0896178362891078,0.012541842123027891,0.0006006203111610375,1.6290203630924225,14.328514099121094,4.059967041015625,0.1531320830108598
1786,mps,150,-133243.0115284011,437,False,-1.213545296130081,0.5388138680570713,0.02194413829400825,4.044570619265238,1013.2499389648438,443.7627868652344,5.981655541007058
1787,mps,4,18.803903709481702,0,True,0.2535641836002469,0.01633237930946052,0.000686477666022256,1.6461932957172394,16.497703552246094,10.44176197052002,0.16772599999967497
1788,mps,4,18.803903709481702,0,True,0.11157619953155518,0.014625886629801244,0.0007934941095300019,1.6397208273410797,15.659941673278809,5.362419128417969,0.1475897089985665
1789,mps,4,18.803903709481702,0,True,0.1197078269906342,0.012477516138460487,0.0009583255887264386,1.6318771243095398,14.07701587677002,5.413573741912842,0.14966166699014138
1790,mps,4,18.803903709481702,0,True,0.060865131788887084,0.006144864677480655,0.0010742499434854835,1.6035746932029724,9.0300874710083,2.938460350036621,0.15055358300742228
1791,mps,4,11.105953176748748,0,True,0.08201806200668216,0.0028409077813194017,0.000976811526925303,1.5788395702838898,3.4532368183135986,3.2636094093322754,0.15526429199962877
1792,mps,150,-123396.15156842807,407,False,-0.36124790920099864,0.37600326569001785,0.019105207321699708,4.014862583478291,798.6466064453125,391.278564453125,6.018405750000966
1793,mps,4,19.46971018378329,0,True,-0.09684954158728942,0.005876762312027495,0.0007066114631015807,1.5458779633045197,8.907106399536133,2.9810118675231934,0.16548841701296624
1794,mps,4,18.803903709481702,0,True,-0.04762505291728303,0.006636119454924483,0.000742605363484472,1.5471328496932983,9.447290420532227,4.008468151092529,0.1519653750001453
1795,mps,5,58.8039037094817,0,True,-0.007426699192728847,0.004996201060021121,0.0007047777646221221,1.5980201721191407,6.444906711578369,4.7448930740356445,0.1706501250009751
1796,mps,5,8.803903709481702,0,True,-0.049932950735092164,0.004833033465547487,0.0005635765148326755,1.6403814554214478,4.931095123291016,4.324059963226318,0.18616841599578038
1797,mps,4,18.803903709481702,0,True,0.026612260844558477,0.0023596426290168893,0.0005093562867841683,1.669553279876709,2.0957846641540527,3.933277130126953,0.14708587499626447
1798,mps,150,-108856.53996582302,354,False,0.3850713191429774,0.2638193441878684,0.026573995889242117,4.051852711836497,601.7339477539062,388.8009948730469,5.902079167004558
1799,mps,6,34.701059765401496,0,True,0.43167575309053063,0.019543203035103335,0.0007376943297761803,1.857461929321289,21.048465728759766,15.971075057983398,0.22195662499871105
1800,mps,6,-0.5302898162167082,0,True,0.25698613685866195,0.021263364285308246,0.0006585326530815413,1.9097464084625244,23.81041717529297,16.718059539794922,0.22586062499613035
1801,mps,7,38.8039037094817,0,True,0.4083072213189943,0.03639264319956835,0.000893153965340129,2.027182034083775,36.794952392578125,17.77968406677246,0.29931645799661055
1802,mps,4,18.803903709481702,0,True,0.10144017031416297,0.009256057150196284,0.0008605371112935245,2.0179243683815002,11.64981460571289,4.567022323608398,0.15788183400582056
1803,mps,4,11.105953176748748,0,True,0.17512700287625194,0.00699548254669935,0.0009213322919094935,2.0829755067825317,9.504217147827148,7.314579963684082,0.17337758300709538
1804,mps,5,0.40948247630306867,0,True,0.05702127069234848,0.007812128734076396,0.000837202335242182,2.174941968917847,10.544266700744629,4.879951000213623,0.26117533299839124
1805,mps,4,11.105953176748748,0,True,0.003523547202348709,0.0020538250100798905,0.0006733711197739467,2.1770347952842712,0.12048154324293137,2.0562596321105957,0.17026899999473244
1806,mps,150,-114726.54778653695,375,False,-0.039290303867310285,0.2790546905179872,0.022160353336366824,4.100611488024394,636.8267211914062,407.4659118652344,6.162591334010358
1807,mps,150,-91903.78422037336,300,False,1.2480993881697455,0.36879307255922567,0.020571119887948346,4.106358240445455,617.73388671875,378.0547180175781,6.10449683299521
1808,mps,150,-74095.20748105277,242,False,2.554526030117025,0.8759648371447629,0.01613937013821366,4.120835178693135,934.6756591796875,442.6712646484375,6.159754542008159
1809,mps,150,-135116.0771967431,440,False,-1.8649768626938263,0.6076550263468441,0.018899123372199636,4.1360374371210735,1038.7452392578125,388.1375427246094,6.091806917000213
1810,mps,6,48.8039037094817,0,True,-0.026303663849830627,0.006933281554665882,0.002447908278554678,2.417775591214498,5.376981258392334,9.027867317199707,0.2166615829919465
1811,mps,7,17.94812212880678,0,True,0.06753896349774939,0.012187563791355518,0.002292636948238526,2.495420217514038,3.8390629291534424,8.051264762878418,0.23463079099019524
1812,mps,150,-95233.64093158745,315,False,0.02407705915082867,0.3902287384854086,0.017631448835600166,4.161001181602478,634.4112548828125,698.77001953125,6.016513958005817
1813,mps,150,-104260.42258221345,341,False,-0.1290399248711765,0.24558508909824317,0.022203619568414677,4.187471744219462,598.2984619140625,464.3131103515625,6.129699166995124
1814,mps,4,18.803903709481702,0,True,0.01611941261216998,0.002015141821175348,0.0006490796295111068,2.5025769472122192,1.2308717966079712,3.554938316345215,0.17443466698750854
1815,mps,150,-104676.43416536167,345,False,-0.043152482376123465,0.22510995817542692,0.020894780806653822,4.206405167579651,553.8543701171875,437.1518249511719,6.087866124988068
1816,mps,150,-119955.70055085939,393,False,-2.2693385365357,0.6048062320470854,0.02304300513525959,4.210860857963562,973.7671508789062,1481.0335693359375,6.234802207996836
1817,mps,5,-0.5302898162167082,0,True,0.25986139476299286,0.016619307268410922,0.0006201576674357056,2.625478219985962,18.706314086914062,12.231420516967773,0.19755412499944214
1818,mps,5,58.56464378923681,0,True,0.28796625733375547,0.022986095771193503,0.0007566492538899183,2.6429193019866943,22.777326583862305,10.263628959655762,0.17903975000081118
1819,mps,5,-0.47718651164101544,0,True,0.4694134697318077,0.02451031133532524,0.0007486832095310092,2.645762729644775,23.602916717529297,11.602980613708496,0.1782881250110222
1820,mps,4,11.105953176748748,0,True,0.27308966405689716,0.01652361999731511,0.0007852745911804959,2.631895422935486,15.896934509277344,8.362526893615723,0.1532934999995632
1821,mps,150,-127509.9719853669,417,False,-2.4543161423752706,0.5264281364677784,0.018492784291738645,4.238104691505432,964.0226440429688,902.0293579101562,6.4310908330080565
1822,mps,4,10.68908325095866,0,True,0.40636691730469465,0.011808220209786668,0.0009869777131825686,2.624007999897003,13.104487419128418,10.524284362792969,0.1577323750098003
1823,mps,150,-90142.38675673855,298,False,0.8541931202510993,0.2627040482929518,0.01595077337231487,4.237431823412577,490.2010498046875,291.62255859375,6.137684957997408
1824,mps,150,-160571.00372060243,524,False,-4.611580733433366,1.5874229187314632,0.0192891522248586,4.237201439539591,1626.5909423828125,1194.8443603515625,6.101779457996599
1825,mps,150,-105781.77595443308,345,False,0.2610039902323236,0.3302543089149329,0.01688138344325125,4.239564762115479,567.1386108398438,920.4464721679688,6.1010655839927495
1826,mps,5,-4.1126335087534045,0,True,0.35873923152685167,0.02304000686854124,0.0023166322149336337,2.698787879943848,21.212156295776367,10.907504081726074,0.2004137079929933
1827,mps,4,18.935709631493804,0,True,0.2691347412765026,0.013242402346804738,0.0020629135542549193,2.6661267280578613,13.300175666809082,6.542842388153076,0.1461135420104256
1828,mps,150,-111763.5094643524,369,False,-0.9239153529703618,0.23424013377258235,0.018577363265212626,4.254643688201904,616.6099243164062,529.76904296875,6.204047541003092
1829,mps,25,-280.40921498348877,0,True,4.523949604332447,1.815308286623913,0.001977131273597479,3.723302125930786,300.26788330078125,242.7003631591797,0.9518727910035523
1830,mps,150,-115501.86867236505,379,False,-0.741018794249588,0.2711049601186487,0.021514251679570103,4.256700282096863,590.182861328125,470.0804443359375,6.125996040995233
1831,mps,4,18.803903709481702,0,True,0.14912988574360497,0.005230238780654872,0.00085718187619932,2.6001609563827515,7.779181003570557,6.243566513061523,0.18879979199846275
1832,mps,150,-116516.0467070453,385,False,-0.7552543493111928,0.287501916905785,0.018996122275711968,4.25324170589447,639.7454833984375,383.0317687988281,5.788205958000617
1833,mps,150,-120689.12274271011,400,False,-1.3529367434000596,0.3193530065694232,0.020631697910915438,4.250114828745524,738.4635009765625,322.7267761230469,6.168816582998261
1834,mps,4,10.409482476303072,0,True,0.15778825338929892,0.005236579125778462,0.0014637893182225525,2.5477959513664246,7.827767372131348,6.455215930938721,0.1818005829991307
1835,mps,4,18.803903709481702,0,True,0.061234976281411946,0.005593812722509028,0.0020186257897876203,2.5258448123931885,8.226447105407715,5.288878440856934,0.14702150000084657
1836,mps,150,-85209.47127035377,281,False,2.1905560677746934,0.5864027891531198,0.02099957938461254,4.237643877665202,644.1515502929688,1614.5255126953125,6.209433999989415
1837,mps,5,58.8039037094817,0,True,0.09053949918597937,0.00797956064052414,0.0016242014011368156,2.461189365386963,11.361608505249023,6.161430358886719,0.19554008299019188
1838,mps,4,19.46971018378329,0,True,0.05486782127991319,0.0026514964119996876,0.0010788337676785886,2.374578833580017,3.883784532546997,2.531614065170288,0.14414816700445954
1839,mps,150,-128909.47732704566,422,False,-1.8268945377320052,0.4643804379710188,0.017281122312803442,4.214056094487508,937.1229858398438,538.3551635742188,5.991013916005613
1840,mps,4,21.81958431429797,0,True,0.04469110397621989,0.0019131207518512383,0.0006751881301170215,2.2734744548797607,1.1959491968154907,4.634302139282227,0.17693366600724403
1841,mps,4,18.803903709481702,0,True,-0.002940526344900718,0.0019185918041699779,0.0005868694934179075,2.254827857017517,2.107516288757324,3.800096273422241,0.1606296670070151
1842,mps,4,11.179301448228241,0,True,-0.006891091354191303,0.0018720070802373812,0.0005571679284912534,2.274842083454132,0.9326584339141846,1.8346657752990723,0.18962441600160673
1843,mps,4,18.803903709481702,0,True,0.0073492093943059444,0.0018613929096318316,0.0005668533849529922,2.3157041668891907,0.9341371059417725,0.5954657196998596,0.14370729199436028
1844,mps,5,1.1059531767487485,0,True,0.05019624065607786,0.004271495972352568,0.000772681221133098,2.4095458030700683,4.882725238800049,3.410059690475464,0.19949129100132268
1845,mps,150,-104807.07612618385,341,False,0.21745125059892112,0.27286088705678974,0.03164677358950333,4.21144012928009,542.60498046875,777.2183837890625,6.274499542007106
1846,mps,150,-155037.53111715172,502,False,-3.962677566955487,1.2488891365922365,0.026300369910507774,4.211529116630555,1504.1099853515625,1338.6688232421875,5.946654416999081
1847,mps,4,18.803903709481702,0,True,0.028295252472162247,0.0018375344570813468,0.0005866570500074886,2.521535277366638,1.3309305906295776,1.80370032787323,0.16889154100499582
1848,mps,5,9.469710183783292,0,True,0.021294832229614258,0.004015083960257471,0.0006577184132765979,2.5936331748962402,4.235508918762207,3.6076362133026123,0.2083275409968337
1849,mps,6,-15.522797928393231,0,True,0.10181640007067472,0.008938221046416098,0.0005588801965738336,2.648638685544332,7.6465535163879395,6.14442253112793,0.24300108400348108
1850,mps,150,-88900.00916498475,290,False,1.2533402197808028,0.3225361440689206,0.017328760075227666,4.217715810139974,526.4395751953125,566.3174438476562,6.155575458004023
1851,mps,150,-73268.18381866769,238,False,2.2265831144091983,0.579442778617625,0.014603275171248242,4.210716525713603,655.1365966796875,363.6826477050781,5.9322051250055665
1852,mps,150,-153820.7022338945,506,False,-4.086322244480252,1.2947046162377227,0.017884839510855576,4.210540916124979,1546.106689453125,1116.0889892578125,6.086331333004637
1853,mps,150,-123585.87860652548,410,False,-1.4034377753486236,0.45827512178566393,0.01794954447230945,4.220260596275329,821.1445922851562,496.9266662597656,6.09043450000172
1854,mps,150,-142063.0048500221,468,False,-3.698098082790772,0.9684116131804573,0.01781995752826333,4.213897398312887,1356.733154296875,1440.176513671875,5.9740369170031045
1855,mps,150,-134278.37745532187,439,False,-2.7529713679353396,0.6405871909918884,0.021765313589324552,4.2100983874003095,1144.979248046875,1131.657958984375,6.032694417008315
1856,mps,4,4.250902255897142,0,True,0.1699650497175753,0.003336622919050569,0.006638551945798099,2.659004032611847,3.8257923126220703,15.504789352416992,0.1683726250048494
1857,mps,150,-122304.54122839727,401,False,-1.0630331159786632,0.49723572113233633,0.01643832481621454,4.209291152954101,804.7637329101562,615.7155151367188,6.074995207993197
1858,mps,5,1.1059531767487485,0,True,0.19193162471055986,0.01059384104446508,0.0010436820448376238,2.6851301193237305,14.319686889648438,7.807763576507568,0.19721754200872965
1859,mps,4,10.409482476303072,0,True,0.17858792981132865,0.008116479948512278,0.0006997377640800551,2.6643658876419067,10.678886413574219,5.223332405090332,0.14757883299898822
1860,mps,150,-107038.6138715346,349,False,0.6053370366369685,0.4196040603933458,0.023760810731910168,4.198945390383402,642.9915161132812,1065.7523193359375,6.181685333009227
1861,mps,11,-58.820698551771756,0,True,0.9017027738419446,0.10122748595577749,0.0008697831018997186,2.8482469645413486,83.77700805664062,29.16084861755371,0.46755279100034386
1862,mps,4,11.105953176748748,0,True,0.15358597366139293,0.007319304480915889,0.0006300241439021192,2.637173295021057,10.030062675476074,5.106571197509766,0.14993300000787713
1863,mps,150,-100248.05062986331,327,False,0.5091550925994913,0.2523709673904523,0.026387978695953884,4.192972219785054,447.8290100097656,733.7799682617188,6.175909458004753
1864,mps,6,-10.530289816216708,0,True,0.2538040556634466,0.012096645223209634,0.000759208570040452,2.6519161065419516,15.915665626525879,8.65129566192627,0.23633266700198874
1865,mps,5,-11.833547362173846,0,True,0.14030131194740533,0.004204492356075206,0.0007305167906451971,2.6228888034820557,5.4256696701049805,7.350008487701416,0.1816144170006737
1866,mps,150,-118700.2122157529,393,False,-1.1790574857468406,0.33949550973329373,0.030575553033656132,4.176462100346883,799.375244140625,492.6257629394531,6.759268207999412
1867,mps,5,-16.292616900318393,0,True,0.005548185855150223,0.00425292162108235,0.0006836012064013631,2.661302995681763,1.0529383420944214,6.705014228820801,0.19907679098832887
1868,mps,4,11.179301448228241,0,True,-0.04528363328427076,0.0027897169420612045,0.0006980287871556357,2.6630170345306396,4.653599262237549,3.382266044616699,0.15422420800314285
1869,mps,4,-2.0233183587606014,0,True,-0.05969619727693498,0.002337971195629507,0.0006881717854412273,2.7066696882247925,3.7001025676727295,3.9998512268066406,0.15963212499627843
1870,mps,150,-149806.28730838513,494,False,-4.569999746878942,1.4099220250244253,0.02084676645618553,4.177628569602966,1658.610595703125,1991.17041015625,6.538256416999502
1871,mps,150,-100284.18566918123,328,False,0.03018716731108725,0.2072312184187226,0.018506328505075848,4.185628732045491,548.104736328125,275.42425537109375,6.38183716700587
1872,mps,150,-137687.19627729268,449,False,-3.1834229511022567,0.828732680316704,0.018413889637061705,4.182725933392843,1258.4678955078125,1183.3050537109375,6.014911334001226
1873,mps,150,-150009.35987584185,493,False,-3.887873487671216,1.2073554155835882,0.018796648054073255,4.191793595949809,1459.2960205078125,1739.8555908203125,5.944613125000615
1874,mps,150,-112381.56633447738,372,False,-0.7479499220320334,0.2438595574794734,0.01931043967915078,4.201379586855571,591.2406616210938,607.0391235351562,6.132191291006166
1875,mps,150,-112960.42196677689,364,False,-0.9125157750048675,0.22901024949797308,0.019475844890500107,4.2015969181060795,614.4058227539062,738.8464965820312,6.1415270830038935
1876,mps,150,-101020.35857870078,329,False,0.3389830456053217,0.18261440131866644,0.01713539976316194,4.213348170916239,386.8816223144531,330.89984130859375,6.04133587499382
1877,mps,150,-123534.57183346231,408,False,-1.0453778920695185,0.24203432889541848,0.01706781447865069,4.22098993619283,627.3663330078125,315.4986877441406,5.910674167011166
1878,mps,150,-110021.59387362469,357,False,0.3611767593274514,0.22465187875233825,0.01677838781150058,4.234320050875346,434.0222473144531,611.5570068359375,6.160860709002009
1879,mps,150,-164499.93699921184,546,False,-4.686233676671982,1.3677180813881569,0.021582637006261698,4.233132634162903,1500.991943359375,1383.5250244140625,6.188211874992703
1880,mps,150,-135826.79988699916,442,False,-1.513655986301601,0.3397322919612634,0.023215391549747437,4.243920240402222,688.2772216796875,359.68194580078125,5.918192500001169
1881,mps,6,-8.820698551771756,0,True,1.3627126415570576,0.32173681259155273,0.0007945892090598742,3.0956987937291465,102.3633804321289,56.240196228027344,0.2912569589971099
1882,mps,150,-88502.27905901165,291,False,2.8101458807786304,0.6817563842733702,0.021469460116932168,4.240940470695495,788.166748046875,1498.321044921875,6.381302583991783
1883,mps,150,-130358.05810332703,428,False,-0.5759432454531391,0.2844693469369243,0.019674966887105256,4.2429902505874635,476.1636962890625,619.9703369140625,6.2876093329978175
1884,mps,150,-154934.6400378098,503,False,-2.49969462270538,0.8061356137400435,0.01914066345663741,4.2388432041804,961.4642944335938,448.5583801269531,6.187185041999328
1885,mps,150,-114806.47118750283,375,False,0.6971104254682238,0.22972792620725016,0.01766018366596351,4.235150369008382,386.7669982910156,753.4423828125,5.9284643749997485
1886,mps,150,-108486.81750398636,351,False,1.1929729510471225,0.2025075921967315,0.017803430557250977,4.239186657269796,401.6472473144531,594.2545776367188,6.204189541997039
1887,mps,150,-100030.24301258073,326,False,1.8075360687573752,0.3351582460322728,0.019785216185264288,4.225790568987528,555.381591796875,1098.3585205078125,6.18964062500163
1888,mps,4,11.179301448228241,0,True,2.2471413910388947,0.7118504643440247,0.004740508389659226,3.1105536818504333,100.6781234741211,55.9116096496582,0.15845695900497958
1889,mps,150,-132583.4239774803,435,False,-0.7981171757187986,0.23070044086209246,0.020469949437926214,4.2327220328648885,433.4599304199219,397.3526611328125,6.049567916008527
1890,mps,150,-86026.50786098039,282,False,2.830354396899541,0.5823914751162131,0.02076380124160399,4.228490009307861,833.4977416992188,1079.2161865234375,5.9550032499973895
1891,mps,5,-7.565145414879737,0,True,3.1358655452728272,0.8661182641983032,0.002116191340610385,3.126853847503662,136.8538818359375,99.99366760253906,0.18714100000215694
1892,mps,150,-94316.82488476027,306,False,1.0255925746758778,0.2745787384558935,0.016412880631008497,4.222954328854879,387.6421813964844,443.9336242675781,6.122581916002673
1893,mps,150,-111542.46507257274,366,False,-0.3344053472330173,0.17885268427897244,0.01901086923899129,4.2209603881835935,292.71026611328125,734.7614135742188,6.188314541999716
1894,mps,150,-84609.22164647774,273,False,1.7838494351164749,0.36050181578530704,0.017618201684672385,4.229261962572734,555.8883666992188,241.37953186035156,5.860674832991208
1895,mps,150,-118054.092329926,388,False,-0.8091167613382761,0.10216673743279785,0.025615552420107025,4.226611490249634,375.4485778808594,448.0589599609375,6.088909583006171
1896,mps,150,-92304.01619639529,308,False,1.207926209087794,0.16381045615580359,0.017705218919242423,4.225735611915589,365.47021484375,244.09222412109375,6.0672807920054765
1897,mps,150,-105888.17376992128,343,False,-0.39117889034251374,0.17952326602460136,0.014595745985085765,4.233748337427775,293.0357360839844,772.5517578125,6.111183208995499
1898,mps,150,-92487.93972188326,300,False,0.0893137243622914,0.5874163054631545,0.01940024661831558,4.237617222468058,458.9739074707031,993.6436767578125,6.050073417005478
1899,mps,150,-118776.15494323216,386,False,-1.3373753590074677,0.1673207103404669,0.017505813164946933,4.249115004539489,495.773193359375,676.341796875,6.053038333004224
1900,mps,4,18.34927128516004,0,True,2.966284215450287,1.1787604093551636,0.005160835920833051,3.1624503135681152,125.92523956298828,65.69679260253906,0.16229254100471735
1901,mps,150,-94810.41130104182,314,False,0.588473371018966,0.17380945863861902,0.021375025836750865,4.262402534484863,241.8667755126953,552.2791137695312,6.473658999995678
1902,mps,4,-3.985345697306098,0,True,3.828819453716278,1.2212603986263275,0.004207503283396363,3.143329679965973,128.93809509277344,67.59880065917969,0.16713412500394043
1903,mps,150,-112131.59938064638,376,False,-0.6338906606286764,0.0762253978106916,0.016765043218620122,4.270410548845927,271.384521484375,208.83157348632812,5.877202792005846
1904,mps,150,-164965.21170481984,543,False,-4.886958659390609,1.4723689437374317,0.01944183759779359,4.280431143442789,1409.5592041015625,1501.0067138671875,6.0322008750081295
1905,mps,8,-39.73279713602457,0,True,4.370770126581192,1.4474776238203049,0.0016178272635443136,3.2658959925174713,261.79083251953125,103.16548156738281,0.323820584002533
1906,mps,4,20.643252386982233,0,True,3.7516145408153534,1.2916507124900818,0.0011291708215139806,3.1654035449028015,132.28880310058594,72.3178939819336,0.15979962500568945
1907,mps,150,-96543.68976733541,312,False,1.1177846049765745,0.14337364897500568,0.020380479745411625,4.312233381271362,259.7342834472656,545.851318359375,6.143772540992359
1908,mps,150,-121488.75643715597,399,False,-0.8524680037299792,0.1033558206126751,0.02351534309020887,4.323228975931803,301.3864440917969,259.89996337890625,5.897114999999758
1909,mps,4,-10.446299104371846,0,True,2.8517578542232513,1.2452696561813354,0.0012221007782500237,3.1829285621643066,130.71604919433594,81.0780029296875,0.16170675000466872
1910,mps,150,-91613.45660234678,298,False,1.9215270248055458,0.2845205622785337,0.015920480971690267,4.308267938296,494.4410095214844,894.80615234375,6.259077666007215
1911,mps,150,-125876.6606397564,419,False,-1.0304126104091604,0.2067645633307984,0.016446617914674184,4.314529941876729,357.67999267578125,253.5625457763672,6.066833375007263
1912,mps,150,-111084.62226044094,363,False,0.6630940109010165,0.2101720791906765,0.02139364482058833,4.3107236909866335,298.0952453613281,693.7232666015625,5.943877333003911
1913,mps,150,-125078.93103393199,411,False,-1.0137389507517218,0.1640835564793694,0.016915593727802238,4.297460503578186,359.3949279785156,259.0018005371094,6.145167459006188
1914,mps,150,-113345.06227817024,371,False,0.0019190035046388705,0.09518637584842206,0.017114533378432193,4.287093784014384,148.84214782714844,269.137451171875,6.08590908300539
1915,mps,150,-100437.76446043554,329,False,0.4022710619308054,0.17207845769266594,0.016127295607390502,4.288913799921672,157.52093505859375,373.3336181640625,5.7572349999973085
1916,mps,4,19.174969551738698,0,True,2.6192969381809235,1.2442588806152344,0.0013335998519323766,3.093877136707306,132.3162078857422,80.72409057617188,0.16341750000719912
1917,mps,150,-103266.83901836786,338,False,0.7987453191230695,0.08008712991678844,0.019573648239408308,4.266652084986369,198.59765625,440.6495666503906,5.926518292006222
1918,mps,7,-75.28908198777347,0,True,3.3989177431379045,1.358178666659764,0.0008875663375615009,3.123485939843314,231.23765563964844,88.63276672363281,0.2630711250094464
1919,mps,150,-112135.01957473592,370,False,-0.04957352241966873,0.06992444530553106,0.021995331405196338,4.24354526201884,151.6505126953125,345.3528137207031,6.206010583002353
1920,mps,150,-135748.57473722877,446,False,-1.8149805383384228,0.4058258247506577,0.017444126181847725,4.230245248476664,578.4436645507812,245.4710235595703,6.023299167005462
1921,mps,150,-138385.37796778695,455,False,-2.0342161587377388,0.43521268167408494,0.017638056200618545,4.209471605618795,630.2398681640625,316.69342041015625,6.658422249995056
1922,mps,4,16.870435883368824,0,True,3.029384046792984,1.2436931431293488,0.002522529161069542,2.90399569272995,134.62904357910156,57.77920913696289,0.18207070899370592
1923,mps,150,-97559.01517713188,323,False,0.8598863844573498,0.08204939123534132,0.018600824866443873,4.159001301129659,222.16603088378906,448.10699462890625,6.17846841699793
1924,mps,150,-93231.61309034008,307,False,0.877882683078448,0.13513052936061284,0.018852560929954052,4.135915641784668,231.5885009765625,396.5149230957031,6.054087083000923
1925,mps,6,-19.53869681938619,0,True,3.468752463658651,1.3377932111422222,0.003503369400277734,2.922236601511637,202.41439819335938,88.2984848022461,0.22901354200439528
1926,mps,6,-10.21665440395774,0,True,3.8179516394933066,1.278498609860738,0.0021701024767632284,2.8771630128224692,201.128662109375,93.40327453613281,0.2170762919995468
1927,mps,150,-97695.20810926822,322,False,0.29472394556427994,0.08417331030760881,0.020027695670723916,4.0855728467305505,219.2906494140625,199.09559631347656,6.002276458995766
1928,mps,8,-75.45647785497111,0,True,3.3583104610443115,1.332479789853096,0.001435448502888903,2.9672652184963226,260.7774658203125,127.99542236328125,0.30716641699837055
1929,mps,150,-98427.51707677776,324,False,0.4504466069800158,0.0782473881531799,0.01906779558164999,4.069595521291097,219.48809814453125,252.3795623779297,6.081601375000901
1930,mps,150,-76022.35889162027,250,False,1.2371314217026035,0.8525360054623221,0.01622390086762607,4.043781270980835,629.9490356445312,980.2279052734375,5.954452582998783
1931,mps,150,-136935.37789878776,450,False,-3.342626680036386,0.7695345348188615,0.015612407961549859,4.048335461616516,1104.549560546875,1455.9197998046875,5.906628916010959
1932,mps,150,-112020.25911013556,367,False,-1.1073682237416507,0.1260340621737608,0.01873501897789538,4.037751518885295,488.3202209472656,534.9782104492188,5.997599917012849
1933,mps,4,10.409482476303072,0,True,2.072303146123886,1.039775937795639,0.0024064305471256375,2.818543314933777,126.05155181884766,63.146766662597656,0.16289266700914595
1934,mps,150,-112106.62256023214,369,False,-1.2460357036658873,0.39545617825033635,0.016549201620121797,4.031121110916137,590.660400390625,1361.0189208984375,6.042088625006727
1935,mps,150,-125754.60615155278,409,False,-2.100412703678012,0.3186700784469334,0.017588627769922215,4.029648378690084,741.98876953125,893.6826171875,5.965207000001101
1936,mps,150,-130276.28805818848,428,False,-2.7647017204761504,0.7403367041540332,0.014635421289131045,4.0337020858128865,998.4579467773438,1569.2679443359375,6.051160292001441
1937,mps,150,-108861.37641563521,355,False,-0.6182613180826108,0.1167125599522842,0.0175647251183788,4.02227632522583,316.35137939453125,473.9385681152344,6.132826166998711
1938,mps,150,-118927.76520205819,389,False,-1.0034893159595473,0.16604214769889022,0.01512120886395375,4.022526928583781,439.1440734863281,478.093017578125,5.930547916999785
1939,mps,150,-129301.1518141239,417,False,-1.6001240140448014,0.2917965516355859,0.015237101945094764,4.033174173037211,558.2884521484375,245.92984008789062,5.734260375000304
1940,mps,150,-174431.84586621574,574,False,-5.500180173913638,2.1776923086323463,0.01711054611640672,4.035093426704407,1774.481689453125,1905.1265869140625,6.033037666988093
1941,mps,6,-8.820698551771756,0,True,2.7801411151885986,1.2600300113360088,0.0014526710147038102,2.7518930435180664,206.5465087890625,100.04219818115234,0.27389699999184813
1942,mps,150,-81137.50128011055,260,False,3.2320350486040117,0.7839070080329353,0.01571311958367005,4.042556126912435,935.7645874023438,1176.793212890625,6.660897917012335
1943,mps,150,-99015.6668018972,323,False,1.7947381629794836,0.3865885882406989,0.016973903228063136,4.041890236536662,533.4161987304688,993.1268310546875,6.095931082993047
1944,mps,5,-1.650728714839957,0,True,2.6893885135650635,1.2840233087539672,0.0009665465098805725,2.669268846511841,177.2869873046875,96.39683532714844,0.19413366699882317
1945,mps,4,18.803903709481702,0,True,1.2927932143211365,1.248004138469696,0.0009725009585963562,2.624460756778717,141.9309844970703,107.4244155883789,0.15582062500470784
1946,mps,5,8.803903709481702,0,True,2.1198866605758666,1.2525946617126464,0.0008387147565372289,2.6072504043579103,176.52908325195312,94.27104187011719,0.20236087498778943
1947,mps,4,18.803903709481702,0,True,3.9504909217357635,1.1837107837200165,0.0007708301855018362,2.529423773288727,139.6488494873047,74.92546081542969,0.13925841699528974
1948,mps,150,-96323.11608243297,317,False,1.8830111507574718,0.3111911680108945,0.017693695126799868,4.050683630307516,530.2105712890625,675.5607299804688,6.005731541998102
1949,mps,150,-88836.17287699868,292,False,2.6708873160680136,0.7015018546829621,0.015087211255061751,4.0471479956309,818.1837158203125,1054.503662109375,5.8243739169993205
1950,mps,5,58.8039037094817,0,True,1.8547612428665161,1.0638795614242553,0.0010643732617609202,2.3961313247680662,165.33197021484375,72.4636001586914,0.18778429199301172
1951,mps,6,48.47420749705728,0,True,3.003377377986908,1.0490698913733165,0.0010331824208454539,2.384036580721537,193.85980224609375,81.23080444335938,0.21907758300949354
1952,mps,5,8.803903709481702,0,True,2.0851815581321715,0.9156857967376709,0.0010057383333332837,2.2760644912719727,155.17608642578125,71.77165985107422,0.1814867919893004
1953,mps,4,1.7044466856267988,0,True,2.7167317122220993,0.7881661206483841,0.00106764433439821,2.185003638267517,117.84080505371094,78.73971557617188,0.1451985000021523
1954,mps,5,43.183282087418014,0,True,1.4103853702545166,0.7417298197746277,0.0011792104342021048,2.2090657234191893,141.06979370117188,49.216087341308594,0.16693558399856556
1955,mps,5,1.179301448228241,0,True,2.0315447807312013,0.6392982363700866,0.0011416841065511108,2.169183588027954,132.08868408203125,58.49420166015625,0.19612595799844712
1956,mps,4,18.34927128516004,0,True,1.803376130759716,0.5195514187216759,0.001124729635193944,2.1318143606185913,96.97499084472656,72.33775329589844,0.16756737499963492
1957,mps,150,-94820.85748801907,309,False,1.5105869960784912,0.24480631147821744,0.015303121171115586,4.033113657633463,413.635498046875,606.931396484375,5.906850374987698
1958,mps,7,-24.848838228434573,0,True,1.437083214521408,0.42873561808041166,0.0012413133600992815,2.2386061464037215,148.45970153808594,57.83375549316406,0.24415774999943096
1959,mps,4,18.803903709481702,0,True,0.6485697776079178,0.2684769295156002,0.0013744214083999395,2.1271884441375732,71.26175689697266,34.291046142578125,0.14212437499372754
1960,mps,4,10.409482476303072,0,True,0.9340553879737854,0.19953006878495216,0.0013401234173215926,2.113436758518219,61.832698822021484,29.681421279907227,0.14424916601274163
1961,mps,4,18.803903709481702,0,True,0.4428369365632534,0.13420180417597294,0.0012784673599526286,2.0913091897964478,51.20286178588867,23.658613204956055,0.15438229200663045
1962,mps,4,11.179301448228241,0,True,0.553990300744772,0.08239634893834591,0.0013266976457089186,2.061276376247406,40.29804611206055,20.441503524780273,0.1932206670026062
1963,mps,150,-97546.68033148712,319,False,0.8024817219640439,0.20583675075666794,0.016770644780869284,4.024851601918538,382.9148864746094,492.3784484863281,6.4404489590087906
1964,mps,4,5.55867982616455,0,True,0.2748991334810853,0.015237107058055699,0.0012608521501533687,1.9992804825305939,17.014175415039062,8.085222244262695,0.16212554200319573
1965,mps,150,-109543.05923999008,358,False,-0.6145136632139717,0.22820503542206538,0.017040108696868023,4.016421356201172,633.4067993164062,257.90887451171875,6.169733125003404
1966,mps,4,18.803903709481702,0,True,0.02092285524122417,0.0020472846954362467,0.0013251022901386023,1.992492526769638,1.6557164192199707,3.7823710441589355,0.160790875001112
1967,mps,4,18.803903709481702,0,True,-0.03333047387422994,0.004984270272188951,0.0012155437434557825,2.00639671087265,8.15576457977295,5.200137138366699,0.1467591669934336
1968,mps,6,48.8039037094817,0,True,-0.09307421712825696,0.007588959119554299,0.0011001630142952006,2.103449046611786,9.325845718383789,5.171646595001221,0.20404570800019428
1969,mps,150,-106934.1247248046,353,False,-0.4057590616028756,0.3545233004774445,0.017310837154121447,4.03953496615092,645.0234375,582.8001098632812,6.0906382920074975
1970,mps,6,48.8039037094817,0,True,-0.08235830844690402,0.010021205216010761,0.0007185264645765225,2.197380026181539,13.594538688659668,11.528421401977539,0.22638958299648948
1971,mps,5,-4.633133760296907,0,True,-0.23947541266679764,0.009536362357903273,0.0007033147965557873,2.2324628829956055,13.667475700378418,9.66086483001709,0.18087804199603852
1972,mps,4,19.46971018378329,0,True,-0.16998128406703472,0.007808174705132842,0.0006767737431800924,2.2411922812461853,11.273926734924316,6.2038092613220215,0.1491776250040857
1973,mps,4,18.803903709481702,0,True,-0.07403656491078436,0.004631726870684361,0.0006262109673116356,2.276005446910858,7.918940544128418,5.062142848968506,0.17236820800462738
1974,mps,13,-100.99807603656262,0,True,0.9444930612181242,0.1961748806632106,0.0006902772763099235,2.677320828804603,83.9822998046875,45.973758697509766,0.48161295799945947
1975,mps,150,-110018.4894660849,360,False,-0.8925374183431267,0.30265952576723065,0.028619013354182245,4.074354236920675,726.1256103515625,556.0794067382812,6.013548582996009
1976,mps,5,-14.19851353898606,0,True,0.276100989128463,0.006524675047603523,0.0006674744829069823,2.4710075855255127,8.727754592895508,12.812527656555176,0.1936041659937473
1977,mps,6,-9.790113247240129,0,True,0.15848317556083202,0.01378069555236531,0.0005660006960776324,2.559608737627665,18.691509246826172,9.477413177490234,0.20778920799784828
1978,mps,6,-19.154453416385778,0,True,0.2597351384659608,0.011198765193209207,0.0006769150398516407,2.5811522801717124,17.518922805786133,12.089014053344727,0.21180829100194387
1979,mps,150,-124181.59792584513,403,False,-2.307874615589778,0.5068578862290208,0.01843782587442547,4.0822287368774415,1064.991943359375,603.5682983398438,5.743927417002851
1980,mps,150,-127170.40919738426,419,False,-2.7329593193531037,0.7733685279307732,0.016938828142592684,4.082876450220744,1299.5225830078125,1338.0894775390625,5.782628417000524
1981,mps,150,-72619.6665958414,236,False,1.750801394705971,0.42891167422678944,0.017230864179631076,4.093350942929586,565.2440185546875,338.88519287109375,6.246329624991631
1982,mps,4,18.34927128516004,0,True,0.18076473800465465,0.007628018953255378,0.0017498217930551618,2.669275939464569,10.826458930969238,5.176974773406982,0.17077841599530075
1983,mps,150,-112290.42850977187,370,False,-1.276170302691559,0.28806535331384414,0.016312732701189814,4.114558585484823,832.0093383789062,625.7257080078125,5.989358374994481
1984,mps,150,-101549.44773067582,329,False,-1.0620184950033824,0.48150620873653677,0.014033892541968573,4.1234186156590775,738.9617919921875,1068.5201416015625,5.871631667003385
1985,mps,150,-98477.66248390784,317,False,0.24359041948492327,0.23335154565586738,0.016380746331997216,4.136097739537557,433.4990234375,491.7430114746094,6.044830167011241
1986,mps,5,-14.91510986969535,0,True,0.47669124603271484,0.023669312056154013,0.002005934831686318,2.7577327251434327,24.657367706298828,13.419767379760742,0.1894567089912016
1987,mps,4,10.30728556626974,0,True,0.32754871249198914,0.016236774972639978,0.0016534417809452862,2.743528187274933,17.24219512939453,8.387569427490234,0.145160667001619
1988,mps,150,-87285.4113111868,282,False,1.3570349613328774,0.3131205675195088,0.017177708647213876,4.161990574200948,414.5700378417969,785.360107421875,5.934864833005122
1989,mps,150,-89469.9261816803,296,False,0.9534354981780052,0.2534209702478256,0.017722264933399855,4.153968114852905,444.3018798828125,630.1383666992188,6.121120541996788
1990,mps,5,-21.680812028936224,0,True,0.4661361753940582,0.02494166400283575,0.0010726941982284188,2.788914108276367,25.920881271362305,11.394111633300781,0.19382529200811405
1991,mps,4,-9.676480132446681,0,True,0.32103306241333485,0.017174642765894532,0.0009058894065674394,2.776103138923645,17.560163497924805,7.719813823699951,0.16172395799367223
1992,mps,11,-135.89258320261274,0,True,0.9402858357537877,0.09641614894975316,0.0008990685032172637,2.926845919002186,89.98410034179688,34.01898956298828,0.42362108299857937
1993,mps,150,-125860.89929553327,410,False,-2.723312196334203,0.6528691006649752,0.01723399161865624,4.168457620938619,1101.3712158203125,729.4689331054688,6.140400917007355
1994,mps,150,-133205.08876064303,438,False,-3.117852120548487,0.7327588935677583,0.016466348613224303,4.165941220919291,1242.966552734375,692.5045776367188,5.989647333990433
1995,mps,150,-86397.98064920206,282,False,0.3606158036738634,0.2868605310729496,0.01805332878177675,4.172522306442261,459.70294189453125,533.1668701171875,6.265827625000384
1996,mps,150,-134854.19580026533,443,False,-2.7790140091876188,0.7852648517039051,0.018459055735729635,4.168646659851074,1178.71826171875,449.7555236816406,6.2827504580054665
1997,mps,150,-91919.95539638844,300,False,1.1391875738278032,0.43303487242591776,0.01626905851221333,4.171796840031941,519.945556640625,886.7144165039062,6.149109334000968
1998,mps,18,-215.57178107386576,0,True,3.3087375101943812,0.8662915970037122,0.002123709302395582,3.413540482521057,224.96493530273438,104.21257019042969,0.6765002910105977
1999,mps,150,-118338.43025188475,385,False,-1.454703216891115,0.3012559735085569,0.01642503586752961,4.177808119455974,805.4423217773438,392.96295166015625,6.178195166998194
2000,mps,6,45.045717266477716,0,True,0.5361307561397552,0.04267320944927633,0.0033429843994478383,2.858912626902262,37.69853973388672,16.946619033813477,0.3000027090020012
