episode,device,scenario,n_ticks,reward,buildings_destroyed,contained,policy_loss,value_loss,classification_loss,aux_zone_loss,entropy,resource_entropy,zone_entropy,value_grad_norm,other_grad_norm,wall_time_s
1,mps,single_training,150,-101104.89565465144,335,False,-209054.41409505208,2252546232.0551043,0.0639446123689413,3.6328422609965005,4.620128892262777,1.2966536974906921,3.323475219408671,85461152.0,160075856.0,11.873671875015134
2,mps,stone_canyon,150,-106223.77870013232,365,False,5.520008404751619,2.1093305864941794,0.05571965957681338,3.5282336235046388,4.569310054779053,1.2935059452056885,3.2758040968577067,3052.612060546875,6460.73828125,11.744409708015155
3,mps,single_training,16,-222.3090251192387,0,True,13.337164759635925,8.28700366616249,0.020673289545811713,3.8963973820209503,4.6080842316150665,1.3386868089437485,3.269397407770157,372.9697265625,480.3326110839844,1.218858749984065
4,mps,stone_canyon,150,-93331.86882050442,321,False,4.391208224495252,1.1109547609556467,0.05696484828988711,3.525519231160482,4.646713027954101,1.3047713430722554,3.341941688855489,1921.64501953125,3624.119384765625,11.29841687498265
5,mps,stone_canyon,3,21.208375822300436,0,True,9.420005639394125,4.076455275217692,0.010116734852393469,3.5388241608937583,4.69780953725179,1.3449900150299072,3.3528195222218833,46.2967414855957,80.84305572509766,0.2420100829913281
6,mps,single_training,150,-146768.53657810434,477,False,-6.318473481138548,2.5599751583793355,0.08313940917452177,3.4890406211217244,4.720338382720947,1.3024404573440551,3.41789793809255,2058.00439453125,3431.185791015625,11.128773750009714
7,mps,stone_canyon,150,-145084.57834395173,494,False,-2.040611390074094,0.3064865218801424,0.07706528714237114,3.4349346001942953,4.736167621612549,1.2964633440971374,3.439704281489054,706.1796264648438,1291.937255859375,11.967881000018679
8,mps,stone_canyon,150,-117622.1967357927,402,False,2.3322733414421477,0.5753732601557082,0.07412228308618068,3.43624830087026,4.741002216339111,1.2892817489306132,3.4517204554875693,1447.6278076171875,3296.1162109375,11.061563458992168
9,mps,single_training,150,-116733.09793453079,383,False,0.3964211836953958,0.13345199726613524,0.08231997611311574,3.511393780708313,4.738824965159099,1.282919980684916,3.455904982884725,470.86993408203125,1188.5694580078125,11.477712000021711
10,mps,single_training,150,-118437.79511922745,385,False,-0.4983507584501058,0.14893236748086716,0.07237047684068482,3.511575158437093,4.735897032419841,1.2780853287378946,3.457811713218689,411.2541198730469,1123.219482421875,10.81677987499279
11,mps,single_training,150,-138997.98149570663,455,False,-1.966021222124497,0.29959236148162743,0.07953421698572735,3.499269259770711,4.732075427373251,1.2734650627772013,3.458610348701477,515.0323486328125,831.7092895507812,10.542617790983059
12,mps,single_training,150,-79349.25112349066,259,False,4.9294276416301726,1.2641836421874662,0.07193938383211693,3.4830409542719525,4.730772155125936,1.2727791023254396,3.457993035316467,2335.724609375,4794.77587890625,10.581606666004518
13,mps,stone_canyon,150,-135529.78111287762,464,False,0.3906289469450712,0.3975502591326343,0.068874535014232,3.4369923226038614,4.728974917729696,1.2723303357760112,3.456644579569499,798.5365600585938,2084.883056640625,10.615487792005297
14,mps,stone_canyon,150,-138899.02796027332,477,False,-0.7114145651576109,0.2381774991276408,0.06541228204965592,3.421657288869222,4.72693250656128,1.2725131956736246,3.4544193236033123,228.15487670898438,665.05419921875,10.764003874995979
15,mps,stone_canyon,150,-121167.13136762234,416,False,1.034992720267425,0.4740608895367495,0.06680311813950539,3.409857236544291,4.727193454106649,1.2732420897483825,3.4539513619740805,1185.4891357421875,3017.28857421875,10.71326079199207
16,mps,stone_canyon,150,-132310.58261951248,453,False,-1.5500194138040144,0.2574514460472468,0.06707178848485151,3.4284586413701374,4.727100378672282,1.2726112747192382,3.454489116668701,834.2778930664062,1899.4410400390625,10.91530066699488
17,mps,stone_canyon,150,-87114.96421027633,302,False,2.4310549484876294,0.8827420589151582,0.055165721513330934,3.4355866638819377,4.727010459899902,1.272032350699107,3.4549781052271524,495.6956787109375,824.835693359375,10.999239166994812
18,mps,stone_canyon,150,-129111.46390484423,446,False,-1.7816700242708128,0.29872099682816045,0.059512927929560346,3.418585042953491,4.724178473154704,1.2699553346633912,3.454223141670227,894.7177734375,1963.993896484375,10.728891583014047
19,mps,single_training,150,-142309.11982287132,470,False,-4.741444636980693,1.2191866618891558,0.06785223633050919,3.426754312515259,4.7236209360758465,1.2680868363380433,3.4555341084798177,2115.81640625,4478.3564453125,10.694634125015
20,mps,stone_canyon,150,-130959.74643022343,447,False,-2.2656703435540355,0.4159873356938618,0.0526463892745475,3.3876821931203205,4.720383803049724,1.2641170922915141,3.4562667258580526,1263.869140625,2788.975341796875,10.670949666004162
21,mps,stone_canyon,150,-94539.92593862768,326,False,1.5756264493738612,0.5032116728320882,0.056667348065723974,3.407143932978312,4.718379519780477,1.2614484683672587,3.4569310394922894,315.5670471191406,941.638916015625,10.530398000002606
22,mps,single_training,150,-126912.41977433494,420,False,-1.6108998193001995,0.22414394311598698,0.1100977033128341,3.435135316848755,4.721673520406087,1.2623075294494628,3.4593659845987954,316.4095458984375,595.4088745117188,10.406881750008324
23,mps,stone_canyon,150,-116835.63650089057,404,False,0.27372543850758424,0.11665203368000751,0.06730217259687682,3.4076477686564126,4.721647383371989,1.2620408248901367,3.459606539408366,124.9158706665039,472.4129638671875,10.38201649999246
24,mps,stone_canyon,150,-85335.1034143433,294,False,4.227654245148102,1.0233893794722584,0.053014000772188104,3.405214727719625,4.71998929977417,1.261207734743754,3.4587815968195597,1487.8907470703125,2803.485107421875,10.59814779201406
25,mps,single_training,13,-134.45036967223734,0,True,8.51401893909161,3.2058094281416674,0.010143486639628043,3.411081314086914,4.786686897277832,1.3226477641325731,3.4640391973348765,145.78561401367188,219.2106475830078,0.9668496249942109
26,mps,single_training,16,-223.8174268113738,0,True,8.66265720129013,3.3338871002197266,0.011240024236030877,3.400414928793907,4.78317254781723,1.3198507875204086,3.4633217453956604,183.49647521972656,378.684814453125,1.1209010840102565
27,mps,single_training,150,-140997.2835909032,462,False,-2.228391153092186,0.44672697210230883,0.06028393716240923,3.5155067825317383,4.715612856547038,1.2613051311175028,3.454307715098063,528.3270263671875,758.879638671875,10.279141416976927
28,mps,stone_canyon,150,-99464.33266021205,342,False,3.3695564521600803,0.6955765412237572,0.05732700474560261,3.409198732376099,4.71601482073466,1.2622631541887919,3.4537516609827676,1601.79443359375,3106.96435546875,10.200833291979507
29,mps,stone_canyon,150,-149585.5126640619,508,False,-0.5835836219787598,0.8935850308509543,0.056943562335024275,3.4179777669906617,4.716736596425374,1.2636405658721923,3.4530960369110106,1006.6403198242188,3051.265625,10.768608082988067
30,mps,single_training,13,-144.96869134975853,0,True,7.540686680720403,2.529208229138301,0.01758460199030546,3.403455459154569,4.776973174168513,1.313468153660114,3.4635050296783447,144.80740356445312,247.80401611328125,0.927255041024182
31,mps,single_training,150,-97032.05063804831,318,False,2.918251709192991,0.8770358535947161,0.06564559801171223,3.4671265188852947,4.720284503300984,1.2667467451095582,3.4535377661387128,1955.00732421875,4442.69482421875,10.002770791994408
32,mps,single_training,150,-89782.23613612591,297,False,2.901501075377067,0.5191960361902602,0.061789826278885206,3.469909871419271,4.720415833791097,1.2667243480682373,3.45369149684906,1454.9720458984375,3166.924072265625,10.228966041991953
33,mps,stone_canyon,150,-117479.23463426884,402,False,0.49743567550554874,0.19567186441168208,0.06061528416971366,3.388778659502665,4.719354486465454,1.265892063776652,3.4534624433517456,232.77073669433594,525.3478393554688,10.325842874997761
34,mps,single_training,150,-82658.32303691492,279,False,2.1620440770685674,0.28949643601479086,0.046997674262772,3.437634210586548,4.717785574595133,1.263796641031901,3.453988920847575,811.7581176757812,1485.94677734375,11.137130332994275
35,mps,stone_canyon,150,-106594.64634478779,366,False,-0.237082234484454,0.1601085403361018,0.05675684011230866,3.3784996541341146,4.714075517654419,1.2597032634417216,3.454372239112854,360.15069580078125,1032.77783203125,10.766547333012568
36,mps,stone_canyon,150,-152467.73376288926,520,False,-4.882361862743274,1.2267169257753887,0.06076151890369753,3.365729201634725,4.709804534912109,1.2555762648582458,3.4542282915115354,1574.0203857421875,2986.707275390625,10.86240916600218
37,mps,single_training,150,-83200.34875519866,271,False,0.7285558156870926,0.10204801174888133,0.05352007739866773,3.471406617164612,4.701743510564168,1.2486598976453145,3.4530836089452106,139.78558349609375,435.3033752441406,10.782301083003404
38,mps,stone_canyon,150,-137222.25581075027,472,False,-3.1658588569362958,0.6668902075354708,0.06691838005557656,3.365185769399007,4.691922518412272,1.241827865044276,3.450094658533732,823.6077880859375,1273.4541015625,10.6334555830108
39,mps,single_training,150,-132103.14593578188,430,False,-4.538107844193776,1.0801343541243236,0.06269702312226097,3.4492462333043417,4.686298440297445,1.239580313762029,3.44671812693278,1639.37255859375,3032.69873046875,10.779596292006318
40,mps,single_training,150,-101647.52520144465,334,False,-1.079964892876645,0.08508696868455445,0.05965141414354245,3.4380137459437052,4.681402289072673,1.2378757735093435,3.443526536623637,404.4859313964844,787.0108642578125,11.036296209000284
41,mps,single_training,150,-89770.87700118925,297,False,0.8362102056791385,0.13991338241379708,0.0627654650186499,3.420789747238159,4.679206889470418,1.236258980433146,3.442947915395101,667.5968627929688,1601.15234375,10.84469800000079
42,mps,single_training,150,-155162.4736381654,509,False,-6.007627831598123,1.8379374899583247,0.08135277390480042,3.4215097522735594,4.67797150293986,1.2349847416083017,3.4429867521921795,1881.766357421875,3216.642578125,10.984367583005223
43,mps,stone_canyon,150,-140489.3319570512,482,False,-3.3571523401141166,0.6074049403753209,0.05956089071308573,3.3437323077519734,4.677125113805135,1.2319820161660513,3.445143090883891,1114.9375,1988.9241943359375,10.59878008402302
44,mps,single_training,150,-83884.4108235536,270,False,2.528774836063385,0.6572276952868575,0.055754013204326235,3.3799774758021037,4.679077997207641,1.2314657433827718,3.4476122522354125,1621.1024169921875,3707.11474609375,11.098477457999252
45,mps,stone_canyon,150,-73668.81977869946,256,False,3.8180427135154607,0.9072321542403612,0.049614155342181526,3.3793876202901205,4.681128028233846,1.2318333411216735,3.4492946831385294,1453.2938232421875,2645.635986328125,10.590448625007411
46,mps,single_training,150,-92892.68502322893,302,False,1.4419103789888323,0.48433690844946947,0.0569309824022154,3.383818283081055,4.679475647608439,1.22860444466273,3.4508712085088096,1206.196533203125,2941.947265625,10.346432291000383
47,mps,single_training,150,-139986.72076938208,457,False,-3.6128936329235635,0.6944579737030169,0.08538056944186488,3.404101085662842,4.675076834360758,1.224289871454239,3.450786952972412,973.9927368164062,1576.74755859375,10.286997374991188
48,mps,stone_canyon,150,-138252.33749052472,472,False,-2.6746412981383036,0.40995893642055165,0.05837057083845139,3.366091767946879,4.67025328318278,1.2222040486335755,3.448049240112305,800.2587890625,1384.431884765625,10.25504341701162
49,mps,single_training,150,-130908.86180123332,426,False,-1.9341666561271995,0.48334400581400133,0.08057889388253292,3.3969181791941323,4.667165104548136,1.2247962590058645,3.442368845939636,327.9820861816406,1014.3006591796875,10.268612624990055
50,mps,single_training,150,-144153.47380051555,467,False,-3.5977901231497524,0.7455463213441301,0.08927711649487416,3.417281498908997,4.666394837697347,1.22674600760142,3.4396488364537556,1017.3449096679688,1679.69921875,10.274226666981122
51,mps,single_training,150,-86187.38515731302,282,False,3.183288679992159,0.7847799788941726,0.06361452903598547,3.362447905540466,4.670169699986776,1.2300576249758401,3.4401120948791504,1768.4300537109375,3858.29833984375,10.349876332998974
52,mps,single_training,150,-78315.45431111346,259,False,3.286475536028544,0.5446404544760783,0.06328074789295594,3.404473320643107,4.673269971211751,1.2308819576104482,3.442387973467509,1128.1397705078125,2037.1790771484375,10.29791333299363
53,mps,stone_canyon,150,-140536.28564396425,480,False,-1.0885458600521087,0.4106837567508531,0.05747287438561519,3.343797526359558,4.677607507705688,1.2320478451251984,3.4455596653620404,379.4529724121094,1187.4288330078125,10.353339791996405
54,mps,single_training,150,-102403.73378925679,336,False,0.9089731908931087,0.1278960491169183,0.06619294869403045,3.354899574915568,4.677508554458618,1.2328720498085022,3.44463649113973,592.0786743164062,1308.02734375,10.418822250008816
55,mps,single_training,150,-105650.24437082588,342,False,0.4124112814726929,0.07118608771029893,0.07824075033267339,3.3788552792867024,4.675148935317993,1.2332680710156758,3.4418808762232462,441.1393737792969,1056.26513671875,10.368749040993862
56,mps,single_training,150,-95568.06029736056,318,False,0.6765381665962438,0.040780856383307765,0.08418531126032273,3.4032095003128053,4.672255551020305,1.232799235979716,3.439456321398417,204.56642150878906,417.3036193847656,10.3003345420002
57,mps,single_training,150,-110314.79748058738,356,False,-1.5147869181446731,0.2181020580512874,0.06310007512569428,3.347865080833435,4.669029429753621,1.2318745362758636,3.437154885927836,733.7266845703125,1613.3951416015625,10.313780291005969
58,mps,stone_canyon,150,-127263.00690311907,439,False,-2.5514325363297634,0.4948451504317773,0.06692889110495646,3.3923567438125612,4.668285210927327,1.2309109242757161,3.437374308904012,1331.4034423828125,2825.605712890625,10.280037583986996
59,mps,single_training,150,-137374.70122762074,452,False,-5.074839790860812,1.5947552217139551,0.0673167855416735,3.3895359404881797,4.669950434366862,1.2303872895240784,3.4395631456375124,2303.406494140625,4926.80810546875,10.410279000003356
60,mps,single_training,150,-124554.94495255276,405,False,-3.502981963455677,0.7444194172340213,0.07162613240381081,3.330628523826599,4.670177640914917,1.2292920796076456,3.4408855676651,1572.3419189453125,3297.20458984375,10.518359417008469
61,mps,single_training,12,-168.5161665742193,0,True,8.785471041997274,3.370263655980428,0.03566382763286432,3.4477142095565796,4.823719143867493,1.373381386200587,3.450337807337443,88.14665222167969,239.0926513671875,0.8754234589869156
62,mps,stone_canyon,150,-173938.9399779786,594,False,-6.138841107288997,1.9701515234779798,0.06861408128092686,3.3772196849187215,4.679907452265422,1.2296787254015604,3.4502287403742473,2247.368896484375,4522.27490234375,10.25215924999793
63,mps,stone_canyon,150,-61077.062736244654,202,False,4.781604736646017,1.2136318680644036,0.03604128360127409,3.3558026345570884,4.691268091201782,1.2341851743062338,3.4570829264322915,1370.82861328125,2648.75537109375,10.334121374995448
64,mps,stone_canyon,150,-128695.37700635294,441,False,-1.9805941829954585,0.4513272790801663,0.06212563433373968,3.3862891244888305,4.6979080518086755,1.238904185295105,3.4590038506189984,1197.4041748046875,2684.59912109375,10.306330416991841
65,mps,single_training,150,-119388.39614819067,392,False,-1.542593738558159,0.24602729669199344,0.06740489017218351,3.3576082817713417,4.70567273457845,1.2466656374931335,3.4590070915222166,717.5678100585938,1618.668701171875,10.272413625003537
66,mps,single_training,150,-91366.8341788563,296,False,1.8607839422424635,0.2543315092694441,0.061307936431840064,3.3722626384099326,4.7164346281687415,1.2590244511763256,3.4574101893107096,729.8078002929688,1484.1181640625,10.289385458017932
67,mps,single_training,150,-145139.83491806488,472,False,-3.6814684028426807,0.8394387316575618,0.06667070824032029,3.3849187167485555,4.7214304637908935,1.2664654990037283,3.454964968363444,1152.4984130859375,2302.055419921875,10.293294250004692
68,mps,single_training,150,-128557.85452235107,418,False,-0.9253548646213797,0.15985690612406453,0.08987721280194819,3.392360095977783,4.726093549728393,1.2733949534098308,3.4526985994974773,135.07847595214844,584.8017578125,10.393610916973557
69,mps,single_training,150,-131731.4701361964,434,False,-1.34791895861427,0.17376522639940958,0.07163711097091437,3.381205506324768,4.737723744710286,1.2817253351211548,3.4559983952840168,253.12841796875,436.0755615234375,10.342515374999493
70,mps,stone_canyon,150,-98854.89557839037,337,False,2.6611646332529686,0.37367982225905205,0.05818920044849316,3.382786684036255,4.74738143603007,1.288796284198761,3.4585851573944093,896.947509765625,1727.474365234375,10.280750582984183
71,mps,single_training,150,-123370.05410442152,408,False,-0.45894797731384945,0.12431614196310158,0.07204449631273746,3.332754019101461,4.75123906771342,1.2926457325617473,3.458593349456787,209.78273010253906,855.8927612304688,10.27891604200704
72,mps,stone_canyon,150,-143562.98186064133,492,False,-0.8694151699667175,0.1779267635187125,0.0662138119339943,3.3458077239990236,4.7526895078023275,1.2966172361373902,3.4560722637176515,226.56521606445312,742.1471557617188,10.244683625001926
73,mps,stone_canyon,150,-121855.2861559321,416,False,1.6691472729668022,0.3367805125825422,0.05419485608736674,3.3694895998636882,4.754260358810424,1.300977919101715,3.453282407124837,1015.8408813476562,2220.582275390625,10.306725375005044
74,mps,single_training,150,-133538.52005517928,439,False,-0.09705541665355365,0.25992180139340537,0.07357283065095543,3.3157280031840006,4.754180294672648,1.3029838967323304,3.451196406682332,583.5244750976562,1531.5050048828125,10.347028374992078
75,mps,single_training,150,-112481.57930309082,368,False,1.824965772939225,0.3434709187267193,0.07792879344585041,3.3327843236923216,4.754718408584595,1.304049514134725,3.4506689151128134,1124.0115966796875,2519.7939453125,10.306206667009974
76,mps,stone_canyon,150,-156989.65566444772,537,False,-2.2416492818295954,0.3752164118137443,0.06169204677765568,3.355130441983541,4.754959135055542,1.3050961224238078,3.44986300945282,657.0498046875,1286.169921875,10.427465084008873
77,mps,stone_canyon,150,-115368.52690965997,397,False,2.26465764369738,0.4252418293947513,0.07938531616237014,3.402029398282369,4.7559725856781006,1.3063360134760538,3.449636573791504,906.6459350585938,1771.8023681640625,10.442874791973736
78,mps,stone_canyon,150,-89042.28691356185,306,False,4.50309190835959,1.2403600010909115,0.06928604628425092,3.4018563858668007,4.75612502415975,1.3072366333007812,3.448888398806254,1689.9429931640625,3489.330810546875,10.494543374981731
79,mps,stone_canyon,150,-85970.63649474188,292,False,3.7015505052482087,1.0064139765738704,0.06031948851266255,3.3762920173009237,4.754420296351115,1.307207573254903,3.4472127246856687,1028.0328369140625,1894.111328125,10.40914391601109
80,mps,stone_canyon,150,-118791.77970245222,408,False,-0.19236627740164597,0.15598291542381654,0.06179208338415871,3.373874284426371,4.751491823196411,1.3058020941416422,3.4456897513071696,334.3484802246094,845.4647216796875,10.427718999999342
81,mps,single_training,150,-104224.20432974426,339,False,0.09997760732968648,0.18104467987616468,0.08638781360350549,3.3362881708145142,4.749498376846313,1.307320110797882,3.442178250948588,191.54331970214844,675.6471557617188,10.511961124982918
82,mps,single_training,150,-102558.06453357446,339,False,0.4511549301662793,0.08707857779442445,0.07638177200841408,3.32515993754069,4.745102866490682,1.309056834379832,3.4360460154215495,91.87413787841797,366.2164306640625,10.506575374980457
83,mps,single_training,150,-119613.574334064,392,False,-1.2790540098709364,0.23647078416885658,0.07767360702777902,3.3548378976186117,4.736411425272624,1.31175279378891,3.424658651351929,387.1918640136719,942.0725708007812,10.571503374987515
84,mps,stone_canyon,150,-112479.29591900569,388,False,0.551092822290957,0.17732214549998995,0.0627103690803051,3.4009291617075603,4.727548681894938,1.3147657044728598,3.41278297106425,169.83798217773438,897.1117553710938,10.410658375010826
85,mps,single_training,150,-89613.01160274528,296,False,2.003782978753249,0.23451162053170266,0.07772077158093453,3.2804282331466674,4.728343776067098,1.3165666977564494,3.411777087847392,468.3677673339844,1089.423095703125,10.337074833980296
86,mps,single_training,150,-139013.36122859645,458,False,-3.008479149490595,0.5435602081466155,0.0855640689159433,3.376044847170512,4.735311845143636,1.3188823787371318,3.416429492632548,1137.0953369140625,2441.97705078125,10.270925999997417
87,mps,stone_canyon,150,-112939.9124753969,390,False,0.6112460306535165,0.18947183450739732,0.05581268185128768,3.3759383010864257,4.7431446615854895,1.3209402068456013,3.42220445950826,233.0482940673828,803.4772338867188,10.350923082994996
88,mps,single_training,150,-131704.05700782203,436,False,-1.5739359881480535,0.18771048082960382,0.06699077542250355,3.3083104721705117,4.750360577901205,1.3234776671727497,3.4268829234441123,415.8013610839844,849.6447143554688,10.193353666982148
89,mps,single_training,150,-96292.97611807642,312,False,2.426295024752617,0.35461699484537046,0.07800137761359413,3.3447388728459675,4.763351157506307,1.3265467937787374,3.4368043581644696,1086.428955078125,2353.081787109375,10.221169957978418
90,mps,stone_canyon,150,-126858.41437198392,432,False,-0.7790678149710099,0.11288421724551653,0.05883447267115116,3.384899492263794,4.771589113871257,1.3287859988212585,3.4428031333287556,331.60736083984375,786.9141235351562,10.2813184169936
91,mps,single_training,150,-101055.9179416617,335,False,1.9681979777415592,0.208956223243149,0.07092995275432865,3.318836531639099,4.779123576482137,1.331688924630483,3.447434655825297,687.7553100585938,1407.651123046875,10.290142042009393
92,mps,single_training,150,-152572.2229073348,500,False,-3.1813955157001814,0.9437414745103645,0.1030403153349956,3.3198988246917724,4.78469298362732,1.3348129510879516,3.449880011876424,635.4490356445312,1162.7576904296875,10.266021584015107
93,mps,single_training,150,-110258.78863869497,356,False,1.3711122914753893,0.15191047893229068,0.06826145959086716,3.3234961541493733,4.7874731349945066,1.3377893575032551,3.449683788617452,661.6566772460938,1474.0048828125,10.280409791012062
94,mps,single_training,150,-100241.89170474392,327,False,2.56390809099578,0.5018532352814766,0.05400548283010721,3.3008855787913003,4.789113512039185,1.3400635019938152,3.449050006866455,1235.400634765625,2755.20458984375,10.526438291009981
95,mps,single_training,150,-106939.81005901213,348,False,1.859419571092973,0.3279244276426531,0.07855271053810914,3.3441013717651367,4.789257399241129,1.3415349133809407,3.4477224826812742,967.7716064453125,2184.410400390625,10.42482487502275
96,mps,stone_canyon,150,-137317.55931841568,478,False,-0.7446806275596222,0.12139009817338471,0.06696470972461005,3.353401699066162,4.7902529970804855,1.3433671037356059,3.446885887781779,111.39508056640625,399.6958923339844,10.271919917024206
97,mps,stone_canyon,150,-154143.15593417277,526,False,-2.778354293728868,0.44863462272007987,0.05737159247199694,3.3269150829315186,4.788732166290283,1.3452086011568705,3.443523562749227,634.6565551757812,1198.030029296875,10.274264875013614
98,mps,stone_canyon,150,-113314.04640755721,389,False,1.9637113628784815,0.3863892456247898,0.06204170106599728,3.3483234294255575,4.786582743326823,1.3474377075831094,3.439145050048828,1117.7352294921875,2540.625,10.283447666995926
99,mps,stone_canyon,150,-128933.56423514469,444,False,-0.1969086250414451,0.054401468103036074,0.07081975924472014,3.3068790864944457,4.780727580388387,1.3487221789360047,3.432005400657654,70.73981475830078,609.06640625,10.27453841699753
100,mps,single_training,150,-97065.94344332129,322,False,1.2074892327872415,0.16895924104892554,0.05831163171678781,3.360883819262187,4.785532455444336,1.3496701669692994,3.435862291653951,145.29794311523438,403.7582092285156,10.269812041020487
101,mps,single_training,150,-94459.15700884988,311,False,1.0023379903535048,0.21343812807118714,0.05074109468609095,3.2873846340179442,4.792304315567017,1.3511344210306804,3.441169916788737,146.6255340576172,651.742431640625,10.306649374979315
102,mps,stone_canyon,150,-116084.98007301027,398,False,0.011099125631153584,0.06573941075246693,0.060479918932542204,3.290200737317403,4.791946703592936,1.3522221859296162,3.4397245105107626,53.51067352294922,259.3785400390625,10.381816999986768
103,mps,stone_canyon,150,-139171.9521893398,477,False,-2.422706572388609,0.3057897129201835,0.06645640343427658,3.296533923149109,4.789140119552612,1.3525277264912923,3.436612385114034,833.2330932617188,1850.3616943359375,10.41006720799487
104,mps,stone_canyon,150,-140580.90951148313,483,False,-2.8840546373526257,0.469415976095673,0.06841146496745447,3.268311866124471,4.788593734105428,1.3539331285158793,3.434660617510478,1170.108642578125,2593.692626953125,10.33615704200929
105,mps,stone_canyon,150,-102076.02319177934,352,False,0.9665184093018373,0.17689893556556247,0.054956650771200655,3.2462698078155516,4.785027567545573,1.3541349895795187,3.430892586708069,121.84453582763672,426.38427734375,10.255771208001534
106,mps,single_training,150,-136128.18530381157,444,False,-3.388072620034218,0.6740488198337455,0.07345476702476542,3.3212395191192625,4.776233177185059,1.3564119052886963,3.41982128461202,1285.8900146484375,2841.83837890625,10.261285832995782
107,mps,stone_canyon,150,-102953.00401765316,350,False,0.9418522714761396,0.059424456655900335,0.05229075660929084,3.212363435427348,4.768640801111857,1.3589109953244527,3.4097298256556194,272.3096618652344,573.5805053710938,10.278254665987333
108,mps,single_training,150,-83004.0149261671,269,False,2.880033481915792,0.42772262876232464,0.05904444271698594,3.3672561168670656,4.752105086644491,1.3607766834894817,3.3913283983866376,1052.4888916015625,2287.595703125,10.227631250018021
109,mps,single_training,150,-158879.73262522812,516,False,-5.10951507743448,1.4405941822351693,0.06865863800048828,3.3484255838394166,4.733267116546631,1.3619972968101501,3.371269817352295,1450.9656982421875,3023.71044921875,10.377714417001698
110,mps,stone_canyon,150,-124608.30771039687,426,False,-0.520217027515173,0.07291335924666782,0.055445098299533126,3.1455552196502685,4.703762280146281,1.3626366798082987,3.3411255979537966,177.14993286132812,468.4298095703125,10.728749500005506
111,mps,single_training,150,-87750.61531332694,289,False,2.2920445388369264,0.28183234940846885,0.05329364906375607,3.370186519622803,4.686931085586548,1.363089984258016,3.323841117223104,738.8076782226562,1629.75830078125,10.505504583998118
112,mps,stone_canyon,150,-113647.66512851379,391,False,1.094774287858357,0.14913732091349327,0.06756018431857229,3.269079682032267,4.670836009979248,1.3628434133529663,3.307992588678996,630.58203125,1481.625244140625,10.406870292004896
113,mps,single_training,150,-117307.15988141923,385,False,-0.24337695131699244,0.21920314643299207,0.07330474478503068,3.4545552937189736,4.667243763605754,1.3629773139953614,3.3042664527893066,410.2870788574219,1228.2525634765625,10.300814332993468
114,mps,stone_canyon,150,-107960.00467897169,374,False,1.3526526886348924,0.16930724577508993,0.06028293986494342,3.2127135038375854,4.667314023971557,1.3620894225438436,3.3052245807647704,647.779541015625,1492.934326171875,10.249101499997778
115,mps,single_training,150,-104663.80144682605,350,False,-0.05752700052844981,0.0652080340477363,0.057264704232414566,3.4058691390355427,4.667244447072347,1.3611205911636353,3.30612384001414,80.53315734863281,317.7664489746094,10.267992000008235
116,mps,stone_canyon,150,-137131.3411618851,471,False,-3.0863171729445456,0.47003977973848426,0.06132691515609622,3.200598594347636,4.680326519012451,1.3587467273076375,3.3215798155466714,1028.8465576171875,2274.24658203125,10.252867500006687
117,mps,stone_canyon,69,-17342.4349594697,59,True,10.38436143985693,5.0665573382723155,0.021009294869567173,3.1063631652058037,4.728309534598088,1.3779183643451636,3.3503911702529243,618.60888671875,1207.7298583984375,4.713481375016272
118,mps,single_training,150,-115110.59050331594,374,False,-2.1748362057531874,0.32526804601270365,0.07479700129479169,3.356098993619283,4.724397872289022,1.353510714371999,3.370887163480123,860.5452270507812,1999.150634765625,10.226288165984442
119,mps,single_training,150,-132825.34015513124,433,False,-3.9310096037387847,0.8782480408072297,0.08299297087204953,3.319361635843913,4.748615509668986,1.350754071076711,3.397861433029175,1193.534423828125,2774.3994140625,10.265902625018498
120,mps,single_training,150,-111041.74949011552,362,False,-1.4293440306621292,0.1505792681579078,0.09957229994858305,3.3012346426645913,4.755081628163656,1.3480024862289428,3.4070791371663414,340.0041809082031,772.40185546875,10.213543541001854
121,mps,single_training,150,-159133.64989643902,521,False,-5.894414093246063,1.7727261899989875,0.07535867688246072,3.3159654045104983,4.765917978286743,1.3457059025764466,3.4202120701471963,1499.0106201171875,3195.796875,10.25040145800449
122,mps,stone_canyon,150,-133626.54798027675,459,False,-2.6850744325915974,0.4483530117268674,0.06712687495475014,3.167408111890157,4.768612378438314,1.3442789220809936,3.4243334595362347,1116.9171142578125,2619.843017578125,10.266419583989773
123,mps,stone_canyon,150,-111848.48428468307,382,False,-0.16046332074096425,0.04669591415824354,0.05376782428473234,3.0935146633783974,4.766654952367147,1.342175427277883,3.4244795338312786,215.0446014404297,636.7804565429688,10.264004584023496
124,mps,single_training,150,-99196.75291511555,319,False,1.4624827233391504,0.18133659329487878,0.06558649173627297,3.314113737742106,4.762687950134278,1.34127361536026,3.421414335568746,739.834716796875,1825.4703369140625,10.203091499977745
125,mps,single_training,150,-121023.35275651571,398,False,-0.5841464279964567,0.13071742848166348,0.07341763190925121,3.2920941654841105,4.761275081634522,1.339710638523102,3.4215644439061483,144.91860961914062,576.3917236328125,10.227878417004831
126,mps,stone_canyon,150,-82088.86781501792,281,False,3.94227989025414,0.7689251161490878,0.04839525291696191,3.0778348954518635,4.76049971262614,1.336498835881551,3.4240008926391603,1119.354248046875,2245.859375,10.323076333996141
127,mps,stone_canyon,150,-65714.24484629877,224,False,5.7020131826400755,1.5643472757438819,0.05041280985809862,3.114633255004883,4.756692911783854,1.3321174192428589,3.424575475056966,1772.9014892578125,3573.397216796875,10.453573500009952
128,mps,stone_canyon,150,-142998.20427692364,490,False,-1.2975892090424894,0.37154732016615527,0.07012774779461324,3.140384906133016,4.752563689549764,1.3280817906061808,3.424481897354126,201.96151733398438,733.7759399414062,10.346516207995592
129,mps,stone_canyon,150,-150485.15812087906,515,False,-3.174757809837659,0.5060004830224595,0.06824512499074141,3.1286033296585085,4.745906982421875,1.324529287815094,3.42137769540151,960.0914916992188,1996.614501953125,10.279159625002649
130,mps,single_training,150,-123802.23563797242,403,False,-1.5551838021725417,0.18901716180056002,0.06036503188622495,3.2477274338404336,4.7382114855448405,1.3213097699483236,3.416901715596517,449.1935729980469,1039.294677734375,10.228389124997193
131,mps,stone_canyon,150,-125475.66327165533,431,False,-0.8166047075887521,0.08762530763652952,0.06116359221438567,3.0886743799845378,4.726673596700032,1.320486184755961,3.406187413533529,113.0990982055664,323.8076477050781,10.25504366599489
132,mps,single_training,150,-137418.5008678798,450,False,-2.265934809310517,0.3569213592038811,0.08321270714513958,3.2271087614695233,4.7222373549143475,1.3201618353525797,3.402075522740682,473.4969482421875,857.2415771484375,10.30676287499955
133,mps,single_training,5,5.463613482349906,0,True,9.332693481445313,3.9093430995941163,0.00843653902411461,3.2781023025512694,4.785155582427978,1.366553282737732,3.4186023235321046,40.49809646606445,66.65675354003906,0.38865408301353455
134,mps,single_training,150,-97719.96915465701,320,False,2.1847305261467893,0.37091742679873885,0.067184340339154,3.258882500330607,4.718995911280314,1.321442925930023,3.3975529718399047,1037.1072998046875,2427.644287109375,10.249356666987296
135,mps,stone_canyon,150,-166592.5465689696,567,False,-3.591809999719262,0.6788677506086364,0.06555927629272143,3.0370737441380817,4.714375336964925,1.3224675520261129,3.391907788912455,915.606689453125,1876.03857421875,10.291505625005811
136,mps,stone_canyon,150,-157073.8785886823,538,False,-2.6998945308228333,0.40580664917632625,0.06542844496667385,3.0204038445154824,4.697225987116496,1.321980327765147,3.375245663324992,660.4613037109375,1380.249267578125,10.17432199997711
137,mps,stone_canyon,150,-175463.13796523347,597,False,-3.6634357274572054,0.8571753099815881,0.06509043026715516,2.987632827758789,4.682402582168579,1.3226496728261312,3.3597528902689615,741.317138671875,1589.057373046875,10.169237541995244
138,mps,stone_canyon,150,-114324.65414094638,394,False,2.6660174873284994,0.48244926991794573,0.052260858435183764,2.975521453221639,4.685991973876953,1.3235726300875346,3.362419327100118,1167.4132080078125,2508.501953125,10.2497184999811
139,mps,single_training,150,-115358.76471372347,378,False,1.5173545112460851,0.1999026300269664,0.06110197870060802,3.239578584035238,4.688425312042236,1.3248639917373657,3.3635613250732423,650.2908935546875,1447.73779296875,10.251335958979325
140,mps,single_training,150,-127823.18915759175,419,False,0.804668492525816,0.2527525621460518,0.07700491189646225,3.185562745730082,4.688715003331502,1.324820069471995,3.3638949171702066,775.401123046875,2126.525390625,10.240610582986847
141,mps,stone_canyon,4,-1341.6060888742795,5,True,8.354715943336487,3.430107831954956,0.0038427975960075855,3.1791157126426697,4.743792772293091,1.3659487962722778,3.377843916416168,36.33262252807617,127.3488998413086,0.32022245798725635
142,mps,stone_canyon,150,-124188.48068351563,426,False,1.239697366654873,0.13658629911932318,0.06617384726647288,2.9913072411219277,4.696841313044231,1.321610856850942,3.3752304395039876,377.7208251953125,683.62255859375,10.273790583014488
143,mps,stone_canyon,150,-103821.22797932396,355,False,3.854716593027115,0.8928537958612045,0.07480320608088126,3.057085286776225,4.705163412094116,1.3183779684702555,3.3867854499816894,1535.1640625,3185.565185546875,10.236101999995299
144,mps,stone_canyon,150,-115603.07851927291,395,False,1.8354075574067732,0.28219195997726276,0.07197994782744596,2.991637096405029,4.70524374961853,1.315386483669281,3.3898572540283203,579.8283081054688,1062.937744140625,10.259857625002041
145,mps,single_training,150,-100386.7784644485,328,False,2.0110186208287875,0.24855080256670287,0.1077474007786562,3.222362685203552,4.700607245763143,1.3134926676750183,3.387114577293396,838.8158569335938,1857.476318359375,10.230673291021958
146,mps,stone_canyon,150,-105145.8751175287,363,False,1.548420139476657,0.2191165582376804,0.06541205866572758,3.0529571024576825,4.689457743962606,1.3105204272270203,3.3789372857411704,453.96875,1175.93896484375,10.657417916983832
147,mps,stone_canyon,150,-145638.891990422,502,False,-2.7626429345210393,0.44321997328661383,0.08124998023423056,3.063259164492289,4.6838256454467775,1.3066086268424988,3.377217027346293,971.256103515625,2727.53662109375,10.522626333986409
148,mps,stone_canyon,150,-151326.4638306136,519,False,-4.025111695130666,0.8484405202666918,0.07140287332081546,3.02556574344635,4.685717391967773,1.3032971946398417,3.382420179049174,1432.85986328125,3479.005615234375,10.321829166001407
149,mps,stone_canyon,150,-116779.30060360473,401,False,-1.3873117402816812,0.48196145207276764,0.049571732357144356,2.935250097910563,4.68680785814921,1.3015961662928264,3.385211691856384,1075.026611328125,2568.92138671875,10.252989792003063
150,mps,stone_canyon,150,-106069.10861353842,365,False,-0.542667774024109,0.6954480829952232,0.05472925890237093,2.916673445701599,4.677401084899902,1.3012107102076214,3.376190374692281,1018.8336791992188,2410.37890625,10.206203000008827
151,mps,stone_canyon,150,-68653.08381899715,236,False,3.1370998824884495,1.170164870697675,0.07109930232167244,2.98800798257192,4.6564596716562905,1.3028326137860615,3.353627079327901,436.6457214355469,1358.5928955078125,10.20384624999133
152,mps,stone_canyon,150,-109933.584031572,381,False,-0.42481935389339925,0.2494917459705539,0.07202076688408851,3.014657176335653,4.62601621945699,1.3035998725891114,3.3224163246154785,596.548828125,1585.684814453125,10.230160875013098
153,mps,single_training,150,-127742.04695502429,419,False,-3.1219645357131958,0.5997419298688571,0.0663550809584558,3.284427582422892,4.595898405710856,1.3064446322123209,3.2894537830352784,1290.7279052734375,2927.92919921875,10.269990457978565
154,mps,single_training,150,-107220.43155441468,355,False,-1.1242751854658126,0.30342910497830566,0.05586581476032734,3.2900476360321047,4.578023659388224,1.3104260993003845,3.2675975799560546,794.4161376953125,2034.3372802734375,10.22012712500873
155,mps,stone_canyon,150,-116080.92286093706,397,False,-0.5783163200318814,0.11444944856746588,0.05336595506717761,2.943958783149719,4.574062426884969,1.3136049421628315,3.2604574743906656,427.2654724121094,1091.6815185546875,10.217253749986412
156,mps,stone_canyon,150,-23970.481794800988,76,False,8.687998131116231,4.226134044900537,0.02596774334087968,2.687584571838379,4.5699813938140865,1.318124357064565,3.251857043902079,2505.43505859375,5201.07373046875,10.175370167009532
157,mps,stone_canyon,150,-168306.94533249346,576,False,-4.473727583289146,1.145582044070664,0.06870023988497755,2.90720344543457,4.554851268132528,1.3209815327326457,3.2338697226842243,1240.93701171875,2897.045166015625,10.209259542025393
158,mps,stone_canyon,150,-113026.0662771983,387,False,0.6880666973566015,0.09817737740510589,0.07303215249131123,2.9907655556996664,4.566923338572185,1.3231921315193176,3.243731215794881,141.8741455078125,590.41455078125,10.238179959007539
159,mps,stone_canyon,150,-107112.88201011038,368,False,1.4902310277769963,0.212010385926939,0.05873108130414039,2.80247629960378,4.617569764455159,1.3260852917035422,3.291484481493632,381.51580810546875,969.987060546875,10.35820554199745
160,mps,single_training,150,-82999.23385390232,271,False,3.705070122877757,0.7703906965007384,0.07905324196287741,3.2639425230026244,4.6654570802052815,1.3277658096949259,3.337691272099813,1448.6920166015625,3236.322998046875,10.219631916988874
161,mps,single_training,150,-112376.1908973829,368,False,-0.2487851382450511,0.14424552631256574,0.07969158017542213,3.2645064194997153,4.686702896753947,1.3292786916097006,3.3574242067337035,336.8691101074219,1048.7135009765625,10.197857417020714
162,mps,stone_canyon,150,-99673.49008419836,341,False,2.8226796155174574,0.583812712666889,0.07617000781387712,3.0113659350077313,4.681674509048462,1.3303359381357829,3.3513385677337646,1156.2366943359375,2811.941162109375,10.701028209005017
163,mps,stone_canyon,150,-131553.16747126981,451,False,-0.3089332766830921,0.1552720062100161,0.08650421350418279,3.0690143966674803,4.669553133646647,1.3319229690233867,3.337630173365275,288.97528076171875,1322.153564453125,10.543586666986812
164,mps,stone_canyon,150,-120513.03670893378,414,False,-0.03880438563724359,0.113627273671882,0.07647980554184566,3.0651473665237425,4.665129744211833,1.3325527119636535,3.332577010790507,177.2574462890625,1269.130126953125,10.2831160830101
165,mps,stone_canyon,150,-89039.35933324456,304,False,3.3406976474324863,0.6050175910796194,0.05702247124475737,2.9969423755009967,4.674143044153849,1.3333646925290426,3.34077836672465,1171.5047607421875,2699.445068359375,10.231781209004112
166,mps,stone_canyon,9,-1889.3893278365822,7,True,7.821906672583686,3.1065101623535156,0.008609665040340688,3.026337226231893,4.733569198184544,1.3661720885170832,3.3673970964219837,66.26642608642578,292.6719970703125,0.675774499977706
167,mps,stone_canyon,150,-171066.0731332915,589,False,-3.891853740562995,1.3812902764142443,0.06764886649946372,2.8991386715571084,4.6807692400614425,1.332847441037496,3.3479218022028605,482.9205322265625,1491.9638671875,10.167644083005143
168,mps,stone_canyon,150,-122864.14053104035,422,False,0.03931927265909811,0.15767897548486265,0.06892463445663452,2.8789692624409993,4.678801113764445,1.3323748159408568,3.3464263089497885,356.0950927734375,1169.8489990234375,10.294875291001517
169,mps,stone_canyon,150,-115619.95816562236,396,False,0.4497171389808257,0.08288322707667248,0.07308633767068386,2.8593834829330445,4.671426254908244,1.3334220949808757,3.3380041456222536,148.45101928710938,989.1192626953125,10.253635083005065
170,mps,stone_canyon,150,-119679.07303123543,413,False,-1.0174496635608374,0.16081032917371582,0.05093063885966937,2.812144079208374,4.6604532051086425,1.3344898708661397,3.325963354110718,548.826904296875,1412.8848876953125,10.408478458004538
171,mps,stone_canyon,150,-91715.55303539897,315,False,1.9909536373863617,0.2622813021879604,0.04748209526141484,2.8108582290013633,4.652056512832641,1.334811893304189,3.3172446330388388,445.6116943359375,851.8206787109375,10.299991125008091
172,mps,stone_canyon,150,-66479.93966641059,230,False,4.891581081748009,1.3978392237611115,0.045414172646900015,2.818037978808085,4.647602917353312,1.3349561802546184,3.312646740277608,1363.35986328125,3515.336669921875,10.207106541987741
173,mps,single_training,150,-129509.17388446584,427,False,-3.050390315524613,0.5807707096206685,0.07580959000159054,3.266810576121012,4.6495270379384355,1.334996089140574,3.314530979792277,908.4450073242188,2000.8555908203125,10.283559041999979
174,mps,single_training,150,-122028.61983738348,403,False,-2.065510390251875,0.2583074682908288,0.11475877989083529,3.2180819416046145,4.650433851877849,1.3349524545669555,3.3154813925425213,537.900390625,1178.6207275390625,10.272052791988244
175,mps,single_training,150,-116847.28223564028,384,False,-1.8695488971471788,0.20964568607043474,0.11742421745555476,3.22702782313029,4.652040363947551,1.3359130398432413,3.3161273256937664,644.0841064453125,1465.7568359375,10.225227625021944
176,mps,single_training,150,-86736.83791491418,284,False,1.2922678036739428,0.11413073781800145,0.11132781613773356,3.217993950843811,4.6482508150736495,1.3358213075002034,3.31242949962616,270.80731201171875,1205.5885009765625,10.289157416991657
177,mps,single_training,150,-169145.2074649525,559,False,-6.5650768595933915,2.3174108341810156,0.10756994513794779,3.3227272097269696,4.647930266062419,1.3354658555984498,3.312464396158854,1689.0819091796875,3558.555419921875,10.224369458999718
178,mps,single_training,150,-117370.03485966391,382,False,-1.284077038639225,0.16431812044662517,0.09799531428609043,3.2454375410079956,4.650899499257406,1.3356710068384807,3.3152284749348957,211.5830841064453,787.3013305664062,10.208092457993189
179,mps,single_training,150,-144240.03621341413,466,False,-3.757327780664588,0.8815077335829347,0.07169517267495394,3.298680704434713,4.651195443471273,1.336218151251475,3.3149772834777833,1014.7022705078125,2099.7822265625,10.65911025000969
180,mps,stone_canyon,150,-131561.8350632068,455,False,-1.2324360363682112,0.15426676458257135,0.057552182311192156,2.836615792910258,4.648365561167399,1.3364460309346518,3.3119195540746054,236.91879272460938,460.03509521484375,10.315766874991823
181,mps,single_training,150,-115894.82145637462,391,False,-0.32006286701808373,0.13846926339051152,0.06930448215454817,3.1754191748301186,4.6332962004343665,1.3380364576975505,3.2952597332000733,73.92454528808594,704.6380615234375,10.26477716700174
182,mps,stone_canyon,150,-124011.52848774406,429,False,0.7771649449567,0.2975834765977925,0.06598963710168998,2.7592612155278524,4.634705492655436,1.33910684188207,3.295598654747009,668.184814453125,2037.0216064453125,10.194448832975468
183,mps,stone_canyon,150,-124103.4878868065,427,False,1.3477196670571963,0.3847750975787494,0.07037231512367725,2.811152958869934,4.636386451721191,1.3399973781903585,3.296389060020447,870.2926635742188,2359.35888671875,10.213945041003171
184,mps,single_training,150,-126132.41166355425,407,False,0.05004088242848714,0.6018045932551225,0.06809531557063261,3.1783683554331463,4.6330452696482345,1.3404920673370362,3.292553192774455,729.8849487304688,2216.434326171875,10.18736679200083
185,mps,single_training,150,-88250.28859590394,287,False,3.749050411383311,0.8802256051202615,0.06905594687288007,3.1376153898239134,4.633325271606445,1.3404850061734517,3.2928402455647787,1471.708740234375,3364.761962890625,10.209887000004528
186,mps,single_training,150,-115250.50201239613,374,False,0.3758715156403681,0.09155785651004483,0.07230646903937062,3.1288137896855672,4.639220676422119,1.340984582901001,3.298236117362976,240.08551025390625,685.6990966796875,10.221885167004075
187,mps,stone_canyon,150,-102705.5366276589,355,False,2.356882513773938,0.3709839211746051,0.05047777912269036,2.7919881884257,4.645341647466024,1.3403184111913045,3.3050232315063477,914.0592041015625,2076.012939453125,10.228897249995498
188,mps,single_training,150,-129420.72382022704,426,False,-1.2375800556441148,0.30474871187858904,0.07583273367335398,3.0980427344640096,4.64539781888326,1.3394355448087056,3.3059622542063396,185.75379943847656,752.0841674804688,10.30028024999774
189,mps,stone_canyon,150,-92771.86925883425,320,False,2.163007810264826,0.3342705908161588,0.051170243807137014,2.9292235358556113,4.644017896652222,1.3380815863609314,3.305936312675476,422.4914245605469,1072.58447265625,10.207535624998854
190,mps,single_training,150,-99992.76069383777,328,False,0.7657069496313731,0.06711952880049163,0.062048694708695014,3.132492945988973,4.6209821605682375,1.3362723763783773,3.28470978418986,209.45643615722656,557.3817749023438,10.2265922499937
191,mps,single_training,150,-104149.17317946171,342,False,-0.38141418877989053,0.08032319728356621,0.05955621146286527,3.12966357866923,4.624332106908162,1.3340601460138957,3.2902719449996947,348.7927551269531,868.6697998046875,10.225945250014775
192,mps,stone_canyon,150,-135988.51096927788,466,False,-2.6469748400400084,0.3915446128734766,0.05512090436493357,2.87349036693573,4.634091815948486,1.3321876287460328,3.3019041856129965,794.8563842773438,1715.6829833984375,10.213084791990696
193,mps,stone_canyon,150,-124513.50875746131,428,False,-2.0607058033160865,0.41900542467280805,0.052818464376032354,2.8293113867441813,4.639163192113241,1.3313157113393148,3.307847498257955,910.4953002929688,2240.461181640625,10.229439124988858
194,mps,stone_canyon,150,-103006.20942540011,356,False,-0.9157617083564401,0.4837756366288219,0.05223992156485716,2.8589075756073,4.635218858718872,1.3319722572962442,3.3032465839385985,924.7592163085938,2281.40625,10.267681291996269
195,mps,single_training,150,-133325.13513367742,435,False,-4.105626842180888,1.0163615260769923,0.0590103072548906,3.0789781332015993,4.632831805547078,1.330301574865977,3.3025302489598594,1471.4285888671875,3398.885498046875,10.574173082975904
196,mps,stone_canyon,150,-80547.83001404862,278,False,2.2049055776496727,0.7525469883244175,0.050551140196621415,2.856644541422526,4.62452538172404,1.3299755907058717,3.2945498037338257,257.6764831542969,1779.2769775390625,10.51320862499415
197,mps,single_training,150,-112591.37035258615,367,False,-1.5634426879199843,0.29876430508458574,0.05229581662764152,3.044759219487508,4.634965410232544,1.330218849182129,3.304746543566386,708.9329223632812,1902.05419921875,10.766879457980394
198,mps,single_training,150,-114859.60763294855,376,False,-1.2712326802685856,0.1997681843014167,0.06393922564884026,3.0686805486679076,4.649698441823324,1.3301966865857442,3.3195017703374226,493.9208984375,1395.0958251953125,10.332494166999822
199,mps,single_training,150,-102043.13826711704,337,False,0.5214116109069437,0.054223453166221895,0.060826671837518616,3.0812800693511964,4.664832061131795,1.3313374296824136,3.333494634628296,243.74029541015625,582.0862426757812,10.253452167002251
200,mps,single_training,150,-83020.3309537385,269,False,2.0791302189603447,0.3837094552065537,0.04854844276793301,3.0803484678268434,4.669796574910482,1.33168105840683,3.338115512530009,255.54306030273438,982.3016357421875,10.236738708015764
201,mps,single_training,150,-114754.4932623638,374,False,-0.6011409813786547,0.11154864901021938,0.07988626333574454,3.072436359723409,4.673062051137288,1.3326984484990438,3.3403636105855306,195.240966796875,620.943603515625,10.370833708002465
202,mps,stone_canyon,150,-90870.28173680771,310,False,2.286161328802506,0.4535436939391851,0.04470264971256256,2.9865897766749065,4.676403074264527,1.3337201102574667,3.3426829783121743,342.28887939453125,661.2509765625,10.244608000008157
203,mps,single_training,150,-122978.63278697008,398,False,-0.9229299546374629,0.10902653873699517,0.06464624562611182,3.0666808827718097,4.677936029434204,1.3363044802347819,3.3416315110524497,116.18673706054688,295.9061279296875,10.36965725000482
204,mps,single_training,150,-94637.82551768437,315,False,2.0181201008707284,0.24623381565489885,0.06105966770400604,3.0416154925028485,4.667258529663086,1.3388635945320129,3.328394924799601,701.0070190429688,1651.0655517578125,10.349263167008758
205,mps,single_training,150,-106057.89196125446,347,False,0.25858266310766337,0.13041594648077687,0.0493376586586237,2.9834257888793947,4.650129165649414,1.3401054390271505,3.310023725827535,160.81564331054688,746.5424194335938,10.238853582995944
206,mps,stone_canyon,150,-92468.39213688656,321,False,2.5863327519595622,0.4339154780399986,0.04694627679884434,2.8701884508132935,4.62230331103007,1.3423598194122315,3.279943502744039,715.0292358398438,1825.6365966796875,10.207539583992912
207,mps,single_training,150,-111327.16752148197,368,False,0.4689006799676766,0.11042399924642425,0.05512878006945054,2.9617719936370848,4.569489479064941,1.3436041617393493,3.225885313351949,404.83221435546875,1134.6832275390625,10.192226957995445
208,mps,single_training,5,5.463613482349906,0,True,8.607025241851806,3.4742674827575684,0.009569867327809334,3.277336072921753,4.596909618377685,1.3671109914779662,3.229798698425293,35.02138137817383,134.64625549316406,0.3805152499990072
209,mps,single_training,150,-96577.8842339153,317,False,1.6086430664857228,0.22311535045679193,0.07673434022503595,3.1205542643864947,4.499269221623739,1.3446444725990296,3.1546247561772662,707.6482543945312,1792.6236572265625,10.210416667017853
210,mps,stone_canyon,150,-160806.6368813438,554,False,-3.706608448649446,0.8748281487867583,0.06459435244401296,2.8825248034795123,4.497455285390218,1.3449364654223124,3.152518811225891,723.0927734375,1715.111572265625,10.25101141599589
211,mps,single_training,150,-129457.79031121903,418,False,-2.351345395843188,0.3231655272593101,0.060631902674213055,2.9748408953348795,4.465376958847046,1.3442209323247274,3.12115603129069,675.826416015625,1494.56884765625,10.24437312502414
212,mps,stone_canyon,150,-142291.94651724337,491,False,-2.30361446775496,0.3391574606391805,0.06235566372362276,3.093795647621155,4.41467879931132,1.3448529767990112,3.0698258034388224,614.0355834960938,1770.2579345703125,10.182541749993106
213,mps,stone_canyon,150,-113633.02001119882,390,False,0.33755324682065596,0.05250406570776249,0.05384052447664241,2.9517293564478555,4.4019570064544675,1.345273236433665,3.0566837565104166,74.11357116699219,338.52410888671875,10.339000792009756
214,mps,stone_canyon,150,-114021.34603733498,391,False,0.6898331677913666,0.08769555488677724,0.05257202045992017,2.8800145705540974,4.42873893737793,1.3457808160781861,3.0829581197102867,289.94000244140625,724.6248168945312,10.656104208988836
215,mps,single_training,150,-129430.8309721935,435,False,-1.3690349101989219,0.28624235151408545,0.05903454666957259,2.928726855913798,4.469335997899373,1.3456896400451661,3.123646372159322,151.39337158203125,732.9353637695312,10.312806707981508
216,mps,single_training,150,-111581.74524132532,368,False,0.06458089301517854,0.09242246230323133,0.08107337685612341,3.0178508234024046,4.548515863418579,1.3459890794754028,3.2025268030166627,246.4483642578125,851.9105834960938,10.243777333002072
217,mps,single_training,150,-111687.04306685769,366,False,0.5054456512769684,0.3088263372485198,0.08587912405841053,2.9636916446685793,4.615645780563354,1.3450799155235291,3.2705658785502116,622.8067626953125,1834.26318359375,10.188560416019754
218,mps,single_training,150,-114546.35365807018,381,False,-0.5858774039149285,0.09159512535421527,0.06325771451927721,2.9509958537419636,4.64127241452535,1.344688612620036,3.2965837987263997,88.05744934082031,828.4859008789062,10.216956583986757
219,mps,stone_canyon,150,-88230.41898567264,304,False,2.5062554654603204,0.5251120298865862,0.03857206158339977,2.7838423442840576,4.645799137751261,1.3452346754074096,3.3005644845962525,512.5947265625,1352.5604248046875,10.155846540990751
220,mps,single_training,150,-137996.67986981035,449,False,-3.9583047434687613,0.9507260651746765,0.06806426854183277,2.9346524143218993,4.633513428370158,1.344394539197286,3.2891188780466716,1291.9515380859375,3108.141845703125,10.213822249992518
221,mps,single_training,150,-96628.29602300326,321,False,0.5078917186583082,0.032576327456996526,0.0796147962162892,2.9015856726964313,4.61679225285848,1.3431800452868143,3.2736122179031373,145.42184448242188,1197.806640625,10.198150874988642
222,mps,single_training,150,-119488.32198106949,391,False,-2.0516048864771923,0.3269804293795702,0.07077863331884146,2.9022008848190306,4.59066871325175,1.34273597240448,3.247932753562927,531.776123046875,1617.249267578125,10.199414708011318
223,mps,single_training,150,-148760.3287178941,490,False,-4.862863166232904,1.239185002859837,0.08336415075386563,2.9745611270268757,4.5264698505401615,1.3427107723553975,3.1837590821584065,1260.1619873046875,3038.30078125,10.158872166997753
224,mps,single_training,150,-101241.99506144537,331,False,-0.3332759754336439,0.06400993926285878,0.07982687019432584,2.988345444997152,4.489644482930501,1.3426311906178792,3.1470132954915364,279.1936950683594,1161.2939453125,10.293845040985616
225,mps,stone_canyon,150,-108865.42810986283,375,False,-0.4500026024109684,0.1560216524314651,0.0492710871125261,2.6980286041895547,4.518374964396159,1.3429376069704693,3.1754373502731323,442.90081787109375,1233.7939453125,10.216888915980235
226,mps,single_training,150,-104733.37896764875,342,False,-0.2748055856736998,0.059842229757959255,0.07188437355371813,2.92279167175293,4.554889831542969,1.3442353002230327,3.2106545241673787,228.21543884277344,745.6611328125,10.480170875001932
227,mps,single_training,150,-91303.20721550273,302,False,1.2543017438054085,0.13322032611739512,0.054342073475321134,2.8636796458562217,4.581716705958049,1.3448727043469746,3.236843981742859,166.36416625976562,689.4945678710938,10.282695041998522
228,mps,single_training,150,-101007.35572921345,330,False,0.9500263396495332,0.1423057523938087,0.06171743224685391,2.9490521637598675,4.610919466018677,1.346158224741618,3.264761241277059,453.84149169921875,1267.91162109375,10.220132749993354
229,mps,stone_canyon,150,-114054.33188823004,393,False,0.5883519966341555,0.0822950596897681,0.056341593647375704,2.893770696322123,4.606382875442505,1.345447670618693,3.2609352032343546,197.68650817871094,1021.1485595703125,10.368745249987114
230,mps,single_training,150,-167570.42925674104,543,False,-5.291613465795915,1.6336335304679233,0.06534781110783418,3.0565642817815144,4.6045010375976565,1.3439032252629597,3.260597809155782,1055.952392578125,3335.6845703125,11.08829391701147
231,mps,single_training,150,-98630.81483360162,325,False,1.3004359021658698,0.1452656636962911,0.06152262480308612,2.9156479247411093,4.610806166330973,1.3432526477177937,3.267553513844808,553.8218383789062,1473.2412109375,10.385356208018493
232,mps,stone_canyon,150,-113102.2465749363,391,False,0.5986203570423337,0.11164259975616005,0.061402671473721665,2.8238214270273843,4.607427864074707,1.3419287133216857,3.2654991563161215,404.70550537109375,1301.673095703125,10.27258391599753
233,mps,stone_canyon,150,-145355.90507907775,497,False,-2.16051025527219,0.3073701059391897,0.0662223182618618,2.643774159749349,4.587622089385986,1.3410918800036113,3.2465302340189615,397.51678466796875,997.4099731445312,10.207278917019721
234,mps,stone_canyon,150,-136606.388771503,468,False,-1.6434401023387908,0.1797853491983066,0.054798468754937255,2.689952936172485,4.551494471232096,1.3403122735023498,3.2111821937561036,400.5513000488281,1000.2713012695312,10.23225845801062
235,mps,single_training,150,-149636.571773668,486,False,-4.1545671601096785,0.9504651855685128,0.072824311076353,2.9062785132726034,4.485681136449178,1.3388224903742472,3.146858644485474,1182.0316162109375,2611.603271484375,10.241122207982698
236,mps,stone_canyon,150,-117567.53453962706,405,False,1.0647734563797713,0.2058561825377789,0.05642459382923941,2.7476637093226115,4.404760713577271,1.3384942348798117,3.0662664731343585,594.4422607421875,1578.365966796875,10.26185749997967
237,mps,single_training,150,-82163.80447541537,270,False,3.577446897427241,0.7916744393110275,0.06167442499039074,2.9051977443695067,4.301158027648926,1.3382796557744343,2.9628783671061196,1258.7318115234375,3142.677734375,10.220731707988307
238,mps,single_training,150,-137969.86950536183,458,False,-2.175620329181353,0.37906306379707533,0.07467072033323348,3.1383299350738527,4.235536648432414,1.3378713488578797,2.8976652892430623,465.8717346191406,1148.2032470703125,10.1984961249982
239,mps,single_training,150,-186122.1028591683,612,False,-6.608356939057509,2.5766293542816614,0.08310126394188652,2.984637490908305,4.235727167129516,1.3379177896181742,2.8978093751271565,1687.1602783203125,3477.920166015625,10.185836207994726
240,mps,stone_canyon,150,-94827.7906459082,326,False,2.0743266239576044,0.3837331260049177,0.058409170241405566,3.3164825773239137,4.218823003768921,1.3385714554786683,2.880251560211182,403.57330322265625,1137.2308349609375,10.166055708017666
241,mps,stone_canyon,150,-123221.11324920208,422,False,0.38470385227973264,0.05077610020754643,0.06217148831579834,2.7952469126383463,4.278388226826985,1.3391080697377522,2.9392801666259767,183.1630401611328,909.169677734375,10.265323290979723
242,mps,single_training,150,-106685.93171727423,350,False,1.2445830594127376,0.1269496420718527,0.08107217668400457,2.906079716682434,4.387690509160359,1.3394483359654745,3.0482421557108563,513.1071166992188,1507.996337890625,10.243040832981933
243,mps,single_training,150,-85535.1450245683,281,False,2.8655935992797215,0.45038071073591707,0.07782592503509174,2.8363626845677694,4.489549690882365,1.3392644540468852,3.1502852614720664,757.5533447265625,1615.010986328125,10.205066791997524
244,mps,single_training,150,-133621.2806826254,433,False,-1.6375724649305146,0.2850283490355226,0.07693798991696288,2.8998824087778727,4.536238460540772,1.3389912756284077,3.197247190475464,300.57159423828125,1541.4786376953125,10.205155709001701
245,mps,stone_canyon,150,-74601.46298416963,254,False,3.998964101274808,0.8256860052235424,0.050338007733225824,2.6627079153060915,4.539737373987833,1.3374252772331239,3.202312099138896,936.3108520507812,1958.481201171875,10.18715300000622
246,mps,stone_canyon,150,-156782.0441879939,536,False,-3.3017693492521842,0.6249294059476961,0.06407642610060672,2.839544145266215,4.537328163782756,1.3360327935218812,3.201295388539632,847.830322265625,4245.66259765625,10.295948334009154
247,mps,stone_canyon,42,-11158.356587320213,38,True,9.817742041179113,4.682766369410923,0.008202739653088861,3.1503919192722867,4.583932025091989,1.3790069421132405,3.204925077302115,270.390380859375,549.4595947265625,2.9220804999931715
248,mps,single_training,150,-130578.92244713347,429,False,-2.2580123769243556,0.2928817728763291,0.06427535113257667,3.1885068384806314,4.550833603541056,1.3335729916890462,3.217260624567668,469.1473693847656,1532.560546875,10.380292749992805
249,mps,stone_canyon,150,-84118.13443005555,288,False,2.6906715073483065,0.6204118115137393,0.04911987149467071,2.837073419888814,4.563514232635498,1.3334786399205525,3.2300356022516885,455.7096252441406,1354.2281494140625,10.494648958003381
250,mps,single_training,150,-100853.16809234157,329,False,0.35584306384126346,0.038556622615456795,0.07157242620984713,2.9206627400716147,4.559602352778117,1.3334261496861777,3.226176217397054,130.21571350097656,979.5413818359375,10.263234000012744
251,mps,stone_canyon,150,-143935.39537719358,494,False,-3.6162287668387094,0.6608572445809842,0.09452346255381902,2.780914945602417,4.51270055770874,1.3343611192703246,3.1783394304911297,1044.02880859375,3304.16015625,10.360079042002326
252,mps,stone_canyon,26,-3467.65784656747,12,True,9.308132520088783,4.316339153509873,0.046576508679069005,2.9453484003360453,4.53181582230788,1.377079624396104,3.1547362070817213,155.99400329589844,423.6106262207031,1.8247602499905042
253,mps,stone_canyon,3,15.240348746771595,0,True,8.935587088267008,3.379960536956787,0.0179895032197237,3.1028999487559,4.437512079874675,1.371233622233073,3.0662784576416016,19.248735427856445,384.0427551269531,0.22119891698821448
254,mps,stone_canyon,150,-76092.33561060757,262,False,1.9964332337429127,0.5575174419856436,0.04203953213368853,2.7614729499816892,4.30660857518514,1.3341877929369608,2.9724207814534505,229.47694396972656,1083.64697265625,10.202504874992883
255,mps,stone_canyon,150,-95585.32703208773,328,False,0.6342320512918135,0.20981057932887173,0.049791822722181675,2.642122645378113,4.219092988967896,1.3349487463633218,2.8841442664464316,193.1310272216797,766.1572265625,10.234690916986438
256,mps,single_training,150,-112201.94264517458,372,False,-0.9836157952869932,0.10942825119727786,0.07615813077427447,3.083754301071167,4.170686707496643,1.3357292381922403,2.834957480430603,127.12589263916016,410.6194763183594,10.225317375006853
257,mps,single_training,150,-159674.06257176067,520,False,-5.419272918800513,1.9133755423456509,0.09915694734547287,3.1248702653249105,4.175118115743001,1.3365868631998699,2.8385312604904174,1436.1766357421875,3368.226318359375,10.222871874982957
258,mps,single_training,150,-107859.47387605556,355,False,-1.0611612284431855,0.12265726640609803,0.08068929330756267,3.1386300341288247,4.192205039660136,1.3378431185086568,2.8543619219462077,469.05950927734375,1405.6573486328125,10.22151608398417
259,mps,single_training,150,-91074.88371759174,296,False,1.1178087162971497,0.11373126625393827,0.0815340228456383,3.0905763006210325,4.243631846110026,1.3388308103879292,2.9048010381062825,476.8492736816406,1525.757568359375,10.208694583998295
260,mps,single_training,150,-100139.58824765896,328,False,0.30719830777893853,0.03954043731134656,0.07581810406874866,2.854626331329346,4.324181617101034,1.3402089516321818,2.9839726511637368,228.7522430419922,730.11865234375,10.377838957996573
261,mps,single_training,150,-106078.02116085564,345,False,-0.5487135581610103,0.09531359946753809,0.05800786231799672,2.841603339513143,4.399595359166463,1.3420843267440796,3.057511024475098,306.4708557128906,966.87060546875,10.199616625002818
262,mps,single_training,150,-108219.16542980116,352,False,-0.45733278200651206,0.03423376377110496,0.0835880914889276,2.8457241344451902,4.468437385559082,1.3421118052800496,3.1263256041208902,123.73902893066406,413.08978271484375,10.233169875020394
263,mps,single_training,150,-131084.4159861613,434,False,-2.49614669273297,0.4016772107263872,0.07420766825787722,2.8182276582717893,4.514118506113689,1.342277074654897,3.1718414211273194,492.89111328125,1125.1455078125,10.165911541989772
264,mps,single_training,150,-112034.72600988981,368,False,-0.47235998580232263,0.062034012649209366,0.0758951959790041,2.8058390124638874,4.545089104970296,1.342331070105235,3.202758029301961,64.40414428710938,291.6165466308594,10.178729208011646
265,mps,single_training,150,-93766.66529823876,303,False,1.604775181810061,0.1721911233694603,0.05903624658783277,2.8997349325815835,4.562963898976644,1.341685483455658,3.221278435389201,550.4154052734375,1359.102783203125,10.451686916989274
266,mps,single_training,150,-125960.03223748252,407,False,-1.3094264111015945,0.20637879355797242,0.07541039722661178,3.1236155637105307,4.570648902257283,1.3425995389620462,3.2280493688583376,143.4834442138672,1115.4197998046875,10.616630417003762
267,mps,stone_canyon,150,-95090.01453514482,324,False,1.7009589701890946,0.18241083609755152,0.07417183754344782,2.9085139354070026,4.562441730499268,1.3428905765215555,3.2195511452356973,452.30987548828125,1489.9229736328125,10.400179332995322
268,mps,single_training,150,-105696.44451985789,345,False,0.6667747843265533,0.10624136496854286,0.06929526052127281,3.0418362983067833,4.546387815475464,1.3430556042989095,3.203332222302755,424.7431335449219,1471.359375,10.249571041000308
269,mps,stone_canyon,150,-153164.14042100759,524,False,-2.877359250113368,0.5347574051137781,0.06256422797217966,3.0206451352437336,4.538831472396851,1.3439183942476909,3.1949130884806314,684.3155517578125,2004.969482421875,10.22190525001497
270,mps,stone_canyon,150,-157521.84106020932,542,False,-2.8791231993834177,0.6007239236915484,0.06487393018479148,3.0053749752044676,4.54794727007548,1.3442376899719237,3.203709586461385,525.2322998046875,2826.33984375,10.191937625000719
271,mps,single_training,150,-97511.81543932276,318,False,1.2921095012399988,0.1162360886004736,0.05233300932993491,2.935664259592692,4.571605745951334,1.3450721613566081,3.2265335845947267,439.3874816894531,1508.333740234375,10.234491042006994
272,mps,single_training,150,-96623.5356691362,315,False,1.604653068780899,0.20696203503680105,0.07410395758847396,2.8125848452250164,4.582073453267415,1.3457071622212728,3.2363662751515707,627.02783203125,1753.5567626953125,10.244756458007032
273,mps,stone_canyon,150,-127954.6271392003,445,False,-0.633656482330213,0.10455048699597379,0.06755473274737596,2.719978930155436,4.570518728892009,1.3463344796498617,3.224184242884318,105.2024917602539,848.4786376953125,10.223512124997796
274,mps,stone_canyon,150,-124733.58798872642,429,False,-0.4546351115622868,0.10116779837037408,0.06313376846412817,2.61691117922465,4.50902592976888,1.3464072608947755,3.162618652979533,71.86286926269531,581.3631591796875,10.209473665978294
275,mps,single_training,150,-99443.31226716717,326,False,0.7126665753126145,0.051353853273353706,0.058505802787840365,2.7810451380411783,4.390960280100504,1.3468872857093812,3.044072995185852,282.96783447265625,993.218994140625,10.248888917005388
276,mps,single_training,150,-123649.6037094668,406,False,-1.7292113293955724,0.25025661244395453,0.06384064910622934,2.776346141497294,4.2975760904947915,1.3475063379605612,2.9500697724024456,328.12091064453125,1211.90625,10.388774833001662
277,mps,stone_canyon,150,-144390.0839055956,496,False,-2.6021081157773733,0.5049166482008179,0.07587734433667113,2.845757333437602,4.266295941670736,1.3466825779279072,2.919613389968872,490.23736572265625,2205.2626953125,10.234947208024096
278,mps,single_training,150,-127940.52354483338,425,False,-2.4411534087856612,0.3778433016873896,0.08210511579799155,2.69390557607015,4.30516360282898,1.346855362256368,2.9583082469304403,741.9658203125,1932.9830322265625,10.344031958986307
279,mps,stone_canyon,150,-111459.97047495836,382,False,0.18165773310135894,0.03825071416439888,0.08018288019501293,2.5487419684727985,4.357178913752238,1.3478759773572286,3.009302929242452,75.08132934570312,530.8644409179688,10.308910499996273
280,mps,single_training,150,-98283.46832935316,320,False,0.47180896599466604,0.06582781486983245,0.10712442804515983,2.726621222496033,4.43769570350647,1.3478318866093952,3.0898637914657594,51.97887420654297,387.09564208984375,10.334913083992433
281,mps,stone_canyon,150,-141026.43386261258,485,False,-2.9657580451170604,0.5275450755593677,0.10571769000884766,2.557039974530538,4.494660390218099,1.348965776761373,3.145694611867269,957.4573364257812,2579.2236328125,10.763524000009056
282,mps,single_training,150,-128238.19234585197,423,False,-2.465141939818859,0.43723788108763983,0.11143634845347454,2.705503209431966,4.532040309906006,1.3497765421867371,3.182263781229655,823.9584350585938,2377.302001953125,10.582527374994243
283,mps,single_training,150,-52918.17557247051,173,False,4.820656810204188,1.7457276056994062,0.09105916599743068,2.6143745470046995,4.544099858601888,1.3498598583539327,3.194239993095398,917.4886474609375,1881.0692138671875,10.251324125012616
284,mps,single_training,150,-132808.03676352953,434,False,-2.4638757849484683,0.3716192830095921,0.13941105913215626,2.8246311950683594,4.527347100575765,1.3501553654670715,3.177191726366679,696.6513061523438,2094.14453125,10.224369375006063
285,mps,stone_canyon,150,-99310.0256743453,340,False,2.0791123361513018,0.3649598734373285,0.11547308250097559,2.974646633466085,4.507999054590861,1.3496633990605673,3.158335668245951,516.159912109375,1195.691650390625,10.23960133298533
286,mps,single_training,150,-137995.81112350314,453,False,-2.644233114818732,0.42098293609529114,0.17338649266709885,2.951786961555481,4.4969058672587074,1.3500410453478495,3.146864840189616,807.7562866210938,3041.716552734375,10.150847250013612
287,mps,stone_canyon,150,-146233.22385544,499,False,-1.9900564420510394,0.295083448628943,0.10368760000991946,2.9264776706695557,4.501981913248698,1.3497947104771932,3.1521871757507323,350.08209228515625,2686.892822265625,10.221821499988437
288,mps,single_training,150,-119923.63179573901,398,False,-0.29564148545265195,0.12077202441403642,0.1043398575267444,2.8244855562845865,4.520341644287109,1.3494408400853475,3.1709008264541625,121.45406341552734,1526.3856201171875,10.206418416986708
289,mps,single_training,150,-112590.5801523341,370,False,0.7677474917005748,0.17772803386518188,0.10514852418952311,2.7046253458658853,4.525208126703898,1.348922823270162,3.176285301844279,528.030517578125,1813.6185302734375,10.281851250008913
290,mps,single_training,150,-115603.60861368604,377,False,0.2127778492309153,0.0755277075387797,0.08946545435270915,2.618639863332113,4.487203702926636,1.3485586682955424,3.1386450322469077,255.19203186035156,1035.0115966796875,10.217340208007954
291,mps,stone_canyon,150,-99219.10267802539,345,False,1.939240865825365,0.24085999660884833,0.056775006100845835,2.754047451019287,4.3860086250305175,1.3493357690175374,3.036672860781352,614.4537353515625,1692.2794189453125,10.199380165984621
292,mps,single_training,150,-72288.35803199078,240,False,3.891527886390686,0.90543192923069,0.06486523220626017,2.8022239510218303,4.278305349349975,1.3506154878934225,2.927689863840739,1169.9256591796875,3223.375,10.222746541985543
293,mps,stone_canyon,150,-150059.42235054343,519,False,-3.1864955362677576,0.7074276898195967,0.06031806501870354,2.8678422212600707,4.200036997795105,1.3514629228909811,2.8485741074879964,1094.3719482421875,3112.059326171875,10.232133792014793
294,mps,single_training,150,-131947.69069759222,440,False,-1.889923206716776,0.30323641815407126,0.07093415261556704,2.923820856412252,4.163396008809408,1.351798748175303,2.811597277323405,511.47308349609375,3314.2099609375,10.415879791020416
295,mps,stone_canyon,150,-129981.98101911426,446,False,-0.6776120571109155,0.08495329057366083,0.07059975914657116,2.7594854195912677,4.1913863372802735,1.3512617373466491,2.8401245991388957,87.56153869628906,2050.56787109375,10.30246383298072
296,mps,single_training,150,-110535.21052491269,369,False,-0.1669368707574904,0.0489569180578322,0.06187999654561281,2.7407081429163616,4.271829223632812,1.3507837319374085,2.921045495669047,46.417415618896484,1065.305908203125,10.221069000021089
297,mps,stone_canyon,150,-147583.35254750823,507,False,-2.2854276293950777,0.3864691650813878,0.05881537377213438,2.5769771067301432,4.384219535191854,1.3508574342727662,3.0333621088663736,392.4519348144531,868.3790283203125,10.384013750008307
298,mps,single_training,25,-278.609768543629,0,True,9.553019428253174,4.787582092285156,0.008634497988969087,2.4636064529418946,4.541396522521973,1.3791144561767579,3.162282066345215,143.4742431640625,1326.999755859375,1.7501526249980088
299,mps,stone_canyon,150,-93887.29674943347,322,False,1.8326431199659903,0.27775087496789636,0.052172404819478595,2.498149285316467,4.4686634063720705,1.3490894476572672,3.1195739539464316,324.2688903808594,1754.362060546875,10.34831812500488
300,mps,stone_canyon,65,-12000.03658845971,40,True,10.5345230616056,6.002917594176072,0.01562554445834114,2.6601865548353927,4.532345265608567,1.3805989430500911,3.151746317056509,535.653076171875,1296.01220703125,4.5368506249797065
301,mps,single_training,150,-94843.61995972796,310,False,1.566620442867279,0.17543921512241165,0.06773737626771133,2.5618587144215903,4.408979034423828,1.3489940277735393,3.059985014597575,559.37890625,1727.0057373046875,10.201465916994493
302,mps,stone_canyon,150,-83360.40228826513,286,False,2.616832206323743,0.46702157747732903,0.04816331079850594,2.5344885269800823,4.338685290018717,1.3489322360356648,2.989753049214681,496.7348327636719,1058.4119873046875,10.260505874990486
303,mps,single_training,150,-119888.0950938509,392,False,-1.3231317632086574,0.1415545349795472,0.06768352027672032,2.633954652150472,4.242434345881144,1.3491263898213703,2.8933079481124877,365.5130920410156,1629.968505859375,10.303250666998792
304,mps,stone_canyon,150,-82837.32015096101,284,False,2.3260019026324152,0.5150929584220285,0.05054720443362991,2.6428778092066447,4.1967736927668255,1.3492862931887308,2.8474873892466226,439.31829833984375,3055.72216796875,10.259170582983643
305,mps,stone_canyon,150,-134912.42855710187,463,False,-2.4199411079256485,0.3617031221815963,0.058959527729700006,2.4673445320129392,4.212454242706299,1.3486928216616312,2.863761429786682,743.528076171875,2013.8126220703125,10.202967833000002
306,mps,single_training,150,-91072.90686257555,306,False,0.7726116724809011,0.08054148085104923,0.07580890941744049,2.6866342353820802,4.236887849171956,1.348414560953776,2.8884732913970947,206.67465209960938,718.8947143554688,10.219987999997102
307,mps,single_training,150,-118834.72269678983,388,False,-1.944625086983045,0.26024770371615885,0.05638480830937624,2.619311836560567,4.226961841583252,1.349179748694102,2.877782114346822,671.8150634765625,2132.718994140625,10.175198584009195
308,mps,single_training,150,-99225.52053775077,326,False,-0.018567048514572283,0.024268095275002868,0.06355576204136014,2.623350510597229,4.24280276298523,1.349530685742696,2.8932720708847044,48.49809265136719,672.1359252929688,10.205127541994443
309,mps,stone_canyon,150,-151121.9723164209,515,False,-3.7014536129434905,0.7961709291518007,0.06284452759039899,2.4359199873606365,4.296303081512451,1.348903390566508,2.9473996686935426,926.5958251953125,2507.17333984375,10.255593540990958
310,mps,single_training,27,-252.4544431236556,0,True,8.89150094985962,4.367525153689915,0.008886444451356376,2.375559029755769,4.401438783716272,1.3773892676388775,3.0240495558138245,147.48602294921875,2633.13671875,1.8772098750050645
311,mps,single_training,150,-122756.30949535752,404,False,-2.30700174604853,0.3650131204680656,0.06325405994430185,2.5323238515853883,4.372457205454508,1.3460583567619324,3.026398852666219,743.62841796875,3060.94091796875,10.193783624999924
312,mps,single_training,150,-131809.04176053798,436,False,-2.905637849867344,0.5284420036574011,0.07250016342848539,2.5382101933161416,4.3769314606984455,1.3443930848439534,3.0325383726755777,741.7978515625,1928.841796875,10.206729750003433
313,mps,single_training,150,-96978.98712016162,317,False,0.4638713876778881,0.08657987895941915,0.06305407088249922,2.570361396471659,4.373131914138794,1.3415218750635782,3.0316100470225016,128.14212036132812,643.2128295898438,10.225696500012418
314,mps,stone_canyon,150,-134687.9755192197,460,False,-1.8338750110752882,0.25057768829408816,0.05645861592764656,2.5371390755971275,4.3782732264200845,1.3358355045318604,3.042437726656596,426.06182861328125,1653.259033203125,10.183964333002223
315,mps,stone_canyon,150,-96616.45159164825,333,False,2.0981323390702404,0.2781038157598596,0.049659086527923745,2.510654454231262,4.358427546819051,1.3325238601366678,3.0259036954243976,556.1937255859375,1403.51513671875,10.19016958301654
316,mps,stone_canyon,45,-7047.648759140429,23,True,9.559129121568468,4.434166664547391,0.03649265509512689,2.6351073582967124,4.41623346540663,1.3765946096844144,3.0396388318803576,274.137939453125,681.7059326171875,3.0612786670099013
317,mps,stone_canyon,150,-104540.86979521686,361,False,1.8747514300172528,0.2817329980690556,0.07709166509409746,2.452173120180766,4.3408174928029375,1.3295958081881205,3.011221702893575,699.4898071289062,2434.214599609375,10.320166916993912
318,mps,stone_canyon,150,-88639.00803734196,308,False,3.0450622608264286,0.6716869236816031,0.06475233820577463,2.47184956073761,4.3547696781158445,1.3290441314379373,3.0257255538304646,1072.857666015625,3389.993408203125,10.790663167019375
319,mps,stone_canyon,150,-67245.9903272805,234,False,4.651922787986695,1.3370877433845696,0.05260217163711786,2.5645630884170534,4.346000394821167,1.3315100145339966,3.0144903818766275,1219.9100341796875,2931.524169921875,10.352096583024831
320,mps,single_training,150,-101841.06483027384,333,False,1.1335001651694376,0.2751951112790266,0.06165842638040582,2.5741591946283977,4.338311993281047,1.3355778376261394,3.0027341636021934,668.8856201171875,1924.3453369140625,10.242825541005004
321,mps,stone_canyon,150,-127245.77526579681,441,False,-0.9403825826942921,0.20858240527571373,0.05737110352764527,2.390253949960073,4.336734307607015,1.3387131611506145,2.9980211718877157,111.74259948730469,1152.0703125,10.202585582999745
322,mps,single_training,150,-83421.23277928743,275,False,1.735124958505233,0.17146670065235714,0.06824443002231419,2.524553821881612,4.299752438863118,1.3422308778762817,2.957521554629008,449.5542907714844,1570.965576171875,10.22483245798503
323,mps,single_training,150,-109226.24622326776,359,False,0.04189117004474004,0.5226722081339297,0.07176613648732504,2.5307883183161417,4.303237517674764,1.3436340061823526,2.9596035194396975,623.52099609375,2183.532958984375,10.147724875016138
324,mps,stone_canyon,75,-11892.610583182415,41,True,9.506033191680908,4.830842398007711,0.015104265362024307,2.5429517205556236,4.3700066057840985,1.3781350247065227,2.991871569951375,555.6605224609375,4001.822509765625,5.087951791007072
325,mps,single_training,150,-102093.96679400626,334,False,-1.1197924312949181,0.11828233954328123,0.06235443944732348,2.4621053981781005,4.236629676818848,1.3469427418708801,2.889686926205953,306.0877990722656,1371.0845947265625,10.184726999985287
326,mps,stone_canyon,150,-128071.8560305605,440,False,-3.213002888361613,0.6751063568765918,0.05887942265719175,2.125469909509023,4.232374731699625,1.3486212277412415,2.883753501574198,1093.8702392578125,3063.570556640625,10.27285362497787
327,mps,stone_canyon,150,-80584.04149862495,275,False,0.3475080076853434,0.4571841539815068,0.04250885347525279,2.171224055290222,4.240414584477742,1.34857918659846,2.891835398674011,487.91717529296875,2030.759521484375,10.18594724999275
328,mps,single_training,150,-106870.82004048619,352,False,-2.2044703340530396,0.34361094696447253,0.09529340435440342,2.6295931720733643,4.209421653747558,1.3488144493103027,2.8606072266896567,777.1838989257812,2406.450927734375,10.236602666002
329,mps,stone_canyon,150,-119226.68643382388,410,False,-2.636908097267151,0.4805994498481353,0.06195851466928919,2.549599733352661,4.203789358139038,1.3499265225728352,2.8538628307978313,917.4896240234375,2534.3310546875,10.243665874993894
330,mps,stone_canyon,150,-97234.7733696348,333,False,-0.04273743002365033,0.10060277672788591,0.04896211674747368,2.2892149527867636,4.181544030507405,1.349624632994334,2.831919406255086,166.389404296875,1051.0953369140625,10.180643416999374
331,mps,stone_canyon,150,-83450.62541558153,287,False,0.5443790171295404,0.11712765669178528,0.050292090624570844,2.14542502005895,4.21619800567627,1.3497560588518778,2.866441930135091,130.81622314453125,1607.6014404296875,10.205473749985686
332,mps,stone_canyon,150,-102338.86301820613,354,False,-0.8345415060967207,0.07372531436810277,0.04890989645384252,2.4669192735354106,4.189591808319092,1.3492182111740112,2.8403735812505086,336.7412109375,1432.091552734375,10.20844266700442
333,mps,stone_canyon,150,-116258.35613956583,401,False,-0.8501636894637098,0.11250374091301789,0.054022705626363555,2.1241371623675027,4.209450375239054,1.348209751447042,2.861240630149841,85.70701599121094,1313.132080078125,10.21360633400036
334,mps,stone_canyon,150,-136540.2641503192,467,False,-2.6208812331656617,0.4239211278245784,0.05475468764081597,2.238754835128784,4.164318825403849,1.346432101726532,2.8178867355982464,624.4833984375,2001.1890869140625,11.05931475001853
335,mps,single_training,150,-108987.59194110632,358,False,-0.3189224984621008,0.2573031915201864,0.06621503691499432,2.7363652753829957,4.079262978235881,1.3435757207870482,2.7356872590382895,358.8464660644531,2084.187255859375,10.466424541984452
336,mps,stone_canyon,150,-145889.29512579477,500,False,-2.611930881527563,0.8532607675760119,0.0597570937871933,2.4134616669019064,4.046044352849324,1.3418651541074118,2.704179185231527,255.02317810058594,1273.842041015625,10.282663999998476
337,mps,single_training,150,-98406.25102785992,320,False,0.9932886368781328,0.2474496960539121,0.057357551728685695,2.6085327943166097,4.078407497406006,1.3401327117284139,2.7382747824986775,599.6495361328125,2779.918701171875,10.217365917022107
338,mps,single_training,150,-136692.0081448708,450,False,-2.354633425846696,0.7242324993290822,0.06989121640101076,2.563905793825785,4.149720501899719,1.33984166542689,2.809878857930501,224.6646728515625,803.4353637695312,10.212735125009203
339,mps,stone_canyon,42,-9212.32237326928,33,True,8.18997505732945,3.4958185326485407,0.015617320557967537,2.477642990293957,4.27929999714806,1.37655827828816,2.902741693315052,224.8659210205078,1188.801513671875,2.855446875008056
340,mps,single_training,150,-122136.37233569594,404,False,-1.1007155169205118,0.1899568471661981,0.06175789146994551,2.4481542746225995,4.272909673055013,1.3404353070259094,2.9324743668238322,143.00588989257812,1068.0740966796875,10.201057041005697
341,mps,single_training,150,-119751.2948382055,389,False,-0.9108750649293264,0.20254900875578946,0.05625915432348847,2.5900730005900066,4.3414641316731775,1.3401567022005716,3.0013074398040773,105.12702178955078,905.724609375,10.28413095799624
342,mps,stone_canyon,150,-118592.58780278228,409,False,0.43960285145634165,0.13804254382454245,0.049959305295099815,2.701856746673584,4.355034968058268,1.3418156417210896,3.013219339052836,371.50775146484375,3351.782470703125,10.177245458005928
343,mps,single_training,150,-93480.40668935952,308,False,2.2644775981952745,0.584457934371378,0.05950909304743012,2.8639760398864746,4.356876738866171,1.3431659984588622,3.013710748354594,1004.8046264648438,3182.36572265625,10.197476999979699
344,mps,single_training,150,-130238.97231674631,425,False,-1.596351539293925,0.3633807165631636,0.08279443052597343,2.7237027819951374,4.363620382944743,1.3447384452819824,3.0188819567362466,175.03993225097656,976.5238647460938,10.163919792015804
345,mps,single_training,150,-116947.44496020713,387,False,-0.5672339026754101,0.0689646317372535,0.06074153583496809,2.560178019205729,4.365572868982951,1.3462623198827108,3.0193105443318684,71.23265075683594,784.4793090820312,10.166439416003413
346,mps,stone_canyon,150,-58012.65348352194,199,False,5.537452714443207,1.7296672825018564,0.048456113239129385,2.3714696113268534,4.337187843322754,1.347615106900533,2.989572736422221,1315.867431640625,3102.71875,10.220383165986277
347,mps,stone_canyon,150,-104736.83420280446,359,False,0.7916819823843737,0.10409639106114507,0.06547480091452598,2.3194412430127462,4.291761258443197,1.349514173666636,2.942247074445089,124.79286193847656,971.4700927734375,10.200930291000986
348,mps,single_training,150,-129931.98171206233,434,False,-1.9655889750272035,0.3305863240733258,0.07119907620052497,2.4444318183263145,4.225693260828654,1.3503656816482543,2.875327576001485,432.1951599121094,2329.481201171875,10.143131500022719
349,mps,stone_canyon,150,-143525.93853291954,508,False,-2.2509674752751985,0.4431694895706217,0.060462097469717264,2.328017113208771,4.1944269212086995,1.3509819801648457,2.843444938659668,530.9246826171875,2769.087158203125,10.244874249998247
350,mps,single_training,7,-23.13892914683341,0,True,7.1771586281912665,3.3521110330309187,0.006574666260608605,2.1583265577043806,4.296462740216937,1.3717679977416992,2.924694776535034,41.7275390625,685.537841796875,0.5108108750137035
351,mps,stone_canyon,150,-100753.32023252841,346,False,1.2122682583828768,0.12057675386970611,0.058719286864312985,2.129168767929077,4.2720728079477945,1.3512771741549174,2.9207956266403197,341.24713134765625,1653.8812255859375,10.206908208987443
352,mps,stone_canyon,150,-99219.93254837711,338,False,0.398038576990366,0.09895464559764756,0.05273827113521596,2.2403610014915465,4.2804169305165605,1.350587988694509,2.92982892036438,134.79766845703125,1078.698486328125,10.376975249993848
353,mps,single_training,150,-124935.51970682276,407,False,-2.2083946220452586,0.40140404801093005,0.07434066662720094,2.382478895187378,4.260807472864787,1.3504716070493061,2.9103358713785807,571.1465454101562,1896.40185546875,10.710311750008259
354,mps,stone_canyon,150,-80344.14194454376,275,False,2.0124166069055596,0.6579124835833379,0.05704897032274554,2.381711874008179,4.206047461827596,1.350294463634491,2.855753011703491,254.12974548339844,1688.5360107421875,10.342491374991369
355,mps,stone_canyon,150,-94468.65673597985,328,False,1.480618983140836,0.27366044662082684,0.052211380330845714,1.9433455363909404,4.100374108950297,1.3492012604077657,2.751172850926717,328.9666442871094,1149.993896484375,10.200474416982615
356,mps,stone_canyon,150,-22558.70358785407,75,False,7.011954798499743,3.5154740232167145,0.0313381656864658,2.6472047622998556,4.049547243118286,1.3495544870694478,2.6999927679697673,1617.02978515625,6391.13671875,10.165019000007305
357,mps,single_training,150,-136292.20248688717,445,False,-2.9715422318627436,0.6867549260273033,0.08742768175899983,2.838598780632019,3.949999944368998,1.350274007320404,2.599725937843323,817.8211669921875,3330.787353515625,10.163112625014037
358,mps,single_training,5,0.39901644010461723,0,True,8.708942699432374,3.2748584747314453,0.005671010911464691,2.9030200481414794,4.018896198272705,1.3711885929107666,2.6477076053619384,29.477558135986328,611.2410888671875,0.37247341699548997
359,mps,stone_canyon,150,-86901.53532180359,302,False,1.765059895372639,0.47145482789975596,0.04981478253069023,2.5072813789049784,3.930956767400106,1.351138517856598,2.5798182662328086,297.5616149902344,3030.368896484375,10.183564749982907
360,mps,stone_canyon,150,-117753.46921544817,410,False,-0.5736851241998374,0.08538440456752142,0.06206887217548986,2.4524199255307515,4.005203512509664,1.3514701231320698,2.6537333822250364,114.58157348632812,764.0072631835938,10.205637417006074
361,mps,single_training,150,-95482.3242673193,311,False,0.18231720928413173,0.060616021233227,0.053536760251348216,2.3794920682907104,4.124881607691447,1.351583494345347,2.773298101425171,92.13594818115234,508.3309326171875,10.169548333011335
362,mps,stone_canyon,150,-124501.77582603904,428,False,-2.0414841134574573,0.37801585635908547,0.054866594690829516,2.134371520678202,4.171796588897705,1.3519806504249572,2.819815929730733,788.9884643554688,2213.210205078125,10.216325582994614
363,mps,single_training,150,-136330.49252004307,439,False,-2.758233123421669,0.4781242127798032,0.0732818296769013,2.496258187294006,4.221593166987101,1.3515047558148703,2.870088389714559,577.3325805664062,3038.880859375,10.208006708009634
364,mps,stone_canyon,150,-128489.15964544339,444,False,-1.3810172503193219,0.1452328453581625,0.05707921443507075,2.349551106293996,4.225011812845866,1.3507605338096618,2.874251302083333,338.10650634765625,962.443359375,10.191272916999878
365,mps,stone_canyon,150,-176676.590225919,610,False,-5.535568610529105,1.7853289009068005,0.06753467990085482,2.4748511346181234,4.216803480784098,1.3494457165400187,2.8673577547073363,1326.258544921875,3215.240478515625,10.225381875003222
366,mps,stone_canyon,150,-103573.23308829516,355,False,1.3482646627631039,0.14728047930516672,0.048750940188765524,2.0780631422996523,4.193957640329997,1.3469945844014486,2.846963062286377,398.9624328613281,1224.0155029296875,10.261096415983047
367,mps,single_training,150,-111771.7149794934,365,False,0.4695603342851003,0.19152884743874893,0.06218942758937677,2.3416519419352215,4.144707959493001,1.34448992172877,2.8002180608113605,422.662353515625,1332.9000244140625,10.394924291991629
368,mps,stone_canyon,74,-16846.973120402134,63,True,9.148216940261221,5.613998501687436,0.03236085191570424,2.95667898977125,4.1713145101392595,1.3782892952094208,2.7930252165407747,602.9487915039062,4407.240234375,5.1877711249981076
369,mps,single_training,150,-164658.46457986487,545,False,-3.7163222103690106,1.323281451533403,0.06951284519086282,2.390353577931722,4.0772633409500125,1.3416658862431845,2.7355974674224854,615.6234741210938,1418.2239990234375,10.52741637500003
370,mps,stone_canyon,150,-154415.14668257095,532,False,-2.2055593449870745,0.42427500770892945,0.0589099780159692,2.252581319014231,4.024079914093018,1.3403501335779826,2.683729748725891,495.9280700683594,2850.2900390625,10.739473666995764
371,mps,stone_canyon,150,-121509.14893419402,423,False,0.5379158923464517,0.09013073554888858,0.05210070682689547,2.1217646646499633,3.9430931679407757,1.3378563952445983,2.6052367973327635,275.1245422363281,1717.5006103515625,10.652127125009429
372,mps,stone_canyon,150,-81821.8207242815,284,False,4.27614698673288,1.251686805835149,0.0486470182488362,2.6226476764678956,3.9177694209416707,1.3368316706021626,2.580937754313151,1225.4393310546875,5100.48095703125,10.899757916980889
373,mps,single_training,150,-125418.85622865053,418,False,-0.07633482416470845,0.1791451378368462,0.07013146899019679,2.5927391465504965,3.9428151655197143,1.335442320505778,2.6073728370666505,295.99578857421875,1566.814453125,10.397243791987421
374,mps,single_training,150,-111839.85861687556,365,False,1.2730338687698046,0.6314059098763392,0.0761662695898364,2.505251358350118,3.994481118520101,1.3358113741874695,2.658669737180074,964.9828491210938,2718.090087890625,10.216381333011668
375,mps,stone_canyon,150,-114372.7840184342,396,False,1.4789995864033698,0.27215935034041955,0.06807168839188914,2.3960721532503766,4.029799098968506,1.336252137819926,2.6935469690958658,656.424072265625,1656.516357421875,10.247231416986324
376,mps,single_training,150,-83992.77169298625,277,False,3.2100001899401347,0.7555463218378524,0.0813193117097641,2.4138007807731627,4.091061418851217,1.3388072188695272,2.7522542079289756,1123.5819091796875,2818.918212890625,10.44729237499996
377,mps,single_training,4,8.317586378778088,0,True,8.263237357139587,3.365045666694641,0.0032646420295350254,1.908057987689972,4.2119492292404175,1.3713119328022003,2.840637445449829,23.23219108581543,592.1326293945312,0.3210112919914536
378,mps,single_training,150,-138956.51676619865,457,False,-2.335353688200315,0.48379476370464547,0.10336735511664301,2.7215487511952716,4.154145644505818,1.3423911690711976,2.811754460334778,428.4779968261719,2318.34716796875,10.248708541999804
379,mps,single_training,150,-140033.58963968346,454,False,-2.6935897869523613,0.6055187612390576,0.07646139412807922,2.7808257667223613,4.158145612080892,1.3437499554951986,2.8143956581751506,614.11083984375,6225.7109375,10.576088707981398
380,mps,single_training,8,-56.29761496259978,0,True,7.481542527675629,3.4657461643218994,0.003270306595368311,2.0146153271198273,4.21087384223938,1.374130442738533,2.836743414402008,43.757972717285156,699.501220703125,0.6092860829958227
381,mps,stone_canyon,150,-120487.59381479889,415,False,-0.5462535900312165,0.1606833821560167,0.06908948293266197,2.8032614835103353,4.170517654418945,1.3457678119341532,2.8247498496373495,296.2033386230469,1880.92919921875,10.186180583987152
382,mps,stone_canyon,150,-107805.76763141362,371,False,0.9575005027418956,0.15298479818439203,0.06484033403918148,2.7640192302068076,4.178138669331869,1.3464444740613302,2.8316942024230958,391.46514892578125,1898.9417724609375,10.379327167000156
383,mps,single_training,150,-113810.46302796644,376,False,-1.4168144134843412,0.28622550201964836,0.07615971786280473,2.6248592750231423,4.181943798065186,1.347021034558614,2.8349227571487425,647.9867553710938,3031.99560546875,10.318777124979533
384,mps,stone_canyon,150,-113769.85255572692,393,False,-0.25438029554051655,0.03126450306784894,0.054472916107624766,2.304056879679362,4.18335249265035,1.3478836782773336,2.8354688183466594,56.66207504272461,1523.6507568359375,10.600249500013888
385,mps,single_training,150,-105652.133442906,348,False,-0.13336669467389584,0.05755144298086331,0.08165931709110737,2.3627076236406963,4.132049228350321,1.348386668364207,2.783662560780843,73.34178161621094,701.2560424804688,10.340428708004765
386,mps,single_training,150,-87566.7585439256,293,False,0.8321317038064202,0.26592392084067495,0.06344604884584745,2.3098232316970826,4.055704681078593,1.3483881052335103,2.7073165782292685,182.2256317138672,2138.4443359375,10.231095875002211
387,mps,stone_canyon,150,-135334.74834193895,465,False,-2.544102545256416,0.5115363723355404,0.06276610673715671,2.4887297677993776,3.9790628004074096,1.3478100593884785,2.6312527481714882,878.3468017578125,2332.772216796875,10.231521667010384
388,mps,single_training,150,-110375.41374206971,360,False,-0.8830306190438568,0.10323655599561789,0.05970536562924584,2.5617228825887044,3.944043305714925,1.3468253246943156,2.597217985788981,380.3578796386719,2414.326416015625,10.241750749992207
389,mps,stone_canyon,150,-75130.07253134242,260,False,2.8660999151567617,0.793442513011978,0.04292244768080612,2.2656019910176597,3.939153389930725,1.3459185870488484,2.5932348092397053,563.7279663085938,1315.3890380859375,10.41521141701378
390,mps,single_training,150,-147673.08297251022,489,False,-3.737747870981693,0.9892992698798965,0.10475505103978018,2.5923659578959146,3.977022220293681,1.3448208578427632,2.632201371192932,843.2920532226562,1837.2825927734375,11.02444124998874
391,mps,single_training,150,-123018.15358715272,403,False,-1.8004592123503487,0.28369916390746464,0.07165297916624695,2.285899283091227,4.008430933952331,1.3439850433667502,2.6644458977381387,481.90460205078125,1762.97998046875,10.59345137499622
392,mps,stone_canyon,150,-105857.53377202652,362,False,0.39335748805354037,0.059428834101442285,0.061431045706073446,2.150431078275045,4.053548177083333,1.342886848449707,2.71066130956014,62.26398849487305,445.1846618652344,10.283901791990502
393,mps,single_training,150,-74231.22482941765,241,False,2.9929079818725586,0.5732712083061536,0.07597568965516985,2.176511946519216,4.1309980122248335,1.3405109922091165,2.790487027168274,763.7763671875,1669.197998046875,10.404291165992618
394,mps,stone_canyon,150,-66471.6907941519,230,False,4.569185061057409,1.5304046277329326,0.06422194923662271,2.510712221463521,4.173708766301473,1.3397885505358378,2.8339202070236205,1195.949951171875,3518.627685546875,10.257028291001916
395,mps,single_training,150,-134767.7007769588,440,False,-1.9971571608819068,0.36537043034228794,0.14014086287701502,2.6215186603864034,4.157850281397502,1.338726313908895,2.8191239897410076,315.8913879394531,2852.6484375,10.229642500024056
396,mps,single_training,150,-93311.91470424397,305,False,1.5502596714704608,0.3200346227316114,0.08891858036008973,2.7076769200960795,4.1515737120310465,1.3377187021573385,2.813855005900065,692.0667114257812,3238.5146484375,10.338517791999038
397,mps,stone_canyon,150,-91367.98624619027,315,False,2.589074902602782,0.4942805404195982,0.08032605485913033,2.7826554584503174,4.160064220428467,1.3375140531857808,2.822550171216329,690.2393188476562,3605.807861328125,10.319010542007163
398,mps,stone_canyon,150,-169658.22806764324,582,False,-4.602117145657539,1.4250175706141939,0.0952357185841538,2.8776479625701903,4.169918101628621,1.3376458438237508,2.8322722562154135,1140.856201171875,7606.20166015625,10.299020875012502
399,mps,single_training,150,-114538.24468354607,378,False,-0.9194618575538819,0.078872123225388,0.09180215194821358,2.3162197240193687,4.154851392110189,1.3372795073191326,2.8175718800226845,275.47943115234375,1830.62841796875,10.23456733400235
400,mps,stone_canyon,150,-150105.92775198387,522,False,-3.0806911325454713,0.6664518315996975,0.0690678740448008,2.3971806144714356,4.145608398119609,1.3374208188056946,2.808187584877014,817.150634765625,2864.44482421875,10.284684584010392
401,mps,single_training,150,-166113.31264351125,543,False,-4.370156090011199,1.6062307356200958,0.09175634861302873,2.5239754486083985,4.117279540697734,1.3370127447446187,2.7802667951583864,784.18017578125,2493.522705078125,10.633887208998203
402,mps,single_training,4,16.83483475241348,0,True,7.25736927986145,3.330107629299164,0.011577232042327523,1.7843164503574371,4.220407485961914,1.3739067018032074,2.8465007543563843,21.90055274963379,98.79727172851562,0.3193540420033969
403,mps,stone_canyon,150,-108097.9023485588,371,False,0.7012760288268328,0.054115774693588414,0.05546953757603963,2.115177790323893,4.100267027219137,1.3361294770240784,2.764137546221415,175.9677276611328,1008.0059204101562,10.189652666973416
404,mps,single_training,8,-33.04734787655971,0,True,8.832579672336578,3.353917509317398,0.025140522280707955,1.8926578611135483,4.15121454000473,1.3753716200590134,2.775843024253845,43.341583251953125,678.7539672851562,0.5577932499872986
405,mps,single_training,150,-106571.55356187723,355,False,0.526132042199218,0.061363871325261055,0.06582553293555975,2.219657702445984,4.054083957672119,1.335825244585673,2.718258697191874,274.01336669921875,1013.2765502929688,10.205295334017137
406,mps,stone_canyon,150,-114439.87657848597,394,False,1.192273228963216,0.38970025424535076,0.06045618526637554,2.032965146700541,4.035731088320414,1.3355165886878968,2.700214508374532,736.1753540039062,2036.1231689453125,10.314439542009495
407,mps,single_training,150,-132464.26484794344,434,False,-1.6596802137543758,0.2989073312595671,0.07821846637874842,2.352922971248627,4.058510866165161,1.3356848359107971,2.7228260103861492,218.40521240234375,944.8788452148438,10.211252249981044
408,mps,stone_canyon,150,-64543.75655798717,222,False,4.065599170227846,1.353965635223673,0.037550405009339254,1.88295467376709,4.034566268920899,1.3362115828196208,2.6983546845118203,989.1471557617188,3732.179931640625,11.20881354197627
409,mps,single_training,150,-100250.46019832137,327,False,0.8107946397783234,0.13920955793443682,0.07396353164377312,2.363480441570282,3.9803465588887534,1.3373086007436117,2.643037962913513,397.4645080566406,1213.8021240234375,10.5304622919939
410,mps,single_training,150,-98581.43098209993,325,False,0.7932076983929922,0.0928989555839659,0.06784008669977387,2.2516217549641926,3.951745130221049,1.338090976079305,2.613654177983602,329.7777404785156,2000.7786865234375,10.321488999994472
411,mps,single_training,150,-107356.53326913103,357,False,-0.22698811414341133,0.03736118956075188,0.08596716092589,2.3541633303960166,3.9621291065216067,1.3393906871477763,2.622738396326701,59.36875534057617,916.765625,10.187236916011898
412,mps,stone_canyon,150,-98348.58958457368,341,False,0.6468748014016698,0.18397424122133088,0.05948716851106534,2.329942613442739,3.995073544184367,1.3390889676411946,2.655984590848287,138.22337341308594,857.2974243164062,10.18268287499086
413,mps,single_training,150,-106297.99418614201,350,False,-0.5881426419597119,0.04057965504863053,0.08314193296711891,2.1257089416186017,4.0722108014424645,1.3385314750671387,2.7336793343226113,145.5375213623047,482.4256286621094,10.209768584027188
414,mps,single_training,15,-195.60136184551433,0,True,7.839150238037109,3.3714734077453614,0.004883201932534576,1.7584921757380167,4.22188040415446,1.3767651081085206,2.845115311940511,77.80943298339844,1076.850341796875,1.0462125419871882
415,mps,stone_canyon,38,-7009.836538424082,24,True,8.212969968193455,3.9753017896100094,0.010322464482956812,3.430474356601113,4.189574869055497,1.379097348765323,2.810477514016001,186.46066284179688,1599.529052734375,2.587566958012758
416,mps,single_training,150,-97766.1383032496,319,False,-0.22918209279576937,0.08376514783560803,0.07910689088515938,2.990489446322123,4.035873069763183,1.3369543886184692,2.698918697039286,177.11004638671875,3477.701904296875,10.164991958998144
417,mps,stone_canyon,150,-123613.0943830581,423,False,-1.8360091766466697,0.3106427569678393,0.07898786288220436,3.704887981414795,3.9683505551020306,1.3358835760752361,2.6324669774373373,660.7091064453125,4711.23046875,10.197570457996335
418,mps,single_training,150,-118037.12890579368,387,False,-2.201512622435888,0.4292758808812747,0.09437322671835621,3.4328808053334554,3.9179182132085164,1.3351210832595826,2.582797133127848,820.3672485351562,5141.54248046875,10.154441624996252
419,mps,single_training,150,-104221.12700817049,338,False,-0.6977916048715512,0.04676638484015712,0.06941582789023718,3.931195651690165,3.9378421688079834,1.335357484817505,2.6024846903483074,216.0895233154297,4645.73095703125,10.2189349590044
420,mps,stone_canyon,150,-109072.07247768177,375,False,-0.5184192289908727,0.17174466552154627,0.055633812975138426,3.507431985537211,4.012125625610351,1.3338259156545003,2.6782997131347654,364.260498046875,3338.325927734375,10.212870540999575
421,mps,single_training,7,-24.95681491152638,0,True,6.0621514320373535,2.7697811467306956,0.005681156579937253,2.4435077735355923,4.099077020372663,1.3734285831451416,2.725648437227522,38.66796875,1290.646484375,0.5288173749868292
422,mps,stone_canyon,150,-84178.2723680881,291,False,2.408507697780927,0.5366543479178654,0.05136085808898012,2.503133602142334,4.150641775131225,1.3321839499473571,2.8184578371047975,519.7384643554688,2060.85400390625,10.190739250014303
423,mps,single_training,150,-134228.97361856312,436,False,-2.8546828085680804,0.5878209296351997,0.08149070459107557,2.3063937775293986,4.096006514231364,1.3319646628697712,2.7640418418248496,664.8170776367188,3281.525634765625,10.250358292018063
424,mps,stone_canyon,150,-103058.7637639252,361,False,0.42790288254618647,0.16255041987461177,0.08463951056202253,2.164661734898885,3.9380997800827027,1.3310327736536662,2.6070670143763226,116.32860565185547,2589.154296875,10.193955624999944
425,mps,stone_canyon,150,-128673.78572352871,442,False,-1.252373012409856,0.17628896743726122,0.09874892463286718,2.420176597436269,3.792375710805257,1.3307100240389507,2.4616656827926637,268.4178161621094,2856.14697265625,10.215726332971826
426,mps,single_training,150,-90166.33016481479,297,False,1.0741772672099372,0.12433697367071242,0.07757730260491372,2.981260201136271,3.685189822514852,1.330348772207896,2.3548410367965698,429.8873596191406,3769.408935546875,10.762207458988996
427,mps,single_training,150,-108332.65947905648,360,False,-0.1803985879321893,0.11578660839780544,0.06999994302168489,2.767413821220398,3.6304927412668864,1.329274022579193,2.3012187163035076,244.4317169189453,3043.927001953125,10.920684541983064
428,mps,stone_canyon,150,-99626.83304169927,343,False,0.5619152295961976,0.12881097827317717,0.04817922617929677,2.8508418512344362,3.66308464050293,1.3287327559789022,2.3343518781661987,82.11563110351562,2254.259033203125,10.419076374993892
429,mps,single_training,150,-103631.24815610965,343,False,-0.216144894665728,0.06882828887512044,0.07029612332582474,2.5874457629521688,3.7389733012517294,1.3282579016685485,2.4107154035568237,82.23509979248047,2406.8828125,10.220599749998655
430,mps,stone_canyon,150,-134265.7808867268,465,False,-1.329675200652952,0.28806446319076107,0.08179504359451432,2.5824027633666993,3.865328210194906,1.327505488395691,2.5378227186203004,169.92227172851562,2120.097900390625,10.234851417015307
431,mps,stone_canyon,150,-68244.41882296292,236,False,3.5876988753055534,1.069804463798646,0.06069723723766705,1.890169932047526,4.023036974271139,1.3273622028032939,2.6956747849782308,929.6654052734375,2712.77880859375,10.283834208006738
432,mps,stone_canyon,150,-114338.24556100552,398,False,-0.6398251152038574,0.10969434806781161,0.07856674787743638,2.195256595611572,4.082610452969869,1.3265354760487875,2.756074997584025,320.4122009277344,1018.0877685546875,10.287666999996873
433,mps,stone_canyon,150,-117655.4929288041,403,False,-0.36164679152270157,0.0742268838033821,0.09615016947500407,2.499152617454529,4.135709063212077,1.3248262008031209,2.8108828528722127,125.41954803466797,1035.7747802734375,10.377222333016107
434,mps,stone_canyon,150,-118487.91593532822,406,False,-0.45401543876777095,0.0628732949211629,0.08232777615465844,2.291599649588267,4.128329189618428,1.3215712340672812,2.8067579650878907,56.517704010009766,2062.498046875,10.23647158301901
435,mps,single_training,18,-180.06648153312074,0,True,7.608980496724446,3.24618927637736,0.0044585998402908444,1.9645630253685846,4.240820222430759,1.3736869162983365,2.8671333260006375,96.53079223632812,1883.5716552734375,1.2442156670149416
436,mps,stone_canyon,150,-116186.37117171318,399,False,0.3861828631038467,0.10587749258476833,0.09355837829876691,2.5458856868743895,4.122010334332784,1.316748952070872,2.805261392593384,262.6222839355469,1391.10302734375,10.173297333996743
437,mps,single_training,150,-114502.59847971862,372,False,-0.6657245693107446,0.12354137154199028,0.09730830668626975,2.323182580471039,4.114099507331848,1.3157884907722472,2.798311020533244,82.86182403564453,2301.6484375,10.199639875005232
438,mps,stone_canyon,150,-116347.20399893058,401,False,0.20609448758264381,0.09109340402958575,0.07852704883009816,2.2067051362991332,4.113274641036988,1.3144778283437093,2.7987967999776204,199.47315979003906,1694.5511474609375,10.200371125014499
439,mps,single_training,150,-101994.89716245704,339,False,0.06278062037813167,0.0615762194778775,0.06654253737380107,2.2032371306419374,4.109384220441182,1.3129038079579671,2.796480410893758,144.40086364746094,614.3624267578125,10.41790279102861
440,mps,stone_canyon,150,-114967.49977993761,396,False,0.05465087699393431,0.05090433085206314,0.05853574371275803,2.0430238302548727,4.037536772092183,1.3123554213841757,2.725181345939636,92.97713470458984,688.0404052734375,10.232505041989498
441,mps,single_training,150,-111414.17916116686,361,False,-0.2076551561554273,0.07322447625308996,0.06203125562829276,2.1207957808176676,3.960085064570109,1.3117459559440612,2.648339107831319,154.8263397216797,860.7128295898438,10.231551875011064
442,mps,single_training,150,-141953.05567826424,466,False,-3.127378052075704,0.8221086040414715,0.07839114082977176,2.547852187156677,3.877046961784363,1.3139177187283835,2.5631292215983073,750.5430297851562,2957.065673828125,10.258753833011724
443,mps,single_training,150,-121933.55397139095,399,False,-1.3131339666992425,0.2242353855894665,0.07631435786684354,2.3429380106925963,3.83595205783844,1.3143673690160116,2.521584677696228,220.83045959472656,1572.4793701171875,10.360442917008186
444,mps,single_training,150,-123923.07043383083,407,False,-1.1645497275485346,0.2462387589535016,0.09516335022946198,2.573523246447245,3.842891370455424,1.3151072827974954,2.5277840884526572,120.8067626953125,3155.311767578125,10.310061291995225
445,mps,single_training,150,-90357.5158215431,297,False,1.3519238242258629,0.1618252334983117,0.07598703068991502,2.372811662356059,3.897625659306844,1.3151686994234721,2.582456965446472,291.5906982421875,3564.318115234375,10.979315500007942
446,mps,stone_canyon,150,-89225.8973941523,307,False,2.2888623342414696,0.3851155073484794,0.058486341796815396,2.32741916179657,3.9650605487823487,1.316591510772705,2.648469026883443,543.84619140625,3152.95654296875,10.512654208025197
447,mps,stone_canyon,48,-8749.293921311073,31,True,8.380795389413834,4.290676889320214,0.01866896339925006,2.9777131974697113,4.194772144158681,1.3774634078145027,2.8173087586959205,250.31813049316406,3999.411376953125,3.3232386669842526
448,mps,single_training,150,-131276.50660474095,439,False,-2.2596923809451983,0.5060762846567275,0.061530123924215634,2.208638083934784,4.109483861923218,1.3203819910685222,2.7891018613179526,603.9789428710938,2831.110595703125,10.219289166998351
449,mps,single_training,150,-117186.52821859479,384,False,-0.39693128045337894,0.3665202763050176,0.08456520671956241,2.4912155373891194,4.090212888717652,1.321355848312378,2.768857021331787,402.56524658203125,2975.97900390625,10.20442966700648
450,mps,single_training,150,-93620.95966795066,308,False,1.0463019230837622,0.08188447017453958,0.0677056206855923,2.1653117950757346,4.082963860829671,1.3223445391654969,2.7606193367640177,281.38592529296875,1949.481201171875,10.18860558301094
451,mps,single_training,150,-116524.62172996555,381,False,-0.879927078311642,0.1461134511878481,0.07613314056769013,2.379017136891683,4.08552848815918,1.3238654438654582,2.76166303952535,123.30986785888672,1450.229248046875,10.458182000002125
452,mps,stone_canyon,150,-117977.80158925787,403,False,-0.5329553002584726,0.04587541533041076,0.05382184062153101,2.3249301528930664,4.124819127718608,1.3252552421887716,2.7995639069875082,152.29360961914062,3252.322265625,10.341183040989563
453,mps,single_training,150,-100040.48543836601,325,False,0.6812480877621905,0.20024647328428122,0.07482319074682892,2.3233251508076984,4.107688056627909,1.3261653129259745,2.7815227460861207,493.4530944824219,2378.654541015625,10.322831458994187
454,mps,stone_canyon,150,-117721.98141785803,404,False,-0.07901352159678936,0.1821080284408284,0.06022255538652341,2.320410974025726,4.074300249417623,1.3279419183731078,2.7463583278656007,306.2927551269531,1132.60009765625,10.261812250013463
455,mps,single_training,150,-147179.3610219433,475,False,-4.005090104416013,1.2827102980496905,0.06724027389039595,2.1609606289863588,4.0577060413360595,1.330791248480479,2.726914798418681,920.4862060546875,2883.68896484375,10.38009195800987
456,mps,stone_canyon,74,-12310.108451789914,43,True,9.239873531702402,5.392965679233138,0.03491513697883567,2.949978754327104,4.125037115973395,1.377047598361969,2.7479895288879805,548.5547485351562,3266.999267578125,5.060315125010675
457,mps,single_training,150,-97103.3707618098,320,False,0.5100103420158848,0.06318067866262254,0.09128987960517407,2.704214007059733,3.8525996176401773,1.331917527516683,2.520682085355123,287.0504150390625,2240.615966796875,10.233756666973932
458,mps,stone_canyon,5,-1298.8084313725876,5,True,6.046849250793457,2.881954288482666,0.043782802671194075,3.4217785835266112,3.9738207340240477,1.3724747180938721,2.6013460636138914,26.49139976501465,473.7281188964844,0.379825209005503
459,mps,single_training,150,-96456.31612100494,319,False,0.027688629139835635,0.040477374091157495,0.07962890754143397,2.669576664765676,3.706136827468872,1.3317811028162638,2.3743557214736937,98.07208251953125,3088.29833984375,10.226912125013769
460,mps,single_training,150,-95791.97691830872,311,False,0.07217250369489193,0.06759942118313726,0.07157761424779892,2.79352737903595,3.7354748487472533,1.3320635064442952,2.4034113359451292,178.55836486816406,2645.602783203125,10.24436179100303
461,mps,single_training,150,-183477.03125961506,603,False,-7.5930809556444485,4.417768385151819,0.07587097479651371,2.5315059121449788,3.816923230489095,1.3316933465003968,2.485229876836141,2333.866943359375,5608.8125,10.558490208000876
462,mps,single_training,150,-90730.41696944446,296,False,0.7903484517832597,0.06162434665525022,0.07455594790478548,2.591278397242228,3.898716239929199,1.3319793470700583,2.5667368952433267,212.29483032226562,3470.12939453125,10.525125040992862
463,mps,single_training,150,-159679.6210604694,525,False,-5.628587671220303,2.1469922586968946,0.08278167226351797,2.132735820611318,3.9928058783213296,1.331606470743815,2.6611994059880573,1596.773193359375,4651.40478515625,11.025373875017976
464,mps,single_training,150,-115682.91345013503,381,False,-1.2302472544135525,0.15379617689072234,0.08384492389392108,2.2211054086685182,4.0625945647557575,1.3312508368492126,2.731343738238017,220.53370666503906,1003.2322387695312,10.500106166990008
465,mps,stone_canyon,150,-111518.29292325185,382,False,-0.12637853338072697,0.16248759780550093,0.06184428944718093,2.2459327944119774,4.112503094673157,1.330334255695343,2.7821688350041707,277.5962219238281,976.0645751953125,10.272070374980103
466,mps,single_training,150,-123088.59933964135,404,False,-1.535007559179018,0.18398139894869625,0.11008411891448001,2.5358508944511415,4.049970946311951,1.3278070187568665,2.722163923581441,299.8829650878906,2521.670654296875,10.201964750012849
467,mps,single_training,150,-141959.59544854696,459,False,-2.8240126034617425,0.5143333804165013,0.09741210814565421,2.6507966272036234,4.004978601137797,1.3247170797983805,2.6802615133921304,693.6065673828125,2377.1357421875,10.222651374991983
468,mps,stone_canyon,150,-148593.33247434805,509,False,-1.952737905178219,0.5097246367309587,0.07302969962668916,3.0828469610214233,4.0388863722483315,1.3202206150690714,2.718665763537089,234.10986328125,2603.613525390625,10.200196791993221
469,mps,single_training,150,-125042.35084971177,407,False,-0.5552057644740368,0.24513080447273333,0.09264485487559189,2.6935562761624654,3.975930191675822,1.3155229274431866,2.66040727297465,207.3646240234375,2898.1044921875,10.18959170798189
470,mps,single_training,150,-108198.96222079845,354,False,1.4313633401443562,0.5062437286287119,0.08196793728508055,2.9363264417648316,4.0106659523646035,1.312115214665731,2.6985507345199586,889.7886962890625,2548.86767578125,10.296847999998135
471,mps,stone_canyon,150,-108101.27372072099,373,False,1.933772383245329,0.3299813269927351,0.0528222114375482,2.513992617925008,4.078414028485616,1.3100854126612345,2.768328612645467,666.0020751953125,3026.3505859375,10.196524458006024
472,mps,stone_canyon,150,-118972.47260984332,410,False,0.8218408524120847,0.10824619020667645,0.054684139396995304,2.3704716992378234,4.077260557810465,1.309366001288096,2.767894563674927,270.6614685058594,966.5067138671875,10.197158458002377
473,mps,stone_canyon,150,-132741.18693658127,455,False,-0.41581078878293437,0.09110401719160412,0.06362683872381845,1.901568067073822,4.03329464117686,1.3100137623151142,2.723280881245931,86.22665405273438,895.2294921875,10.187004834006075
474,mps,single_training,150,-153148.28435330075,511,False,-2.9346683686971664,0.6703882624565934,0.07923164109388987,2.0122244397799176,3.980118818283081,1.3112479360898335,2.6688708702723187,823.1630249023438,5900.904296875,10.199747250007931
475,mps,single_training,150,-129541.10890545973,421,False,-0.5983324413498242,0.18692782222933602,0.08801445215940476,2.3071284166971844,3.9204667743047077,1.3111452484130859,2.6093215131759644,177.99339294433594,2422.979248046875,10.230809749977197
476,mps,single_training,150,-77339.13291959032,253,False,3.756992822488149,1.0720866195360819,0.06359788838773967,2.124786499341329,3.89121967792511,1.3111602409680685,2.5800594329833983,1311.28125,3018.142578125,10.344316290982533
477,mps,stone_canyon,150,-122762.19300834154,421,False,-0.2098276323142151,0.0550576365831436,0.05841405795266231,2.3917482535044354,3.833021024068197,1.3120819743474323,2.520939064025879,145.77127075195312,2001.1278076171875,10.214185083983466
478,mps,stone_canyon,150,-113385.0630456872,389,False,1.0185085948265624,0.1888330482201971,0.05089181138202548,2.0688034454981485,3.8489220333099365,1.3129789566993713,2.535943077405294,374.3657531738281,1336.661376953125,10.436161708988948
479,mps,stone_canyon,150,-128539.08841107278,443,False,-0.45379861469690996,0.0749377066658053,0.058307306207716465,1.8319852177302043,3.880335022608439,1.3146064734458924,2.5657285483678183,153.8525390625,920.21533203125,10.746771624981193
480,mps,stone_canyon,150,-102869.21778698101,358,False,1.413201080110545,0.2670553545184202,0.052697178161082166,2.085537306467692,3.9487789630889893,1.315857949256897,2.6329210392634073,313.9212341308594,1084.0657958984375,10.503878040995914
481,mps,stone_canyon,150,-55549.545662527686,195,False,5.282314288578927,2.1526151777747753,0.057711725112361216,2.6861511421203614,4.028845351537068,1.3183051331837972,2.710540221532186,1292.37255859375,3483.06396484375,10.28342795901699
482,mps,single_training,150,-168002.56119148326,544,False,-4.722217850113909,1.7124775371239958,0.1023739919749399,2.3174104674657188,3.997200977007548,1.3203343868255615,2.6768665901819864,826.4640502929688,5167.87109375,10.21109433399397
483,mps,single_training,5,-5.353785291368439,0,True,7.539732933044434,3.395599603652954,0.0020723351277410983,1.539014458656311,4.119803810119629,1.3728436708450318,2.7469600200653077,26.03091049194336,128.4965057373047,0.3837885830143932
484,mps,single_training,150,-129702.9497443694,422,False,-2.2483984822034837,0.3929952785434822,0.13696572883985936,2.487491641839345,3.962179935773214,1.3226631021499633,2.639516839981079,649.1865844726562,1807.0482177734375,10.243530708015896
485,mps,stone_canyon,150,-80705.04340682119,282,False,2.2105652107050022,0.6609953041758551,0.06837475024008502,2.6537350972493488,4.042109818458557,1.323694569269816,2.7184152523676555,338.4851989746094,2462.22265625,10.32313050000812
486,mps,stone_canyon,150,-148949.11906659213,512,False,-3.2314638713995616,0.8264146581633637,0.09394175748496006,2.687229792277018,4.034136414527893,1.3242817536989848,2.709854664802551,1073.9068603515625,5863.212890625,10.279594584018923
487,mps,single_training,150,-133477.67489850454,439,False,-2.8556235386803746,0.6144214369377005,0.10278358946631973,2.203532888094584,3.970382841428121,1.3250468977292378,2.645335954030355,847.4130249023438,2706.072021484375,10.200270250003086
488,mps,stone_canyon,150,-97692.33379832238,336,False,1.212827421830346,0.19661877374735923,0.07133869341341778,2.039708166917165,4.011147518157959,1.3245936473210653,2.686553875605265,216.43850708007812,1939.2689208984375,10.22999420799897
489,mps,stone_canyon,150,-60961.425615216445,205,False,4.288515520654618,1.3735219192506822,0.032910849639835454,2.101905752023061,4.014483763376872,1.324650642077128,2.6898331308364867,1010.7614135742188,5264.42529296875,10.305556917010108
490,mps,single_training,150,-143910.57920532709,467,False,-3.388600465816756,0.7778135955296844,0.07874423704420527,2.051031463940938,3.923208518028259,1.324809761842092,2.598398747444153,746.5670166015625,2977.893310546875,10.258131500013405
491,mps,single_training,150,-127801.5715387636,422,False,-2.0519117050097946,0.4032607620930033,0.07273446530724566,2.1971409424146016,3.8727534723281862,1.3247191778818765,2.54803430557251,614.1255493164062,1628.9532470703125,10.255559625016758
492,mps,single_training,150,-109537.21617236208,368,False,-0.6527382485941052,0.15690487224234403,0.07131487070893248,2.379773127237956,3.834692910512288,1.3246779878934225,2.5100149234135944,415.9638977050781,3040.7197265625,10.200377625005785
493,mps,single_training,150,-118202.44547869117,384,False,-0.9170487606028715,0.11483780288884494,0.08678847360114257,2.475420355796814,3.8230920521418255,1.3242755357424418,2.498816515604655,190.52072143554688,468.1487121582031,10.182021374988835
494,mps,stone_canyon,150,-102884.80113854675,354,False,1.3627289671171456,0.19763261336268745,0.05375055910398563,2.2976027059555055,3.7714468224843345,1.3243894688288371,2.4470573616027833,373.7921142578125,1203.720947265625,10.177925291995052
495,mps,stone_canyon,150,-53459.37719422402,183,False,4.879497087399165,1.83038470879818,0.04282986741513014,2.65096066792806,3.8098472054799397,1.3252429405848185,2.4846042585372925,1074.14111328125,2882.403076171875,10.19601225000224
496,mps,stone_canyon,150,-108115.5035291579,376,False,1.3361892921601732,0.19437497957084512,0.06539487309753894,2.218546724319458,3.817755880355835,1.3263953773180643,2.491360502243042,481.77947998046875,2765.471923828125,10.188098209007876
497,mps,stone_canyon,3,24.565100702312275,0,True,6.704407374064128,2.9476094245910645,0.02563556966682275,2.937858978907267,3.97245192527771,1.3717788457870483,2.6006731192270913,16.017288208007812,62.92363739013672,0.2478536250127945
498,mps,single_training,150,-116169.09992883202,386,False,-0.1818728818061451,0.09217671658853457,0.07140863032390674,2.033006888230642,3.9033269373575847,1.3282574399312337,2.575069487889608,123.1785888671875,643.4864501953125,10.470965000014985
499,mps,stone_canyon,150,-114804.95589780422,395,False,0.6224248212575912,0.10118363405182511,0.0516458384009699,1.907479031085968,3.928407726287842,1.3290285483996074,2.5993791739145915,291.5365905761719,1725.604736328125,10.597150917019462
500,mps,stone_canyon,150,-66368.27948293193,231,False,4.630551042159398,1.6958147801831365,0.034917177241295574,2.2144680571556092,3.992415870030721,1.3294462529818216,2.6629696146647137,1341.951416015625,5901.8583984375,10.364501208008733
501,mps,stone_canyon,150,-108175.04132197789,373,False,1.2712142308677237,0.2437367033915992,0.0593641388323158,2.0290732153256736,3.9324505949020385,1.329602258205414,2.6028483311335244,560.6884155273438,3966.354248046875,10.27708200001507
502,mps,stone_canyon,150,-109863.55446835849,378,False,0.5358305617049336,0.09032639818707443,0.053131612769017615,1.8621886014938354,3.90674289226532,1.3295079112052917,2.577234985033671,202.1185760498047,2179.5244140625,10.220113999996101
503,mps,single_training,150,-90957.8184413355,300,False,0.9066956399862344,0.09916178028859388,0.05537686110163728,1.9072983781496684,3.8789621686935423,1.329573351542155,2.5493888235092164,137.22499084472656,509.09661865234375,10.306383457995253
504,mps,single_training,150,-126439.43809172585,411,False,-2.099755901321769,0.38063199025150124,0.07840703851853807,2.206246701081594,3.8270163758595785,1.3298119028409323,2.497204464276632,478.4795227050781,1049.9427490234375,10.29081608299748
505,mps,single_training,150,-113472.47953912671,375,False,-1.2984377513825893,0.2088443734908166,0.07299243288735549,2.3753748734792075,3.782672244707743,1.3296500873565673,2.4530221541722614,406.97259521484375,1137.5709228515625,10.278902582998853
506,mps,stone_canyon,150,-64362.64540780163,222,False,2.5173416765530905,0.909766220493087,0.04104011328270038,2.47462051709493,3.71761417388916,1.3293764440218607,2.388237729072571,364.1434631347656,1320.9656982421875,10.28352729199105
507,mps,single_training,150,-148469.08805411338,490,False,-3.439514769713084,1.0364222076286873,0.06870919849102695,2.263050819238027,3.612878470420837,1.3290184648831684,2.2838599983851116,819.1536254882812,4836.4794921875,10.675560667004902
508,mps,stone_canyon,150,-125848.2493470001,436,False,-1.0084617617260665,0.21106005555572968,0.061932810849199695,2.466858193874359,3.5578673203786213,1.3289186263084412,2.2289486916859946,104.26412200927734,1978.386962890625,10.383486917009577
509,mps,stone_canyon,150,-146210.9574045738,509,False,-2.7865919691324232,0.6445068310170124,0.056817604166766005,2.3974947182337445,3.5523290570576984,1.3282518037160238,2.224077261288961,640.8351440429688,1783.294189453125,10.399369791994104
510,mps,single_training,150,-105305.17596955076,349,False,-0.130369311645627,0.07378036417925614,0.07438552158574263,2.7250583378473916,3.5840920193990073,1.3270281521479288,2.2570638704299926,169.66525268554688,4077.7001953125,10.306061916984618
511,mps,single_training,150,-110181.53531405432,366,False,-0.3673586290081342,0.17118424742987068,0.06469294217725595,2.1766051856676736,3.6445535151163737,1.3265423170725505,2.3180112059911093,220.74537658691406,2041.4793701171875,10.312208916002419
512,mps,stone_canyon,150,-108555.92225600088,376,False,0.4529371136675278,0.1135997880694534,0.06195062585795919,2.4642624179522197,3.6956145588556923,1.3264201132456461,2.369194444020589,235.59507751464844,1016.6748046875,10.282522958994377
513,mps,stone_canyon,150,-102270.17222531467,353,False,0.7533274680127701,0.122447901282297,0.04805449732579291,1.8006428265571595,3.776464660962423,1.326208783785502,2.450255881945292,126.65811920166016,470.1689147949219,10.321958042011829
514,mps,stone_canyon,150,-85082.95454418189,296,False,2.3312051429351173,0.42140201350906864,0.05755497861343126,2.1385428222020466,3.8381212441126507,1.3261731227238973,2.511948113441467,678.6126708984375,2249.292724609375,10.518567333987448
515,mps,stone_canyon,4,-1350.2470491630813,5,True,5.848744750022888,2.332638680934906,0.004813392763026059,3.158848285675049,4.0397056341171265,1.3672357499599457,2.672469973564148,20.447904586791992,263.1428527832031,0.32743745800689794
516,mps,stone_canyon,150,-135272.74531977405,463,False,-2.3061808454990387,0.39535979783628133,0.06410967456176878,2.556893608570099,3.9266546614964803,1.3269115742047628,2.599743064244588,576.3031005859375,5013.39404296875,10.388421750016278
517,mps,single_training,150,-113770.92498927379,373,False,-1.4299661010255416,0.19776858999762528,0.06541242661885917,2.928174063364665,3.839337590535482,1.326485566298167,2.512852023442586,498.3641052246094,4005.461669921875,10.53859791602008
518,mps,stone_canyon,150,-86187.01983982042,300,False,1.5515320650239786,0.4011593497766201,0.05073571961993972,3.0312344058354697,3.9256363201141355,1.3261848855018616,2.5994514401753746,252.46815490722656,2642.505859375,10.326251791993855
519,mps,single_training,150,-96908.76631952307,312,False,-0.14154924013962347,0.03406005579175144,0.07718087181759377,3.2152235603332517,3.8256323464711506,1.3255110700925192,2.500121267636617,107.81169128417969,3469.165283203125,10.222424833016703
520,mps,stone_canyon,150,-126942.83795097991,437,False,-1.7902114705493053,0.24951069647814925,0.056388921892891325,2.6917424106597903,3.928688089052836,1.3256194814046225,2.6030685822168986,399.7451171875,5400.36572265625,10.226988250011345
521,mps,stone_canyon,150,-149780.9816753503,512,False,-3.9429132651289303,1.066105375906142,0.062097414210438726,2.2683832160631816,3.907888971964518,1.3245083435376486,2.583380635579427,1105.9293212890625,4949.59619140625,10.252295709011378
522,mps,single_training,4,13.577678328008712,0,True,6.387095272541046,2.481687843799591,0.03362592961639166,1.402720183134079,4.00817084312439,1.3677023649215698,2.6404685974121094,20.98517417907715,143.5797119140625,0.31506466699647717
523,mps,stone_canyon,150,-120852.07509549437,416,False,-1.0615727614114683,0.16931615522679447,0.08089895084500313,1.6903002055486043,3.813972585995992,1.3231223734219868,2.490850213368734,410.3657531738281,2383.03759765625,10.24082270800136
524,mps,stone_canyon,13,-3497.102653193599,13,True,5.9496157719538765,2.5368820153749905,0.053059922674527533,2.7248991636129527,3.906271035854633,1.3706019108112042,2.535669125043429,62.4667854309082,651.0450439453125,0.8998888329952024
525,mps,single_training,150,-112268.19850533747,376,False,-0.9187518686056138,0.11419354053648324,0.0995622689028581,2.35572589079539,3.7577360502878823,1.320792911052704,2.4369431352615356,297.28753662109375,2578.3212890625,10.164409082994098
526,mps,stone_canyon,150,-89945.23612518478,309,False,1.5824516103044153,0.2733585616374815,0.06609739710887273,2.3353925093015033,3.652067540486654,1.3200713435808817,2.3319961992899576,517.6298217773438,3338.9013671875,10.437827083020238
527,mps,stone_canyon,150,-128522.65380119476,442,False,-1.0919078850249448,0.23455861097124095,0.06276136487722397,2.4379145805040996,3.6010379362106324,1.3188300840059917,2.2822078450520835,111.89844512939453,2615.153564453125,10.22742720899987
528,mps,stone_canyon,150,-77421.45657751037,267,False,2.1214402994637687,0.44003973934547197,0.04526906009142598,2.606392111778259,3.6269835472106933,1.3180083481470743,2.308975191116333,472.81427001953125,3468.534912109375,10.172838875005255
529,mps,single_training,150,-132180.56239667576,437,False,-2.44085114253064,0.5602116564676544,0.07133703095217546,2.1513949267069497,3.687502435048421,1.3173566484451293,2.370145796140035,649.85302734375,1801.2410888671875,10.263817666011164
530,mps,single_training,150,-106119.53408709157,351,False,-0.43917527827123803,0.09870502319246346,0.0811364404267321,2.413175494670868,3.743042238553365,1.3160397187868753,2.4270025316874184,108.1304931640625,1353.01025390625,10.166974416992161
531,mps,single_training,150,-90440.835220373,296,False,1.0905019458880028,0.13078624336762004,0.08622041195165366,2.1640210247039793,3.8029404004414875,1.3142277495066326,2.488712649345398,405.6540832519531,1968.091796875,10.197137667011702
532,mps,stone_canyon,150,-106685.79126010391,373,False,0.3280990758072585,0.0703640147525319,0.07393102545989677,2.0069069385528566,3.8119695806503295,1.3131511004765828,2.4988184801737465,70.65972900390625,828.6817626953125,10.220633249991806
533,mps,stone_canyon,150,-120657.55488153678,416,False,-0.6962568486576978,0.09679144673404162,0.07074356751671682,1.8960756476720173,3.8497274192174276,1.3126582900683086,2.537069131533305,67.23490142822266,2065.3662109375,10.35003245898406
534,mps,single_training,150,-120386.58376326255,394,False,-0.9313894395530223,0.35599319564306064,0.09791393774639194,2.118300024668376,3.8249176200230917,1.3115182336171467,2.513399395942688,167.09759521484375,1124.34228515625,10.98248829098884
535,mps,stone_canyon,150,-110907.91853695361,385,False,0.36411912308384975,0.10053739051809922,0.08399021408598249,2.233991106351217,3.8455093081792198,1.3116068601608277,2.5339024448394776,254.68434143066406,842.1066284179688,10.407323040999472
536,mps,single_training,7,-27.45228020079562,0,True,4.788911308561053,2.176754900387355,0.0019656726757862736,1.3785953521728516,3.9690369197300504,1.3619342361177718,2.60710266658238,37.54469680786133,191.90292358398438,0.5088932910002768
537,mps,single_training,150,-69543.72870544881,229,False,2.370512408862511,0.5054543170898129,0.05999324889232715,1.6932806531588236,3.862954710324605,1.3132454911867777,2.549709226290385,422.7716064453125,2102.2607421875,10.23216375001357
538,mps,stone_canyon,150,-88588.48777748567,306,False,1.5908512672269717,0.2901013461363565,0.0567692385140496,2.0092420752843223,3.882619579633077,1.3137000648180643,2.56891952196757,290.2685852050781,600.5604248046875,10.425942375004524
539,mps,stone_canyon,150,-85750.33267775724,294,False,1.548597390986979,0.25847392585060636,0.051592314569279554,1.9961257592837016,3.8976443497339885,1.3130233009656271,2.5846210432052614,352.1789855957031,3705.518798828125,10.349092834017938
540,mps,stone_canyon,3,34.21407971284985,0,True,5.715686639149983,1.8966058095296223,0.002980284315223495,3.091052452723185,3.95993439356486,1.355550765991211,2.604383627573649,16.252805709838867,54.11844253540039,0.2560965419979766
541,mps,single_training,150,-132559.12488398212,430,False,-3.6285165743281445,0.8495532611108502,0.07751378920550148,2.3347546354929607,3.7914246209462483,1.3116629695892335,2.479761659304301,850.11083984375,2170.209716796875,10.204072958003962
542,mps,single_training,6,44.74001124781523,0,True,4.272590796152751,1.8333719968795776,0.007965123979374766,1.3101218342781067,3.951271136601766,1.3526201248168945,2.5986509323120117,32.5883674621582,127.01715850830078,0.42050875001586974
543,mps,stone_canyon,150,-123780.51922209335,429,False,-1.8857783821225167,0.29194409799335214,0.05983201778183381,2.1198658100763956,3.8661842012405394,1.3087720322608947,2.557412165006002,417.1241149902344,1641.035400390625,10.170809792005457
544,mps,stone_canyon,150,-135736.03974758578,472,False,-2.65198360281686,0.5900486371053072,0.06312662836164236,2.2018982712427775,3.8687757142384847,1.3065669560432434,2.562208754221598,638.4113159179688,1569.351318359375,10.26550199999474
545,mps,stone_canyon,150,-109019.97863850258,377,False,-0.45722154033680756,0.17080867368752176,0.06601745969305436,2.286546375751495,3.871848128636678,1.3037578217188517,2.568090295791626,142.67286682128906,1207.901611328125,10.179282666998915
546,mps,stone_canyon,150,-97230.92396408424,334,False,-0.319207688147823,0.2689525952962504,0.05240772699316343,2.1230435784657797,3.8875720850626627,1.3023809933662414,2.5851911020278933,411.38543701171875,1435.995849609375,10.213601625000592
547,mps,stone_canyon,150,-120637.14469463273,415,False,-1.8994663471976916,0.31947101150328916,0.05495189320296049,2.258603708744049,3.89151482741038,1.29981281042099,2.591702003479004,567.54296875,3575.750244140625,10.43549020800856
548,mps,single_training,17,-185.63019450962645,0,True,5.623663173002355,1.8802667575723984,0.018372912398156,1.3078907447702743,3.912777241538553,1.333454314400168,2.5793229271383846,97.04113006591797,1628.40576171875,1.2159779999929015
549,mps,stone_canyon,150,-118926.08285617069,413,False,-0.6152164843678475,0.36471110353013503,0.05865923333292206,1.9422116899490356,3.84941534837087,1.2942699988683064,2.5551453495025633,262.1496887207031,1890.1072998046875,10.174514333019033
550,mps,stone_canyon,150,-109871.13073064473,381,False,0.09376388399551312,0.13102056935980727,0.05499145068849127,2.057238093217214,3.840773787498474,1.2924450818697613,2.54832871278127,165.79637145996094,1610.9688720703125,10.242249208007706
551,mps,single_training,150,-127319.0826371762,424,False,-1.707805990477403,0.5467334740779674,0.0954305195932587,2.0942490045229594,3.665572174390157,1.2910653360684712,2.3745068407058714,207.74880981445312,1011.961669921875,10.81508141598897
552,mps,stone_canyon,150,-107210.70287654344,372,False,0.057299935224776465,0.09284750200280181,0.05741544008255005,2.181184927622477,3.818663994471232,1.2905261381467183,2.528137853940328,132.76588439941406,778.5120239257812,10.793042290984886
553,mps,single_training,6,-15.27841200295937,0,True,5.864882310231526,1.1764284173647563,0.010260826287170252,1.4692508180936177,3.837589422861735,1.305452585220337,2.532136837641398,33.82607650756836,130.25302124023438,0.4628288749954663
554,mps,stone_canyon,150,-113648.94095018502,395,False,-0.13285330514113108,0.19605644370081185,0.05985544625669718,2.348586481412252,3.7923422416051227,1.2891213154792787,2.503220926920573,264.42169189453125,1940.8546142578125,10.368220250005834
555,mps,stone_canyon,150,-139171.1020372218,476,False,-1.734493583192428,0.5543008008696415,0.05832350447773933,1.8597159083684285,3.808883868853251,1.287424570719401,2.5214592949549357,208.69833374023438,779.6961059570312,11.312332542001968
556,mps,single_training,150,-102286.25937676156,340,False,-0.13512863558096191,0.09849934294235443,0.06504106723393004,2.0823635466893515,3.8179510752360026,1.287894500096639,2.530056562423706,118.0903091430664,1078.0745849609375,10.513660374999745
557,mps,stone_canyon,43,-12946.723491244777,46,True,6.59845825406008,3.095213739677917,0.01840288399956947,2.57312586418418,3.9640710132066594,1.3430628249811571,2.6210081632747206,225.7606964111328,1735.4761962890625,2.997948500007624
558,mps,single_training,12,-65.3103015670925,0,True,5.156410773595174,1.6862959663073223,0.009910031377027432,1.5181103845437367,3.9204060633977256,1.3150374094645183,2.605368693669637,69.03330993652344,1051.2738037109375,0.829407999990508
559,mps,single_training,150,-109008.17401726701,359,False,-0.6892651869729162,0.15517106317580784,0.06879741339633862,1.9990544851620993,3.815219004948934,1.2866648825009663,2.5285541232426962,106.68182373046875,495.4830627441406,10.208968083024956
560,mps,single_training,150,-141288.02697628885,472,False,-3.3814594105382763,0.8847692392489019,0.08999051621804635,1.9450227411588032,3.7601095040639243,1.2877621897061666,2.4723473246892294,759.9244384765625,5365.09716796875,10.445333416981157
561,mps,stone_canyon,150,-160912.01306828624,553,False,-4.095365101272861,1.4409488038160878,0.06338925315688054,1.8757435512542724,3.832101461092631,1.2887200204531353,2.543381446202596,831.252197265625,2798.697998046875,10.495513417001348
562,mps,stone_canyon,150,-87432.2543738855,303,False,1.3824625744918981,0.5009069962853876,0.04976460633178552,2.330073428153992,3.9247455247243246,1.289700647989909,2.6350448910395303,196.15415954589844,521.4054565429688,10.779068040981656
563,mps,single_training,150,-121625.59970395708,399,False,-2.146278506877522,0.529938364890016,0.06712541267586251,1.7785117467244467,3.7980931345621745,1.2941492629051208,2.5039438660939535,800.416748046875,2863.1552734375,10.546493624977302
564,mps,single_training,27,-245.60171763459732,0,True,6.658557282553779,3.158065098303336,0.007320243382343539,1.3482573473895039,3.9693538347880044,1.3374745625036735,2.6318792590388544,155.2522735595703,1913.1329345703125,1.8953296249965206
565,mps,single_training,8,-3.7362842663831444,0,True,4.200349897146225,1.5739633440971375,0.006499523064121604,1.34327432513237,3.9227104783058167,1.309311494231224,2.613398998975754,45.704463958740234,190.86317443847656,0.5566457500099204
566,mps,single_training,6,4.679764660577888,0,True,4.630914131800334,1.3825297156969707,0.005579191337650021,1.4152452150980632,3.8833704392115274,1.3006345828374226,2.582735856374105,34.06393814086914,196.1560821533203,0.41495199999189936
567,mps,stone_canyon,150,-80254.01251106677,275,False,2.1945010962399345,0.4261129496853452,0.04471444511786103,2.5389605657259624,3.8992372703552247,1.3058790071805317,2.593358260790507,546.0202026367188,3992.5263671875,10.169324292015517
568,mps,single_training,150,-108227.55741594412,359,False,-0.4390550979723533,0.0717630681116134,0.08119523595397671,2.2850872707366943,3.6518481890360515,1.3078706351915996,2.3439775609970095,65.42141723632812,3209.6796875,10.291924707998987
569,mps,single_training,4,13.606212049884565,0,True,3.7323033213615417,1.1271899044513702,0.0060531694907695055,1.3799196779727936,3.85305392742157,1.2916066646575928,2.561447262763977,21.91664695739746,193.14651489257812,0.3171164579980541
570,mps,single_training,10,-84.31834950903415,0,True,4.488539433479309,1.3828064501285553,0.00680920141749084,1.37699556350708,3.862874460220337,1.305099320411682,2.557775092124939,55.51291275024414,348.73406982421875,0.6789631250139792
571,mps,stone_canyon,150,-123770.63416071485,423,False,-0.7381265305013707,0.21057093845161678,0.056278919155399,2.470835349559784,3.8643654282887776,1.309268761475881,2.5550966676076254,161.19537353515625,2955.729736328125,10.18971304097795
572,mps,stone_canyon,150,-153155.7222246424,525,False,-3.459731224104762,0.9364885355965331,0.06138065360176066,2.583641393184662,3.8539415963490806,1.3098434042930602,2.5440981928507487,817.6299438476562,4004.821044921875,10.49629520799499
573,mps,stone_canyon,150,-94214.18070865393,323,False,1.6333118748664857,0.3691692185068193,0.041044865548610684,2.5525651224454244,3.8883801730473837,1.3090892362594604,2.5792909383773805,572.907470703125,2971.2294921875,10.330612040997948
574,mps,single_training,150,-103220.3665040706,343,False,0.3856601613139113,0.6934192546086039,0.07989813725153605,2.4274692424138387,3.6120075114568073,1.3091170930862426,2.3028904231389364,760.9170532226562,2840.8369140625,10.280243458022596
575,mps,single_training,150,-94528.01546394441,311,False,0.4067750398255885,0.11382021352592044,0.06833787644281983,2.118173960049947,3.68830784479777,1.3095695932706197,2.378738252321879,204.09011840820312,1081.9783935546875,10.241301792004379
576,mps,stone_canyon,150,-108070.41796436551,370,False,0.234968800842762,0.24109150460921228,0.057374252602458,2.0056178108851115,3.790285768508911,1.3108242177963256,2.4794615443547565,317.32391357421875,1318.4600830078125,10.487538665998727
577,mps,stone_canyon,57,-11725.02626227681,40,True,7.461955024485002,4.031953361996433,0.025659932901984768,2.417552904078835,3.9476465175026343,1.3460288947088677,2.6016176207023753,358.545166015625,818.2965087890625,4.083065958024235
578,mps,single_training,24,-171.98979790358845,0,True,5.361599509914716,2.1033053596814475,0.020630683672303956,1.4799651900927226,3.892777234315872,1.3089163899421692,2.5838608543078103,136.0158233642578,972.7091674804688,1.6515325419895817
579,mps,single_training,150,-128945.95658749042,424,False,-2.7549142930905024,0.7262427761937337,0.07157634160170953,2.053952431678772,3.7729306268692016,1.3123689023653666,2.4605617189407347,643.3154907226562,2520.021240234375,10.409448333986802
580,mps,single_training,5,8.364644252775662,0,True,3.2207189559936524,0.5863320410251618,0.01608954705297947,1.8302160024642944,3.808259868621826,1.2553596258163453,2.552900218963623,22.89948081970215,305.4364929199219,0.36939258300117217
581,mps,single_training,150,-112281.01198478007,367,False,-2.0401918148001035,0.37532585811025154,0.05936209471896291,1.9864686234792073,3.7546594937642417,1.3110742561022442,2.443585236867269,544.24462890625,1139.7508544921875,10.343365000007907
582,mps,stone_canyon,150,-76977.88515990623,263,False,1.0086157888670761,0.477410047382776,0.041079295066495734,2.161996387640635,3.7455103826522826,1.3094118022918702,2.436098585128784,176.7382049560547,2481.789794921875,10.467135625018273
583,mps,stone_canyon,150,-89199.8745409053,308,False,0.029893994530042014,0.19665925768218584,0.05018644320468108,2.3786830433209736,3.761652809778849,1.3085971061388653,2.4530557012557983,186.22613525390625,3379.41015625,10.391284249984892
584,mps,single_training,9,-47.026519868616234,0,True,2.491758015420702,0.577806681394577,0.005266151287489467,1.540311826599969,3.8473515245649548,1.244069774945577,2.603281709882948,40.81903839111328,90.32935333251953,0.6743972080003005
585,mps,stone_canyon,150,-120167.08648902133,417,False,-1.8694772981107235,0.40198218542383984,0.057570744333788754,1.8695552357037861,3.75418123404185,1.3028444457054138,2.451336784362793,496.21600341796875,1381.3922119140625,10.243666791997384
586,mps,single_training,22,-211.72729097698303,0,True,4.430496806448156,1.1537499962882563,0.004695301737890325,1.4220301021229138,3.8544409600171177,1.2444693121043118,2.6099716533314097,116.69346618652344,1547.82763671875,1.5177442920103204
587,mps,stone_canyon,150,-156187.10270411492,541,False,-4.304253009011348,1.5596933143664986,0.08040507730407019,2.3344971148173013,3.765491167704264,1.2943867699305216,2.471104393005371,1025.804931640625,2974.396484375,10.255382790986914
588,mps,single_training,18,-141.4956079168785,0,True,2.976070980230967,0.7964999369449086,0.0049602185738169486,1.4210536744859483,3.818020462989807,1.2156753076447382,2.6023451619678073,87.15540313720703,272.3012390136719,1.2544857089815196
589,mps,single_training,5,11.686814435933861,0,True,0.8076552033424378,0.09767189472913743,0.0023192848544567823,1.4070073366165161,3.735276222229004,1.1450442552566529,2.590231943130493,11.82065486907959,106.78524780273438,0.34884133300511166
590,mps,stone_canyon,150,-148571.76366086488,513,False,-3.267973306924105,1.2993710219987467,0.0821701580254982,2.0972598958015443,3.693448093732198,1.2740807525316875,2.419367348353068,696.8143310546875,1305.2337646484375,10.234637582994765
591,mps,stone_canyon,150,-77125.03140851675,266,False,1.8507333403329054,0.634909523370831,0.05105253455617154,1.9894300357500712,3.7218865982691445,1.2654651594161987,2.456421457926432,753.2228393554688,1871.6697998046875,10.595842874987284
592,mps,stone_canyon,150,-104044.37938013146,361,False,0.015131795853376389,0.3525266187365988,0.07032055156538262,2.15602899312973,3.704408852259318,1.2606806445121765,2.4437281958262127,252.7740936279297,2393.843505859375,10.437793707998935
593,mps,single_training,11,-34.88820553596662,0,True,0.9973892190239646,0.126804847354916,0.002839813389900056,1.4475513154810125,3.664734710346569,1.1024707555770874,2.5622639656066895,25.357637405395508,176.5297088623047,0.8074341250176076
594,mps,stone_canyon,150,-147939.63456280893,509,False,-3.580864101840804,1.3292619595370787,0.06915830235773077,2.1638000345230104,3.6675898043314614,1.2459412256876627,2.4216485754648844,934.9828491210938,5933.81640625,10.224652416975005
595,mps,single_training,150,-140841.56858514898,461,False,-3.3734005468462906,1.4930249763815906,0.11900619701792796,2.291633515357971,3.506209756533305,1.2414180032412212,2.264791754881541,713.4170532226562,1917.60009765625,10.396852125006262
596,mps,single_training,10,-82.55864061901026,0,True,0.9474971696734429,0.0758382753119804,0.0034407104132696984,1.4812321066856384,3.602787494659424,1.072368359565735,2.530419135093689,18.230268478393555,266.98577880859375,0.71372212501592
597,mps,single_training,150,-152416.02120058806,500,False,-4.001548211301366,1.9195793943338988,0.08348025637834022,2.0641670219103494,3.571501390139262,1.2507489808400472,2.320752414067586,702.0701293945312,1911.520263671875,10.286235582985682
598,mps,single_training,6,53.663904266345206,0,True,0.6660898278156916,0.05644267269720634,0.004368022549897432,1.4561593135197957,3.6101800998051963,1.0787676175435383,2.5314125219980874,10.6154146194458,71.685302734375,0.43162841600133106
599,mps,single_training,150,-97239.66627839446,324,False,0.694037899201115,0.6331931446834157,0.06426134241744876,2.037728748321533,3.5940316406885784,1.2576022020975748,2.3364294576644897,720.791259765625,2325.7724609375,10.247448541980702
600,mps,single_training,150,-122607.79869090473,404,False,-1.0772468343873818,0.8498931311618071,0.0658331545535475,2.1023405504226687,3.6048051993052166,1.2631186159451802,2.3416865730285643,435.53607177734375,3568.543701171875,10.330786875012564
601,mps,single_training,150,-124294.10662278315,407,False,-1.8349239706123868,0.4276332170895451,0.05902693790073196,1.8440259544054667,3.631346001625061,1.2695623707771302,2.3617836380004884,404.4574279785156,860.6077880859375,10.495030499994755
602,mps,single_training,4,29.196813807031614,0,True,1.403814509510994,0.12339835986495018,0.012661044485867023,1.650614470243454,3.557803153991699,1.1142277121543884,2.4435755014419556,10.115065574645996,95.0948257446289,0.32275612498051487
603,mps,stone_canyon,150,-73878.23297997951,255,False,2.3380131727363915,0.6618165168436281,0.0459752578039964,2.4039670793215433,3.632369063695272,1.282159108320872,2.3502099561691283,757.0768432617188,1596.592529296875,10.35587770899292
604,mps,stone_canyon,150,-124981.05805807169,430,False,-1.2614817464724184,0.3095817862965608,0.0549892175445954,2.239027888774872,3.5705193996429445,1.2883509723345439,2.2821684082349143,341.6555480957031,2061.1943359375,10.882988666009624
605,mps,stone_canyon,34,-8500.17885140002,29,True,4.794947980957873,2.2064423089956535,0.016239370630287072,2.5825255968991447,3.739246796159183,1.2746027112007141,2.464644088464625,156.1716766357422,2676.55126953125,2.420708999998169
606,mps,stone_canyon,3,30.403520151849825,0,True,1.6070648034413655,0.25508247315883636,0.011868293086687723,3.24625571568807,3.5660998026529946,1.1510101954142253,2.4150895277659097,9.983670234680176,109.45826721191406,0.22450958398985676
607,mps,stone_canyon,150,-20869.7801484666,73,False,6.892913629810016,4.184416318953348,0.033882374614477156,3.8126283725102743,3.707675617535909,1.296185971101125,2.411489645640055,2028.665283203125,12623.5498046875,10.313635082973633
608,mps,stone_canyon,41,-10250.98017390477,37,True,5.594076190779849,2.796061930939464,0.015351240091570994,3.0729683259638345,3.748081864380255,1.298800651620074,2.4492812098526375,195.19078063964844,2695.04296875,2.8243059999949764
609,mps,stone_canyon,150,-137568.1954488219,473,False,-2.0767672368573646,0.5722697103952548,0.06863903926064571,2.4976947395006817,3.601695934931437,1.3018840980529784,2.299811828136444,453.7224426269531,1029.1024169921875,10.225111625011778
610,mps,single_training,150,-91336.55080551746,302,False,0.8820670918778827,0.23729321058842287,0.05935591945424676,1.8567436051368713,3.6828872934977213,1.3014909029006958,2.381396408081055,431.26275634765625,1114.2083740234375,10.261837750003906
611,mps,stone_canyon,150,-94600.00537866555,329,False,1.0509075963078067,0.31303471784916004,0.051171090928837655,1.5657710909843445,3.572173840204875,1.3032212249437969,2.2689526096979775,394.6873474121094,1385.8138427734375,10.285103875008645
612,mps,stone_canyon,150,-92755.76004103474,320,False,0.7582848190205792,0.1807238920995951,0.04802222140754263,2.0513382681210834,3.5835669453938803,1.306298881371816,2.2772680632273357,228.75564575195312,787.6770629882812,10.48394454200752
613,mps,single_training,7,-35.78206547329695,0,True,3.3411292859486172,0.5756817545209613,0.00590920661176954,1.6385609763009208,3.6232519490378245,1.2015634604862757,2.4216884885515486,29.308807373046875,485.4063415527344,0.5253407919954043
614,mps,stone_canyon,44,-7809.942897301662,28,True,6.319846131584861,3.328201225027442,0.010353506002998487,2.502748502926393,3.7899553775787354,1.3217344365336678,2.4682209600101817,213.00729370117188,733.4849853515625,3.0048959999985527
615,mps,stone_canyon,150,-128556.34053036464,443,False,-2.2699509581923483,0.5591271234024316,0.053980031109725435,2.028638022740682,3.5858426316579184,1.3130019903182983,2.272840645313263,690.98388671875,2853.67236328125,10.218166165985167
616,mps,stone_canyon,150,-46258.833759893925,159,False,4.170825391213099,1.8924243274404822,0.04627746424948176,2.316131899356842,3.663996645609538,1.3151486841837565,2.348847964604696,1025.8692626953125,2854.553466796875,10.344324250007048
617,mps,stone_canyon,150,-135127.94908910038,466,False,-3.0103095348676048,0.8261030612885952,0.06180434554504852,1.6869873750209807,3.5566854588190715,1.3167783792813619,2.239907081127167,798.4149780273438,2406.108154296875,10.327573957998538
618,mps,stone_canyon,150,-61746.03723724174,214,False,2.214344479739666,0.8165395729321365,0.040261538707030316,2.166773957411448,3.6809021695454915,1.3194825037320455,2.36141966342926,290.0837097167969,770.914794921875,10.33316774998093
619,mps,stone_canyon,150,-119457.24764505487,418,False,-2.3309793394804,0.5541697961526613,0.05530277918092907,1.7803551904360453,3.5654645570119223,1.3202500621477762,2.245214508374532,787.5432739257812,2509.973876953125,10.525780750002014
620,mps,stone_canyon,33,-6707.26957413452,24,True,5.74301925572482,2.5887413602886777,0.009396852614978949,2.457307887799812,3.7996985912323,1.3221678191965276,2.4775307539737588,135.97457885742188,3374.35986328125,2.310156375024235
621,mps,stone_canyon,150,-130547.42128563007,456,False,-2.748356255491575,0.8253428810920256,0.06591117519574861,2.1140364146232606,3.5165103340148924,1.3222428711255392,2.194267461299896,859.0137939453125,2002.2718505859375,10.300143749976996
622,mps,single_training,150,-107240.37360232332,355,False,-2.610288017218312,0.8535114842350595,0.0736119148756067,2.2626191743214927,3.6922834014892576,1.3236599787076315,2.3686234172185263,1122.9576416015625,4015.70654296875,10.307056750025367
623,mps,stone_canyon,48,-3825.1549582492567,12,True,6.518097947041194,3.3152806827177606,0.017451646369105827,3.5950404653946557,3.780063529809316,1.3398428906997044,2.440220629175504,224.75721740722656,4485.73681640625,3.268954625003971
624,mps,stone_canyon,150,-105892.72906055565,366,False,-1.51681247338575,0.343029474230491,0.0605026317636172,2.3555668075879415,3.5616015418370566,1.3219311992327372,2.239670352935791,645.8350219726562,2243.0283203125,10.220496416004607
625,mps,stone_canyon,150,-120978.37847715386,422,False,-1.944918096686403,0.5526600647137578,0.05880641803766291,2.602266455491384,3.5928771750132245,1.3213130291303,2.271564157009125,800.1329345703125,2099.466552734375,10.35920795801212
626,mps,stone_canyon,150,-90143.98832810299,310,False,0.13923069044947625,0.11703675499069505,0.04355865831797322,1.6151084470748902,3.5816769123077394,1.3183532524108887,2.2633236678441366,76.50033569335938,1990.0516357421875,10.702073541993741
627,mps,stone_canyon,54,-7460.509039196286,25,True,7.045103746431845,3.471022759322767,0.016817869221860612,3.8212118678622775,3.8133951778765076,1.3450386568352029,2.4683565033806696,256.6704406738281,2260.0390625,3.7639728329959325
628,mps,stone_canyon,34,-5522.591465182352,19,True,5.4297371471629425,2.5839351731188156,0.015469579409588785,2.7423553712227764,3.79625306409948,1.3281644898302414,2.468088570763083,140.3328094482422,1098.3641357421875,2.3310271249793004
629,mps,stone_canyon,53,-11098.782771394224,39,True,6.510937923530363,3.2140016344920643,0.01784597948755858,2.1781942372052177,3.7979022961742475,1.3430343933825224,2.454867907290189,234.75125122070312,2961.82373046875,3.601360417000251
630,mps,stone_canyon,150,-78278.71876589935,272,False,2.0853205209287506,0.5818398174888959,0.04697791750232379,1.9469934829076132,3.6040471410751342,1.3066532651583354,2.2973938751220704,557.65625,2040.6112060546875,10.233801249996759
631,mps,single_training,150,-103499.51960944885,347,False,-0.300048725605011,0.4173076775421699,0.07439753621816635,2.325567684173584,3.6226250648498537,1.3057182010014852,2.3169068543116254,407.72747802734375,3369.427734375,10.463160707993666
632,mps,stone_canyon,150,-84073.84378199939,294,False,1.0569127613306046,0.16142111964252157,0.04696474264686306,2.297232129573822,3.5725950558980304,1.3053987876574198,2.2671962666511534,332.0810241699219,2793.29443359375,10.377911957999459
633,mps,stone_canyon,74,-17545.803795087097,62,True,6.521780780038318,3.4565275497734547,0.027785279448269994,2.039152503013611,3.771575367128527,1.3493732584489357,2.4222021102905273,397.3556823730469,2789.658203125,5.0913307089940645
634,mps,single_training,150,-119293.86043929511,397,False,-1.7015729970733324,0.5145987084880956,0.07903671249747277,2.3024269715944925,3.6495703570048015,1.3099807071685792,2.3395896530151368,199.14776611328125,504.6432800292969,10.27185008401284
635,mps,stone_canyon,150,-135143.9073373608,464,False,-2.1781718039015927,0.6526680405530109,0.06371363433077931,2.1783341097831728,3.531344798405965,1.3112782963116965,2.2200665005048115,304.5428466796875,1736.3311767578125,10.349795333022485
636,mps,stone_canyon,150,-126113.30684364848,435,False,-1.4574007449299098,0.39546882472557626,0.058709793258458376,1.9965155800183614,3.524482498168945,1.311758997440338,2.212723507086436,160.67831420898438,1488.9808349609375,10.305968875007238
637,mps,stone_canyon,3,32.4642649304996,0,True,3.8325730164845786,0.8161792357762655,0.008349135207633177,3.042124032974243,3.6691908836364746,1.2223412195841472,2.446849743525187,13.604817390441895,31.62822151184082,0.24619904198334552
638,mps,stone_canyon,150,-76044.53440104557,266,False,2.097896488904953,0.5008712133183144,0.039781233916680016,1.849062265555064,3.714587686856588,1.312922560373942,2.4016651264826456,719.6279296875,1605.1458740234375,10.239747042011004
639,mps,single_training,9,-120.63325090806003,0,True,3.638473722669813,1.017124056816101,0.007173955699221956,1.5727274947696261,3.7887471781836615,1.240977618429396,2.547769546508789,41.572669982910156,292.48394775390625,0.6347418749937788
640,mps,stone_canyon,150,-127702.43185248906,441,False,-2.264701787804564,0.4804725369298588,0.049447344231108824,1.8646485487620035,3.7475178305308026,1.3121208850542705,2.4353969510396323,479.5945739746094,4287.666015625,10.223765500006266
641,mps,stone_canyon,150,-142183.69036463814,487,False,-2.991856702764829,0.9475610599246042,0.06510507565612594,2.201850276788076,3.6877594566345215,1.309810787041982,2.377948676745097,408.8884582519531,3137.334716796875,10.487032542005181
642,mps,stone_canyon,150,-121326.22925002285,417,False,-1.3227806405125497,0.28054487875890627,0.061261892756447195,2.11228320757548,3.716010235150655,1.3091847014427185,2.4068255313237508,149.81741333007812,3055.40380859375,10.35330266598612
643,mps,single_training,150,-119658.51996365585,392,False,-2.225895945324252,0.4745218169311071,0.0911878329111884,2.155731802781423,3.692559723854065,1.3085124206542968,2.3840473016103108,344.4952392578125,864.884765625,10.295570290996693
644,mps,stone_canyon,150,-101909.17659472713,353,False,-0.7043610048356156,0.09657115027433671,0.05040277441963553,2.127102443377177,3.730372595787048,1.3076449139912922,2.422727689743042,218.3822784423828,815.0255126953125,10.216518333996646
645,mps,stone_canyon,41,-11823.967421253561,42,True,5.369674332258178,2.554139625735399,0.015533932212104157,2.2520917363283113,3.9130111845528206,1.3244334924511794,2.588577712454447,158.3543701171875,580.6029052734375,2.787671500002034
646,mps,stone_canyon,7,-1393.0758034604753,5,True,3.239806430680411,0.665959324155535,0.008462249567466123,3.4091643265315463,3.7137883731297086,1.196044955934797,2.5177434512547086,29.318452835083008,120.29145812988281,0.4923252919979859
647,mps,single_training,150,-98977.71417707701,327,False,0.0546726963420709,0.30481041089786837,0.07068275482704242,2.157140391667684,3.7153934256235757,1.2977892462412517,2.4176041825612384,408.6610107421875,1257.302490234375,10.20465604099445
648,mps,single_training,150,-91796.84426244098,305,False,0.20437893666327,0.10643690812328714,0.05340460260709127,2.404277329444885,3.671694490114848,1.2979852692286173,2.3737092304229734,146.9036407470703,3865.90185546875,10.518106875009835
649,mps,stone_canyon,150,-85209.16200010663,298,False,0.6909816900175065,0.11313097174247559,0.04858446530376871,2.4045858057339986,3.594432085355123,1.297884967327118,2.296547114054362,182.170654296875,2556.7568359375,10.980001999996603
650,mps,stone_canyon,150,-77447.0761825786,266,False,2.1911866445839405,0.5967423156937002,0.04994466052080194,2.298816603819529,3.6066789404551187,1.2969802769025167,2.309698657989502,710.9111938476562,3757.7275390625,10.422525250003673
651,mps,single_training,150,-103893.12830339099,348,False,-0.7747743124607951,0.1516680388252765,0.06603591251497468,2.0938749130566916,3.697933735847473,1.2969324851036073,2.401001254717509,90.65950775146484,1732.4560546875,10.416008375003003
652,mps,single_training,150,-102627.08209569396,335,False,-0.6817151549458503,0.35259267564106267,0.0582642398464183,2.010777844587962,3.7316562700271607,1.2975690960884094,2.4340871795018515,157.7476348876953,1633.9349365234375,10.313049499993213
653,mps,stone_canyon,150,-97140.21845034366,337,False,0.12560247393169752,0.18078895851422544,0.044270449988543986,1.9417753299077352,3.69209729830424,1.298664286136627,2.39343300819397,122.44779968261719,300.5693664550781,10.262401166983182
654,mps,stone_canyon,150,-138896.54930917092,477,False,-2.9533606540163357,0.8851569349799926,0.05627763533033431,2.1112110288937886,3.6800212240219117,1.3009538221359254,2.379067397117615,672.8570556640625,3192.67138671875,10.256067000009352
655,mps,single_training,150,-116422.53086580225,378,False,-2.145382815413177,0.500015366320434,0.05456575545171897,2.56678862174352,3.7072154728571576,1.3023439447085063,2.4048715305328368,377.4971923828125,5621.3740234375,10.25424066701089
656,mps,single_training,9,-3.279258955655777,0,True,3.3826435804367065,0.7003878586822085,0.008118258323520422,1.5643051730261908,3.7095193598005505,1.1888911724090576,2.520628187391493,38.68468475341797,823.5348510742188,0.6429270420048852
657,mps,stone_canyon,150,-46592.24899566958,155,False,3.8396862366919717,1.4415647843530557,0.029132683811088404,2.8982877079645792,3.813270171483358,1.303767855167389,2.5095023171106976,1068.6083984375,4888.966796875,10.221636833011871
658,mps,single_training,150,-108297.36787194146,357,False,-1.8254875846207141,0.3193931137537584,0.062419957978030044,1.932222105662028,3.6081306743621826,1.3064293996493022,2.3017012802759806,348.76495361328125,1198.4981689453125,10.343581708992133
659,mps,stone_canyon,150,-69369.82564162277,240,False,1.600844969979177,0.46153156647584787,0.04233065169925491,1.8179594214757284,3.677679781913757,1.3071882287661234,2.3704915618896485,283.8419189453125,1394.89501953125,10.374129500007257
660,mps,stone_canyon,150,-87627.7171262991,304,False,0.4380569251999259,0.17404556433151205,0.04411628386626641,1.6177128978570303,3.645818147659302,1.3060685427983603,2.3397496136029563,171.14793395996094,3385.991943359375,10.266669750009896
661,mps,stone_canyon,150,-93026.13731373873,321,False,-0.023235650627563397,0.17528562273838663,0.045311727381000914,1.6545036101341248,3.5936851183573406,1.305883473555247,2.2878016448020935,106.35955810546875,1394.910888671875,10.230163583997637
662,mps,stone_canyon,150,-74305.31307651143,258,False,0.8666880109533668,0.3487301998479719,0.04450837555651863,2.462907430330912,3.601468164126078,1.3078924322128296,2.293575733502706,112.27342224121094,744.9848022460938,10.249524624989135
663,mps,stone_canyon,43,-7513.535609853353,26,True,5.361338324325029,2.345709672154382,0.016188281848160332,3.2199096846026043,3.7218262428461117,1.3175604260245035,2.404265808504681,174.1261444091797,425.2116394042969,3.009377999987919
664,mps,single_training,150,-101749.15495866901,334,False,-1.8538104692101478,0.28682412709342314,0.058660513659318285,1.8577719831466675,3.611119345029195,1.3067874177296956,2.3043319161732994,510.6358337402344,1962.4549560546875,10.218735000002198
665,mps,stone_canyon,150,-115420.0717278942,401,False,-1.9691571813821793,0.38181748884419603,0.05118846330791712,2.0208141311009724,3.5042107121149697,1.304519120057424,2.1996915833155315,535.1922607421875,1223.81396484375,10.31701941700885
666,mps,stone_canyon,33,-11132.591766453836,40,True,4.758333390409296,1.7970229147961645,0.012017068396689314,2.7549172964963047,3.650909756169175,1.2974815224156235,2.3534282337535513,125.53874206542969,3057.650146484375,2.4690905419993214
667,mps,stone_canyon,150,-94384.31961909415,323,False,-1.0129213640186936,0.18514766412977526,0.044286443560073774,1.9862726799647012,3.465370675722758,1.3031573923428854,2.162213276227315,444.8475646972656,1257.213134765625,10.389500374993077
668,mps,stone_canyon,46,-6388.458654133312,22,True,5.0759466316389,2.4165966556124063,0.012841963006750397,3.4777588844299316,3.638952566229779,1.317154252010843,2.3217983090359233,194.58360290527344,2351.581298828125,3.1891332500090357
669,mps,stone_canyon,150,-61736.137263717144,215,False,2.117195036225021,0.5237054450791644,0.029882349961747726,1.7669459946950277,3.5755396699905395,1.297306130727132,2.2782335329055785,519.7426147460938,4517.14404296875,10.278601124999113
670,mps,single_training,150,-164633.83016979715,543,False,-5.683811973252644,3.161567219774952,0.08428829211741685,2.2355208365122476,3.549291467666626,1.2966095717748005,2.2526818958918255,1008.110107421875,3747.751953125,10.382929084007628
671,mps,stone_canyon,150,-82693.88275398932,286,False,0.3622341358289123,0.06955354103406232,0.04612424723183115,2.728476541042328,3.466049908002218,1.2930047265688578,2.1730451806386313,69.26696014404297,2611.754638671875,10.422932000015862
672,mps,single_training,7,-17.769185190250873,0,True,3.1133517026901245,0.7461514132363456,0.008611583550061499,2.4613923004695346,3.4399715832301547,1.1858803544725691,2.2540912287575856,31.528717041015625,413.78533935546875,0.5298535419860855
673,mps,single_training,4,27.640188301945017,0,True,2.078591078519821,0.6668225973844528,0.008161431644111872,2.3286624550819397,3.420290172100067,1.1749818921089172,2.24530827999115,17.643768310546875,254.6231231689453,0.28161687499959953
674,mps,stone_canyon,39,-5280.159339030497,19,True,4.644665953440544,2.1016627565408363,0.011508894618600607,4.000968214793083,3.596179094070043,1.3063419232001672,2.2898371647565794,168.79461669921875,840.4818725585938,2.653101459000027
675,mps,single_training,150,-98302.34766900328,324,False,-0.719451846369387,0.153001856631051,0.08262726601834099,2.2373198882738747,3.496864240964254,1.2804327670733133,2.216431476275126,88.34553527832031,379.4623718261719,10.24117337501957
676,mps,single_training,150,-87481.23600110738,286,False,0.37526893054445587,0.28705291657320536,0.067512164056922,2.0564041248957317,3.4882061672210694,1.2804380385080973,2.207768120765686,431.81439208984375,1299.84716796875,10.739956292003626
677,mps,stone_canyon,150,-107443.1591713059,371,False,-0.6858918033602337,0.2461011134975888,0.05054840683937073,1.8176189760367076,3.424177826245626,1.2821471079190572,2.1420307191212973,140.04534912109375,568.7415161132812,10.430621792009333
678,mps,single_training,150,-107081.84764623897,355,False,-1.1696485125025113,0.44768577214893107,0.06568311411266525,2.1036328728993734,3.447038100560506,1.2839313880602519,2.1631067196528115,137.00955200195312,3146.9697265625,10.333649875014089
679,mps,single_training,150,-88024.72034472608,290,False,-0.10489834732065598,0.08286491010678826,0.07171954690168302,2.241405005455017,3.484275641441345,1.2866990772883098,2.1975765657424926,126.74431610107422,1589.2392578125,10.484074417006923
680,mps,stone_canyon,150,-129289.81165079516,445,False,-2.7101042448480923,0.7876937406259943,0.06090645826111237,2.0195738077163696,3.4029649670918785,1.2885503069559734,2.114414660135905,610.4688110351562,2996.443603515625,10.409426707978128
681,mps,single_training,150,-109568.61421323748,358,False,-1.8026133151802546,0.38977220319061984,0.06245667476207018,1.8382839457194011,3.526851447423299,1.2889437747001649,2.237907676696777,399.8515625,1177.1453857421875,10.373796083993511
682,mps,single_training,6,-2.634735194503037,0,True,2.9572914640108743,0.7942281862099966,0.02070797048509121,1.5658119122187297,3.5613855520884194,1.1885205904642742,2.3728649616241455,27.249187469482422,218.6863555908203,0.44428024999797344
683,mps,single_training,4,18.523279832760544,0,True,2.495103657245636,0.6927482187747955,0.014687525341287255,1.6274029612541199,3.5398939847946167,1.173754632472992,2.3661393523216248,17.698806762695312,409.3765563964844,0.2801637499942444
684,mps,stone_canyon,150,-113899.59760763485,394,False,-1.5094233124796301,0.24653997083811494,0.050359520831455784,1.7388735294342041,3.391037901242574,1.292259972890218,2.098777924378713,328.240966796875,3798.658203125,10.218596959020942
685,mps,stone_canyon,38,-8572.377716039813,30,True,5.0443518914674454,1.9243188339628672,0.011927094224742368,2.6480109817103337,3.690776323017321,1.3038859963417053,2.3868903423610486,150.4625701904297,840.2669067382812,2.601379708008608
686,mps,single_training,150,-129515.42494416329,428,False,-3.2407040317108233,1.0427963732637,0.0810512284655124,1.8983884477615356,3.496559658050537,1.2899071447054544,2.206652518113454,724.0427856445312,3014.3876953125,10.248319000005722
687,mps,single_training,150,-130946.68917428303,431,False,-2.8235850041980544,0.9458447150957848,0.09276646464131773,1.9807853253682455,3.402429207166036,1.2889328996340434,2.113496298789978,557.7740478515625,1954.7962646484375,10.240551250026328
688,mps,stone_canyon,150,-138713.11932432704,478,False,-2.651184602652987,0.7550252503685927,0.06735459527000785,2.007576359907786,3.5241034348805744,1.2874596436818442,2.2366437896092735,546.048095703125,5737.32861328125,10.571300292009255
689,mps,single_training,9,0.7410101303235805,0,True,4.018500950601366,0.9559471474753486,0.0033386278276642165,1.5321386522716947,3.702009677886963,1.195060133934021,2.5069495836893716,41.86777114868164,1079.043212890625,0.6661823750182521
690,mps,stone_canyon,150,-108963.656802285,376,False,0.1343640026789702,0.38591960197005304,0.0655210416065529,2.1900209093093874,3.5338237206141154,1.284956378142039,2.248867335319519,418.9925231933594,2043.130126953125,10.408671499986667
691,mps,stone_canyon,150,-72485.4926904031,249,False,2.672889940428237,0.8294552710180869,0.046483521219342946,1.6943215493361155,3.600626859664917,1.2865123526255289,2.3141145078341165,747.8585815429688,2076.231689453125,10.394277542014606
692,mps,single_training,7,37.02946321846335,0,True,2.9188009330204556,0.856574935572488,0.0036249455463673386,1.403666274888175,3.7007350581032887,1.180583919797625,2.5201511723654613,32.11704635620117,529.6051635742188,0.5173512909968849
693,mps,stone_canyon,150,-117702.33032883464,406,False,-1.132878640302612,0.2903621186590897,0.05922873181446145,1.7986785499254863,3.3575102631251017,1.2872339948018392,2.0702762699127195,119.10073852539062,1272.3302001953125,10.274046166014159
694,mps,single_training,9,-12.241660252221457,0,True,3.2787451876534357,0.9142096307542589,0.005816410088704692,1.686218606101142,3.5949053234524198,1.1873324579662747,2.4075728787316217,41.472686767578125,232.16246032714844,0.6295766250113957
695,mps,single_training,5,8.209749562424655,0,True,2.650446963310242,0.6798044323921204,0.0063433988019824025,1.7220850467681885,3.5578375339508055,1.1554871559143067,2.402350330352783,21.789491653442383,291.0968017578125,0.3563761249824893
696,mps,stone_canyon,150,-56793.22226906178,197,False,2.8067365375347437,0.8254215359363297,0.038380626564224564,2.869014828999837,3.5731705474853515,1.288084994951884,2.285085553328196,602.1884155273438,2397.25439453125,10.201324541994836
697,mps,single_training,24,-201.59018559952094,0,True,4.0771869122982025,1.829547141989072,0.008979664630411813,1.5832088440656662,3.675739894310633,1.2529611537853877,2.422778765360514,116.06212615966797,750.822265625,1.6494577499979641
698,mps,single_training,150,-102643.13355376989,337,False,-1.029492858995994,0.18106978610206473,0.07204654345909754,1.9469148286183675,3.55524480342865,1.287477076848348,2.2677677218119303,141.16729736328125,618.640625,10.247377666993998
699,mps,stone_canyon,150,-92480.67552261477,317,False,-0.06622482128441334,0.10197036896193633,0.04614469471077124,1.673436143398285,3.4089064661661785,1.2861255717277527,2.1227808872858684,159.9682159423828,1637.1925048828125,10.305947041022591
700,mps,stone_canyon,150,-104051.78329340658,365,False,-0.6358827207858364,0.20154296841171648,0.04930731546133757,1.9189129249254862,3.5306129693984984,1.2872865708669026,2.24332639614741,235.5952606201172,1221.9813232421875,10.251032499974826
701,mps,single_training,150,-107560.77825265808,357,False,-1.4415380420411628,0.23771749949422277,0.06255522670224309,1.6926177326838177,3.5742827479044594,1.285661236445109,2.288621508280436,267.5751647949219,916.0126953125,10.479952541994862
702,mps,single_training,150,-98822.59845671758,329,False,-0.8386210801204046,0.1084081511414585,0.06504535848895708,1.9371422235171,3.565934952100118,1.2863922516504924,2.2795427004496256,193.32704162597656,1927.623291015625,10.534331792005105
703,mps,stone_canyon,150,-99973.0296034478,346,False,-0.3415303838995169,0.18220488795066447,0.047476056435455875,2.183848871390025,3.50282191435496,1.285628829797109,2.217193089326223,191.98377990722656,526.5308227539062,10.383295750012621
704,mps,stone_canyon,150,-61265.955836513334,211,False,2.285032683884104,0.560058407613542,0.037595581176380316,1.750974501768748,3.540555955568949,1.285041020711263,2.255514927705129,523.6468505859375,2014.9664306640625,10.461443125008373
705,mps,stone_canyon,150,-104873.47006830522,364,False,-0.5506223798667391,0.16855748473886858,0.040265415410200754,1.5516047648588815,3.521967198053996,1.2833878517150878,2.2385793495178223,200.97267150878906,2372.54638671875,10.369443624978885
706,mps,single_training,150,-129467.39026062217,424,False,-2.5992922738691173,0.7100213785741167,0.06524595481654008,1.7491958522796631,3.484677282969157,1.2812896823883058,2.2033876101175944,559.3807983398438,2725.362060546875,10.341874542005826
707,mps,stone_canyon,150,-95834.91151082299,332,False,0.5156396852286222,0.17891218914067045,0.049054332387944065,1.7259278726577758,3.4230641492207847,1.281547660032908,2.1415164852142334,151.92388916015625,575.2286987304688,10.274098666995997
708,mps,single_training,150,-105351.41799249216,350,False,-0.9275170317540566,0.14732626186004685,0.0624725941196084,1.783107302983602,3.5616714064280193,1.2803559652964274,2.281315442721049,276.8821716308594,747.1412353515625,10.351242000004277
709,mps,stone_canyon,150,-124405.08300852368,430,False,-1.5947987790654103,0.2990751648531295,0.049550770856440066,1.8200074211756387,3.4140529298782347,1.2751909883817036,2.138861938317617,339.91485595703125,1064.9365234375,10.410396291990764
710,mps,single_training,8,12.69297543608328,0,True,3.1908535063266754,0.9915027767419815,0.009938711882568896,1.8727169632911682,3.475898951292038,1.164487674832344,2.311411291360855,38.279052734375,649.8008422851562,0.5763061250036117
711,mps,single_training,19,-150.5411825105026,0,True,4.112707721559625,1.7271572288713957,0.009760704479719462,1.8655152195378353,3.5245282148060046,1.21710247115085,2.3074257373809814,96.31709289550781,1755.208251953125,1.3089007920061704
712,mps,stone_canyon,150,-126304.62012809217,438,False,-1.2585894417917978,0.27705363601616073,0.05600389515049756,2.278486952781677,3.3644280274709066,1.261532576084137,2.102895452976227,198.68765258789062,2541.702880859375,10.427763957995921
713,mps,stone_canyon,37,-5013.356158889467,18,True,5.966223916491947,2.6443506575919487,0.011257753782981151,2.536293248872499,3.6350535830935917,1.2916592939479932,2.343394292367471,166.25003051757812,463.6287841796875,2.5525273329985794
714,mps,stone_canyon,43,-8294.89735698901,28,True,5.5475843174512995,2.5447140786536906,0.008923860494220672,2.764617176943047,3.7094751679620077,1.300245066021764,2.409230104712553,179.73646545410156,775.4149169921875,3.010548583988566
715,mps,stone_canyon,150,-133568.5681556119,461,False,-1.774150888323784,0.43625888916130257,0.054144207785526914,2.0127183095614116,3.41895267645518,1.2436384383837382,2.1753142444292703,231.63015747070312,3074.628662109375,10.282912374997977
716,mps,single_training,150,-82420.63248499339,273,False,1.8389627868278573,0.7087491192241699,0.05981497996486723,1.7335255602995554,3.4610374307632448,1.2380489957332612,2.2229884338378905,969.6087036132812,2307.306640625,10.301237208012026
717,mps,single_training,150,-131486.95848577772,434,False,-1.9737197690208752,0.571314057398898,0.07273042088995377,1.826054793993632,3.3702321338653562,1.2344532485802968,2.135778881708781,234.8074493408203,2286.654541015625,10.220199874980608
718,mps,stone_canyon,150,-101595.41973811835,356,False,0.6739016480456728,0.3212343358771498,0.046776310090596476,1.7734159950415294,3.432517488797506,1.234452978372574,2.1980645068486533,540.1881713867188,1371.2813720703125,10.296667666989379
719,mps,stone_canyon,150,-13802.018344498694,45,False,7.78444122115771,5.022091560612123,0.02753471347813805,3.756260727246602,3.6556650908788044,1.2367125074068706,2.4189525842666626,2272.31591796875,12387.181640625,10.307728082989343
720,mps,single_training,150,-111807.72593744802,365,False,-1.029450707025826,0.31653875617480176,0.07183122891311844,1.9798667057355246,3.4907345596949257,1.2404110364119212,2.2503235212961834,124.09371948242188,1743.8179931640625,10.268953249993501
721,mps,single_training,150,-149034.88363676766,494,False,-3.7980398320158324,1.5043646093083467,0.06449906586358944,1.6830998690923056,3.4915215873718264,1.24624036749204,2.245281229019165,647.0455322265625,1727.11865234375,10.22234529198613
722,mps,single_training,9,-72.43357154168287,0,True,4.130299263530308,1.0184362133344014,0.012184930965304375,1.275535331832038,3.596743451224433,1.1675601270463731,2.42918332417806,42.759178161621094,461.05462646484375,0.6428567910043057
723,mps,stone_canyon,150,-71380.99378164095,249,False,2.8011780452231565,0.9745245756877557,0.04112367161239187,1.5717503956953685,3.526226833661397,1.2533068521817525,2.2729199918111167,1024.5264892578125,2336.440673828125,10.212723875010852
724,mps,stone_canyon,150,-85396.36225628135,297,False,1.1951461341169973,0.24649803635237125,0.04265177129457394,1.6101471928755442,3.4835419766108195,1.2569352714220683,2.226606695652008,415.4728698730469,1308.2900390625,10.268026832985925
725,mps,stone_canyon,36,-6946.397370322689,24,True,5.7277127537462444,2.027656595740053,0.014390861201617453,3.2296396758821277,3.7487370636728077,1.2803186509344313,2.468418412738376,148.20721435546875,1648.0439453125,2.4846351250016596
726,mps,single_training,150,-131985.8438366733,429,False,-2.6833903973052897,0.7825584478992581,0.06884404004861912,2.2327686587969464,3.331328043937683,1.2697434107462564,2.0615846268335978,532.6390380859375,1547.1370849609375,10.235733125009574
727,mps,single_training,4,8.317586378778088,0,True,4.189673572778702,0.7607718855142593,0.011025072308257222,1.3281687796115875,3.6282540559768677,1.136812150478363,2.49144184589386,18.037370681762695,54.26771545410156,0.30076416602241807
728,mps,single_training,150,-136734.282330004,448,False,-3.3395929120108487,1.1617137803975615,0.0654923202159504,1.8176060326894123,3.3640560324986777,1.2804679115613302,2.083588121732076,635.0650634765625,1586.7738037109375,10.207642249995843
729,mps,single_training,150,-135023.27297978775,449,False,-2.6660461950767784,1.0637042745149543,0.07847193457186222,1.9316614445050557,3.281522839864095,1.2856473541259765,1.9958754905064902,471.1766052246094,3135.683349609375,10.284483082999941
730,mps,single_training,150,-84624.67137765321,279,False,0.4766486178090175,0.12686862362689377,0.06053756820658843,1.65648734887441,3.5605479303995766,1.289390254020691,2.2711576859156293,291.102294921875,1344.28466796875,10.511523207998835
731,mps,stone_canyon,41,-13328.007151335947,48,True,4.815962387294304,2.059634133446507,0.027081206122913013,2.8492579925351027,3.738485272337751,1.3031644821166992,2.4353207960361387,152.7289276123047,998.9429931640625,2.8590056669781916
732,mps,single_training,9,2.826985297158089,0,True,3.2579883204566107,0.8430910772747464,0.023558887135651376,1.9748320314619277,3.5856446425120034,1.1838143799040053,2.401830275853475,39.78235626220703,126.57743835449219,0.626037207985064
733,mps,stone_canyon,150,-120160.05362040437,416,False,-1.2957382478564978,0.3388590767454055,0.06040824280430873,2.71067466100057,3.4428450155258177,1.3008742729822795,2.1419707584381102,231.9947052001953,2268.467529296875,10.25147108300007
734,mps,stone_canyon,150,-121766.03529001359,419,False,-1.996429487715165,0.4567078124079853,0.05435852936158578,2.7985697762171426,3.329198473294576,1.3033136924107869,2.0258847681681313,603.31201171875,6163.4541015625,11.084687499998836
735,mps,single_training,150,-113449.81023223497,375,False,-1.9425904636085034,0.5181996504937464,0.07447191386794051,3.9205059480667113,3.186120548248291,1.3043697881698608,1.8817507727940876,636.7793579101562,3692.3134765625,10.715469624992693
736,mps,single_training,150,-114753.34579621359,383,False,-1.8535607683906952,0.4090383396020237,0.059900688007473946,2.860373201370239,3.1675938399632773,1.3042315022150675,1.863362344900767,499.2728271484375,3601.3203125,10.447464583005058
737,mps,stone_canyon,150,-153729.57789154022,528,False,-3.7540035940955083,1.5821161227534564,0.05774750276779135,3.4297935088475544,3.3043170515696207,1.3054555225372315,1.9988615202903748,967.4216918945312,5199.63525390625,10.366116542019881
738,mps,single_training,150,-121386.28585186,403,False,-2.053936167185505,0.564525295713053,0.07748153804801404,3.3219025993347167,3.326944422721863,1.3058859896659851,2.0210584314664204,463.7430419921875,6587.03857421875,10.380559333018027
739,mps,stone_canyon,54,-15775.775724362686,56,True,5.419955079754193,2.7492833569456168,0.015416203403017588,2.83132016438025,3.723412368032667,1.3213378963647064,2.4020744650452226,223.78973388671875,870.7811279296875,3.7339372919814195
740,mps,single_training,150,-120006.63691614235,396,False,-1.96613600085179,0.5598441622569226,0.07522342928685248,2.1951776266098024,3.575974596341451,1.3057274770736695,2.2702471248308815,251.43441772460938,3873.018798828125,10.257346124999458
741,mps,stone_canyon,150,-71908.49513429747,251,False,2.213010686345709,0.5944873219775438,0.054699701508507136,2.5344666918118794,3.6757009681065878,1.3068341827392578,2.3688667821884155,575.6134033203125,3956.435546875,10.497360249981284
742,mps,stone_canyon,150,-105247.07293581081,367,False,-0.5778428150899708,0.19977576123271623,0.05123403256448607,1.982171686490377,3.670806180636088,1.3048809520403544,2.365925234158834,202.6363525390625,3112.2431640625,10.383687666995684
743,mps,stone_canyon,150,-120810.04279670172,419,False,-1.6674714808204831,0.3805452744046784,0.0662268308736384,2.1219391798973084,3.688096423149109,1.3056943066914877,2.3824021259943646,366.5310974121094,837.15576171875,10.280429625010584
744,mps,stone_canyon,150,-125150.56860056178,433,False,-1.3470101259400447,0.35831613904634046,0.06458862669145067,1.8950520364443462,3.680587100982666,1.3041259090105692,2.376461189587911,256.8200988769531,2148.602783203125,10.267662500002189
745,mps,single_training,150,-92523.00763102976,300,False,0.22606072997053464,0.14036578763994234,0.06304313709804167,2.0711215202013653,3.504657260576884,1.300964416662852,2.2036928367614745,264.199462890625,2004.4757080078125,10.24814525002148
746,mps,stone_canyon,150,-146924.5330898645,505,False,-2.3975680440012366,0.9852881297427977,0.07171859476715327,2.485135198434194,3.688277703921,1.3012310854593914,2.3870466152826944,298.82470703125,2748.419921875,10.41760724998312
747,mps,single_training,150,-102845.83526367412,341,False,-0.5440929553719859,0.1256615774084154,0.06963283651818832,2.4598346900939942,3.4536261415481566,1.3000469787915547,2.1535791603724164,84.24136352539062,2507.03759765625,10.39107154199155
748,mps,stone_canyon,82,-14554.596402812109,49,True,7.137909151431991,4.446891001743696,0.015322889916871378,2.9089058753920765,3.8764440228299395,1.3409332109660637,2.5355108104101043,584.391357421875,2492.611572265625,5.634088624996366
749,mps,single_training,12,-54.7965338413039,0,True,4.34971151749293,1.0231187740961711,0.0061317487464596825,1.2548694908618927,3.7267888387044272,1.231557160615921,2.4952316681543985,52.844852447509766,1018.544677734375,0.8306009589869063
750,mps,stone_canyon,150,-115646.37447759169,399,False,-0.3817526990671953,0.25257314422167837,0.04994369791199764,1.9428477835655213,3.7185508171717325,1.2972059694925944,2.421344846089681,175.9573974609375,2318.564453125,10.232774458010681
751,mps,single_training,150,-144830.68269035945,468,False,-3.463521626616518,1.149855428924784,0.08130372420574228,2.1563418928782143,3.4169775104522704,1.2957706554730732,2.121206855773926,663.4559936523438,1237.274169921875,10.66942541699973
752,mps,stone_canyon,88,-16935.862759436317,57,True,7.727700065482747,4.437170303955844,0.020475459115749054,2.6589431654323232,3.904737748882987,1.344818727536635,2.559919013218446,660.2359008789062,4548.6826171875,6.251168374990812
753,mps,single_training,4,24.813093917144034,0,True,2.7395684123039246,0.6714045405387878,0.015677610877901316,1.3446335792541504,3.6897960901260376,1.1947828233242035,2.4950132966041565,16.916423797607422,129.9251708984375,0.30077991701546125
754,mps,stone_canyon,150,-152767.05284169532,527,False,-2.7102661555446685,1.1253171123359789,0.06454775919516881,2.279250311056773,3.585325164794922,1.2924971771240235,2.292827982902527,327.8892517089844,2805.581787109375,10.338466999994125
755,mps,single_training,150,-84008.6744749201,280,False,1.5151471040397881,0.41939755836747283,0.0660707645242413,1.572867136001587,3.615005540847778,1.292634150981903,2.3223713970184328,680.2786254882812,1652.916259765625,10.540595500002382
756,mps,single_training,5,7.640323762897161,0,True,2.425592565536499,0.7153690218925476,0.02613339088857174,1.3968920707702637,3.697138214111328,1.1983574390411378,2.4987807273864746,21.490388870239258,284.07952880859375,0.39849920899723656
757,mps,single_training,150,-100376.18908668055,328,False,0.25037067517638206,0.4523451168105627,0.07028733305633068,2.082975246111552,3.5327538220087686,1.2955286232630412,2.2372252051035564,552.2952880859375,1828.1695556640625,10.224436499993317
758,mps,stone_canyon,150,-106654.3054208114,368,False,-0.011468887118001779,0.13019718491732116,0.04914275277405977,1.6752818965911864,3.6668011061350505,1.300668598016103,2.3661324977874756,157.43948364257812,1553.0250244140625,10.266211749985814
759,mps,stone_canyon,150,-129059.48834953066,449,False,-1.6426442770163219,0.31998169370465346,0.056006304286420346,2.199816780885061,3.6381549263000488,1.3017433214187621,2.3364116048812864,318.0318603515625,1434.388427734375,10.238307874999009
760,mps,stone_canyon,150,-108664.74531039462,374,False,-0.5909899625865122,0.10113696595343678,0.050099024095882974,2.0032728417714436,3.6103938245773315,1.3037603227297465,2.306633493900299,74.35618591308594,231.62542724609375,10.423274749977281
761,mps,single_training,150,-106301.29013660066,349,False,-0.3115279005219539,0.2624522852226316,0.060521647032971186,2.0598183059692383,3.528469285964966,1.3078038581212361,2.220665423075358,278.65081787109375,1853.5755615234375,10.309978500008583
762,mps,stone_canyon,150,-114048.71527971473,396,False,-0.17657519096421312,0.2075610228066277,0.05698006187876065,2.04006334066391,3.614072782198588,1.3106357407569886,2.303437046209971,159.09469604492188,2002.8702392578125,10.275715791998664
763,mps,stone_canyon,150,-39315.303778944064,138,False,5.066474691430727,2.266049392162822,0.03716722363916536,2.61308314482371,3.7586247523625693,1.3141129954655966,2.4445117632548015,1191.3817138671875,4135.36767578125,10.237513416999718
764,mps,single_training,150,-114524.69349654911,380,False,-1.0260530905549725,0.3926373716495679,0.10136669534103324,2.1258225429058073,3.2548516035079955,1.3186486879984538,1.936202913125356,143.89414978027344,3405.74365234375,10.251763624983141
765,mps,stone_canyon,3,26.160045868451597,0,True,3.8320510387420654,1.045589764912923,0.003528100593636433,3.133390426635742,3.6486430962880454,1.2258001963297527,2.4228428999582925,14.17734432220459,240.16969299316406,0.24117437499808148
766,mps,single_training,150,-129688.78951450076,426,False,-2.8172324536989133,0.7039056464418536,0.09399817914236337,1.8129730856418609,3.393631860415141,1.3245807552337647,2.0690510964393614,630.5338745117188,2587.400146484375,10.26089858400519
767,mps,stone_canyon,150,-136800.16532691984,472,False,-2.33251293434451,0.6218271862890106,0.05598367062862963,1.715883202155431,3.586986192067464,1.3253111163775126,2.2616750701268513,457.67449951171875,4093.554931640625,10.290797124995152
768,mps,single_training,7,-29.76517882132191,0,True,4.177532706941877,1.2964062690734863,0.0037471609456198557,1.5468966620309013,3.63456848689488,1.2458041054861886,2.3887643814086914,33.758148193359375,127.90705108642578,0.5113843329891097
769,mps,single_training,150,-109275.27696154157,360,False,-1.0728509223957856,0.21228734477849986,0.0760627465027695,1.9978370157877605,3.5933094135920207,1.3284049677848815,2.2649044473965962,211.8702392578125,2661.592529296875,10.19546495800023
770,mps,stone_canyon,150,-70498.3868505723,244,False,2.6275922397710385,0.7988261657019878,0.046282096711608274,2.161684738000234,3.6518280013402302,1.3281486439704895,2.32367936929067,529.4568481445312,3309.56005859375,10.283170207985677
771,mps,single_training,150,-86820.88442577666,289,False,-0.039747198208545644,0.453252185756722,0.05145290376618505,1.4727126248677571,3.653567811648051,1.329111377398173,2.3244564310709634,423.1170349121094,1770.762451171875,10.358912083000178
772,mps,stone_canyon,150,-96594.96878300724,342,False,0.8009749826416374,0.3025108214417666,0.06654166662444672,2.0005451305707296,3.5877512820561726,1.331159774462382,2.256591509183248,224.1487274169922,694.4814453125,10.5322835840052
773,mps,single_training,150,-146548.72135851072,486,False,-3.6271405211261785,1.4058711059870985,0.09168018456082791,1.8786453413963318,3.3824367094039918,1.331843003431956,2.0505937186876935,977.3804931640625,2579.457763671875,10.367888624983607
774,mps,single_training,4,24.985648384849874,0,True,3.4031573235988617,1.1262959837913513,0.003825396590400487,1.1498979330062866,3.644285798072815,1.2447148561477661,2.399570941925049,18.77826690673828,629.8275146484375,0.32074479100992903
775,mps,stone_canyon,3,35.82226787518497,0,True,4.1916069984436035,1.0743945837020874,0.0037882952795674405,3.3224036693573,3.6446067492167153,1.238562782605489,2.4060439268747964,14.042908668518066,350.2375793457031,0.22308429100667126
776,mps,stone_canyon,150,-86020.64625764466,300,False,1.058207551909921,0.35485947452297295,0.045556561288734275,2.067921361128489,3.616202260653178,1.3331069668134055,2.2830952978134156,149.375244140625,3965.54296875,10.289754541998263
777,mps,stone_canyon,150,-107128.73383845198,369,False,-0.7473768060933799,0.1593253900551569,0.05757382777209083,2.213899916013082,3.5390555477142334,1.3330663998921712,2.2059891549746196,309.2928161621094,3319.937255859375,10.56783354197978
778,mps,stone_canyon,150,-136492.20258331118,469,False,-2.6385021006152964,0.7225701737325161,0.046859697562952836,1.912204913298289,3.5030402374267577,1.3327558557192485,2.1702843817075093,766.7698974609375,3381.796630859375,10.330741250014398
779,mps,single_training,22,-226.24664874844973,0,True,6.423243349248713,2.552006797357039,0.009793775452470238,1.1260923472317783,3.7029582153667104,1.3139959627931768,2.388962236317721,99.02285766601562,2442.263916015625,1.5184061670152005
780,mps,stone_canyon,150,-189782.96554992418,655,False,-5.166880714011689,3.0698254774802867,0.06984607364361485,2.1509178296724953,3.3448188289006553,1.3310603936513266,2.0137584296862285,875.0813598632812,4669.07373046875,10.266135832993314
781,mps,single_training,150,-83652.40367887398,277,False,0.9380631307388345,0.15900124909118554,0.06860109698027372,1.9526038698355357,3.2133627843856813,1.3299986441930136,1.8833641290664673,355.36370849609375,1353.7862548828125,10.46224737499142
782,mps,stone_canyon,150,-114926.10549146774,397,False,-0.34977367002516985,0.16107673370158107,0.05225911306217313,1.988263832728068,3.4355424801508585,1.3297342133522034,2.105808262825012,136.91078186035156,1561.814208984375,10.376415375008946
783,mps,single_training,9,-68.31673137237682,0,True,4.984272268083361,1.4374945362408955,0.02101492550637987,1.138396422068278,3.646542549133301,1.2619262139002483,2.384616348478529,42.75719451904297,1118.1575927734375,0.6693564169981983
784,mps,stone_canyon,81,-19194.00373233157,70,True,7.552214673271886,4.339297753425292,0.035507826019584396,2.372738749892623,3.6972182591756186,1.3584095180770497,2.3388087396268493,560.8870239257812,3808.16943359375,5.548485000006622
785,mps,stone_canyon,150,-92448.98803413834,319,False,0.8555066071326534,0.15945467142572547,0.06167604352037112,1.6241180435816447,3.5032731660207115,1.3332155958811442,2.17005756855011,222.56251525878906,1236.5325927734375,10.240846083994256
786,mps,single_training,150,-121185.88805802976,396,False,-1.7944701578902702,0.357288741921581,0.06757371174792448,1.8736241682370505,3.5588998381296792,1.3352224985758463,2.223677337169647,343.6019287109375,1694.63525390625,10.235391833004542
787,mps,stone_canyon,150,-84631.54110506029,293,False,0.5130298136174679,0.3799867217516294,0.044153224155306814,2.8953930370012917,3.5606390905380247,1.334816989103953,2.225822105407715,220.7688751220703,4780.328125,10.237990082998294
788,mps,stone_canyon,150,-93174.90284146565,325,False,0.6142132340588917,0.19359028730541467,0.04257961026082436,2.1281943043073017,3.5186563762029013,1.3354999454816183,2.183156438668569,92.64038848876953,3436.57275390625,10.384318958007498
789,mps,stone_canyon,150,-71962.32580070912,249,False,1.983275499129668,0.47856516182633035,0.03794195981385807,1.7068976553281148,3.5298031679789226,1.3354708242416382,2.19433234055837,451.47906494140625,2833.5673828125,10.319585791992722
790,mps,stone_canyon,150,-86248.90339534411,300,False,1.2751808019618813,0.3387603865324815,0.0434771890565753,1.4591603827476503,3.5063785632451374,1.3376308075586956,2.1687477628389993,236.0894775390625,2081.974365234375,10.278944374993443
791,mps,single_training,4,30.381226524523782,0,True,4.258681416511536,1.1714003682136536,0.003269339445978403,1.2026180028915405,3.6410308480262756,1.2471729218959808,2.3938578963279724,18.724124908447266,379.2613830566406,0.31411862501408905
792,mps,single_training,4,18.95366269647443,0,True,4.11618509888649,1.1639427989721298,0.0026101801195181906,1.1562951803207397,3.6587969064712524,1.246573805809021,2.4122231006622314,18.670373916625977,295.3836364746094,0.2812368750164751
793,mps,single_training,150,-100564.04363097124,328,False,-0.364364342992194,0.08504287239081956,0.08537168893109386,1.8698434805870057,3.305098714828491,1.3381083226203918,1.966990383466085,95.83882141113281,1447.547119140625,10.248577291000402
794,mps,single_training,13,-68.39869636254122,0,True,4.6239489408639765,1.8356024210269635,0.0027572097023949027,1.2068660809443548,3.7390092519613414,1.2889217596787672,2.4500874739426832,59.6056022644043,272.2373352050781,0.9031592920073308
795,mps,stone_canyon,150,-101416.39666050451,348,False,-0.0961996550237139,0.08456854457994875,0.07032708120609944,2.3945029107729594,3.625273447036743,1.338151082197825,2.287122359275818,64.62841796875,2984.498779296875,10.238364165998064
796,mps,stone_canyon,150,-141080.69425710817,488,False,-2.5374098928893605,0.6642082636625856,0.08910022133573268,2.6352577169736224,3.6009475342432657,1.3389355969429015,2.262011937300364,422.1336669921875,2878.683349609375,10.261973957996815
797,mps,stone_canyon,150,-122190.27829490411,417,False,-1.096614184429248,0.22711441339070007,0.06307138185792913,2.0390231728553774,3.616644466718038,1.3396530238787334,2.276991442044576,155.11746215820312,4250.21484375,10.461684333015
798,mps,stone_canyon,150,-109613.18605963771,379,False,-0.5138443184643984,0.12722725452713424,0.07061742034119864,2.110226802825928,3.5476537386576337,1.339784262975057,2.207869470914205,193.5679931640625,2344.24951171875,10.752675499999896
799,mps,single_training,150,-103579.41908396973,342,False,-0.6118858648215731,0.08009234231731777,0.09210941540077329,1.9853501756985983,3.348311287562052,1.3401030492782593,2.0082082494099933,103.3673324584961,2465.1767578125,10.462195583997527
800,mps,single_training,150,-93337.22709120798,304,False,0.11956678036755572,0.05681131663154853,0.08078642014181242,1.5336827631791432,3.4656204493840534,1.3386007221539815,2.1270197367668153,109.1150131225586,1756.7205810546875,10.313245875004213
801,mps,single_training,150,-107317.41487972953,353,False,-0.7067946873356898,0.15879485290749776,0.07570795233671863,1.659810349146525,3.558934979438782,1.3385477089881896,2.2203872617085776,79.55287170410156,652.6920776367188,10.35546829199302
802,mps,stone_canyon,150,-98850.55969374465,344,False,0.06414539930759929,0.08787124352427564,0.05420128979099294,2.042839101155599,3.4626875734329223,1.338815446694692,2.1238721227645874,63.0208854675293,552.9451904296875,10.366231583000626
803,mps,single_training,150,-122869.6713864238,409,False,-1.8622750668165584,0.4170226614471176,0.06180255194815497,1.877075157960256,3.547351622581482,1.3384450960159302,2.2089065305391946,316.9488220214844,3631.057861328125,10.283584417018574
804,mps,stone_canyon,150,-130042.75215462728,450,False,-1.603046416801711,0.3405720190090748,0.05083030741040905,2.1141301512718202,3.4474212296803795,1.3373112630844117,2.110109957853953,367.5550537109375,2389.62451171875,10.287187000008998
805,mps,stone_canyon,45,-5278.989880323842,19,True,5.983815481927659,3.247395075029797,0.017248244749175176,3.057414804564582,3.6586494392818874,1.3375389284557766,2.3211105081770156,188.86114501953125,721.2923583984375,3.104571500007296
806,mps,stone_canyon,150,-116126.60794582724,406,False,-0.5835371409729123,0.16103217187348493,0.05469363499432802,1.515828460653623,3.3781488863627116,1.335253955523173,2.042894923686981,76.05835723876953,1110.0379638671875,10.262516083981609
807,mps,single_training,150,-94787.5147087304,312,False,0.5431648611774047,0.17229318986588624,0.06241918064653874,1.6480740586916605,3.54546021938324,1.337244017124176,2.208216197490692,356.7185363769531,2633.093505859375,10.426766999997199
808,mps,stone_canyon,150,-120803.51386327694,417,False,-1.1421032891112068,0.19158590747031365,0.053373512427012125,1.4060223313172657,3.411136991182963,1.3354073858261108,2.0757295934359234,249.9599151611328,743.4685668945312,10.44399087500642
809,mps,single_training,150,-96522.46328500408,314,False,0.21127552238137773,0.08471420394443158,0.05778256590788563,1.7682434411843617,3.4303479687372844,1.335166212717692,2.0951817631721497,201.116455078125,1505.338134765625,10.343966999993427
810,mps,stone_canyon,133,-32385.29293718347,111,True,6.4208729297650935,3.6465998714062917,0.024471582445715154,2.1211073273106624,3.685230190592601,1.3503177488656868,2.3349124381416724,1548.162353515625,6316.5751953125,9.065903459006222
811,mps,stone_canyon,150,-104883.6870720943,361,False,0.3226456009596586,0.14407693276046,0.048534379362439116,1.6364216923713684,3.385796415011088,1.3373585804303487,2.048437836964925,213.999267578125,1155.326416015625,10.29722700000275
812,mps,stone_canyon,150,-87096.33856145095,303,False,1.090541084036231,0.20935972865748528,0.044195541758090255,1.8794732268651326,3.4502050415674845,1.337557331720988,2.112647713025411,297.0446472167969,738.7586059570312,10.459739415993681
813,mps,stone_canyon,24,-5108.166540764323,18,True,5.638244450092316,2.318608835339546,0.00726351795795684,3.1676968932151794,3.7106151580810547,1.313562775651614,2.3970524072647095,97.9644775390625,1001.1494140625,1.6969743329973426
814,mps,stone_canyon,150,-91626.42592227897,318,False,0.7358050907651583,0.10364105568298934,0.046183482871080435,1.745129519701004,3.3877564573287966,1.340022467772166,2.0477339792251588,246.44801330566406,910.500732421875,10.394982165977126
815,mps,single_training,5,51.75134013947747,0,True,4.678021311759949,1.1263622999191285,0.0065591419115662575,1.259184145927429,3.5987143993377684,1.2323560476303101,2.3663583755493165,23.341466903686523,112.34001159667969,0.3645698329783045
816,mps,stone_canyon,150,-133076.02161760416,461,False,-2.277664684380094,0.6336134580459717,0.055542127794275684,1.7608782649040222,3.1961184231440227,1.3391039911905924,1.8570144367218018,457.42724609375,1766.0792236328125,10.378548792010406
817,mps,stone_canyon,39,-10448.017474604138,38,True,6.131332761202103,2.4956690607926784,0.01242637837257905,2.9792360281332946,3.616119011854514,1.3421956025637114,2.273923409290803,140.23171997070312,1534.0301513671875,2.721944250020897
818,mps,stone_canyon,39,-10883.814226002452,39,True,5.438308092264029,2.315789464956675,0.012298845829298863,3.012251138687134,3.563244165518345,1.340870392628205,2.2223737790034366,135.16717529296875,2622.892578125,2.7416114159859717
819,mps,stone_canyon,150,-104104.36285772292,359,False,-0.6421730718637506,0.11116027375198125,0.04620213898830116,1.630843808253606,3.283183520634969,1.3366728353500366,1.9465106797218323,104.82574462890625,1635.67431640625,10.36037845799001
820,mps,single_training,9,-47.48460116996186,0,True,4.065432998869154,1.283265941672855,0.006956185162481334,1.9016569720374212,3.5280035866631403,1.2482450405756633,2.2797585328420005,41.446563720703125,530.6517333984375,0.6476174170093145
821,mps,single_training,150,-96833.79490469962,319,False,-1.2402322936182222,0.1765524886082858,0.06822873518181344,1.9473992037773131,3.491961614290873,1.333925604025523,2.1580360078811647,367.306640625,1431.552490234375,10.307836125022732
822,mps,stone_canyon,150,-93636.51053850578,325,False,-0.5020469370235999,0.24537504549371078,0.042739478290701904,1.4767538968722025,3.4634988689422608,1.3348992069562275,2.128599661986033,357.5447692871094,1215.6021728515625,10.490437000000384
823,mps,single_training,150,-104125.00172347036,341,False,-1.365609848095725,0.24256230442591914,0.07027808293389777,1.8809125113487244,3.3884466600418093,1.3336644601821899,2.0547822030385334,213.25326538085938,1683.83154296875,10.397949833015446
824,mps,stone_canyon,3,31.8761426435352,0,True,3.8564046223958335,0.7861017982165018,0.006993652166177829,3.0636934439341226,3.610139846801758,1.1930396954218547,2.417100191116333,12.952896118164062,166.33824157714844,0.2531549580162391
825,mps,stone_canyon,34,-4875.72756191087,20,True,5.428294767351711,2.431879977969562,0.01087155838168281,3.386098595226512,3.7422806795905617,1.323282729176914,2.418997946907492,132.91632080078125,980.2347412109375,2.321129874995677
826,mps,stone_canyon,150,-146921.05134311016,509,False,-3.79082092863818,1.2654221424084002,0.06031723282610377,2.3505180954933165,3.4401304006576536,1.3324155362447103,2.107714862028758,948.7825317382812,2288.92041015625,10.24733645800734
827,mps,single_training,4,8.317586378778088,0,True,3.9887005984783173,0.6977792680263519,0.007822097977623343,1.518492043018341,3.7256604433059692,1.180608183145523,2.5450522899627686,16.58953857421875,65.04579162597656,0.2998016669880599
828,mps,single_training,150,-127480.65403148395,421,False,-2.8565983072047434,0.9591789812031978,0.06118957257829607,2.110442434151967,3.415412173271179,1.3320568450291952,2.0833553409576417,506.08587646484375,3867.675537109375,10.199067459005164
829,mps,single_training,20,-159.0485631064277,0,True,4.5384936928749084,1.7095382988452912,0.008713180804625154,1.481757116317749,3.7972962856292725,1.2674434185028076,2.529852867126465,89.14129638671875,531.9942016601562,1.3803407500090543
830,mps,stone_canyon,150,-132668.32596552122,456,False,-2.237992626701792,0.5363638597136015,0.0484391870132337,2.367540956338247,3.6604069821039835,1.3317832080523173,2.3286237661043803,419.9009094238281,5793.5126953125,10.212387208011933
831,mps,stone_canyon,150,-114962.328503138,393,False,-0.9786479718323486,0.2278914085411096,0.04522866904735565,2.09374303261439,3.5845141283671063,1.3312326661745708,2.253281460603078,115.52379608154297,3316.80517578125,10.39944637499866
832,mps,single_training,150,-118718.14391736359,395,False,-1.384983919064204,0.6662134992727079,0.06197815092280507,1.9788463552792868,3.3393320337931316,1.3301951789855957,2.0091368452707927,196.64132690429688,2012.731689453125,10.324125084007392
833,mps,single_training,150,-135554.45161376364,437,False,-2.2716324882706007,1.2442843424301828,0.06113284982740879,2.336947505871455,3.4303566789627076,1.3310795386632284,2.0992771418889364,258.1633605957031,4238.91943359375,10.44696624999051
834,mps,single_training,150,-46296.0815283596,150,False,3.7924660957977174,1.2914822775273236,0.03658984842399756,1.4277452405293782,3.625312024752299,1.3323171901702882,2.2929948353767395,844.2791137695312,2834.666748046875,10.333882375009125
835,mps,single_training,150,-96239.58796742145,317,False,0.36446876121064026,0.4038957124009418,0.055098664121081435,1.6272067721684773,3.545465655326843,1.333794757525126,2.211670900185903,442.7859191894531,5373.47607421875,10.31345175000024
836,mps,single_training,150,-64404.90805798242,212,False,2.0332307073722284,0.5550837338282629,0.04408236773063739,1.8642922266324362,3.643639817237854,1.334898478190104,2.30874133904775,401.10894775390625,4304.951171875,10.387099125015084
837,mps,stone_canyon,150,-82104.07723909464,287,False,0.9379615547073384,0.20021961672846372,0.04706798349817594,2.969413638909658,3.527753392855326,1.3360534151395163,2.191699969768524,214.85179138183594,2478.988037109375,10.332462207996286
838,mps,stone_canyon,150,-66248.76989766928,233,False,2.366844623039166,0.6646077506358657,0.041420481776197754,1.9298067911465964,3.5153108994166056,1.33663898785909,2.1786719091733295,620.739013671875,1979.4493408203125,10.34508587498567
839,mps,single_training,150,-154012.35557610163,507,False,-4.779914480199417,2.221680944627151,0.05927445496122042,2.1394458532333376,3.430816070238749,1.3369118547439576,2.093904218673706,1101.963134765625,4698.6337890625,10.77987854098319
840,mps,single_training,150,-104618.29715577741,338,False,-1.0221950242047508,0.22292121233144524,0.05279699847102165,2.2892669868469238,3.433929371833801,1.3363081328074138,2.0976212358474733,187.202392578125,4101.2314453125,10.861058166017756
841,mps,stone_canyon,150,-142258.26477388712,492,False,-2.7026365725447734,1.1192301778491431,0.05274874915058414,2.607429636319478,3.468013963699341,1.337533045609792,2.130480910142263,267.4888000488281,2860.81201171875,10.376109875011025
842,mps,single_training,150,-132162.37472326797,435,False,-2.8727072187513114,0.8619880206275654,0.06093891674031814,1.968570631345113,3.489224025408427,1.3375536235173544,2.151670405069987,447.4619140625,1265.865966796875,10.254647708992707
843,mps,single_training,150,-133175.4035195287,445,False,-3.278820592171202,1.1513131456300472,0.06000328530867895,2.184919703006744,3.5573012606302896,1.3383436584472657,2.2189576029777527,530.7179565429688,1026.0877685546875,10.266818292002426
844,mps,single_training,150,-125350.9610255647,411,False,-2.745425343339642,0.6620314762766794,0.06338022647425533,1.7149849812189737,3.592068149248759,1.3385217992464702,2.2535463484128315,598.3977661132812,3052.62060546875,10.424433249980211
845,mps,single_training,150,-112745.60707235796,374,False,-1.3043617230529587,0.2335357815099269,0.061028323946520684,1.5783687019348145,3.550164507230123,1.3391338753700257,2.211030634244283,201.98196411132812,2127.016845703125,10.358124209014932
846,mps,single_training,150,-148158.8950358556,491,False,-3.8298223415824273,1.486494568143165,0.06360022495500743,1.5484687066078187,3.5141381359100343,1.340288255214691,2.1738498830795288,735.0120239257812,4851.44677734375,10.310590125009185
847,mps,stone_canyon,44,-9939.086416257765,36,True,5.658122115514495,2.6115442612631754,0.013679422342895785,2.5419706946069542,3.754248532381925,1.3391049585559152,2.4151435711167077,160.7552032470703,2003.0247802734375,3.022300041979179
848,mps,single_training,150,-102811.58637161712,345,False,-0.16320108195145924,0.2074915341194719,0.06098076389171183,1.5588877137502035,3.5391717942555747,1.342623900572459,2.1965478952725728,218.39698791503906,740.91552734375,10.241958124999655
849,mps,single_training,150,-123870.71074118862,407,False,-1.6270234072829286,0.44975731522970214,0.054398128446191546,1.6041906404495239,3.5629225095113117,1.3428558405240376,2.2200666705767316,226.51031494140625,2738.982666015625,10.295102417003363
850,mps,single_training,5,61.25322352495536,0,True,2.2745169401168823,0.7686665296554566,0.011156290024518966,1.4874876499176026,3.6108484268188477,1.2207809448242188,2.390067481994629,20.72021484375,235.7699432373047,0.3904204999853391
851,mps,single_training,150,-106685.79880011007,349,False,-0.5501509629997114,0.08959683568967497,0.05941689262166619,1.9375562771161396,3.53463764667511,1.343031489054362,2.191606147289276,75.6644515991211,781.54541015625,10.258005834009964
852,mps,stone_canyon,150,-112255.38511036667,389,False,-0.5216172089086225,0.09085573241858431,0.04960336868340771,2.0771443152427675,3.5136787605285646,1.3429821825027466,2.1706965732574464,111.32115936279297,1372.233642578125,10.30362324998714
853,mps,single_training,150,-128552.91851884706,422,False,-2.0386580701048174,0.4547726852665073,0.048817796359459556,1.56760493516922,3.5569360717137655,1.342812446753184,2.214123619397481,447.9530944824219,884.1226806640625,10.280521874985425
854,mps,single_training,20,-184.09816547984275,0,True,5.898160064220429,2.0646119713783264,0.013622664846479893,1.2333035230636598,3.6969474077224733,1.2977439284324646,2.3992034554481507,89.1231918334961,715.40087890625,1.4109536669857334
855,mps,single_training,4,14.879086797257617,0,True,4.173275113105774,0.8174823522567749,0.010679913917556405,1.1648232340812683,3.6273622512817383,1.2174481749534607,2.4099141359329224,17.176122665405273,369.5678405761719,0.2840610840066802
856,mps,single_training,5,16.683705878503865,0,True,2.5912404298782348,0.8966268181800843,0.009467789530754089,1.1760345935821532,3.6324256896972655,1.225766897201538,2.406658744812012,21.789546966552734,52.23400115966797,0.34871308397850953
857,mps,single_training,26,-223.02665102376736,0,True,5.213126893226917,2.5537684238873997,0.007576417428656266,1.2841867758677556,3.7041152715682983,1.3157757016328664,2.388339556180514,113.00495910644531,509.921875,1.7413928330061026
858,mps,stone_canyon,150,-82096.07907694252,287,False,2.5600519602621596,0.7682950208208058,0.04510152782003085,1.9308447154362995,3.5391697978973387,1.3392402132352192,2.199929583867391,781.15966796875,4986.64013671875,10.223390500003006
859,mps,stone_canyon,150,-50775.570758225396,178,False,4.881785452887416,2.1400207788095575,0.026423583316306273,1.9877560273806254,3.718893977801005,1.3382729649543763,2.380621008872986,1380.4775390625,4758.5419921875,10.251036125002429
860,mps,single_training,150,-130479.99625527854,427,False,-1.5151265029112497,0.7133727483389278,0.05585294537867109,1.5712765789031982,3.5364046176274617,1.337964165210724,2.19844043970108,186.25729370117188,968.012939453125,10.427063958981307
861,mps,stone_canyon,150,-76378.48731756257,268,False,3.0314451395968596,0.9935843910626135,0.04595930440351367,1.9637227392196654,3.518384707768758,1.3364061752955119,2.181978526910146,926.2181396484375,2875.558837890625,10.633105749991955
862,mps,single_training,150,-110148.77355393665,365,False,-0.5149383805661152,0.11546599249408283,0.05788145199107627,1.8122846921284994,3.5383430353800454,1.3347134653727213,2.2036295636494954,75.27533721923828,2101.7158203125,10.380412792001152
863,mps,single_training,5,10.797464694958109,0,True,2.5030229568481444,0.4738096594810486,0.006430062744766474,1.4671140909194946,3.5008827209472657,1.174091649055481,2.3267910957336424,17.715524673461914,403.9634704589844,0.37813870899844915
864,mps,single_training,150,-94596.6993688625,314,False,0.4816428755161663,0.11506699031286795,0.057228177757933735,1.8239735388755798,3.49878058274587,1.3338174549738566,2.164963120619456,200.0688018798828,641.2347412109375,10.246499958011555
865,mps,single_training,11,-32.564782907933754,0,True,2.9325152310458096,0.7438612526113336,0.007109573153270917,1.2194613109935413,3.533022338693792,1.2071373787793247,2.3258849707516758,41.654151916503906,595.0869750976562,0.7572091250040103
866,mps,stone_canyon,150,-117592.8936003379,411,False,-0.9221998188768824,0.27114144622413733,0.04363413487871488,1.700330467224121,3.4818796428044636,1.328308740456899,2.153570910294851,225.59292602539062,1153.75341796875,10.255003958998714
867,mps,stone_canyon,150,-96987.08492194847,334,False,0.8067026884046694,0.2873409899614702,0.04754460092633963,1.9893188428878785,3.47757981300354,1.3264192843437195,2.1511605254809063,324.7336730957031,1154.768310546875,10.620433583011618
868,mps,single_training,150,-157932.29441965904,521,False,-4.312371949156125,1.705209065110733,0.07638542701179783,1.9997896873950958,3.149208548863729,1.325523502031962,1.8236850476264954,971.3492431640625,2313.654052734375,10.546635541017167
869,mps,stone_canyon,150,-82058.21458294122,287,False,1.5016156668340166,0.4544288143160763,0.042156625147908924,2.2060342439015708,3.5604511721928915,1.3248759412765503,2.235575223763784,327.0472412109375,1556.4027099609375,10.308773833006853
870,mps,stone_canyon,78,-12057.513876095836,41,True,7.436860882701018,4.466544791494902,0.022217917733658582,2.3512365344243173,3.6945731456463156,1.3460968595284681,2.3484762876461716,568.6312866210938,3581.241943359375,5.314942750002956
871,mps,single_training,150,-147363.55770865138,479,False,-3.490702995584579,1.3836406617139254,0.06786591759572426,1.7502667347590128,3.368176754315694,1.324021990299225,2.0441547727584837,642.12158203125,1706.4522705078125,10.24737945801462
872,mps,single_training,4,24.55736002598006,0,True,1.7471619844436646,0.3399241715669632,0.022632532753050327,1.4816202223300934,3.4362356662750244,1.1417044401168823,2.294531226158142,12.690564155578613,108.60887145996094,0.31010729097761214
873,mps,single_training,150,-115216.10695768637,381,False,-1.1722090524310866,0.42171830368008767,0.06908539949605862,1.9250474381446838,3.3775951067606607,1.3263840516408285,2.0512110527356464,159.4311065673828,3316.08154296875,10.249287166981958
874,mps,single_training,150,-113731.5026599834,378,False,-1.4935993594676256,0.28234520138648805,0.07233217516293128,2.1543739597002665,3.419037545522054,1.3265053939819336,2.092532158692678,400.88616943359375,1931.5447998046875,10.298780292010633
875,mps,single_training,150,-130360.75515656202,429,False,-2.271659805752958,0.6280107150712653,0.06507227274899681,1.7342154216766357,3.4323378483454388,1.3272614312171935,2.1050764139493308,341.2809143066406,706.1348876953125,10.23652429098729
876,mps,single_training,150,-89274.9619566857,293,False,0.19768455050885678,0.12301197486269909,0.05603639827420314,1.9034092632929485,3.493744002978007,1.3283923665682476,2.165351629257202,88.36571502685547,2912.4873046875,10.369699709000997
877,mps,stone_canyon,150,-130128.67988664696,449,False,-1.609928749757819,0.4211583143603745,0.05895207893724243,2.2292543133099874,3.3155087661743163,1.3294252610206605,1.9860835003852844,213.45986938476562,2037.066162109375,10.5123859999876
878,mps,single_training,7,-13.731805336152595,0,True,2.5437271084104265,0.591383444411414,0.006034821804080691,1.1770962987627303,3.4811766828809465,1.1862656899860926,2.2949109758649553,25.93639373779297,383.84246826171875,0.5314880000078119
879,mps,single_training,150,-136035.28377249662,448,False,-2.1034469112505514,0.709675283726236,0.06974288986064493,1.7684496398766836,3.218218431472778,1.3309526904424032,1.8872657465934752,512.103271484375,3667.1220703125,10.238352582993684
880,mps,single_training,17,-111.21198592972382,0,True,4.797247115303488,1.431222999797148,0.005519066704437137,1.1460551724714392,3.554195025387932,1.2502077256931978,2.303987320731668,70.23207092285156,1264.7752685546875,1.180220999987796
881,mps,single_training,5,16.332838092821554,0,True,2.58619601726532,0.5698412835597992,0.0032716071233153342,1.2010031700134278,3.49166202545166,1.1817607164382935,2.3099012851715086,18.580162048339844,322.919921875,0.3496104579826351
882,mps,single_training,4,29.64184345807537,0,True,2.4229287207126617,0.5353198498487473,0.001922088791616261,1.3218015432357788,3.4687310457229614,1.1755900084972382,2.2931410670280457,14.651012420654297,128.11155700683594,0.28086749999783933
883,mps,stone_canyon,150,-103986.39253467145,361,False,0.926378941287597,0.34155495130898395,0.08436048319485659,1.9980806318918864,3.428940498034159,1.3343496990203858,2.094590798219045,409.1697082519531,2081.43408203125,10.480884290998802
884,mps,single_training,150,-110397.98540051236,361,False,-0.18379725753640136,0.23594116681847785,0.13033133210924763,1.452544823884964,3.337951203982035,1.3342291363080343,2.003722073237101,207.34722900390625,2249.087158203125,10.91160920902621
885,mps,stone_canyon,150,-112480.36940488889,389,False,-0.014239723725865284,0.1642256174522178,0.09292053760844282,1.6633129767576853,3.3528286170959474,1.334634079138438,2.018194549878438,151.61842346191406,734.7049560546875,10.495499999989988
886,mps,single_training,150,-74262.57886590472,242,False,2.397151095593969,0.614427817765051,0.0841100951936096,1.491914045015971,3.5291374508539834,1.3313859709103901,2.197751480738322,748.0659790039062,1570.6212158203125,10.244622291997075
887,mps,single_training,150,-82811.13644275676,273,False,1.3528141765513768,0.30550522327199664,0.08056420657938967,1.9660025835037231,3.5250163300832114,1.330326150258382,2.194690178235372,344.9692687988281,5703.5791015625,10.299992958985968
888,mps,stone_canyon,41,-9994.714824206629,36,True,5.784448915865363,2.987875809756721,0.010167182508356324,2.875059406931807,3.661043091518123,1.3343153465084914,2.3267277624548934,157.29310607910156,5405.982421875,2.8081517500104383
889,mps,stone_canyon,150,-86224.43059681325,300,False,1.3419106980754683,0.3988355965396355,0.047371059510235985,2.326990030606588,3.505272135734558,1.3257096306482952,2.1795625082651773,281.37567138671875,6438.84912109375,10.265557250007987
890,mps,single_training,150,-140487.62067877038,468,False,-3.0682694373031456,0.9550180796340283,0.07289734865228335,1.7998762663205465,3.3956325499216717,1.322305117448171,2.0733274388313294,706.191162109375,5391.5810546875,10.292784290999407
891,mps,stone_canyon,150,-119926.87470867617,414,False,-1.1048980576048295,0.24651634019086488,0.053323523122817275,1.88519686460495,3.361303300857544,1.3206559952100119,2.0406473032633463,304.06341552734375,2374.830322265625,10.505497250007465
892,mps,single_training,150,-108895.21441309489,356,False,-1.0156424495826164,0.1665706985327415,0.06041912904630105,1.8297039222717286,3.3475157531102497,1.3207783722877502,2.026737368106842,233.62142944335938,692.5447998046875,10.348615333990892
893,mps,stone_canyon,150,-79854.24617342176,281,False,1.8880384014422695,0.5566011505508277,0.04784155042221149,1.9748233461380005,3.47811274210612,1.3237998954455057,2.1543128490448,461.203125,2044.0577392578125,10.262857209017966
894,mps,single_training,150,-86100.35247198588,284,False,0.8732078000064939,0.1744795787743442,0.0555878542860349,1.6292258135477702,3.393054099082947,1.3250407671928406,2.068013330300649,326.76031494140625,1806.9559326171875,10.30297016602708
895,mps,single_training,150,-105237.57060028236,345,False,-0.7019964575767517,0.1262575892103996,0.06214807291825612,1.9612024080753327,3.3281859413782757,1.3282789921760558,1.999906956354777,153.06459045410156,790.8753662109375,10.293668958998751
896,mps,stone_canyon,150,-97406.61824815729,336,False,0.09798048973083497,0.22279893444642462,0.04142243841042121,1.7841483926773072,3.4416766436894735,1.330087854862213,2.1115887943903604,202.87921142578125,832.6027221679688,10.302174000011291
897,mps,stone_canyon,128,-8438.945003729086,26,True,7.701241382397711,4.689941047807224,0.023545292890048586,4.458693394437432,3.654308322817087,1.3566325502470136,2.297675769776106,1465.897216796875,3251.421630859375,8.727981834003003
898,mps,stone_canyon,150,-121429.32378387716,425,False,-1.4497066035338988,0.3625819949552275,0.045453022333482904,2.1480451687177022,3.472024253209432,1.3350496904055278,2.1369745604197186,480.71722412109375,1321.108154296875,10.26136316699558
899,mps,single_training,150,-113389.40709883897,376,False,-0.9425177558604628,0.1687399081231979,0.06497357093729078,2.090605918566386,3.447136452992757,1.3386871361732482,2.1084493088722227,99.53343200683594,4835.87939453125,10.22567345801508
900,mps,single_training,150,-152969.73463276282,503,False,-3.7325518861040474,1.4357109488151036,0.0837686664207528,2.4849587734540304,3.3796514813105265,1.3402726252873738,2.039378855228424,805.4821166992188,6201.4931640625,10.262132792006014
901,mps,single_training,150,-89359.06592736674,298,False,1.1483245867966132,0.31016295571429925,0.06552726450376213,2.0964123503367107,3.4676805448532106,1.34236922899882,2.1253113118807474,491.33892822265625,3584.12548828125,10.610159458999988
902,mps,stone_canyon,150,-97447.69747243825,339,False,0.8107933384428422,0.23068949562400423,0.05857354232730965,2.033071129322052,3.4277861452102663,1.3423464687665303,2.085439689159393,298.4935607910156,726.5,10.39105804101564
903,mps,stone_canyon,50,-5454.199853298954,19,True,6.288650546073914,3.9033152759075165,0.008534145643934607,3.887681736946106,3.6529888010025022,1.3525237774848937,2.3004650259017945,231.3911590576172,646.1810913085938,3.4350659170013387
904,mps,stone_canyon,73,-8388.701238964008,28,True,7.636793683653009,4.811712867388986,0.013022229735650225,3.7325612780166,3.651442684539377,1.3594695117375621,2.2919731728018147,493.687744140625,3402.038330078125,4.99031066702446
905,mps,single_training,150,-149606.8416176624,482,False,-3.812872291405996,1.6151883324066876,0.08869839888686935,1.958600907723109,3.237457145055135,1.34403430779775,1.8934228412310283,1093.434326171875,6814.53515625,10.328788500017254
906,mps,single_training,150,-135155.62234074922,444,False,-2.577589569091797,1.0005154611065519,0.07758142344964047,1.6577941771348317,3.164920465151469,1.3422831718126933,1.8226372957229615,487.2688293457031,977.2633056640625,10.448092834005365
907,mps,stone_canyon,150,-117898.902141926,408,False,-0.7267933348985389,0.1725051128628216,0.05405903952817122,1.2879023623466492,3.2947246408462525,1.3425903773307801,1.9521342627207439,132.96871948242188,990.2821044921875,10.407416457979707
908,mps,stone_canyon,150,-96294.04199340112,338,False,0.11500655348412693,0.18560244597673772,0.04694507822394371,2.0307323320706687,3.41966582775116,1.3448929278055828,2.0747728975613913,170.02523803710938,1955.2940673828125,10.299739292007871
909,mps,single_training,15,-105.2827060448106,0,True,4.328800439834595,1.6173328081766765,0.006123102611551682,1.0631195942560832,3.533304723103841,1.2643280188242594,2.2689767201741535,64.9473648071289,477.1542663574219,1.0422136250126641
910,mps,single_training,6,50.85168889796813,0,True,3.4353156685829163,1.0223879118760426,0.0075970689455668134,1.040290355682373,3.4969493548075357,1.220863898595174,2.276085456212362,25.732479095458984,388.6986389160156,0.41338874999200925
911,mps,single_training,7,34.20465894871294,0,True,2.4133590289524625,1.0822156752858842,0.009737552542771612,1.048525299344744,3.4883508341653005,1.2264141355242049,2.261936698641096,30.125165939331055,465.5033874511719,0.47701612501987256
912,mps,stone_canyon,150,-117471.71392932019,405,False,-0.2625152997424205,0.32928335723346513,0.04438884553809961,1.685664042631785,3.301442578633626,1.3423372332255046,1.9591053454081218,289.4425354003906,1766.5098876953125,10.24461470800452
913,mps,single_training,150,-95591.71048845473,318,False,0.14637665450281928,0.055049755014140396,0.047028780008355774,1.2881202749411265,3.2274328486124673,1.3404619415601096,1.8869708975156148,127.47781372070312,586.9173583984375,10.2746546670096
914,mps,single_training,4,19.62690533843528,0,True,2.582185447216034,0.7552595436573029,0.014460335485637188,1.0228773057460785,3.4095930457115173,1.1875997185707092,2.221993327140808,16.230880737304688,195.00234985351562,0.3192149579990655
915,mps,stone_canyon,150,-129066.30373955816,440,False,-1.7818061425785223,0.4613106692722067,0.04227616624906659,1.548933828274409,3.16803862730662,1.3419163878758749,1.8261222358544666,319.2166748046875,3729.18017578125,10.205564208998112
916,mps,stone_canyon,150,-82618.42344721168,284,False,1.408968104707698,0.2675825989015478,0.04019788953165213,1.6705963158607482,3.324036485354106,1.342353006998698,1.9816834783554078,367.7322998046875,943.9414672851562,10.254127499996684
917,mps,single_training,11,-81.05501799339643,0,True,3.642833482135426,1.066336209123785,0.01510857113383033,1.0975033153187146,3.3975043947046455,1.2220124873248013,2.1754918965426358,46.159202575683594,1713.9495849609375,0.7811150419875048
918,mps,single_training,8,23.299176295345383,0,True,2.864908918738365,0.9098406806588173,0.013303449610248208,1.0886478424072266,3.380853533744812,1.2067035287618637,2.1741500198841095,32.8314094543457,210.67637634277344,0.549996249988908
919,mps,stone_canyon,44,-9210.412407578566,33,True,5.319842372428287,2.739187674258243,0.016925868281925268,2.8723469376564026,3.5087109858339485,1.3342796130613848,2.1744313673539595,162.04847717285156,5395.5185546875,3.0193131669948343
920,mps,single_training,150,-133901.14899557154,440,False,-2.8367330079277355,0.8396419439464807,0.05306855861718456,1.4932998303572338,3.2724669726689655,1.3416468946139017,1.9308200685183208,507.1348876953125,3216.08544921875,10.228972666984191
921,mps,stone_canyon,3,35.244051143499775,0,True,2.2279141743977866,0.49195008476575214,0.011467297871907553,3.1441202958424888,3.31125545501709,1.144632617632548,2.1666228771209717,10.690783500671387,144.17001342773438,0.24277675000485033
922,mps,single_training,11,-31.003572318939916,0,True,2.9422410184686836,0.9278377321633425,0.012983546846292236,1.2975000793283635,3.374928734519265,1.2044056437232278,2.170523101633245,43.13393783569336,1239.0286865234375,0.7435532090021297
923,mps,single_training,6,-10.862597145070652,0,True,2.6184261441230774,0.5391794343789419,0.01288939407095313,1.3562520742416382,3.3280495405197144,1.1564409136772156,2.171608646710714,21.37578582763672,98.85315704345703,0.41409408301115036
924,mps,single_training,150,-98250.27092682525,324,False,-0.8706973320463052,0.18215901898193748,0.056047787461429834,2.035944476922353,3.4464526987075805,1.3397934047381084,2.1066592955589294,288.4690856933594,4414.642578125,10.219161333981901
925,mps,single_training,150,-92827.17508641433,304,False,-0.08359117182126889,0.11529570592735543,0.05174516823763649,1.7428819600741068,3.4099332237243654,1.3381640752156576,2.0717691389719644,147.03204345703125,636.3502807617188,10.28246470799786
926,mps,stone_canyon,150,-84131.4564350184,292,False,0.9894580011193951,0.29922020609044314,0.03660135406379898,1.362760469118754,3.4753209575017294,1.3380418666203817,2.1372790877024332,284.36090087890625,2200.660400390625,10.862293167010648
927,mps,stone_canyon,150,-110821.59223856543,386,False,-0.8446162358966346,0.27436478235166994,0.04294465041719377,1.441823027531306,3.3270118029912314,1.3388355962435405,1.9881762170791626,178.36041259765625,802.0282592773438,10.975395749992458
928,mps,stone_canyon,150,-73286.46540263144,257,False,1.3917455424407186,0.3935626772327487,0.04006053913695117,2.3005447006225586,3.400494000116984,1.3391554474830627,2.061338562965393,310.2691955566406,663.2034301757812,10.895885541016469
929,mps,single_training,150,-138782.07939916552,459,False,-3.8063724820315836,1.7589088099973742,0.05487102759381135,1.4279351701339087,3.099655416806539,1.3388703926404317,1.76078502257665,1146.7132568359375,4912.5810546875,10.489568833989324
930,mps,stone_canyon,150,-123861.74050923325,427,False,-1.7397548973746597,0.47978845658299785,0.04915487217406432,1.722832641204198,3.0898251708348594,1.3363355549176534,1.7534896210829416,365.91925048828125,3329.169677734375,10.31603141699452
931,mps,single_training,9,-3.279258955655777,0,True,2.6731050411860147,0.5423926909764608,0.010337565818594562,0.8654682437578837,3.2846450805664062,1.1740328868230183,2.1106121804979114,29.857921600341797,313.5693664550781,0.6572169580031186
932,mps,stone_canyon,150,-19796.195679804256,67,False,5.310979722936948,2.7991482000844554,0.026771083225806555,3.4365217018127443,3.568229347864787,1.3349789023399352,2.233250454266866,1182.1748046875,3365.91015625,10.181897499976913
933,mps,stone_canyon,150,-104866.51160443522,363,False,-1.1943885553612683,0.2797908146259685,0.04464225148161252,1.9002064299583434,3.1995538075764975,1.3379308080673218,1.8616229955355326,394.6324768066406,1198.8316650390625,10.381380875012837
934,mps,single_training,150,-111361.54629706671,372,False,-1.8508735630909603,0.7192467877253269,0.06263712484389544,2.0037232001622516,2.7608986727396645,1.3382338579495747,1.422664822737376,799.8373413085938,2077.775146484375,10.403923500009114
935,mps,stone_canyon,150,-154529.93039335744,531,False,-3.8456216674049695,1.8574546521521795,0.05146093114589651,1.9514336796601612,3.0970464181900024,1.3386824123064678,1.758364011446635,890.148681640625,3850.677978515625,10.394419541000389
936,mps,single_training,18,-67.46190367775763,0,True,3.328403416607115,1.238997599316968,0.01275879092928436,0.8433493673801422,3.3580915927886963,1.235649738046858,2.1224418216281467,67.76293182373047,209.52354431152344,1.2774504580011126
937,mps,stone_canyon,150,-124971.6287176493,428,False,-1.5126491668696205,0.46442448629240973,0.050563595183193685,1.5102714415391285,3.0537255303064983,1.3423382838567097,1.7113872492313384,284.4207763671875,3564.968017578125,10.23375208300422
938,mps,single_training,7,-23.920195871702873,0,True,2.1267040201595853,0.36119393365723745,0.014444364900035518,0.8130125744002206,3.2269374983651296,1.1479321547916956,2.079005309513637,20.59575080871582,305.50067138671875,0.4998499999928754
939,mps,stone_canyon,150,-165048.31772947553,571,False,-4.329675021741229,2.1614499901129847,0.05426340218633413,1.6738812243938446,3.012029600143433,1.342956144809723,1.6690734569231669,860.6470947265625,1902.7025146484375,10.244258666003589
940,mps,single_training,150,-102103.37194649356,331,False,-1.3134803195856513,0.3104918900765309,0.049192701764404774,1.576494440237681,3.273034944534302,1.343711395263672,1.929323553244273,429.51092529296875,1567.2158203125,10.472415791009553
941,mps,stone_canyon,150,-103823.5684333572,360,False,-0.47812918202690524,0.15330823768333868,0.044985953755676746,1.6096262236436207,3.2582591644922894,1.343951201438904,1.9143079710006714,111.91639709472656,1377.768310546875,10.290384291001828
942,mps,single_training,150,-118229.20499444901,387,False,-1.4121664265341436,0.3690138242663716,0.06572384794553121,2.105154455502828,3.2240247456232707,1.3457861137390137,1.8782386271158855,176.43533325195312,3031.427978515625,10.231297999998787
943,mps,single_training,7,38.61381007626096,0,True,1.3599840658051627,0.28760567733219694,0.013102969819945949,1.2771907363619124,3.186150755201067,1.1357084853308541,2.050442252840315,19.087278366088867,527.224853515625,0.5015117500151973
944,mps,single_training,150,-110311.76478209552,364,False,-0.5181515216082334,0.5532219998328219,0.06792676888406277,2.1378800106048583,3.164483869870504,1.34546053647995,1.8190233389536539,263.04046630859375,5205.8134765625,10.245903041999554
945,mps,stone_canyon,150,-129720.33278480904,453,False,-1.028206890275081,0.47441470363157956,0.053122350694611666,2.148560876051585,3.085317039489746,1.343315258026123,1.742001781463623,149.3300323486328,1898.55419921875,10.410087750002276
946,mps,single_training,4,24.013189057817243,0,True,0.9979865401983261,0.20209778100252151,0.006042364751920104,0.8375952243804932,3.1357762813568115,1.1123035550117493,2.0234726667404175,9.89294719696045,62.430145263671875,0.3275869580102153
947,mps,stone_canyon,150,-107474.45973994902,372,False,0.5503363536298275,0.7780137846638778,0.04876964799128473,1.738271119793256,3.0008826780319215,1.3443900632858277,1.656492615143458,646.05712890625,2576.483154296875,10.236310374981258
948,mps,stone_canyon,150,-124879.85062758006,431,False,-0.9139598747591178,0.34870327197771983,0.0463177041709423,1.7515145548184712,3.018267455101013,1.3434383694330851,1.674829092423121,136.5167999267578,1803.8570556640625,10.526145207986701
949,mps,single_training,19,-43.9501871876358,0,True,2.7750261080892464,1.270664199010322,0.005782976550491233,0.8014140787877535,3.2263247966766357,1.2318187010915655,1.9945060516658581,71.24172973632812,211.59803771972656,1.392274332989473
950,mps,single_training,150,-136212.23726284044,438,False,-1.7755804876734813,1.0295461135498407,0.05405429731123149,2.0171925377845765,2.9580765358606973,1.3409569724400838,1.617119558652242,210.67149353027344,6044.0771484375,10.30720779200783
951,mps,stone_canyon,58,-10842.202316672712,38,True,5.194177105830147,3.200196953984138,0.012538927502865935,2.361184831323295,3.304330772367017,1.3228260422575062,1.9815047280541782,238.77101135253906,6656.32666015625,3.972134499985259
952,mps,stone_canyon,64,-8958.227948347776,31,True,5.920661788608413,3.122019555029823,0.014946599636459723,2.9665477499365807,3.340049747377634,1.3258537109941244,2.0141960326582193,279.6132507324219,1300.398681640625,4.343700375000481
953,mps,stone_canyon,150,-125586.69503935125,434,False,-0.7961187699437141,0.6267523501755204,0.05520201473807295,2.2176195200284323,3.037553238868713,1.3348926107088726,1.7026606369018555,259.9147644042969,2567.992919921875,10.223244292021263
954,mps,stone_canyon,150,-12901.82277857902,42,False,6.768287604550521,4.492455346264566,0.033155808597803114,4.142775309085846,3.4831075223286945,1.3340349547068278,2.1490725747744244,1767.0643310546875,4618.3544921875,10.34837795898784
955,mps,single_training,150,-116016.07359054318,381,False,-1.1293777749563256,0.659945722612465,0.05382423164943854,1.7063367319107057,3.375856796900431,1.332400787671407,2.043456008434296,166.2867889404297,6199.7412109375,10.455405083979713
956,mps,stone_canyon,150,-70472.49328451701,244,False,1.8868188110273332,0.5213923888623071,0.02956024629374345,1.9269100610415142,3.4368918466567995,1.3287690456708272,2.1081228065490722,526.464111328125,8410.3046875,10.33392587499111
957,mps,stone_canyon,41,-11298.425212426702,40,True,3.8410270336742807,1.667027772849684,0.017577025766779737,2.8671431832197234,3.320981130367372,1.2715814927729165,2.0493996579472613,107.65360260009766,1238.8936767578125,2.8349758330150507
958,mps,single_training,12,-38.36596190314184,0,True,1.395522763331731,0.262583476336052,0.010740187717601657,1.335002342859904,3.068332612514496,1.1024501323699951,1.9658824702103932,26.547683715820312,1391.7791748046875,0.8254962089995388
959,mps,stone_canyon,150,-115861.69693330496,401,False,-0.9814421279123053,0.4144228091002454,0.04496869132543604,1.350069407224655,2.9501808945337933,1.3220595939954123,1.6281213057041168,180.4580535888672,674.1558227539062,10.239683374995366
960,mps,single_training,7,37.111042213080054,0,True,0.7290752295936856,0.08965792506933212,0.007230770108955247,0.7719462769372123,2.9913439410073415,1.0594714879989624,1.9318724700382777,11.392842292785645,45.11612319946289,0.49700341699644923
961,mps,single_training,7,-13.289882869305416,0,True,0.5060800995145526,0.07995003142527171,0.005610411454524312,0.7147501792226519,2.9869206292288646,1.0525288241250175,1.9343918221337455,10.475736618041992,185.38845825195312,0.48215237498516217
962,mps,stone_canyon,150,-106623.4553781015,365,False,-0.7515252956662638,0.35547448009432475,0.04921238917236527,1.7522454496224722,3.008392704327901,1.316394096215566,1.6919986208279927,152.92559814453125,3442.88330078125,10.22355645900825
963,mps,single_training,7,32.069324605108704,0,True,0.672506791140352,0.04925622142452214,0.004398266319185495,0.6827040229524884,2.937089579445975,1.0379232253347124,1.8991663285664149,8.459888458251953,152.5689239501953,0.4885724160121754
964,mps,single_training,150,-89803.53467224637,296,False,-0.5437775550658505,0.2030931202722377,0.04961928724776953,1.6575089502334595,2.785767223040263,1.3122010978062948,1.4735661268234252,123.77397918701172,399.7701416015625,10.217825125000672
965,mps,stone_canyon,150,-135247.32730331438,472,False,-2.287293940372765,1.0567856324316138,0.06033803923676411,2.19679603099823,2.95827184677124,1.3131982604662578,1.6450735942522685,450.3408203125,3214.67236328125,10.482938250002917
966,mps,single_training,4,28.24757512084746,0,True,0.2769454875960946,0.026995061023626477,0.004117101896554232,0.6354051977396011,2.850423514842987,1.0140982419252396,1.8363252878189087,3.6581037044525146,35.302345275878906,0.3235526659991592
967,mps,stone_canyon,150,-130614.28256854565,451,False,-2.6023029078046482,1.0184970350184206,0.04798596030722062,1.3699510699510575,2.8930667066574096,1.312351811726888,1.5807148969173432,665.7528076171875,8316.8359375,10.254831917001866
968,mps,stone_canyon,150,-137996.6729899275,481,False,-3.1659340194985273,1.1545924851075202,0.050311932774881524,2.0790848112106324,3.106020154953003,1.3149244924386343,1.7910956724484761,706.5845947265625,2142.636962890625,10.30043745902367
969,mps,single_training,5,14.394926030759972,0,True,0.3402907460927963,0.04946004189550877,0.007465493492782116,1.1464504718780517,2.98896803855896,1.0134623408317567,1.9755056619644165,5.998148441314697,60.878570556640625,0.3778469579992816
970,mps,stone_canyon,150,-98141.33635896383,342,False,0.0962193721656998,0.4002551704205511,0.04642011340707541,2.1040132649739585,3.2326705058415732,1.3154954838752746,1.9171750283241271,229.7001495361328,2424.804931640625,10.218479083006969
971,mps,stone_canyon,150,-119857.67359921678,419,False,-1.5926609740654627,0.47650212214056714,0.047399442667762436,2.480111665725708,3.358117192586263,1.314906450510025,2.0432107361157734,311.7243957519531,2022.8427734375,10.26069154200377
972,mps,single_training,4,22.86449386458798,0,True,0.46607645973563194,0.030148511519655585,0.00986752868629992,1.37092924118042,2.994878113269806,0.9833794236183167,2.011498749256134,4.101467609405518,131.24755859375,0.31446525000501424
973,mps,stone_canyon,33,-7600.121727002184,27,True,3.5936456376856025,1.4147238091664445,0.01162698320254232,2.50324022769928,3.2377205473003965,1.2275660182490493,2.010154547113361,95.25277709960938,491.29864501953125,2.256384790991433
974,mps,single_training,150,-112833.1553132116,372,False,-1.4557258399451773,0.6661846491475565,0.05440812670936187,1.6368382533391317,3.1487180169423423,1.317661717335383,1.8310563031832376,190.0001220703125,716.6910400390625,10.262150916008977
975,mps,stone_canyon,150,-77854.92188952609,274,False,1.2765296098341545,0.5658668037936695,0.0405638100579381,2.31752250512441,3.308323860168457,1.3191566375891368,1.9891672245661418,324.7640380859375,2416.03125,10.888101667020237
976,mps,stone_canyon,150,-44124.345785444646,156,False,3.571382783303658,1.5829575950801276,0.033915815968066455,3.1226459590593976,3.421442159016927,1.3218801752726237,2.099561992486318,760.6588134765625,1344.862060546875,10.741755124996416
977,mps,single_training,4,24.811434331043927,0,True,0.5308369174599648,0.05199537565931678,0.0095670185983181,0.7456291764974594,2.8316463232040405,0.9953228831291199,1.8363234400749207,5.365192890167236,190.50094604492188,0.3278664170065895
978,mps,single_training,150,-83281.06749390009,281,False,0.14328519504497914,0.13907036520514632,0.05093036134416858,2.1130105497439704,2.7042656246821086,1.3212569065888722,1.3830087208747863,162.62733459472656,3394.648681640625,10.201243499992415
979,mps,single_training,150,-83710.96812137448,278,False,0.15835684418678284,0.2436047266804432,0.04436094125111898,1.7059486548105876,2.745676778157552,1.3224596206347148,1.423217161099116,279.31756591796875,3091.1103515625,10.355519207980251
980,mps,single_training,6,-14.737809308773294,0,True,1.0764249016841252,0.11764521710574627,0.008813658263534307,0.5881754557291666,2.7892849842707315,1.0308293203512828,1.758455713589986,10.987689018249512,52.900604248046875,0.44578191699110903
981,mps,single_training,150,-123068.53688749818,404,False,-2.2623891749978067,0.8156260531263736,0.0651838512532413,2.1365495538711547,2.4367946553230286,1.3216471004486083,1.11514755487442,554.4472045898438,1885.0068359375,10.24359845800791
982,mps,single_training,6,59.01379046224157,0,True,0.6493102163076401,0.10217749482641618,0.007761765504255891,0.6214710275332133,2.8515230814615884,1.0258801678816478,1.8256429036458333,10.333063125610352,139.0841064453125,0.4265634999901522
983,mps,stone_canyon,150,-37641.76225671362,129,False,3.577120227366686,1.6680633490689798,0.0233489611496528,2.940368204116821,3.320260739326477,1.3223226523399354,1.997938088575999,831.1066284179688,4542.45849609375,10.201732375018764
984,mps,single_training,7,-16.09110075394358,0,True,0.8103583710534232,0.1277391498110124,0.006502164461250816,0.7321326647486005,3.014774901526315,1.0411749737603324,1.973599876676287,12.527155876159668,57.32756042480469,0.49873837499762885
985,mps,single_training,4,26.3701699346996,0,True,0.6243297420442104,0.037143086316064,0.0052860877476632595,0.9401109665632248,3.099141299724579,0.9999391138553619,2.0992021560668945,4.458062171936035,210.34999084472656,0.2811830840073526
986,mps,single_training,150,-100935.98641130452,337,False,-1.3384781876175353,0.391028704152086,0.061234227794532976,2.3150965356826783,2.5231249698003135,1.3217730033397674,1.2013519642750423,419.5193786621094,7259.05859375,10.242936915979953
987,mps,single_training,7,-25.30177495619266,0,True,0.638541402561324,0.061463216020326526,0.004506448882498911,0.9969493917056492,3.122304609843663,1.0165993145533971,2.105705295290266,8.417963027954102,335.4268493652344,0.49375983301433735
988,mps,single_training,19,-87.95147537120437,0,True,2.2975502016120837,0.7429610355098512,0.005005326342621916,0.7779123814482438,3.1266713895295797,1.147492462082913,1.9791789243095799,55.6540412902832,157.42526245117188,1.2781929999764543
989,mps,stone_canyon,150,-116037.29849938278,406,False,-2.0109744057431818,0.6528160266057239,0.049358804857668775,2.1499577498435976,3.032452007929484,1.3187756907939912,1.7136763254801433,518.89453125,2226.794677734375,10.231478374975268
990,mps,single_training,5,15.86068450923105,0,True,0.18834615051746367,0.015911986643914133,0.004646165575832128,0.6284167408943176,2.8276035308837892,0.9832123517990112,1.8443911790847778,1.5950326919555664,62.61280059814453,0.3649755000078585
991,mps,single_training,4,29.85315388766883,0,True,-0.017736490815877914,0.008009280155874876,0.005326267331838608,0.6400765478610992,2.781304180622101,0.9600452482700348,1.8212589621543884,1.0056326389312744,33.2841796875,0.2812348750012461
992,mps,single_training,150,-110162.74196314691,363,False,-2.220177866468827,0.8475286276300903,0.056044559432193636,1.766086147626241,2.708921667734782,1.3131964643796286,1.395725204149882,710.6546630859375,1583.0321044921875,10.205555249995086
993,mps,stone_canyon,86,-9138.818690409054,33,True,5.487612034259147,3.9144344603387147,0.013842538410667763,3.555237986320673,3.2655897306841473,1.3133128444815791,1.952276885509491,510.74395751953125,1911.93310546875,5.883378916973015
994,mps,stone_canyon,109,-23320.526954155623,84,True,4.859905666577706,2.8814245972017662,0.01809437401643997,2.3331674501436566,3.3219712458619286,1.3113054715165304,2.010665752472134,713.1869506835938,3396.781982421875,7.449240833986551
995,mps,stone_canyon,150,-112590.73993798713,388,False,-1.7013964761343474,0.6740706640928791,0.044300296297296884,1.4620823603868485,3.0024035199483237,1.3070297773679098,1.6953737437725067,496.50018310546875,4984.09814453125,10.254699291981524
996,mps,single_training,6,55.39962372887165,0,True,-0.22860802803188562,0.026328194192804705,0.005385771626606584,0.6890717546145121,2.77133317788442,0.9530291358629862,1.8183040618896484,4.682337284088135,58.507808685302734,0.4438694170094095
997,mps,single_training,5,0.050906221400971674,0,True,-0.5386618047952652,0.03397033652290702,0.004906087554991246,0.6526817440986633,2.7407981395721435,0.9377791047096252,1.8030190467834473,5.82896614074707,22.531705856323242,0.34837675001472235
998,mps,stone_canyon,22,-2043.3961737297661,7,True,1.5461962021548639,0.5841050769085996,0.007306788825768639,3.224052060734142,2.9413829174908726,1.1164466549049725,1.8249362436207859,46.10034942626953,675.8703002929688,1.4911549579992425
999,mps,stone_canyon,150,-67090.84136415391,230,False,0.7936376680930456,0.3609837103333363,0.039712241305969655,1.7440012049674989,3.0766671307881674,1.3034601287047067,1.773207009633382,171.26458740234375,4634.19677734375,10.230592167004943
1000,mps,stone_canyon,123,-28250.40590854371,98,True,4.7380741859475775,2.3682403926550917,0.0262201250875293,1.8782688728192958,3.290858421868425,1.3051822510192064,1.9856761693954468,804.009033203125,1725.7418212890625,8.476725292013725
1001,mps,stone_canyon,51,-16207.880060451098,57,True,3.4054293432364275,1.9014732053996448,0.011720149823482715,2.846146901448568,3.133715068592745,1.2513244759802724,1.8823906089745315,125.05435180664062,6201.98779296875,3.59785141699831
1002,mps,stone_canyon,39,-8481.248165435,30,True,3.200423836325988,1.2894187904536152,0.007939825437437648,3.2476624831175194,3.1109928901378927,1.2075666479575329,1.903426243708684,89.32191467285156,897.6358642578125,2.664801874983823
1003,mps,single_training,150,-90814.93758535093,303,False,-1.4590719688419873,0.3818012295343131,0.07668348921773334,1.7472245363394419,2.9449489466349283,1.2946134217580159,1.6503355280558267,415.3622131347656,2638.032958984375,10.220769874984398
1004,mps,single_training,150,-101981.85510645653,336,False,-1.4436972033418716,0.5854211029567765,0.11168973494088277,2.200645086367925,2.658491536776225,1.290923297405243,1.367568242152532,305.042724609375,700.8919067382812,10.66138270800002
1005,mps,stone_canyon,150,-89915.35586921242,314,False,-0.6554923946868317,0.3627528926871518,0.05092737371412416,1.621890059709549,3.194767853418986,1.2917167286078135,1.9030511180559795,255.67813110351562,1101.341552734375,10.98368083400419
1006,mps,single_training,10,-14.949921939201616,0,True,0.19883409440517424,0.03963921450340422,0.0027033180696889756,0.8612044334411622,2.869406485557556,0.9754546344280243,1.8939518690109254,4.524049758911133,216.60545349121094,0.7441687500104308
1007,mps,single_training,5,0.9906852798752048,0,True,0.25381447263062,0.010219801747007295,0.002492817444726825,0.7948721647262573,2.84513144493103,0.9523450016975403,1.8927865028381348,0.7430142760276794,102.16078186035156,0.3501005420112051
1008,mps,single_training,5,9.213386185784774,0,True,0.1169236684218049,0.012760604670620523,0.002982166362926364,0.7068287611007691,2.849331426620483,0.9602446913719177,1.8890867710113526,1.7564889192581177,43.97594451904297,0.3482260830060113
1009,mps,single_training,5,2.8368572462474084,0,True,0.04803357105702162,0.009564584237523377,0.0034123646561056375,0.7037220239639282,2.8703661918640138,0.9584951281547547,1.9118710517883302,1.640034794807434,34.06743240356445,0.3464548749907408
1010,mps,single_training,5,12.876159351798126,0,True,0.11109980382025242,0.011060745287261397,0.00409776447340846,0.7733569741249084,2.9054214000701903,0.9618966817855835,1.9435246944427491,2.0426926612854004,130.1690673828125,0.34704287501517683
1011,mps,stone_canyon,128,-36207.78390073638,121,True,3.7270938158690115,1.9158265358931033,0.019583536770369392,3.5199800077825785,3.3176176846027374,1.3017081604339182,2.0159095227718353,808.557861328125,1927.36279296875,8.734593458997551
1012,mps,stone_canyon,150,-129380.64492403097,446,False,-2.9361325753231844,1.154828616588687,0.05011966003725926,2.273095523516337,3.101116310755412,1.3010821358362834,1.8000341693560282,781.89306640625,1796.5006103515625,10.301631999987876
1013,mps,single_training,150,-137031.88026699287,447,False,-3.095124204978347,1.7597363377114137,0.062392077107603354,2.5585703734556833,2.413987650871277,1.2993194087346396,1.1146682419379552,710.4889526367188,3241.99365234375,10.280890666996129
1014,mps,stone_canyon,150,-144005.61882556387,498,False,-3.5310659874478976,1.5608687763490403,0.04991310429448883,2.04233815908432,3.0189678144454954,1.3018149288495382,1.7171528812249501,817.4856567382812,1614.5845947265625,10.902417000004789
1015,mps,stone_canyon,150,-109878.03565215417,379,False,-1.3294211252902945,0.4270721221363056,0.04355002945289016,2.0059305461247763,2.997534801165263,1.305802920262019,1.6917318805058796,349.24755859375,1589.5814208984375,10.445787917007692
1016,mps,single_training,4,4.549844624131492,0,True,0.5960463844239712,0.04316800436936319,0.011714413994923234,0.6152324974536896,2.7882781624794006,0.9957722574472427,1.792505919933319,4.7745490074157715,87.06570434570312,0.3278748330194503
1017,mps,stone_canyon,150,-95272.16742073382,332,False,-0.25458599875370663,0.2640515312360852,0.04057139976571004,1.8598324646552404,3.103043808937073,1.3078062089284261,1.795237591266632,134.6219482421875,1132.6788330078125,10.27166679201764
1018,mps,stone_canyon,38,-10344.631548208212,38,True,3.4542288378273187,1.425718134560731,0.013297624788001963,2.808035599557977,3.120994655709518,1.2419059574604034,1.8790887123660038,94.59053039550781,1149.6170654296875,2.621027707995381
1019,mps,single_training,150,-107135.33386760269,360,False,-1.1205449214026642,0.43496828873366516,0.058123083791385095,1.6817386531829834,2.91085089524587,1.3124871468544006,1.5983637563387554,138.79379272460938,1359.3719482421875,10.236408333003055
1020,mps,single_training,4,24.562792059572413,0,True,1.0308026522397995,0.12171717546880245,0.008291549980640411,1.3260445296764374,3.0239920616149902,1.0314434468746185,1.9925486743450165,7.750019073486328,54.699073791503906,0.2982689169875812
1021,mps,single_training,150,-108500.91133477536,356,False,-1.0625938885038098,0.46345973246892147,0.05386921347429355,1.795308787027995,3.2497559626897177,1.31531933705012,1.9344366375605266,136.6575927734375,6157.7734375,10.24941374998889
1022,mps,single_training,7,-8.538854317053245,0,True,1.7472003187452043,0.24936188012361526,0.0053254359933946815,2.6375279426574707,3.242265122277396,1.0782089744295393,2.1640561648777554,17.369993209838867,786.9051513671875,0.4944000830000732
1023,mps,single_training,150,-115047.18417681339,374,False,-1.340459240047882,0.5703673940619773,0.06111401004716754,2.786594548225403,3.0259033266703286,1.3175216690699258,1.7083816576004027,148.7657470703125,7661.259765625,10.22529104098794
1024,mps,stone_canyon,150,-82774.10118654383,287,False,1.4234033550322056,0.431900444504184,0.041983396609624225,2.6194970575968424,3.1753549830118817,1.31884872118632,1.8565062626202902,457.48358154296875,4058.341552734375,10.820235708000837
1025,mps,stone_canyon,13,-385.5726214010277,1,True,2.117106157999772,0.5801676632120059,0.002413630592994965,4.657533755669227,3.3092569204477162,1.142469965494596,2.1667869641230655,40.061561584472656,948.3919067382812,0.9420779999927618
1026,mps,stone_canyon,18,-2757.9256246309924,10,True,2.800056801901923,0.8720396252142059,0.003110266950291892,3.1422954267925687,3.3318377203411527,1.1767062875959609,2.1551314194997153,59.65587615966797,512.2565307617188,1.2399226250126958
1027,mps,single_training,5,12.036433252296174,0,True,1.1325174689292907,0.2114063948392868,0.001921920129097998,1.8102113723754882,3.1791292667388915,1.070841646194458,2.1082876205444334,11.888299942016602,193.18435668945312,0.34748320799553767
1028,mps,single_training,150,-132989.45499228477,435,False,-2.6386387059728924,1.2046608661108613,0.11651014984042073,2.225488620599111,3.22105215549469,1.3209344450632732,1.9001177032788594,350.98370361328125,8142.8896484375,10.230237917014165
1029,mps,stone_canyon,3,22.795715728415498,0,True,1.9852896928787231,0.1229490265250206,0.0011154393044610818,3.135136047999064,2.993696848551432,1.0419715642929077,1.9517252445220947,5.825128078460693,243.7093048095703,0.22956649999832734
1030,mps,stone_canyon,8,-271.3684321703644,1,True,1.3335800096392632,0.23862416110932827,0.0014672604156658053,2.65017107129097,3.0097228288650513,1.083456203341484,1.9262666404247284,18.76343536376953,84.27935791015625,0.5425485829764511
1031,mps,single_training,5,14.304843685412685,0,True,1.0270927786827087,0.11187570467591286,0.001663184748031199,0.980686354637146,2.961917781829834,1.0436115026474,1.918306303024292,8.990652084350586,265.7521667480469,0.346918082999764
1032,mps,single_training,150,-83160.7229423069,275,False,0.8689375281551232,0.6249888986855603,0.0847599972897054,1.7041160949071248,3.0357522630691527,1.3180471277236938,1.7177051305770874,580.1878051757812,1759.8779296875,10.19962141700671
1033,mps,stone_canyon,39,-14021.22093780924,50,True,3.205315964630781,1.5200871610611033,0.011345565498161774,2.78486207815317,3.179442992577186,1.2549055233979836,1.9245374966890385,90.13717651367188,429.4708557128906,2.6776587500062305
1034,mps,stone_canyon,150,-90655.41019486454,316,False,0.9656030107413729,0.5528334343938331,0.09738306309989032,2.085595044294993,3.070051662127177,1.3123248608907063,1.7577268075942993,469.93585205078125,3395.86865234375,10.241177291987697
1035,mps,single_training,7,-10.446210460578305,0,True,0.48746579326689243,0.04438868199940771,0.0017556251592135855,0.7286269068717957,2.9598707812173024,1.026402737413134,1.933468018259321,7.2348246574401855,34.35332489013672,0.5039885000151116
1036,mps,single_training,12,-37.88515292775088,0,True,0.7769524011140069,0.12909783186235776,0.0020964422243802496,0.7236054440339407,3.018028716246287,1.0626181463400524,1.9554105897744496,16.96222686767578,313.1863708496094,0.8113096250162926
1037,mps,single_training,4,18.803903709481702,0,True,-0.28893837705254555,0.01867354998830706,0.0011464315030025318,0.7197293192148209,2.9084572196006775,0.9553541243076324,1.9531030356884003,3.4610183238983154,11.4104642868042,0.28117629201733507
1038,mps,single_training,4,16.57598156014906,0,True,-0.19972665421664715,0.017687879684672225,0.0011708084348356351,0.771525040268898,2.9541577100753784,0.9598483741283417,1.9943093359470367,3.039219617843628,11.271766662597656,0.28049662499688566
1039,mps,single_training,7,27.926696081771304,0,True,0.15249831096402236,0.02023042884788343,0.0014267405993970378,0.750872084072658,2.9851018360682895,1.0116700444902693,1.9734317745481218,2.3216969966888428,128.7259063720703,0.4764550830004737
1040,mps,stone_canyon,150,-106311.79604262912,370,False,-0.9831820734466116,0.3646334598469305,0.07151811390882358,2.59720255057017,3.2207244714101155,1.3025740774472554,1.9181503939628601,226.46607971191406,1662.31982421875,10.433095374988625
1041,mps,single_training,5,8.196194014743128,0,True,0.2944908756762743,0.011171949854906415,0.0023238722002133726,0.6593884587287903,2.885197114944458,1.0194676756858825,1.8657294273376466,2.083047866821289,16.041561126708984,0.36533591701299883
1042,mps,single_training,6,56.43134014644143,0,True,0.3584441946198543,0.042026688029485136,0.004163107058654229,0.7467776536941528,2.9312591552734375,1.0505637327829997,1.880695362885793,5.605559349060059,41.12679672241211,0.4173945419897791
1043,mps,single_training,5,-0.8860248010586744,0,True,0.30753317177295686,0.01628691734804306,0.007655309326946735,0.7952083945274353,2.9193844318389894,1.040537214279175,1.8788471937179565,3.1649346351623535,151.96444702148438,0.35050550001324154
1044,mps,stone_canyon,150,-47187.73083437238,167,False,2.8530254112929105,1.104385050219095,0.038055459906657534,2.695589323838552,3.2960704549153648,1.3079464705785115,1.98812398036321,637.2884521484375,3679.397705078125,10.298039875022369
1045,mps,single_training,44,-232.14807059193913,0,True,3.981476724063131,1.81614402938232,0.023144016042351723,0.9081847003915093,3.194916633042422,1.2708567380905151,1.9240599193356254,137.15371704101562,979.4566040039062,3.0217062089941464
1046,mps,single_training,17,-58.39001876275408,0,True,1.4774876841727425,0.35657557215788127,0.021226883701541844,0.999516743070939,3.055784309611601,1.1382108926773071,1.9175734099219828,36.717533111572266,998.1639404296875,1.1634827500092797
1047,mps,stone_canyon,150,-114205.39596210577,397,False,-1.6116693051780264,0.5744266050342898,0.0495579723889629,2.165486539999644,3.1514005772272746,1.307595341205597,1.8438052320480347,328.21466064453125,4948.75146484375,10.256734875001712
1048,mps,single_training,150,-89150.08010935907,296,False,-0.9153603943592559,0.20615972937447888,0.050697384358694156,1.5466927433013915,3.242784929275513,1.3066844709714254,1.9361004614830017,164.1453094482422,2827.74365234375,10.511367250001058
1049,mps,stone_canyon,150,-147447.30864971163,511,False,-3.8745372766815125,1.824877080473622,0.0501069330672423,2.0391159216562906,3.1205936606725055,1.3081348594029745,1.812458799680074,759.3230590820312,6363.34130859375,10.514274040993769
1050,mps,stone_canyon,58,-13513.504792485724,47,True,4.079269763520831,1.9745369686434846,0.01560388197158945,3.1448407871969817,3.443978556271257,1.2930015510526196,2.150977003163305,161.3923797607422,930.550048828125,4.007742124987999
1051,mps,stone_canyon,48,-7146.960685826418,25,True,3.54583235247992,1.590010840068241,0.01141143673642849,4.668014784653981,3.422580654422442,1.2723612661163013,2.1502193808555603,123.98462677001953,2065.550537109375,3.2924281249870546
1052,mps,single_training,8,26.82709965688071,0,True,0.2637712834402919,0.03353906147094676,0.006302095425780863,2.246532678604126,3.217094510793686,1.0743622481822968,2.1427322924137115,4.180459499359131,613.8743896484375,0.5515762499999255
1053,mps,single_training,150,-104878.04597134289,345,False,-2.3904883481383634,0.7737407583192082,0.05951510685185591,2.9361854537328083,3.235692669550578,1.3050341296195984,1.930658548672994,641.8523559570312,9869.7119140625,10.230974750011228
1054,mps,single_training,6,-4.017912064282839,0,True,0.028195619854765635,0.015773417494983732,0.004830420793344577,1.9430695573488872,3.178743282953898,1.0639668305714924,2.1147764126459756,1.3797003030776978,217.44964599609375,0.43340808301582
1055,mps,stone_canyon,150,-44644.87737686355,154,False,2.085979305530588,0.6701659149881258,0.028981210902954142,2.3716813683509828,3.34112131913503,1.304477304617564,2.0366440161069232,407.9459533691406,2151.479736328125,10.192612167011248
1056,mps,stone_canyon,44,-7508.017438980352,27,True,3.1383489148521964,1.267487986836138,0.009715383909431032,2.710498235442422,3.3121344338763845,1.258372352881865,2.0537620809945194,103.51629638671875,1053.24365234375,3.0125368750013877
1057,mps,stone_canyon,150,-87692.05018098856,302,False,-0.5394293920695782,0.28221369231236926,0.03437691251126428,1.7259325897693634,3.2087306690216066,1.301073402563731,1.9076572585105895,180.7510528564453,1993.9600830078125,10.264676499995403
1058,mps,stone_canyon,56,-14472.401385100053,51,True,3.2541920156883344,1.8080450438127238,0.011222271406690456,3.170633850353105,3.182993803705488,1.2783555856772832,1.904638226543154,142.16734313964844,1219.905029296875,3.798695334000513
1059,mps,stone_canyon,150,-105615.23651838822,365,False,-2.0779374441007774,0.6348411600477993,0.036979655902832746,1.485805871685346,3.109041641553243,1.297572552363078,1.811469083627065,549.2923583984375,2715.9697265625,10.254386499989778
1060,mps,single_training,150,-118206.90484381311,390,False,-2.7154962071000286,1.3799839403249465,0.07647770306250701,2.357687618335088,2.424991634686788,1.2916084162394206,1.133383219440778,527.7664184570312,1037.6845703125,10.510680166014936
1061,mps,single_training,8,12.026355421317191,0,True,0.166827008506516,0.021715272638630267,0.004131194204092026,0.6614209562540054,2.90633961558342,1.0710990577936172,1.8352405577898026,1.900414228439331,69.19083404541016,0.5989662499923725
1062,mps,stone_canyon,150,-113986.43726464556,394,False,-2.181329501966635,0.7209231385191803,0.039535888945683835,1.8244226638476053,3.124854078292847,1.295752645333608,1.8291014337539673,495.228271484375,1358.3377685546875,10.251742583001032
1063,mps,stone_canyon,150,-134151.79129137477,461,False,-3.333817568173011,1.3908791800237184,0.04957766722887755,2.046412861744563,2.967878565788269,1.3004908529917398,1.6673877048492431,651.3051147460938,6944.81396484375,10.501985917013371
1064,mps,stone_canyon,150,-132268.4694502317,454,False,-2.6310602686926723,1.2653676430283425,0.045628432994708416,1.9070908260345458,2.910650914510091,1.3040366530418397,1.6066142698129018,494.7200622558594,2655.54736328125,10.334563750016969
1065,mps,stone_canyon,150,-155770.6973734614,537,False,-3.9299606489390135,2.2731185410001005,0.047568675509343544,2.3281801732381187,3.0462976439793903,1.3068544745445252,1.739443171819051,866.2039794921875,7185.71875,10.432393541006604
1066,mps,stone_canyon,150,-116465.24699810553,406,False,-1.7425525294740996,0.5469674972759094,0.03938570855806271,1.835469571352005,3.0741904099782307,1.3099216945966086,1.7642687066396077,321.8525390625,3290.91845703125,11.142854875011835
1067,mps,single_training,4,29.467010391216405,0,True,0.524038290604949,0.026272026589140296,0.011225421680137515,0.7177475392818451,2.971828281879425,1.0838959515094757,1.887932300567627,3.458685874938965,85.67515563964844,0.32892787500168197
1068,mps,single_training,5,5.981944193250577,0,True,0.6069330185651779,0.05427815858274698,0.012151430547237396,0.764545202255249,3.000571870803833,1.0998462915420533,1.9007256269454955,5.98907995223999,88.15101623535156,0.3488659159920644
1069,mps,single_training,150,-140607.95823649614,463,False,-3.137801076952989,1.6650586961755713,0.06224981535226107,2.427831822633743,2.5809179242451985,1.3165697765350342,1.2643481584390004,640.8548583984375,1747.9588623046875,10.299998875008896
1070,mps,single_training,9,-2.4009763012824976,0,True,1.0339414444234636,0.15297919718755615,0.010309186143179735,0.7489362955093384,3.0494884385002985,1.1331189076105754,1.9163695441351996,16.2274227142334,35.38297653198242,0.6318513750156853
1071,mps,single_training,150,-123189.26980031689,403,False,-2.003634973244431,0.7926179068605901,0.05753038447660704,2.0653790720303853,2.571124823888143,1.3195010177294413,1.2516237982114156,312.6107482910156,3474.604248046875,10.253581958997529
1072,mps,single_training,6,-4.025088105941585,0,True,0.9273365835348765,0.08755181636661291,0.004870714076484243,0.6984395186106364,2.9992101589838662,1.1208811402320862,1.8783290386199951,8.737584114074707,352.8995056152344,0.4293662919953931
1073,mps,single_training,150,-133327.9146634427,435,False,-2.3365658881701528,1.244982363368193,0.0644212292212372,1.648867240746816,2.62392640431722,1.3221475466092427,1.3017788489659627,310.5708312988281,792.897705078125,10.269580166990636
1074,mps,single_training,150,-119583.27711994272,399,False,-1.3493610382809613,0.8636242277603833,0.07304997121604781,2.1959176329771677,2.6468014891942344,1.3226233355204264,1.324178151289622,198.137939453125,908.4881591796875,10.366141750011593
1075,mps,stone_canyon,150,-113516.62763900489,394,False,-0.5030077942709128,0.4235036682878854,0.04822290116144965,2.025964632034302,3.023257242838542,1.3261741065979005,1.697083127895991,193.08401489257812,875.4166259765625,10.4092539580015
1076,mps,stone_canyon,150,-78057.34282113652,273,False,1.863330371249467,0.6835929575709209,0.036923241866752506,1.6085521203279496,3.2191185553868613,1.3301322650909424,1.888986287911733,577.57373046875,2567.187744140625,10.767348334018607
1077,mps,stone_canyon,150,-74665.00561697118,263,False,1.872292686055104,0.5419441792512468,0.037682088771834966,2.739698016643524,3.3171235116322837,1.333467124303182,1.9836563928922017,522.9359741210938,1162.53857421875,10.576125416992
1078,mps,stone_canyon,150,-72266.77448504537,256,False,2.016484252413114,0.639911971965339,0.03801983380690217,2.5415654428799948,3.3012471628189086,1.3353895862897238,1.9658575852711995,557.988037109375,2776.240234375,10.293303999991622
1079,mps,stone_canyon,150,-130039.44092345699,445,False,-1.8749004215591898,0.7061368990449985,0.049126672906180224,1.7673947930335998,2.9366576353708904,1.3364711078008016,1.6001865295569102,220.10804748535156,5467.28564453125,10.498819000000367
1080,mps,single_training,15,-15.817383232688734,0,True,2.1344716509183246,0.6674201875925064,0.016983693838119505,1.0892266273498534,3.152926286061605,1.2174253622690836,1.9355008840560912,43.46281051635742,653.8853149414062,1.079607624997152
1081,mps,stone_canyon,100,-18341.087150973068,66,True,5.942113249711692,3.577666944112425,0.02769888235256076,3.5689740490913393,3.400178072452545,1.346772816181183,2.053405246734619,690.2340087890625,7344.16650390625,6.818995584006188
1082,mps,single_training,4,27.248725522974475,0,True,1.437627449631691,0.21978045254945755,0.021178395487368107,0.7186560779809952,3.0395992398262024,1.1689969301223755,1.8706023395061493,8.932414054870605,126.34432983398438,0.29169154100236483
1083,mps,stone_canyon,150,-116220.45238318892,396,False,-1.2527420187043026,0.34331591480316015,0.04472240327546994,1.7216013065973919,3.0379653080304463,1.3367959491411845,1.7011693521340687,297.70196533203125,2187.98583984375,10.235596332990099
1084,mps,stone_canyon,150,-135005.84633485865,468,False,-2.8432276659210522,0.8578851154105117,0.05267176695168018,2.242081868648529,3.040701955159505,1.3381688769658406,1.7025330646832784,580.1226196289062,2042.505859375,10.378484040993499
1085,mps,single_training,7,24.670940185016647,0,True,1.4996758358819144,0.344953790307045,0.01690086935247694,0.7633518406323024,3.173499652317592,1.1954034737178258,1.9780962296894617,18.01066780090332,282.17901611328125,0.5385644999914803
1086,mps,stone_canyon,15,-614.7436092393932,2,True,2.697781761487325,0.8116647442181905,0.016723060980439186,3.4626200199127197,3.1924753030141195,1.2387924909591674,1.953682780265808,44.30344009399414,938.5750122070312,1.0136749999946915
1087,mps,stone_canyon,150,-145967.4628252596,502,False,-2.7933830421666306,1.1420203472767025,0.05051736393322547,2.15493433713913,3.0270801973342896,1.3392992035547893,1.6877809953689575,486.39398193359375,3850.3603515625,10.226065958006075
1088,mps,single_training,12,-16.870074242153997,0,True,2.3708523561557135,0.6605505645275116,0.016696165781468153,0.6474449932575226,3.095714509487152,1.2318930526574452,1.863821417093277,34.92431640625,393.8115234375,0.8264217910182197
1089,mps,stone_canyon,150,-141008.55428670134,486,False,-3.2730615763862927,1.2049571158116061,0.042634589560329915,1.9721183816591898,3.0752640183766684,1.3382101488113403,1.7370538767178854,766.772216796875,6869.3486328125,10.227874917007284
1090,mps,single_training,8,18.2914291363797,0,True,1.5540960729122162,0.41901121847331524,0.018627802142873406,0.8404413461685181,3.1040186882019043,1.2100669741630554,1.893951654434204,21.271770477294922,48.72154235839844,0.5628791670023929
1091,mps,stone_canyon,150,-90977.8614831356,313,False,0.122751351694266,0.15705150628530343,0.03891401222596566,1.8561316096782685,3.1123299757639566,1.339469100634257,1.772860876719157,125.36249542236328,1357.6617431640625,10.214264833019115
1092,mps,stone_canyon,150,-35597.72734847616,122,False,3.773395329763492,1.5577555711184201,0.028946256395429373,3.1603945763905843,3.4209508498509726,1.3399546686808268,2.0809961835543316,650.6026000976562,1490.3074951171875,10.819895124994218
1093,mps,single_training,10,-15.889206837941224,0,True,1.6720344424247742,0.32808966711163523,0.009819164592772722,1.5057523250579834,3.1521687507629395,1.1983180046081543,1.9538507461547852,23.53960418701172,1041.6656494140625,0.7269179159775376
1094,mps,stone_canyon,150,-92980.42881026636,321,False,-0.0021034325907627743,0.23465700971592013,0.035143679759154715,1.6474972275892894,3.376636020342509,1.3380081343650818,2.0386278851826987,100.71094512939453,1287.103271484375,10.320424041972728
1095,mps,single_training,4,26.15458424982792,0,True,0.8162667751312256,0.09732772875577211,0.005455798702314496,1.5131385326385498,3.092004716396332,1.1509546339511871,1.941050112247467,6.220755577087402,66.60852813720703,0.29711820802185684
1096,mps,stone_canyon,150,-84891.25728601565,292,False,-0.2931462366506457,0.28494425135472434,0.033678588053832455,1.594648838241895,3.2476938915252687,1.3360918021202088,1.911602087020874,266.7951965332031,2719.764892578125,10.300486417021602
1097,mps,single_training,150,-105461.95243197134,350,False,-1.4238834969885648,0.3112635162487519,0.060895398737241827,1.309388787349065,3.014189971288045,1.33606959660848,1.678120367527008,251.4224853515625,523.882080078125,10.438493749999907
1098,mps,stone_canyon,150,-21926.81614184016,76,False,4.539537198320031,2.4668495109830597,0.03218111963942647,3.170973265171051,3.4127502044041953,1.3370425907770793,2.075707609653473,949.9797973632812,2133.224365234375,10.555270957993343
1099,mps,single_training,10,-66.2178725864049,0,True,1.422002151608467,0.2664110096171498,0.003429157612845302,0.7298530578613281,2.9979897499084474,1.1858771324157715,1.8121125936508178,20.006908416748047,255.58872985839844,0.7373469169833697
1100,mps,single_training,9,9.382750088632875,0,True,1.3261330127716064,0.2143102064728737,0.0034219902526173326,0.5947316553857591,2.9370979732937283,1.1774778366088867,1.7596201499303181,16.825830459594727,259.59320068359375,0.6157614159747027
1101,mps,single_training,4,20.20988675275987,0,True,0.42077743262052536,0.03510990971699357,0.0021147175575606525,0.6893705576658249,3.017210900783539,1.129014253616333,1.8881966471672058,3.8355712890625,28.019147872924805,0.28189812498749234
1102,mps,single_training,9,-47.59823903060151,0,True,0.6448348330126868,0.10005892000885473,0.002380552636976871,0.8466554681460062,3.1160299513075085,1.1518935097588434,1.964136415057712,11.877191543579102,158.84097290039062,0.6165799169975799
1103,mps,single_training,150,-146139.9387247155,482,False,-3.656834313447277,2.168784620092095,0.07815653837596377,2.6043701273202897,2.460773482322693,1.3332541871070862,1.127519297003746,892.4832153320312,4030.896240234375,10.240380666975398
1104,mps,stone_canyon,150,-113423.0744099168,392,False,-1.2132728329331925,0.3981827262344662,0.05873992018168792,2.283717592159907,3.1611675802866617,1.334628497759501,1.8265390841166178,176.61599731445312,7615.63330078125,10.43740575000993
1105,mps,stone_canyon,150,-134159.9252769007,461,False,-2.492070373464376,1.0350324311138441,0.054743082555166134,2.3646885101000468,3.122013816833496,1.3325337600708007,1.789480057557424,511.6999816894531,5279.20703125,10.329445374984061
1106,mps,single_training,150,-125292.69481768836,414,False,-2.118914095936343,0.9953906317371002,0.09862364476003374,2.292289275129636,2.2698536904652915,1.3330733633041383,0.9367803261677424,389.8597412109375,5302.53759765625,10.317117375001544
1107,mps,stone_canyon,60,-16146.179910223464,57,True,4.509850753347079,2.9349933408142532,0.013076201104559005,3.3692615032196045,3.1425254106521607,1.328391154607137,1.814134265979131,213.76686096191406,3776.13232421875,4.140066541993292
1108,mps,stone_canyon,150,-102132.18356570778,353,False,-1.0299076880638798,0.3227449083273435,0.047791447529258825,1.7682101623217266,2.960116367340088,1.3337849156061807,1.62633145570755,293.3697204589844,3856.95654296875,10.243485249986406
1109,mps,single_training,4,28.699170656223274,0,True,0.06948127783834934,0.00617837979370961,0.002276560408063233,0.7039747685194016,2.904647707939148,1.1073866486549377,1.7972610592842102,0.34580206871032715,46.35506057739258,0.31023791700135916
1110,mps,stone_canyon,150,-76611.39256470658,272,False,1.1824995774030684,0.45332076473898875,0.05052154178265482,2.4363640761375427,3.1418101596832275,1.3335851295789083,1.8082250221570333,356.07550048828125,827.6925659179688,10.252811499987729
1111,mps,stone_canyon,150,-51634.21561593545,184,False,2.596634785135587,0.9752540595208605,0.03531100548338145,1.7267796150843302,3.182116290728251,1.333309251467387,1.8488070408503214,529.1808471679688,4386.60986328125,10.284950542001752
1112,mps,single_training,5,24.3224849483177,0,True,0.03170788139104843,0.012752044177614153,0.003195740841329098,0.91650390625,2.9529210567474364,1.1154726266860961,1.8374484777450562,1.0509984493255615,116.57202911376953,0.37803158300812356
1113,mps,single_training,4,27.906213421212886,0,True,-0.002679884433746338,0.00398883136222139,0.0031298709800466895,0.9504071176052094,2.9522536993026733,1.1052046418190002,1.847049057483673,0.20700450241565704,33.617591857910156,0.28139112499775365
1114,mps,single_training,9,36.221114962554815,0,True,0.38039223073509576,0.06323621145223039,0.004158584478621681,0.9119448595576816,2.9776451852586536,1.1399807532628377,1.8376644319958158,6.45929479598999,248.0443115234375,0.6094027920044027
1115,mps,stone_canyon,29,-9709.894211681849,34,True,2.4079091405046396,1.1885599424512576,0.0070841718015485795,2.738063121664113,3.111337110914033,1.2760917482704952,1.8352453790861984,50.40739440917969,1804.642578125,1.9732282499899156
1116,mps,stone_canyon,150,-70744.63829792629,243,False,0.5793833240804573,0.2295289172522219,0.030769661208614706,1.7792041869958242,3.08315558274587,1.3289074579874673,1.7542481271425883,89.94620513916016,320.0341491699219,10.21603591699386
1117,mps,stone_canyon,150,-126773.40229468992,441,False,-2.035728727231423,0.7970779809325419,0.04724267091291646,2.264439001083374,2.870386171340942,1.3281244548161824,1.5422617165247599,429.22161865234375,1834.093017578125,10.267841833992861
1118,mps,single_training,150,-120200.56782195887,394,False,-2.60908599696743,0.9144676271566686,0.050586602675418056,1.5958522427082062,2.771640934944153,1.3289558291435242,1.4426851097742717,451.1087951660156,2501.8857421875,10.256549499987159
1119,mps,single_training,5,12.38316848579905,0,True,0.2321556894108653,0.015716278525360394,0.010182168893516063,0.7939466834068298,2.960342788696289,1.1265044212341309,1.8338383674621581,1.6917613744735718,98.09870910644531,0.37696558400057256
1120,mps,single_training,12,-22.346579026209582,0,True,1.1113246781751513,0.17507922769679377,0.012759536659965912,0.7933114667733511,3.007936120033264,1.1738776365915935,1.8340584834416707,15.712045669555664,119.5245590209961,0.8156778749835212
1121,mps,stone_canyon,150,-91922.98853134864,317,False,-0.19882404772409548,0.253252959605076,0.03856280564020077,1.494530646999677,3.114320904413859,1.3314814162254334,1.7828394818305968,107.92286682128906,1836.28369140625,10.357322083989857
1122,mps,single_training,7,-25.351247022998372,0,True,0.2984280671392168,0.0337059115456993,0.010353954774992806,0.8035486255373273,3.037562813077654,1.13929169518607,1.8982711008616857,4.353570938110352,69.99937438964844,0.49735312498523854
1123,mps,stone_canyon,150,-105026.95149378659,365,False,-0.5782547303514245,0.41619233658102756,0.04238910178964337,1.7180727875232698,3.054130384127299,1.3343201144536336,1.7198102649052938,162.67721557617188,4168.109375,10.399018750002142
1124,mps,single_training,18,-105.8872116192783,0,True,1.977412655742632,0.7368693873686425,0.00798689716288613,0.8140940897994571,3.125663677851359,1.2261652085516188,1.8994984759224787,39.500244140625,849.425537109375,1.256051208009012
1125,mps,single_training,150,-74995.87436334834,254,False,0.3095128504745662,0.19426863210765077,0.041992928472658,1.396187258164088,2.9281953239440917,1.335919394493103,1.5922759342193604,208.2830810546875,3750.75146484375,10.302975500002503
1126,mps,stone_canyon,56,-12364.676515202776,44,True,4.362830623784768,2.465019477217408,0.01250721760360258,2.7440197531666075,3.3195116307054247,1.3241771289280482,1.9953345102923257,166.2954864501953,2615.482421875,3.853195625008084
1127,mps,single_training,8,-33.720409824120644,0,True,0.36734666116535664,0.037610537159707746,0.005042009404860437,0.9010020866990089,3.096882313489914,1.1364280432462692,1.9604542702436447,4.496064186096191,44.05625534057617,0.5583292079973035
1128,mps,single_training,150,-101903.28788370125,338,False,-0.9882626841465633,0.6133354664076857,0.05410579060204327,1.4415822684764863,3.146778566042582,1.333505740960439,1.8132728258768718,207.8155059814453,1036.3836669921875,10.235998208983801
1129,mps,single_training,150,-153064.23138480238,497,False,-4.40514839415128,2.287974377020867,0.06650248267532637,1.6529428164164226,3.182153778076172,1.3361966490745545,1.8459571369489034,687.637939453125,1970.7935791015625,10.438614207989303
1130,mps,stone_canyon,150,-97651.13716498949,339,False,-0.5809602080192416,0.23880630987736898,0.04703276322223246,2.6943210474650066,3.330546309153239,1.3367408315340679,1.993805485566457,107.44359588623047,3702.13623046875,10.395377916982397
1131,mps,single_training,7,-24.077285381331876,0,True,0.7291062570043972,0.04504426170647743,0.004961801892412561,1.2055747849600655,3.3204549040113176,1.1375597885676794,2.1828951154436385,4.670340538024902,298.2016906738281,0.5350750829966273
1132,mps,single_training,150,-114035.73676103167,385,False,-2.1448973624408243,0.6933285113470629,0.054723073250303664,1.26863840897878,3.1740500052769978,1.339221404393514,1.8348286032676697,347.0299987792969,1448.8109130859375,10.236649792001117
1133,mps,stone_canyon,150,-102289.4082081003,356,False,-0.7187401833105832,0.2529273869993388,0.042730181155105434,2.2898452512423195,3.2909891684850057,1.3399455706278482,1.951043602625529,160.49365234375,648.4400024414062,10.286347209010273
1134,mps,stone_canyon,150,-124024.79484341656,428,False,-2.0306523163368304,0.5954727151295083,0.045391747824226815,2.0848689496517183,3.215275287628174,1.3421652054786681,1.8731100797653197,328.8670349121094,4718.04248046875,10.2409422500059
1135,mps,stone_canyon,150,-134386.1326173367,462,False,-2.587075676806271,0.9732197252845314,0.04287460160131256,1.9024781608581542,3.1778599913914998,1.3418704199790954,1.8359895753860473,361.6100158691406,7249.76123046875,10.509833458985668
1136,mps,stone_canyon,150,-144643.93150587723,495,False,-3.3402960728357236,1.3859013832438116,0.04528799759224057,1.8383568676312765,2.9607286564509074,1.3431425388654072,1.6175861120224,693.1683959960938,1518.21435546875,10.387940500018885
1137,mps,single_training,6,5.581253302969088,0,True,0.5646499395370483,0.04951012025897702,0.010929027882715067,0.7328295409679413,3.150774836540222,1.1389758785565693,2.0117990175882974,6.040600299835205,52.268733978271484,0.44646220898721367
1138,mps,stone_canyon,150,-154045.65383179902,528,False,-3.266697580364222,1.5022840044830568,0.05276540013030171,2.4491895763079325,3.043576029141744,1.3453399340311687,1.6982360903422038,503.79376220703125,1098.1546630859375,10.247677250008564
1139,mps,stone_canyon,150,-103712.05124635038,358,False,-0.3627460988393674,0.18544943965209312,0.04248055916900436,2.590409307479858,3.1980161571502688,1.3462088553110758,1.8518072962760925,86.20520782470703,3300.42626953125,10.285263958998257
1140,mps,single_training,11,-16.380138880139775,0,True,1.8391710194674404,0.29281787100163376,0.008528880605643446,0.7961270971731707,3.225554249503396,1.1916905641555786,2.033863652836193,21.99272346496582,171.0886688232422,0.7777953750046436
1141,mps,stone_canyon,150,-174754.85423962146,600,False,-3.3349822161719205,2.325479331352205,0.07037952045289178,2.6099829880396523,2.9600204340616862,1.3476709842681884,1.6123494466145833,423.5666198730469,4675.439453125,10.306415333994664
1142,mps,stone_canyon,150,-128740.08803804354,444,False,-1.1970602564265331,0.6411252926489882,0.053078924296423795,1.990060462752978,3.0362587197621664,1.3483147422472637,1.687943972349167,162.03855895996094,4844.17138671875,10.467915084009292
1143,mps,single_training,150,-91331.75474907274,302,False,0.3779223133745836,0.5879357205559869,0.06988290168034533,2.585994036694368,2.361042561531067,1.3475112231572468,1.0135313379764557,498.50982666015625,2016.561767578125,10.80398312502075
1144,mps,stone_canyon,3,32.221513668009436,0,True,1.1401243309179943,0.1065531075000763,0.004825971554964781,3.524250348409017,3.1552465756734214,1.1536741256713867,2.0015724102656045,4.676693439483643,223.3680419921875,0.2567996659781784
1145,mps,single_training,8,-42.6104745602583,0,True,1.4352022558450699,0.20467830821871758,0.0054537326213903725,0.7212692871689796,3.126177281141281,1.1786503046751022,1.9475270062685013,15.519819259643555,164.91273498535156,0.5504983749997336
1146,mps,single_training,4,8.741909726112468,0,True,1.0553792789578438,0.12780899927020073,0.006449486711062491,0.7388250529766083,3.1101600527763367,1.1608571410179138,1.9493029415607452,6.721273899078369,85.03111267089844,0.28140195898595266
1147,mps,single_training,6,57.04788008032752,0,True,1.5621016373236973,0.22216932599743208,0.010848700844993195,0.7065894703070322,3.1092447439829507,1.184085190296173,1.9251595536867778,11.984230041503906,206.38162231445312,0.41503008399740793
1148,mps,single_training,150,-141611.00745135028,459,False,-2.527232464123517,1.0489965664278376,0.054866631254553794,1.5696716217199962,2.8414200417200726,1.3495918035507202,1.491828243335088,352.9800109863281,4723.078125,10.53809524999815
1149,mps,single_training,150,-95037.54563759641,312,False,0.6633188959211112,0.6256115551735274,0.04949890985464056,1.373073213895162,2.7686445554097494,1.3497148036956788,1.4189297397931417,554.4271240234375,2884.093994140625,10.850267583999084
1150,mps,stone_canyon,150,-122477.78242922504,420,False,-0.59069519291011,0.32122834895274993,0.03743773168573777,1.7840521204471589,3.2248671086629233,1.3494580324490866,1.875409067471822,101.53466796875,1461.8756103515625,10.41842358300346
1151,mps,stone_canyon,150,-119819.61906046522,416,False,-0.0931549730648597,0.6486151354344656,0.040848638769239186,2.0664850362141927,3.0937085644404094,1.3489676380157472,1.744740928808848,373.7930908203125,2767.66162109375,10.537688624986913
1152,mps,stone_canyon,150,-104767.89475399331,361,False,0.478504457299908,0.22763367849966015,0.03460403806219498,2.2589319284756977,3.2983601395289104,1.3498053042093914,1.9485548281669616,227.11866760253906,1663.3994140625,10.419790499989176
1153,mps,single_training,150,-130139.57036259049,427,False,-1.5423554866209936,0.8029682711127809,0.04547161918133497,1.3847597634792328,2.715903960863749,1.3497931822141012,1.3661107806364696,221.30088806152344,533.041748046875,10.380490666022524
1154,mps,single_training,20,-160.49400797987596,0,True,4.457994228601455,1.6080390006303786,0.00908727697096765,0.7054510921239853,3.2113234877586363,1.2887330412864686,1.9225904405117036,55.84666442871094,2800.7822265625,1.418304040998919
1155,mps,stone_canyon,150,-117979.0733663231,408,False,-0.4139133646129631,0.29026952252092125,0.041179465893656016,1.7943641098340353,3.0927379735310874,1.351126357714335,1.7416116166114808,147.16773986816406,1532.1585693359375,10.260226625017822
1156,mps,single_training,150,-83110.13948350692,276,False,0.7776317163432638,0.18272322914056227,0.04878916587680578,1.8564463384946188,2.903848859469096,1.3501804184913635,1.5536684314409892,250.58274841308594,695.9410400390625,10.419369208015269
1157,mps,stone_canyon,150,-85229.01435366606,298,False,1.2726657637457053,0.3692322691768641,0.03734210797585547,2.1061198767026266,3.3049474287033083,1.350108823776245,1.9548386065165202,274.23773193359375,1162.5362548828125,10.482857499999227
1158,mps,stone_canyon,150,-89937.62893548152,309,False,0.5367067401359479,0.1531288734221986,0.03491186738945544,1.5126601016521455,3.2885963932673135,1.351221087773641,1.937375295162201,177.09759521484375,1309.9996337890625,10.520375249994686
1159,mps,single_training,150,-119194.70969689969,390,False,-1.897588008735329,0.5131033903265325,0.052259515983362995,1.2875849811236064,3.1050392977396646,1.3524856535593668,1.7525536465644835,354.7430114746094,1843.64013671875,10.379917415993987
1160,mps,single_training,150,-109809.66736122261,356,False,-1.6003672819832961,0.31221702229153986,0.04472781043499708,1.3662779744466145,3.2525688648223876,1.3515545336405437,1.9010143359502156,386.534912109375,947.8226928710938,10.292840125010116
1161,mps,stone_canyon,150,-67817.59503696232,235,False,1.5971832626871765,0.4898254898336745,0.03236274158582091,2.1216109744707743,3.4070634524027508,1.3517908962567646,2.055272564093272,235.33889770507812,1444.9185791015625,10.26446695800405
1162,mps,stone_canyon,150,-81280.7261362984,281,False,0.48584474038332703,0.3702723192300861,0.03338753528892994,1.9817487049102782,3.3992524321873985,1.3530270997683207,2.0462253220876057,183.65052795410156,2435.000732421875,10.30380054199486
1163,mps,single_training,4,26.91557793364652,0,True,1.8280887305736542,0.39818546921014786,0.014773380942642689,1.1651893258094788,3.3847315907478333,1.2210831344127655,2.16364848613739,10.157033920288086,232.3341522216797,0.32693562502390705
1164,mps,stone_canyon,39,-9326.737435672801,34,True,5.3668079399145565,2.798432702055344,0.020927293106722526,3.3697387071756215,3.561645575058766,1.3515766583956206,2.2100689166631455,112.18882751464844,1711.7572021484375,2.6609475419973023
1165,mps,single_training,9,-42.84017533737206,0,True,2.622882127761841,0.7492074271043142,0.014568554858366648,1.3187279568778143,3.4566609064737954,1.2584804561403062,2.198180463578966,25.923147201538086,1077.922119140625,0.6144673749804497
1166,mps,single_training,150,-73680.39720727954,245,False,0.78251679697074,0.30817885424550734,0.041334552814563115,1.2807674769560495,3.3616599559783937,1.3530816618601482,2.008578293323517,153.59312438964844,3085.18994140625,10.226512208988424
1167,mps,stone_canyon,150,-99834.02139750382,346,False,-0.7360096325515769,0.18961352470585136,0.03593110760673881,2.2038228511810303,3.267412012418111,1.3549659633636475,1.9124460474650065,256.83428955078125,1891.8643798828125,10.53327475002152
1168,mps,stone_canyon,41,-6494.425469527937,23,True,6.167967470680795,2.860235444837954,0.01691596836941998,3.3141736519045946,3.4893253372936712,1.35254094368074,2.136784402335562,121.36676025390625,1017.5845336914062,2.878103082999587
1169,mps,single_training,150,-103817.84189692962,343,False,-0.8430770327337086,0.13533003134007837,0.05334659609943628,2.0022886886199314,2.7062152179082233,1.355131758848826,1.35108345190684,127.51356506347656,302.5135803222656,10.431397540989565
1170,mps,single_training,6,-13.940764715045574,0,True,2.402286171913147,0.5730436195929846,0.011163497188438972,0.7266497810681661,3.233158230781555,1.2450528542200725,1.9881054361661274,16.658756256103516,257.96844482421875,0.43848537499434315
1171,mps,stone_canyon,150,-117149.53452336053,403,False,-0.9895164795406163,0.24357053737504125,0.03656738398596644,1.7216339546442032,3.2378386052449546,1.3554132707913717,1.8824253328641256,148.54928588867188,3264.698974609375,10.3173644579947
1172,mps,stone_canyon,150,-135627.942651161,466,False,-2.4933132368000224,0.6948634752804249,0.03721090225502849,1.6961300659179688,3.137319909731547,1.3550683673222859,1.7822515451908112,528.8233032226562,4214.05078125,10.376680166984443
1173,mps,stone_canyon,150,-113154.83463778967,394,False,-0.4286075358449792,0.15617928677433496,0.0372943334809194,1.844747502009074,3.1818632094065347,1.3557439311345418,1.826119286219279,88.29513549804688,1605.466552734375,10.266363917005947
1174,mps,single_training,6,0.18743316370800756,0,True,2.8838667472203574,0.7193345526854197,0.007265664093817274,0.8019824028015137,3.297771771748861,1.2596103350321453,2.0381614367167153,17.601762771606445,64.65271759033203,0.44849720800993964
1175,mps,single_training,150,-109100.91532845463,359,False,-0.7535994273548325,0.259988849858831,0.04453855087980628,1.5339005720615386,3.1057919216156007,1.3551465892791748,1.7506453251838685,151.19485473632812,435.3304138183594,10.234509458998218
1176,mps,single_training,4,20.20988675275987,0,True,1.9925100952386856,0.47439635545015335,0.006771516986191273,0.892056792974472,3.3183555603027344,1.2364271581172943,2.0819284319877625,10.651830673217773,547.9752807617188,0.2968386659922544
1177,mps,stone_canyon,150,-115970.13006241276,400,False,-0.2940236414472262,0.23874126902018664,0.03702553784785172,1.8823921080430348,3.231600931485494,1.3549231863021851,1.876677737236023,178.0372314453125,591.1038818359375,10.2483803750074
1178,mps,single_training,4,8.688928092992711,0,True,2.8310164362192154,0.4690697491168976,0.008685390232130885,0.8364504873752594,3.305202007293701,1.2371017336845398,2.0681002736091614,10.56489086151123,566.103759765625,0.2917475000140257
1179,mps,single_training,19,-145.72500146931958,0,True,4.682392289764003,2.1402429844203747,0.010837239948542495,0.8434147395585713,3.412516581384759,1.323156018006174,2.089360550830239,55.886234283447266,1059.81787109375,1.2764548749837559
1180,mps,stone_canyon,150,-107738.81645811963,371,False,0.47727505343655746,0.35817318746296223,0.043839141329129534,2.029185268878937,3.1777048206329344,1.3545605619748433,1.8231442594528198,371.2322692871094,2293.3955078125,10.236710958008189
1181,mps,stone_canyon,150,-132305.1209327937,458,False,-1.1162696308285618,0.3745008243787258,0.04433122923597693,2.254377500216166,3.2343388843536376,1.3550592788060507,1.8792796039581299,115.05168914794922,2466.77685546875,10.39396691697766
1182,mps,single_training,5,10.163084143609588,0,True,2.457057571411133,0.5425491809844971,0.012930141948163509,1.0116137146949769,3.4220624923706056,1.2469615697860719,2.175100898742676,13.520851135253906,159.96766662597656,0.39283958298619837
1183,mps,single_training,150,-87197.69985090262,287,False,0.7289360882466038,0.19414661088097393,0.03954405064384143,2.282295581698418,2.859155201911926,1.3548571427663167,1.504298057158788,333.81744384765625,4159.99169921875,10.234873666981002
1184,mps,single_training,150,-93821.16532861486,314,False,0.352219737842679,0.21613096864227524,0.055343456640839575,2.4538416105508802,2.638302555878957,1.353660654226939,1.2846419044335684,328.2810363769531,3044.040771484375,10.390875749988481
1185,mps,stone_canyon,150,-119740.734187528,419,False,-0.8337023647300278,0.1897654541511444,0.044933221551279226,1.933223199446996,3.2610521348317465,1.3544346380233765,1.9066174920399983,112.57942199707031,954.422607421875,10.495893999992404
1186,mps,single_training,150,-96882.75425802161,324,False,0.04689197244122625,0.10160588864006968,0.04100092609102527,1.4791519129276276,3.1000825421015423,1.35283353805542,1.7472490024566651,138.91299438476562,1435.4638671875,10.460191666992614
1187,mps,stone_canyon,34,-9587.496558223254,34,True,5.389457579921274,2.3230627410332945,0.01133617980624823,2.5091925999697517,3.5459498587776634,1.3475418090820312,2.1984080567079434,86.07421112060547,344.29486083984375,2.374267666018568
1188,mps,single_training,150,-104209.03521857006,345,False,-0.4672321308404207,0.13712454830053805,0.05013185596714417,1.6078163758913675,3.3005235799153647,1.351608316898346,1.9489152717590332,83.24264526367188,1424.066650390625,10.252467290993081
1189,mps,stone_canyon,150,-94822.90267828802,328,False,0.4811309956200421,0.1776670206993155,0.035039938346793253,2.6129482595125832,3.3755469767252606,1.3526775177319845,2.0228694613774616,122.48849487304688,3762.54345703125,10.264801665995037
1190,mps,stone_canyon,150,-116576.03630200523,407,False,-0.8997622575517744,0.19228570150799185,0.045977832150335116,3.305279639561971,3.330998690923055,1.3531000304222107,1.9778986597061157,152.16673278808594,5789.72265625,10.401968165999278
1191,mps,single_training,150,-128350.23600654045,429,False,-2.5299754251167177,0.6583928440035864,0.06293791234493255,2.0391793696085614,3.227883768081665,1.3513494777679442,1.8765342942873637,533.9192504882812,6005.6171875,10.474948749993928
1192,mps,single_training,150,-100375.87101789309,331,False,-0.5355184540587167,0.08202986648352331,0.05537023522891104,1.771641120115916,3.3142259025573733,1.3519244726498922,1.9623014148076374,101.07376098632812,3756.768310546875,11.000938500015764
1193,mps,stone_canyon,150,-120912.65323565231,416,False,-1.4459416519974668,0.3029890046400639,0.0413332434091717,2.1632186659177144,3.2975367387135823,1.350703667004903,1.946833062171936,243.2410430908203,1226.5445556640625,10.687062707991572
1194,mps,single_training,5,13.181072354327583,0,True,1.8172746419906616,0.4030256509780884,0.004298187606036663,1.3555175065994263,3.4398917675018312,1.2283851146697997,2.211506652832031,12.354667663574219,71.9305419921875,0.3824564999958966
1195,mps,stone_canyon,72,-11728.05783799436,40,True,7.069642586426602,4.027927132633825,0.013835592783935782,3.1862933569484286,3.6369456549485526,1.3620439900292292,2.274901654985216,422.6541442871094,2404.375,4.931375332991593
1196,mps,single_training,150,-108063.67226211118,355,False,-1.1547088857584944,0.3130339162300576,0.04861217396023373,1.440827586253484,3.088118149439494,1.3492787170410157,1.7388394363721211,302.67474365234375,971.7518310546875,10.26040962501429
1197,mps,single_training,150,-103202.58312950119,342,False,-0.6519461774763962,0.14524801167240486,0.0512220612851282,1.594107084274292,2.917876706123352,1.348929034868876,1.5689476648966472,160.2007293701172,3125.947265625,10.29614204200334
1198,mps,single_training,150,-116547.7311890016,384,False,-1.4667110580205918,0.34384715987044423,0.051699121951436,1.4623044679562252,2.934169018268585,1.350229734579722,1.5839392840862274,319.7037658691406,3275.515869140625,10.260063291992992
1199,mps,stone_canyon,150,-99554.07988626455,345,False,0.3388612215073469,0.19082340368159834,0.038564689680933954,1.9864488601684571,3.253297276496887,1.3520811382929485,1.9012161294619243,233.4589080810547,886.5330810546875,10.256530250015203
1200,mps,single_training,8,28.071870257990888,0,True,2.784180723130703,0.5705126747488976,0.008279583067633212,0.8895128071308136,3.4171075522899628,1.2416201531887054,2.1754873991012573,21.064340591430664,143.5941619873047,0.5750530829827767
1201,mps,stone_canyon,150,-161526.05074742038,559,False,-4.055562496284644,1.4633375405578408,0.042292203046381475,1.9163568751017253,3.3638570801417034,1.350609134833018,2.0132479484876,792.494140625,2363.279052734375,10.264183042017976
1202,mps,stone_canyon,150,-147288.61911148517,510,False,-2.7648183546463647,0.8417019314611813,0.04036825057119131,1.874156679312388,3.2296350717544557,1.351127016544342,1.8785080607732136,556.2083740234375,1132.9190673828125,10.259632166998927
1203,mps,single_training,24,-127.36498507970563,0,True,4.176933112243812,2.1529109006126723,0.013880643721980354,0.9193397214015325,3.499341537555059,1.318364456295967,2.1809770862261453,68.68168640136719,1675.29150390625,1.6482184580236208
1204,mps,single_training,4,18.803903709481702,0,True,1.1201044172048569,0.2822071798145771,0.014403435168787837,0.8701741248369217,3.3739370107650757,1.2024551630020142,2.1714818477630615,8.866596221923828,54.54047775268555,0.28407358401454985
1205,mps,stone_canyon,150,-53198.51297855724,186,False,4.1172677253683405,1.860950720529072,0.030150097509225208,2.3343193697929383,3.5414100297292075,1.3522247767448425,2.1891852553685505,1002.1875610351562,6238.84375,10.24698141598492
1206,mps,single_training,4,30.772121789440455,0,True,1.5142406970262527,0.25010285899043083,0.01703927619382739,0.8304166346788406,3.3291611075401306,1.1962125897407532,2.1329485177993774,8.42281723022461,183.77146911621094,0.29310025001177564
1207,mps,stone_canyon,150,-134616.42670656132,465,False,-1.2824636471519868,0.7157825111042379,0.04162321772426367,2.157187848885854,3.1747480551401774,1.3523515526453653,1.822396492958069,214.48681640625,1356.7064208984375,10.24146987500717
1208,mps,stone_canyon,150,-144776.15058172183,497,False,-1.7659960284316911,0.7500619533219712,0.042897827103734014,2.3469058243433634,3.2609117937088015,1.3507987109820048,1.9101130851109822,171.05062866210938,3795.18017578125,10.260266208002577
1209,mps,single_training,8,25.12533911334862,0,True,2.2069129645824432,0.44279078394174576,0.012427669716998935,0.78926020860672,3.288228750228882,1.2197294384241104,2.0684993267059326,18.969982147216797,104.33634948730469,0.5721194999932777
1210,mps,single_training,150,-95934.68574028322,315,False,1.0594646194235733,0.6049926717307578,0.0404364643804729,1.4443898878494899,3.030472189585368,1.3507630666097006,1.6797091221809388,615.242919921875,3316.525634765625,10.215631375001976
1211,mps,stone_canyon,150,-101437.45202001678,349,False,1.2140657268837094,0.5114639956081222,0.03725464423497518,1.9289595373471577,3.338916330337524,1.3491961630185445,1.98972016731898,527.7678833007812,1585.4232177734375,10.261616333998973
1212,mps,single_training,6,-13.006988388085738,0,True,1.2167029579480488,0.15936551988124847,0.006364578303570549,1.3003224730491638,3.330959995587667,1.179240842660268,2.1517191330591836,10.45931339263916,116.78993225097656,0.43828333300189115
1213,mps,stone_canyon,31,-5817.017111677599,21,True,4.926648638421489,2.2448346218387147,0.009428621960743781,3.405633657209335,3.58068339286312,1.322174910576113,2.2585085053597727,77.34842681884766,747.177978515625,2.091522625007201
1214,mps,single_training,7,44.7797884092609,0,True,1.6038189445223128,0.2507890947163105,0.006114653976900237,1.7066177470343453,3.432938132967268,1.1995703833443778,2.233367783682687,13.650982856750488,419.9606628417969,0.48247987500508316
1215,mps,single_training,150,-76431.21823004397,257,False,1.5511559158563615,0.4757704253184299,0.03752129529292385,2.0495950682957966,3.2248112758000693,1.3473368485768635,1.877474428017934,542.22802734375,4476.5283203125,10.230845874990337
1216,mps,stone_canyon,150,-100236.79928419122,346,False,-0.09201203758828341,0.16856377568707104,0.03093135449104011,2.8000830968221027,3.2871334314346314,1.3458285927772522,1.9413048354784648,80.08750915527344,4739.03662109375,10.437856792006642
1217,mps,single_training,150,-119159.03043579677,397,False,-1.2927096122254929,0.3631423759731115,0.05387592488899827,1.9467341844240824,3.207523199717204,1.3465962243080138,1.860926971435547,158.0437774658203,5598.177734375,10.679932208993705
1218,mps,single_training,18,-153.57095574814696,0,True,3.5752488341596393,1.1946760766829054,0.0059515781079729395,1.9845162828763325,3.5570409695307412,1.273180411921607,2.283860537740919,46.02557373046875,956.7921752929688,1.2733073749986943
1219,mps,stone_canyon,150,-106107.81322294868,364,False,-0.07474196066148579,0.28035209526508614,0.035509096241245666,2.7923820439974465,3.3646323982874553,1.3448407491048178,2.0197916436195373,129.32273864746094,8047.16650390625,10.323856458009686
1220,mps,single_training,150,-91239.19427659975,301,False,0.10311393406785403,0.18179996087759284,0.048692627145598334,2.177507880528768,3.311354217529297,1.3445840899149577,1.9667701315879822,191.744384765625,1486.8994140625,10.561683749983786
1221,mps,single_training,4,16.390842910534435,0,True,0.6280463077127934,0.04233472398482263,0.006024357280693948,1.308884710073471,3.370744526386261,1.1509349942207336,2.2198095321655273,3.6465771198272705,58.78467559814453,0.32023924999521114
1222,mps,stone_canyon,40,-8505.258352128498,32,True,4.792523636110127,2.146259417142937,0.00778254687320441,2.369241163134575,3.556374502182007,1.3268271803855896,2.2295473396778105,98.7646484375,733.6688842773438,2.714041332976194
1223,mps,single_training,11,-43.10893087793434,0,True,1.4277606132355602,0.3527818602636795,0.006292766468091445,0.8347198800607161,3.2650328766215932,1.2123761502179233,2.052656737240878,19.87040901184082,93.89990997314453,0.7447958750126418
1224,mps,single_training,150,-144977.24365411547,467,False,-3.2870799096425376,1.427393672503531,0.0551834292182078,1.9932288656632104,2.61044158856074,1.3392857964833578,1.2711557996273042,750.29296875,1827.7115478515625,10.221289915993111
1225,mps,stone_canyon,150,-124660.84595599322,428,False,-1.2424804030358791,0.5129823682115724,0.03999762253525357,2.205645667711894,3.217351328531901,1.3395527418454487,1.877798587481181,213.101318359375,4014.825439453125,10.570262750028633
1226,mps,stone_canyon,150,-105367.01115516461,363,False,-0.5240571707176666,0.3004782944662535,0.03633977389273544,2.366431566874186,3.294114621480306,1.3383731365203857,1.9557414865493774,138.60531616210938,3313.655029296875,10.744451458012918
1227,mps,single_training,4,7.977858938256588,0,True,0.1424949737265706,0.004421057485160418,0.006111563532613218,0.8606171011924744,3.198814630508423,1.1148236691951752,2.0839909315109253,0.07797665148973465,24.09086799621582,0.3211611250007991
1228,mps,stone_canyon,150,-120735.26904459576,414,False,-1.7600771414240202,0.5307804639396394,0.03930902797418336,2.2615648539861044,3.2779781182607013,1.3386500589052837,1.9393280529975891,377.60699462890625,7141.140625,10.235277708008653
1229,mps,single_training,150,-105990.62456519585,349,False,-0.9918312902065615,0.3613350031310498,0.04447492918620507,2.1222063553333284,2.6811983442306517,1.3387581753730773,1.3424401692549388,164.93179321289062,4571.09716796875,10.386286791996099
1230,mps,stone_canyon,150,-150001.90553082438,513,False,-3.49266909222429,1.4442240051602373,0.04359360746728877,2.0304350821177164,3.0545915953318277,1.3392250307401021,1.7153665681680044,593.1268310546875,1508.497802734375,10.350807042006636
1231,mps,single_training,5,57.208958543342376,0,True,0.0784305289387703,0.008270544331753626,0.005404639616608619,0.7299847602844238,3.0787264347076415,1.1184786796569823,1.9602477550506592,0.1090865507721901,23.594057083129883,0.3799504579801578
1232,mps,single_training,7,49.01379046224157,0,True,0.20694289090377943,0.023389506561215967,0.004953869418906314,0.7931043931416103,3.1098214217594693,1.1314051832471574,1.9784162385123116,1.7863036394119263,166.3690948486328,0.47986441699322313
1233,mps,stone_canyon,150,-103188.66881158689,361,False,-0.1055245819563667,0.29977122178368065,0.03603730239905417,1.9697191866238912,3.3629202763239543,1.3414994287490845,2.0214208483695986,144.67767333984375,1698.9468994140625,10.310278124990873
1234,mps,stone_canyon,55,-9813.239556063165,33,True,5.369164119085128,3.228226294914227,0.009506993410600857,2.4825685847889294,3.399460289695046,1.333367022601041,2.0660932649265638,220.6940155029297,3085.7978515625,3.7452482919907197
1235,mps,single_training,6,-3.9093961854177905,0,True,0.21622331316272417,0.029065517922087263,0.003936659079045057,0.795106848080953,3.1117510000864663,1.1410837173461914,1.97066730260849,2.3782408237457275,129.20216369628906,0.4270895420049783
1236,mps,single_training,150,-92553.08921406882,303,False,0.10394209202689429,0.2087141899213473,0.05697197129484266,1.8960183362166088,2.7823977772394817,1.3435671170552572,1.43883065700531,205.82505798339844,680.03564453125,10.208140083006583
1237,mps,single_training,5,17.607807418963404,0,True,0.01108461245894432,0.010256912547629327,0.004735820647329092,0.721475613117218,3.0661031723022463,1.128466248512268,1.9376368761062621,0.6617253422737122,48.369319915771484,0.35999020797316916
1238,mps,single_training,150,-93160.99645995778,312,False,0.15168427131604403,0.4922521943393713,0.056759474566206336,1.8789974790811539,2.585572123527527,1.3438547539710999,1.24171737353007,403.7252197265625,1883.299072265625,10.196958457992878
1239,mps,stone_canyon,150,-40758.08701638984,137,False,4.3838192468881605,2.3638185522387114,0.016277184039354325,2.6781002489725747,3.4891898997624717,1.3423699204126993,2.1468199777603147,1094.060302734375,2913.385009765625,10.419035875005648
1240,mps,stone_canyon,150,-150685.65431011084,522,False,-2.969959529812137,1.2229914960179789,0.03894625972645978,2.1506037282943726,3.2471957635879516,1.340509729385376,1.906686043739319,502.9823913574219,2498.062744140625,10.322169124992797
1241,mps,single_training,5,14.081548791284014,0,True,0.17757817283272742,0.02283408521907404,0.009231394715607166,0.7008941769599915,3.1234767913818358,1.1448789596557618,1.9785978555679322,2.514708995819092,14.061241149902344,0.3774905409954954
1242,mps,single_training,150,-93513.90791071675,308,False,-0.370612402719756,0.14916109065236394,0.03672691487707198,1.9612500451008479,2.801077119509379,1.3401023825009664,1.4609747370084127,98.47130584716797,4360.92236328125,10.19346399998176
1243,mps,single_training,9,9.752406203907917,0,True,0.6068193156065212,0.0870614390623814,0.005289343082242542,0.6592037081718445,3.0917818546295166,1.1641819477081299,1.9275999466578166,8.451388359069824,32.57748794555664,0.6313159999845084
1244,mps,single_training,150,-122682.32187369406,410,False,-2.1974233373999597,0.7964799788718422,0.053370874117438995,1.9443708171447118,2.5730067427953083,1.3360679642359417,1.2369387809435526,608.08447265625,3143.0947265625,10.513398624985712
1245,mps,stone_canyon,65,-12479.73820112928,45,True,5.696446374746469,3.5472517920765454,0.011766058743859713,2.86856208214393,3.265822172164917,1.340758516238286,1.925063655926631,322.9452819824219,1547.771240234375,4.483343750005588
1246,mps,single_training,5,69.16906294232106,0,True,0.10547810271382332,0.01135062735847896,0.0029343381524086,0.6084705233573914,2.9657926082611086,1.1214197397232055,1.8443727970123291,0.45203152298927307,37.621376037597656,0.3580970829934813
1247,mps,single_training,8,11.050383969615822,0,True,0.2299292511306703,0.04293867231172044,0.00270227063447237,0.603251077234745,2.9666593074798584,1.1391278505325317,1.8275314271450043,3.3224258422851562,110.62482452392578,0.5510819589835592
1248,mps,stone_canyon,150,-100066.75371649618,345,False,-0.29235151852093016,0.39147614633616734,0.044036204075285544,1.5826535824934642,3.180414942105611,1.3348519293467205,1.845563023885091,166.20135498046875,2975.08935546875,10.283704458997818
1249,mps,stone_canyon,150,-70724.66365123703,246,False,0.7014125932008028,0.34702614483520544,0.039529611737622566,2.1563586457570394,3.148706119855245,1.3348347369829814,1.8138713765144348,149.1369171142578,2946.298583984375,10.274930249986937
1250,mps,single_training,150,-99440.88871540855,333,False,-1.0190935907831105,0.28705234463046736,0.06634288949736704,1.7265867038567861,2.6593563731511436,1.3340214252471925,1.3253349494934081,291.3536682128906,927.5680541992188,10.227483458002098
1251,mps,stone_canyon,150,-97425.8969877328,340,False,-0.2581083137720513,0.35468155588135775,0.049018153307649,1.8848142075538634,3.0832766167322796,1.3341601260503133,1.7491164779663086,161.15243530273438,3477.30029296875,10.524615375004942
1252,mps,stone_canyon,31,-8349.823204757438,30,True,3.532835420341261,1.4992393319863044,0.005831652617592725,2.6171125135114117,3.171675605158652,1.2861774813744329,1.8854981199387582,52.903507232666016,3130.296630859375,2.186075916979462
1253,mps,stone_canyon,56,-9273.143067843544,32,True,4.785210228791194,2.841019599388736,0.007647171258992914,2.6502841285296848,3.3653241097927094,1.3300059054579054,2.0353182085922787,204.46417236328125,2199.2138671875,3.8162177499907557
1254,mps,single_training,150,-96420.4214440432,321,False,-0.7412101609135667,0.21356409780608374,0.04978680826257914,1.4354018680254619,3.239163578351339,1.3357637961705526,1.9033997750282288,149.6947021484375,3559.567626953125,10.224422750005033
1255,mps,stone_canyon,150,-77184.63905287541,270,False,0.828223152688394,0.38392143763161585,0.03852992276195437,2.3148160870869954,3.340450013478597,1.3349842111269632,2.005465795993805,190.27952575683594,4329.6689453125,10.288147040992044
1256,mps,stone_canyon,50,-18571.526276215984,67,True,4.1131425674445925,2.2427299118449993,0.010605258052237332,2.3740818238258363,3.4380111503601074,1.3210256958007813,2.116985445022583,128.13143920898438,1097.384033203125,3.393150791001972
1257,mps,single_training,4,29.05490861444215,0,True,-0.08663442358374596,0.007257292192662135,0.0025754551752470434,1.295915961265564,3.0956313610076904,1.107060581445694,1.9885707795619965,1.1009321212768555,52.0637092590332,0.2937403749965597
1258,mps,stone_canyon,48,-6024.045125960548,20,True,4.249990577964733,2.3225233766327924,0.005172324682159039,3.6191429793834686,3.310029690464338,1.3182913387815158,1.991738331814607,132.5398712158203,479.3543701171875,3.2673431250150315
1259,mps,stone_canyon,47,-7851.638750844644,27,True,3.997198812445586,2.2076949621668587,0.005653888720305676,2.268575057070306,3.262441432222407,1.3145549880697371,1.9478864441526698,122.30342864990234,4420.0712890625,3.1932378750061616
1260,mps,single_training,150,-107318.87325513714,356,False,-1.4258291710695872,0.41323354196025963,0.06762459576595575,1.788452772696813,2.7662431732813517,1.3364992340405781,1.4297439356644948,329.06781005859375,782.4168701171875,10.231002749991603
1261,mps,stone_canyon,150,-88387.9878692265,310,False,0.3656970167117349,0.2792769109535857,0.03843928405859818,1.6032346644997597,3.013218033313751,1.339260561466217,1.673957470258077,136.0694122314453,1364.4244384765625,10.27661437500501
1262,mps,stone_canyon,150,-114888.88981014029,396,False,-1.1365468563884498,0.42893881569238146,0.040962290605530145,1.7972110247611999,2.8157493964831035,1.339651602904002,1.4760977975527445,161.87843322753906,417.08636474609375,10.212543083005585
1263,mps,single_training,10,70.62575825215156,0,True,0.6432049103081227,0.09472228739759884,0.013537651766091586,0.633476585149765,2.9285120010375976,1.1594887852668763,1.7690231919288635,9.64805793762207,266.1473083496094,0.7066398340102751
1264,mps,single_training,5,8.736673254981646,0,True,0.2702321015298367,0.01948173232958652,0.023268427327275278,0.6205552339553833,2.9303966522216798,1.1342719316482544,1.7961246728897096,2.9000158309936523,35.59059524536133,0.3494437080225907
1265,mps,single_training,9,61.94776529033502,0,True,0.4287901322046916,0.08924242504872382,0.01889782150586446,0.6217414405610826,2.963994264602661,1.162316083908081,1.8016781674491034,10.144248962402344,105.77262878417969,0.6134959160117432
1266,mps,stone_canyon,150,-136840.92671979472,472,False,-2.191252128109336,0.8153426164917377,0.03758727764710784,1.8502838691075643,2.897170313199361,1.340776298046112,1.5563940207163494,393.2335205078125,845.6815795898438,10.293925541976932
1267,mps,stone_canyon,150,-92992.74126838676,322,False,0.1958970959787257,0.26178132089386885,0.025767149878665806,1.8018529502550762,3.1072760518391926,1.340032877922058,1.7672431715329489,110.58248138427734,2910.33544921875,10.618594874977134
1268,mps,single_training,150,-107790.6603866016,360,False,-0.6559345481606821,0.41488644342612435,0.04597293454532822,1.93289171397686,2.46808509349823,1.3400570487976073,1.128028041521708,188.7380828857422,4713.21142578125,10.338510500005214
1269,mps,single_training,4,23.994772195953068,0,True,0.4720093682408333,0.05041816784068942,0.0043264334090054035,0.5764400213956833,2.8814340829849243,1.1428220570087433,1.7386120557785034,4.194016456604004,27.410621643066406,0.3114857079926878
1270,mps,stone_canyon,150,-153105.54857320702,522,False,-3.3129489564398926,1.5714395289084253,0.04237103201759358,1.7079128064711888,2.816373999118805,1.3395535429318746,1.476820460955302,486.1669921875,7372.09228515625,10.270058042020537
1271,mps,single_training,7,36.97489960767379,0,True,1.2691141494682856,0.12636205899928296,0.003173970617353916,0.8557709455490112,3.0267861911228726,1.1650687285831995,1.8617174284798759,10.34365177154541,102.06388092041016,0.493943457986461
1272,mps,single_training,6,-4.813268738983815,0,True,0.919340635339419,0.07623175252228975,0.0029677385464310646,1.0010724465052288,3.0598968664805093,1.148142695426941,1.9117541909217834,7.37649393081665,315.8396911621094,0.4150913750054315
1273,mps,stone_canyon,19,-1728.011059710235,6,True,2.611979194377598,0.8951652016686765,0.0030401241597964577,3.1257438283217582,3.1954041154761064,1.2386007434443425,1.9568033532092446,44.64218521118164,218.34596252441406,1.288071040995419
1274,mps,single_training,150,-85698.97454292286,291,False,1.09584506166478,0.615747679543953,0.05718097694994261,1.2814049140612285,3.200516619682312,1.3374995795885722,1.8630170448621115,578.8450317382812,3557.9521484375,10.57171133402153
1275,mps,single_training,4,30.0113910378833,0,True,0.3591235727071762,0.026856572134420276,0.002133372501702979,1.3723943531513214,3.132844924926758,1.1211858093738556,2.01165908575058,3.025891065597534,49.478057861328125,0.30017045798012987
1276,mps,single_training,150,-97585.85446805887,325,False,-0.05698534240325292,0.2143473383187787,0.061114219479107605,1.7201118159294129,3.2748350731531777,1.3355396207173664,1.93929545323054,192.0202178955078,5313.16943359375,10.228297541994834
1277,mps,stone_canyon,11,-1896.2374192744392,7,True,0.7640052925456654,0.11861945538707501,0.002492667683823542,2.859092257239602,3.1797358989715576,1.1521436192772605,2.027592268857089,11.854966163635254,60.04369354248047,0.7665895420068409
1278,mps,single_training,150,-124672.74218113866,413,False,-1.5515664815157653,0.80820701406096,0.0761822267381164,1.8905053957303366,3.2095877822240193,1.3341437284151714,1.875444045861562,226.06825256347656,5866.7373046875,10.24938966697664
1279,mps,stone_canyon,11,-1673.44004703566,6,True,0.41042622669853945,0.077528814617174,0.0022987215885553846,3.39493372223594,3.1053492589430376,1.128730589693243,1.9766186692497947,6.881793022155762,367.0425109863281,0.7711271250154823
1280,mps,single_training,150,-92097.55317574575,304,False,1.0026264367997646,1.1308149764074975,0.07420377903695528,1.800077443520228,3.083132317860921,1.330325758457184,1.7528065681457519,705.072265625,5860.8701171875,10.217554458009545
1281,mps,stone_canyon,150,-105751.39093752152,364,False,-0.22094745447238287,0.4412767809010074,0.05734541361608232,1.9129744764169057,3.0185493071873983,1.3291032433509826,1.6894460606575012,277.88287353515625,3265.27587890625,10.672095084009925
1282,mps,stone_canyon,36,-14016.456633782487,50,True,2.83250650515159,1.2322714788088989,0.008347677409700636,2.937896774874793,3.1370728280809193,1.2786463465955522,1.85842646823989,52.127288818359375,1162.8563232421875,2.5285550830012653
1283,mps,single_training,12,-30.482761579467763,0,True,0.3229753791044156,0.09570340031253484,0.0022729622529974827,0.5818720857302347,2.880370557308197,1.120841383934021,1.7595291634400685,5.237635135650635,71.36333465576172,0.8252915409975685
1284,mps,stone_canyon,150,-120481.91803356503,412,False,-1.1974965635562937,0.6270778371750687,0.04781363219954073,1.6627034533023834,2.914019372463226,1.324368985493978,1.5896503857771556,192.8214874267578,5911.7607421875,10.260240333009278
1285,mps,single_training,150,-105055.35553842361,344,False,-0.6639707237233718,0.8208163317797396,0.06747903758194297,2.1494253675142923,2.5446990521748862,1.3240676458676657,1.2206313991546631,349.0675964355469,4365.00537109375,10.371475541003747
1286,mps,stone_canyon,150,-79779.15553438416,275,False,0.8093262618438651,0.32743665046840154,0.03592954852773497,1.8550825079282125,3.1122245295842488,1.3225531053543091,1.789671431382497,259.4229736328125,2099.995361328125,10.34221412500483
1287,mps,stone_canyon,150,-122765.36119475878,423,False,-1.7769959608713786,0.698621136865113,0.04419761257246137,1.8300494941075642,2.9462447007497152,1.3201902564366659,1.626054443915685,259.7948913574219,834.8958740234375,10.608958665980026
1288,mps,stone_canyon,150,-114678.02775309118,396,False,-1.0411523146232746,0.5477103399613391,0.03713563590931396,1.717850025097529,3.007273359298706,1.321925622622172,1.6853477255503337,187.1893310546875,2021.7733154296875,10.50997520799865
1289,mps,single_training,6,-8.54584054359352,0,True,-0.4182183879117171,0.03825927349680569,0.0052604156856735544,1.0747834245363872,2.9633500576019287,1.0424083471298218,1.920941710472107,5.915333271026611,47.0781135559082,0.4591522080008872
1290,mps,single_training,150,-141745.9479047277,460,False,-2.8760073518380525,1.8551199547949364,0.0435944225701193,1.7895675973097482,3.072878572146098,1.3230967990557352,1.7497817730903626,431.097412109375,5392.5947265625,10.223756208986742
1291,mps,single_training,150,-95937.39356636956,319,False,-0.48747340793410937,0.307799963853322,0.03751784270008405,1.2593379052480063,3.267573676109314,1.322902425924937,1.944671250184377,146.7692413330078,628.2301025390625,10.326273208978819
1292,mps,single_training,6,3.3892399983723465,0,True,-0.1300943287399908,0.011524451899276755,0.020366716819504898,1.6428391536076863,3.111621856689453,1.0699185530344646,2.0417033036549888,0.7810280919075012,225.7410430908203,0.44449212501058355
1293,mps,stone_canyon,150,-112191.24495776028,388,False,-1.1448174949890624,0.396988343570456,0.04114109526077906,1.889455467859904,3.2984916671117146,1.325507891178131,1.9729837767283123,173.9276123046875,2820.1845703125,10.205307041993365
1294,mps,stone_canyon,150,-97235.10013049457,340,False,-0.5728462202971181,0.24554110564224782,0.04098321405549844,2.269730895360311,3.3389344803492227,1.3257544612884522,2.013180027802785,140.2662811279297,5352.90576171875,10.277165791019797
1295,mps,single_training,150,-98696.40174950218,330,False,-1.052871605604887,0.18404215664753185,0.03973596901943286,1.3512296732266744,3.3420395771662395,1.326743671099345,2.0152959020932517,156.50030517578125,2870.917236328125,10.466846291994443
1296,mps,single_training,8,30.567035138596744,0,True,0.6829876322299242,0.07449306370108388,0.018455307465046644,1.2484163343906403,3.12249556183815,1.1175426095724106,2.004952922463417,8.850589752197266,175.53443908691406,0.6008814999950118
1297,mps,single_training,150,-113866.04122400659,377,False,-1.7748654089868068,0.4844901477910268,0.03892443918933471,1.5992356864611308,2.886534725824992,1.3262113746007282,1.5603233357270558,393.781005859375,1068.2591552734375,10.355852541979402
1298,mps,stone_canyon,150,-96254.86141003166,336,False,-0.2954228556714952,0.22116943809596706,0.026873211556424696,1.5376016656557718,3.3302167018254596,1.3282780520121256,2.0019386514027913,110.84228515625,2965.32568359375,10.754481541982386
1299,mps,single_training,4,12.388340157172976,0,True,1.0995107665657997,0.061997410375624895,0.00722786842379719,0.8246520757675171,3.1123666763305664,1.106850415468216,2.005516290664673,4.724328994750977,132.6376953125,0.32869345901417546
1300,mps,single_training,5,6.423869799207097,0,True,0.6521856904029846,0.08000304326415061,0.005532048549503088,0.8124181389808655,3.1461816310882567,1.1127757549285888,2.033405876159668,6.651217937469482,42.9405403137207,0.3463104580005165
1301,mps,stone_canyon,150,-112186.41524661658,389,False,-1.1202041181580473,0.30814667130597173,0.035219555312457185,2.3301628637313843,3.309501724243164,1.3315905253092448,1.9779112029075623,228.3644256591797,2929.241455078125,10.262403083004756
1302,mps,single_training,4,12.449455276425795,0,True,0.8707195669412613,0.09003635682165623,0.003353107545990497,0.8304324150085449,3.146189272403717,1.1152130365371704,2.0309762358665466,5.6436543464660645,115.42779541015625,0.29260358298779465
1303,mps,single_training,150,-89391.36196121851,298,False,0.14734906485653482,0.33953256410886506,0.05917633064246426,2.747250980536143,2.5011449448267618,1.3325734567642211,1.1685714900493622,314.3940734863281,4916.70556640625,10.214693666988751
1304,mps,stone_canyon,150,-112549.9593637729,389,False,-0.6083834377784902,0.34222177487434846,0.041152195141961175,2.0639621869723004,3.176403660774231,1.3328025277455648,1.8436011385917663,148.72616577148438,1822.35791015625,10.667817957990337
1305,mps,stone_canyon,51,-6005.271511213538,19,True,5.181834107228354,2.8140380551636803,0.00542529966390016,2.9921296203837677,3.3049428042243507,1.3272070323719698,1.9777357718523811,175.92477416992188,2794.41015625,3.555633541982388
1306,mps,stone_canyon,150,-86270.46644780737,300,False,0.6076453425230769,0.23785004655137262,0.0374979805542777,2.0340348625183107,3.188070642153422,1.3340625087420146,1.8540081310272216,208.52362060546875,1388.8551025390625,10.230598416004796
1307,mps,single_training,5,0.01139103788329976,0,True,0.927072948217392,0.14230356961488724,0.0028553123120218515,0.9569467544555664,3.0417173862457276,1.131939959526062,1.9097774505615235,8.471933364868164,67.89276885986328,0.3737611249962356
1308,mps,single_training,150,-82939.15359370268,274,False,0.519056351048251,0.15734803407064948,0.04152984228916466,1.1684501540660859,3.160448973973592,1.3338482864697774,1.8266006914774577,199.55889892578125,864.9442138671875,10.24334899999667
1309,mps,single_training,150,-102736.19003991286,338,False,-0.6695667843877648,0.20304914549839093,0.046475254228959484,1.2705032932758331,3.221424420674642,1.3329040503501892,1.8885203766822816,89.8262710571289,1118.7864990234375,10.68488291700487
1310,mps,single_training,150,-99150.53642966128,325,False,-0.5533978769353901,0.1124154419240934,0.045563990163306395,1.432164716720581,3.262027630805969,1.3323633408546447,1.9296642827987671,86.0043716430664,2364.7578125,10.576004333997844
1311,mps,single_training,150,-119695.77869721469,396,False,-2.119383194707334,0.5078257765974074,0.04305223143659532,1.5009352191289267,3.2510726928710936,1.330513085524241,1.9205596073468527,397.4428405761719,5742.455078125,10.401286332984455
1312,mps,single_training,150,-125456.98527430743,417,False,-2.378953477839629,0.631894100717036,0.05182237982129057,2.2775418257713316,3.201980037689209,1.3304212188720703,1.8715588172276816,472.4575500488281,1815.7158203125,10.298128583002836
1313,mps,single_training,4,27.211871750948426,0,True,1.1921297758817673,0.1484567280858755,0.016217655036598444,1.5238517224788666,3.209210515022278,1.126975953578949,2.082234561443329,7.02504825592041,83.37397766113281,0.31359758297912776
1314,mps,single_training,25,-153.28432654226452,0,True,3.8396249771118165,1.734063504934311,0.02411538042128086,1.5059578227996826,3.4244234371185303,1.2779541444778442,2.146469306945801,69.42488098144531,1609.3975830078125,1.6931679999979679
1315,mps,single_training,8,30.51034716341188,0,True,1.7062324583530426,0.3011582847684622,0.029517064103856683,1.239396795630455,3.1884440183639526,1.162763386964798,2.0256806910037994,17.3405704498291,790.9081420898438,0.548342334019253
1316,mps,stone_canyon,150,-52608.60556661142,185,False,3.1879909252468495,1.1617058332043597,0.047430901378393175,2.7196768697102867,3.422205684979757,1.3307445979118346,2.0914610775311786,618.4711303710938,4584.603515625,10.260314332990674
1317,mps,stone_canyon,150,-97421.11351546597,334,False,0.2732310866067807,0.270723217240599,0.04726330980658531,1.3670676736036937,3.2439475933710735,1.3307401903470357,1.9132074117660522,209.8315887451172,1590.3948974609375,10.312297917000251
1318,mps,stone_canyon,150,-52042.33974140205,177,False,2.6648469214638073,0.8094326313646161,0.03549782021592061,1.5159445303678512,3.20208314259847,1.3305959725379943,1.8714871573448182,479.9892883300781,2278.477783203125,10.24239770800341
1319,mps,stone_canyon,150,-146532.17238963267,508,False,-2.886644662403657,1.079240993948679,0.03605241832633813,2.2257812611262002,2.9705629603068036,1.3307116643587749,1.6398513066768645,516.94189453125,1321.798095703125,10.386584374995437
1320,mps,stone_canyon,150,-169706.42106845067,581,False,-3.872798251683513,2.2988578933143677,0.04364800580466787,2.808460078239441,2.9570300340652467,1.3326305174827575,1.6243995201587678,506.4375915527344,4305.46142578125,10.456302834005328
1321,mps,single_training,4,29.013790462241577,0,True,0.6463101282715797,0.16424483992159367,0.006595424725674093,0.7476595044136047,3.0289143919944763,1.1256084442138672,1.903305858373642,7.270086288452148,72.90557861328125,0.3244380420073867
1322,mps,single_training,4,23.868879961809874,0,True,1.090137518942356,0.14908312261104584,0.004915334633551538,0.7834317833185196,3.025733470916748,1.118797779083252,1.9069357216358185,7.050443172454834,19.4860782623291,0.29228495800634846
1323,mps,single_training,4,10.25400031768459,0,True,1.1925051137804985,0.12857424281537533,0.004145354207139462,0.818371132016182,3.02041095495224,1.1127602756023407,1.9076506793498993,6.5823211669921875,14.219793319702148,0.28433354099979624
1324,mps,single_training,150,-125914.10493033905,416,False,-1.9403460597402107,0.6361162714159582,0.05799499151452134,2.766081015666326,2.4755157526334126,1.3327221369743347,1.1427936220169068,415.3400573730469,3393.3779296875,10.41685150002013
1325,mps,single_training,150,-153311.29439715625,509,False,-3.0124413632415235,1.7846278295332256,0.0645409649098292,2.9899325571457545,2.4244767435391745,1.3298769442240397,1.0945998007059097,746.5862426757812,1514.75341796875,10.64963941698079
1326,mps,stone_canyon,150,-154574.1697175538,530,False,-2.7451943843687574,1.2969599768822082,0.058507912289351226,3.1723665380477906,3.1135595146814983,1.3310051862398784,1.782554330031077,383.25616455078125,4212.34130859375,10.626637915993342
1327,mps,stone_canyon,150,-156368.1569072921,534,False,-3.259255470347901,1.4595425860203493,0.047211405611597,2.7573111208279926,3.089754198392232,1.3302309640248617,1.7595232327779133,505.2471008300781,8447.232421875,10.71626629200182
1328,mps,single_training,150,-88098.21389698026,290,False,0.4798019463471913,0.624867944558141,0.04602641442324966,2.835005054076513,2.4788375544548034,1.3290875887870788,1.1497499680519103,510.4850769042969,5538.705078125,10.302419916988583
1329,mps,stone_canyon,150,-108697.05430232624,378,False,-0.10870157627388835,0.315621938830033,0.03872060869975636,1.9542556564013163,3.0170562283198037,1.3308378195762633,1.686218414704005,161.9515838623047,3938.14599609375,10.27450220801984
1330,mps,stone_canyon,150,-117359.46579521032,410,False,-0.37708245452182987,0.42583867823593513,0.0408029423498859,2.285851015249888,2.971509127616882,1.3283954501152038,1.6431136826674144,154.1038818359375,1392.388916015625,10.21432437497424
1331,mps,stone_canyon,150,-102526.09345004597,355,False,0.2590957899438217,0.2988132158125078,0.03702674148914715,2.0804992938041686,3.004469634691874,1.328246800104777,1.676222836971283,205.46762084960938,479.3382263183594,10.252386708016274
1332,mps,single_training,6,56.728533992558766,0,True,0.39322423624495667,0.04355580217088573,0.007975672061244646,0.8436416685581207,2.9339889685312905,1.082634170850118,1.8513547976811726,4.292601108551025,52.218875885009766,0.44415883300825953
1333,mps,single_training,4,23.845623266106607,0,True,0.1709003383293748,0.007085451114107855,0.009945935802534223,0.9785742908716202,2.9456090927124023,1.058643102645874,1.886966049671173,1.1404669284820557,79.97132110595703,0.2823867079860065
1334,mps,single_training,5,1.6248204525646273,0,True,0.36666404753923415,0.01741464206716046,0.011800671927630901,1.037053894996643,2.976103353500366,1.0702725887298583,1.9058307886123658,2.328831195831299,127.86559295654297,0.34659704100340605
1335,mps,stone_canyon,150,-114305.80164070622,396,False,-0.8357005640833328,0.2570986584744969,0.03439240564281742,1.8448969423770905,3.1813644043604534,1.3301328365008036,1.8512315654754639,123.06437683105469,4416.47900390625,10.262050958990585
1336,mps,single_training,150,-128455.1615740627,416,False,-1.9304975521812837,0.7091514527116674,0.05222918080165982,2.2089206802845003,2.949608295758565,1.3301797978083292,1.61942849000295,301.51312255859375,1468.1248779296875,10.303737292008009
1337,mps,stone_canyon,150,-106497.635937421,371,False,-0.009457602438827355,0.3465615315173333,0.034988454220195614,1.6306976048151651,3.024954498608907,1.3309225630760193,1.6940319434801738,231.4436798095703,1322.4786376953125,10.275976250006352
1338,mps,single_training,150,-117099.5342254404,385,False,-1.3462299485675369,0.40049401667482015,0.04001358868554235,1.3562556536992392,2.851914809544881,1.3290322232246399,1.5228825831413269,292.58551025390625,2634.572998046875,10.228135834011482
1339,mps,stone_canyon,150,-106855.31150831871,370,False,-0.12560902622838815,0.28481186055027746,0.03218741603195667,1.6012314713001252,3.0808956877390545,1.33064572652181,1.7502499608198803,140.39797973632812,1319.29443359375,10.274443375004921
1340,mps,single_training,150,-94774.75187895467,316,False,-0.4804855428748609,0.21443066755383067,0.03548966443787018,1.2235271135965984,3.0908148304621377,1.3304344669977823,1.7603803698221843,190.08523559570312,1195.871826171875,10.27310283301631
1341,mps,stone_canyon,150,-111866.17037889491,384,False,-0.5094995365602275,0.2750321187920296,0.03747969926024477,1.954095681508382,2.999728623231252,1.3310946329434712,1.6686339763800304,97.85804748535156,902.320556640625,10.272952958010137
1342,mps,single_training,150,-124176.10454031145,407,False,-2.0348223831132053,0.4978401684058493,0.04262226390031477,1.6397196018695832,2.871001532872518,1.332892545859019,1.5381089893976847,415.53973388671875,1311.0703125,10.40030587502406
1343,mps,stone_canyon,150,-69901.36287815393,244,False,2.2120099177956583,0.7871739208569973,0.027854239012425144,1.7094535597165426,3.1920610904693603,1.333443102836609,1.8586179916063945,563.2640380859375,1498.1295166015625,10.822409209009493
1344,mps,stone_canyon,150,-143962.9234100515,494,False,-2.1338475327690443,0.7443572851562446,0.03594938115837673,1.6237400829792024,2.8785616381963095,1.3328951128323874,1.545666530529658,416.4486389160156,1725.9815673828125,10.96437237499049
1345,mps,stone_canyon,150,-95377.20001631396,335,False,0.5447385617966454,0.29118527479409145,0.0325536649953574,1.833632153669993,3.1212106211980184,1.3324827186266581,1.7887279037634531,123.89830017089844,2525.735595703125,10.494393333006883
1346,mps,stone_canyon,150,-134767.96866882202,467,False,-1.6743341136910022,0.5539247459422525,0.03484218819377323,1.7783250562349955,3.0003001062075296,1.3345731075604756,1.6657269938786825,420.47369384765625,1280.603515625,10.476055792008992
1347,mps,stone_canyon,150,-24611.156811275363,85,False,5.906364127447207,3.4169224035326624,0.02307806201900045,3.0544049763679504,3.4115274508794147,1.3356578612327576,2.075869592030843,1396.1873779296875,5659.8203125,10.527112749987282
1348,mps,stone_canyon,39,-9803.277629796974,34,True,5.266670857006923,2.655896569548461,0.011735751998061553,2.5231450368196535,3.259011617073646,1.335536152888567,1.9234754641850789,112.5163345336914,563.36767578125,2.7380132090183906
1349,mps,single_training,150,-94776.04127858888,313,False,0.2960243976969893,0.3000124951270262,0.048194598561773695,1.9417271184921265,2.8639212449391684,1.3353436501820881,1.528577603896459,352.1722717285156,2742.337890625,10.229958667012397
1350,mps,single_training,150,-119957.56225969724,399,False,-1.0304229970214267,0.33214775762334586,0.04831263013494511,1.537221033970515,2.7662711564699807,1.3356698973973593,1.4306012618541717,109.28440856933594,2719.40283203125,10.323289874999318
1351,mps,stone_canyon,150,-103922.98406035574,361,False,0.386178348135824,0.18714443803173253,0.0371147229274114,2.228500978946686,3.0460521109898884,1.3364750162760417,1.7095770970980326,211.9317169189453,1633.182373046875,10.506414707982913
1352,mps,single_training,4,11.994822852104132,0,True,2.0855028331279755,0.29760848730802536,0.006587786017917097,1.0872145593166351,3.028143584728241,1.1681438386440277,1.8599997460842133,8.99542236328125,364.24072265625,0.3271178750146646
1353,mps,single_training,150,-127794.51334306356,422,False,-1.7597849394132694,0.48800796359117765,0.05320122931773464,2.005055537223816,2.8652322896321616,1.3350997757911682,1.5301325090726217,367.9495849609375,2440.035400390625,10.277255875000264
1354,mps,single_training,8,-48.26064337640022,0,True,2.138543166220188,0.641681719571352,0.007274312782101333,1.0815756618976593,3.083586871623993,1.2164714634418488,1.8671154081821442,21.871074676513672,456.44134521484375,0.5752599999832455
1355,mps,single_training,4,21.404851532918585,0,True,1.52273391187191,0.33296167477965355,0.007713700411841273,1.0898423194885254,3.0392602682113647,1.1745021641254425,1.8647581338882446,9.411720275878906,56.616458892822266,0.2811435000039637
1356,mps,stone_canyon,150,-85834.60985825416,299,False,1.3031374200216184,0.36902088109809333,0.02913433459897836,2.033819824059804,3.12050417582194,1.335154366493225,1.7853498085339865,297.8299255371094,982.2882080078125,10.226024290983332
1357,mps,single_training,13,2.7056977064889765,0,True,3.814066258760599,1.3581658063026576,0.00845028255851223,1.045483621267172,3.1383794454427867,1.2665929519213164,1.8717864751815796,37.02898025512695,1451.716064453125,0.8921780420059804
1358,mps,stone_canyon,150,-82839.33754198402,293,False,1.1448859457174938,0.2401565911632497,0.027289320059741537,2.082949640750885,3.1795910787582398,1.3336714220046997,1.8459196615219116,263.2213439941406,2390.56494140625,10.287525834020926
1359,mps,single_training,150,-102709.18758783405,336,False,-0.12568878959864377,0.2518617087646574,0.04527535594689349,2.0157736949125926,2.680971797307332,1.3319563174247742,1.3490154790878295,213.7172393798828,3048.741943359375,10.528175832994748
1360,mps,single_training,150,-106853.79149870055,357,False,-0.9781999785887698,0.22888734356511123,0.04356072824137906,1.850333419640859,2.715000802675883,1.331595238049825,1.3834055638313294,336.7542724609375,1560.59423828125,10.390710542007582
1361,mps,single_training,150,-115817.52987905944,383,False,-1.3244525178708135,0.31241576264837934,0.03367794026931127,1.4201576761404673,2.9445517603556315,1.3294718519846598,1.6150799115498862,277.5725402832031,486.21673583984375,10.338725457986584
1362,mps,stone_canyon,53,-9473.369437255918,33,True,6.004846482344393,3.3394557773574904,0.013911647774841426,2.283449465373777,3.2900320269026846,1.3535282949231706,1.9365037117364272,218.12228393554688,1796.008056640625,3.650989124987973
1363,mps,single_training,150,-131232.45051066886,430,False,-2.1658120788416513,0.7539715139094794,0.0362970498825113,1.281116293668747,2.900789362589518,1.3314032077789306,1.5693861548105876,558.4467163085938,2663.062255859375,10.248873665987048
1364,mps,single_training,4,28.980106396894055,0,True,1.967307761311531,0.3370632603764534,0.014876434579491615,1.1054525971412659,3.058055579662323,1.1837584674358368,1.8742970824241638,9.335545539855957,158.3782958984375,0.31079791599768214
1365,mps,stone_canyon,150,-93089.39070145282,326,False,0.5072101477781932,0.23783073726563694,0.033328944891691206,2.2552588494618733,3.1317821582158407,1.3322833236058553,1.7994988278547923,106.74417877197266,459.05096435546875,10.337511375022586
1366,mps,stone_canyon,97,-19465.14506838721,68,True,6.802184207384119,4.622122945657634,0.018118884836890035,2.0938456611534986,3.3862753823860405,1.3601107683378397,2.0261646152771626,860.57958984375,10241.7841796875,6.738367332989583
1367,mps,single_training,150,-139671.93960295976,458,False,-2.2982198787728945,0.8098675999045372,0.03609884598602851,1.3860817492008208,2.8120384407043457,1.3330490477879842,1.4789893881479899,472.8058166503906,1294.5889892578125,10.3131316670042
1368,mps,single_training,150,-143160.3007353876,469,False,-2.3036177711497294,1.0797072852229783,0.043304532589390876,1.7186394373575846,2.6943271064758303,1.3328571867942811,1.3614699216683706,429.7129211425781,619.7064819335938,10.326249667006778
1369,mps,single_training,4,22.07557723285747,0,True,1.616053283214569,0.4066827744245529,0.007095505250617862,0.8365166336297989,3.090497076511383,1.194689393043518,1.8958077430725098,9.926572799682617,64.42205810546875,0.324072041985346
1370,mps,single_training,150,-101762.30214276807,334,False,0.21102561778621748,0.24361793415728736,0.04079602320057651,1.6153001902500788,2.7702651087443035,1.3295146505037942,1.4407504610220592,320.9479675292969,3817.211669921875,10.270741833985085
1371,mps,stone_canyon,150,-71222.39761628337,247,False,3.0860484079519908,1.0431640525127295,0.02941417809575796,1.9437581984202068,3.1019928375879924,1.3300008328755697,1.7719919999440512,860.1693115234375,3508.590087890625,10.537418084015371
1372,mps,stone_canyon,150,-89524.80905582354,311,False,1.6254695474604766,0.5464345358867043,0.029897502092644572,1.5955703363815943,2.8980444860458374,1.328538765112559,1.5695057237148284,672.7906494140625,3228.502197265625,10.291481041000225
1373,mps,single_training,150,-161651.88357980983,533,False,-2.7235598325977723,1.7729782002108792,0.04726449952771266,1.7722735134760539,2.7513304932912193,1.3270738903681438,1.424256598552068,624.367431640625,5537.57421875,10.25877416698495
1374,mps,single_training,150,-107999.00432166396,358,False,0.1830548134446144,0.33889878522294264,0.045407810946926475,1.7045898644129436,3.0090587361653647,1.3274335273106892,1.681625203291575,347.7729797363281,1244.87548828125,10.20237775001442
1375,mps,single_training,150,-103096.92233308223,340,False,0.18076185983916124,0.10799844959556747,0.041870029643177986,1.4920950504144033,3.1608609453837078,1.3271536215146382,1.8337073254585265,176.16098022460938,2886.19189453125,10.22982750000665
1376,mps,stone_canyon,3,22.48895476426939,0,True,2.2161159912745156,0.4245982567469279,0.005481456872075796,3.3353078365325928,3.151942491531372,1.2003265221913655,1.9516160090764363,7.536569595336914,280.7663879394531,0.25560316699557006
1377,mps,single_training,150,-119027.8558822363,394,False,-1.0435110429053505,0.21838278469884093,0.044444161240632336,2.143680532773336,3.1523259496688842,1.3267122300465901,1.8256137156486512,206.24362182617188,2472.17919921875,10.261063749989262
1378,mps,single_training,150,-138061.5896805374,457,False,-2.071317523568869,0.9057493571626644,0.035829609474167225,1.5478160067399342,3.006402169863383,1.3263547666867574,1.680047405163447,323.2935485839844,5235.8232421875,10.333343167003477
1379,mps,stone_canyon,55,-8508.185293858867,29,True,5.837997678193179,3.619629583710974,0.012350545383312485,2.8511286410418424,3.417541235143488,1.3598564364693382,2.0576848073439167,268.968994140625,2218.00634765625,3.7449815419968218
1380,mps,stone_canyon,150,-100770.4102561011,349,False,0.5873752091359347,0.19592554240184884,0.028636741135269404,1.7976176389058431,3.1822171608606973,1.325037001768748,1.857180150349935,194.49789428710938,3372.904541015625,10.242503667017445
1381,mps,single_training,150,-129969.37312884608,431,False,-2.056761370499929,0.48369448630355083,0.03548414889723062,1.3247789315382639,3.1463965606689452,1.3257814701398214,1.8206150794029237,493.37994384765625,1875.8809814453125,10.428602250001859
1382,mps,single_training,12,-90.03528595496658,0,True,3.465957005818685,1.5028783654173214,0.015475280893345674,1.0956283410390217,3.2181256810824075,1.2910364766915639,1.9270892143249512,35.289634704589844,893.1915893554688,0.8686110410199035
1383,mps,stone_canyon,150,-130335.04094902589,454,False,-1.2487561589106917,0.3499654672029525,0.036938251790901024,2.342147285938263,2.857431151866913,1.3240913542111714,1.533339805205663,206.8282470703125,2331.87158203125,10.226721500017447
1384,mps,stone_canyon,56,-8954.098076021739,31,True,6.166292025574616,3.7990710034168194,0.022303391015157104,2.6318382024765015,3.3183001961026872,1.3618504937205995,1.9564496938671385,296.2267150878906,6776.18701171875,3.828956334007671
1385,mps,single_training,150,-91514.37945105518,301,False,0.4930153459745149,0.09965286329265836,0.03861383128911257,1.5130085929234822,2.915772040685018,1.3255694166819254,1.590202615261078,180.59814453125,2035.909912109375,10.207657708000625
1386,mps,stone_canyon,51,-9231.124960070028,31,True,5.663825818136627,3.313465911529812,0.019779637163760615,2.821548546061796,3.3035954353856107,1.3563083527134914,1.9472870826721191,229.7614288330078,3419.195068359375,3.513775125000393
1387,mps,single_training,31,-393.16749387626027,0,True,6.318008430542484,3.0423005521297455,0.016241735027682398,0.8514024903697353,3.254909138525686,1.345369400516633,1.9095397572363577,95.79915618896484,2341.070068359375,2.181512917013606
1388,mps,single_training,150,-147111.08408473435,491,False,-2.8002004817004007,1.2850630159461678,0.040784076483299334,1.547133497397105,2.8210510738690693,1.323338991800944,1.4977120753129323,802.0170288085938,1973.36767578125,10.539674084022408
1389,mps,single_training,4,18.801121632767433,0,True,2.1255844831466675,0.49895280599594116,0.010824893368408084,0.790366530418396,3.1163063049316406,1.2173356413841248,1.8989706933498383,10.413106918334961,430.1754455566406,0.30103341600624844
1390,mps,stone_canyon,57,-16799.50831869347,60,True,5.5195555876156215,3.575050739889041,0.015343355390717062,2.4084538305014895,3.328583993409809,1.3605906210447614,1.9679933828220033,299.4664611816406,1669.3509521484375,3.909110124979634
1391,mps,single_training,150,-89683.88620839792,296,False,0.7306309054295222,0.23837492687026193,0.04416220799088478,1.900129964351654,2.6254991404215495,1.3217149702707927,1.3037841590245565,423.2428283691406,1221.0909423828125,10.28182899998501
1392,mps,stone_canyon,150,-110931.61942695694,384,False,-0.0535765138734132,0.1441075661319337,0.03160022218401233,1.7536670752366383,3.025598870913188,1.3226693455378216,1.702929527759552,89.09611511230469,1453.9630126953125,10.427540250006132
1393,mps,stone_canyon,150,-131639.264658199,455,False,-1.5140055967355146,0.33519531686906096,0.03494449148265024,1.687396021684011,2.884465205669403,1.3217748792966206,1.5626903223991393,327.4195251464844,2587.71337890625,10.336780250014272
1394,mps,single_training,9,55.83336420149919,0,True,3.4080886046091714,0.9952175054285262,0.007123404492934545,0.800855815410614,3.1788191265530057,1.262501319249471,1.9163177808125813,26.151832580566406,745.0179443359375,0.6431255839997903
1395,mps,stone_canyon,58,-14142.545569592596,49,True,6.674991101026535,3.6085555162601946,0.010924430604189121,2.4376414007154006,3.3491016749677986,1.3613226105426919,1.9877790747017696,312.3986511230469,1472.5479736328125,3.9499500000092667
1396,mps,single_training,150,-116696.05117323987,390,False,-1.145667201774195,0.2842596721163621,0.03917503831287225,1.294538361231486,2.90128946463267,1.319523852666219,1.5817656064033507,171.86920166015625,672.6949462890625,10.242908790998627
1397,mps,single_training,150,-145726.36485637,482,False,-2.7630186493694784,1.1336660027059648,0.04846708635799587,1.847852958838145,2.8167643912633262,1.3198230028152467,1.496941389242808,708.064453125,2869.739990234375,10.256500749994302
1398,mps,stone_canyon,150,-89660.5270454546,312,False,0.9224965559318662,0.27290894950104605,0.028115897023429474,1.78932957192262,3.10615447362264,1.3201589918136596,1.7859954742590587,206.25123596191406,1513.5606689453125,10.20660741699976
1399,mps,single_training,150,-97788.29620737977,323,False,0.13475681036361492,0.18757183893691792,0.03807735815644264,1.6994573545455933,2.8561263291041055,1.3196167937914531,1.53650954524676,274.2978210449219,886.10791015625,10.243514917005086
1400,mps,stone_canyon,150,-64345.291657547605,234,False,2.445197470858693,0.7647169626498362,0.0326822961991032,2.0274821281433106,3.1009983889261883,1.3200536346435547,1.7809447606404623,621.510009765625,2434.0966796875,10.369819832994835
1401,mps,stone_canyon,150,-133331.84798506447,459,False,-1.676257952886323,0.5302420068694967,0.033721902581552665,2.3418608474731446,2.843016546567281,1.3209813745816548,1.5220351696014405,270.7733459472656,1993.7733154296875,10.456935416994384
1402,mps,single_training,150,-107845.27725624599,360,False,-0.7924946794169955,0.12752079857149512,0.0463515977996091,1.6647320628166198,2.651777237256368,1.3209312971433003,1.3308459426959356,166.06088256835938,1381.599365234375,10.297947499988368
1403,mps,stone_canyon,150,-103843.71382291989,362,False,0.24466253719603023,0.19275033616232273,0.030609524883329867,2.098077357610067,3.098956135114034,1.322570887406667,1.776385243733724,164.1532745361328,502.9639892578125,10.253299250005512
1404,mps,stone_canyon,150,-15662.09847236089,52,False,5.816030911604563,3.3584384273986023,0.023967352211475373,3.677591619491577,3.495508524576823,1.3219165269533792,2.173592006365458,1380.869384765625,8138.7705078125,10.224166625004727
1405,mps,stone_canyon,150,-115592.7234719888,398,False,-1.09702304388086,0.37844324464870926,0.02904660802334547,1.584146069685618,3.0305985808372498,1.320847779115041,1.7097507957617442,450.3804931640625,2235.300537109375,10.261744666000595
1406,mps,stone_canyon,150,-115574.1749763175,402,False,-1.2909344368179638,0.41569775983031526,0.030528421513736248,1.810461041132609,3.1067050139109296,1.3199331537882486,1.786771847407023,504.2084655761719,1431.0279541015625,10.418823334010085
1407,mps,stone_canyon,150,-116504.27376688202,402,False,-1.0292843037222823,0.20311782732989134,0.03232431217407187,1.967362421353658,3.0283524266878765,1.3217804741859436,1.7065719525019327,259.28936767578125,1175.8458251953125,10.451922292006202
1408,mps,stone_canyon,150,-87621.61289210136,302,False,0.5756795574973027,0.36534658043005036,0.027333158704762658,1.728981924255689,3.324382758140564,1.3219194769859315,2.002463276386261,174.96923828125,1010.6105346679688,10.660173457989004
1409,mps,single_training,150,-93580.97325824924,309,False,-0.22782352056975166,0.12280068105833834,0.0339979024635007,1.0791114755471547,3.0236409680048624,1.321772046883901,1.7018689274787904,159.69879150390625,826.4635620117188,10.454850167006953
1410,mps,stone_canyon,150,-105807.40674810752,366,False,0.004662815852401157,0.15923384061146492,0.030148932356387378,1.923948880036672,3.0773618268966674,1.3255037967363994,1.7518580289681753,94.15904235839844,544.7711181640625,10.63124687501113
1411,mps,stone_canyon,150,-82440.69415183579,286,False,1.322757498715073,0.2781574579970356,0.029915803006539742,2.2436426297823586,3.2306288925806683,1.3274330194791157,1.9031958675384522,286.0770263671875,511.9285888671875,10.608369417022914
1412,mps,single_training,150,-75292.0249906993,253,False,1.2175619901468357,0.25261767648669775,0.03958916179214915,1.8841934037208556,3.1502819045384727,1.328122992515564,1.8221589024861653,251.43505859375,1731.679443359375,10.337713292014087
1413,mps,single_training,150,-89098.06589776659,298,False,0.6297470444316665,0.13138951998223394,0.03741057667260369,1.5088674040635426,3.1201948499679566,1.32879163980484,1.7914032053947448,272.2972412109375,813.5326538085938,10.292939042003127
1414,mps,single_training,7,-32.895355783274745,0,True,3.3694842202322826,1.3241359676633562,0.014189192093908787,1.185087765966143,3.3011156150272916,1.288866639137268,2.012248992919922,22.50193214416504,224.795166015625,0.5091647499939427
1415,mps,stone_canyon,3,34.80210568954776,0,True,2.331860383351644,0.9839118321736654,0.014631778312226137,3.26355250676473,3.280184189478556,1.2628178596496582,2.017366329828898,9.38892936706543,188.6774444580078,0.21492204198148102
1416,mps,single_training,6,-1.9051940029543033,0,True,3.53831954797109,1.2120342652002971,0.014709843322634697,1.1717934012413025,3.2925343116124473,1.2803190350532532,2.012215256690979,19.18744468688965,354.2233581542969,0.41386233299272135
1417,mps,stone_canyon,150,-84775.18971537227,292,False,0.9829331849364098,0.19210010790700693,0.02837367797270417,1.8107285765806833,3.1548761320114136,1.3279903729756672,1.8268857494990032,357.5011291503906,1072.6219482421875,10.27100937499199
1418,mps,stone_canyon,150,-67434.4706613309,236,False,1.8915804427365461,0.52343214223627,0.02750171208754182,1.8065884971618653,3.313502779006958,1.328159199555715,1.9853435786565146,374.875,929.6713256835938,10.557441166019998
1419,mps,single_training,150,-111288.39790431525,369,False,-1.3037737474342188,0.3483468916479857,0.04397153047223886,1.8749939139684042,2.841226942539215,1.3262763500213623,1.514950602054596,498.28173828125,2072.50830078125,10.420740958012175
1420,mps,stone_canyon,150,-75006.05238384713,262,False,1.1300680747379859,0.28570060294935806,0.02917306630561749,1.9081142421563466,3.1904072761535645,1.3263600786527,1.8640472038586935,169.19032287597656,2754.777587890625,10.471355500019854
1421,mps,stone_canyon,150,-120832.42202966819,418,False,-1.1054986872989685,0.3184926638907124,0.030606780387461185,1.3122967223326365,3.1678399499257406,1.3276121020317078,1.8402278379599253,266.9165344238281,1663.657470703125,10.47246499999892
1422,mps,single_training,18,-36.63091513174635,0,True,5.2475657727983265,2.4403902259137897,0.008318305921016468,1.025603221522437,3.3922386036978827,1.3358594444062974,2.056379132800632,53.048946380615234,1198.53857421875,1.2620045420189854
1423,mps,single_training,5,2.0755772328574658,0,True,2.2936327934265135,0.9435736894607544,0.007042098976671696,0.9136631608009338,3.3291502952575684,1.2637305498123168,2.0654197216033934,15.189825057983398,215.98907470703125,0.3578421249985695
1424,mps,single_training,150,-105420.63864279198,345,False,-1.2660776664378743,0.3440831512318012,0.04524045317123333,1.9782931053638457,2.8526847465833027,1.3286759893099467,1.5240087525049846,473.9432678222656,3750.31201171875,10.292866709001828
1425,mps,single_training,150,-108172.35512321848,359,False,-1.3983994555100798,0.2563199865818024,0.041183669340486326,1.4630898559093475,2.8789323584238686,1.3301688861846923,1.5487634638945262,371.03509521484375,2617.494140625,10.353292541985866
1426,mps,single_training,150,-114410.19643728128,384,False,-1.5775654885917902,0.4309201889495307,0.04066580082600316,1.8872137633959452,2.8638547404607135,1.3314779639244079,1.5323767864704132,295.72442626953125,773.3321533203125,10.579947041987907
1427,mps,single_training,4,12.789182716947295,0,True,3.3552155792713165,0.8128754496574402,0.00787832378409803,0.8948764801025391,3.3727768659591675,1.2538410127162933,2.1189358234405518,11.709314346313477,129.39012145996094,0.320637083001202
1428,mps,single_training,150,-105286.2232995458,343,False,-1.2295881858095528,0.24852494077150672,0.031460673989107214,1.2544154258569082,3.1092449394861856,1.3336032772064208,1.7756416749954225,304.9637451171875,924.8135375976562,10.236503083986463
1429,mps,stone_canyon,52,-12826.35290664877,45,True,4.884955045695488,2.780962881560509,0.013873645247748265,2.4489366182914147,3.4528037997392507,1.3654296008440165,2.087374210357666,186.11111450195312,1502.3475341796875,3.570558458013693
1430,mps,stone_canyon,150,-50443.37008030538,180,False,3.253690661986669,1.1377210528419042,0.024309956307212513,1.8629278175036112,3.444818739891052,1.3359503650665283,2.1088683780034385,760.7097778320312,3019.34619140625,10.714353624993237
1431,mps,stone_canyon,150,-69655.62217137132,243,False,2.1378450394670168,0.5608956757513807,0.031727867536246776,2.4238143491744997,3.2940800189971924,1.338017116387685,1.9560629002253214,562.9688720703125,5099.29541015625,10.710752499988303
1432,mps,stone_canyon,150,-51982.25305036997,182,False,3.3117409264296294,1.1390156759795111,0.030141305041809875,3.2213618715604144,3.3975341224670412,1.337614720662435,2.0599194010098776,742.749755859375,6322.45166015625,10.51655541700893
1433,mps,stone_canyon,150,-105148.5992260433,365,False,-0.8081071934507539,0.12478892256975238,0.03381133776158094,2.307452425956726,3.204595758120219,1.3384776441256205,1.8661181139945984,223.21359252929688,1987.3370361328125,10.385830500017619
1434,mps,single_training,4,26.66266436516071,0,True,2.3429498374462128,0.6517874822020531,0.01851728931069374,0.9448316991329193,3.2496495246887207,1.2421091198921204,2.0075404047966003,10.885279655456543,178.26708984375,0.3106302499945741
1435,mps,single_training,4,18.058841093283434,0,True,2.073626011610031,0.6193241849541664,0.016708555165678263,0.9034066647291183,3.243079960346222,1.2391001284122467,2.0039798617362976,10.706979751586914,85.54486846923828,0.28240445800474845
1436,mps,single_training,18,21.203937088656126,0,True,4.161031365394592,1.9965480748150084,0.015282894484698772,1.0156043767929077,3.3263156414031982,1.3198720349205866,2.0064436263508267,51.53122329711914,527.0916137695312,1.228850915998919
1437,mps,single_training,150,-121165.38905992568,398,False,-1.7137890135745208,0.5624286811613517,0.03761505265409748,1.1480084824562073,3.0845502710342405,1.3399196616808573,1.7446306085586547,238.48779296875,1544.6414794921875,10.243741749989567
1438,mps,single_training,14,-40.94865346950721,0,True,3.8336508572101593,1.4581094575779778,0.006842935723917825,0.9574908827032361,3.320764558655875,1.2942134312220983,2.0265511444636752,39.000057220458984,1754.9461669921875,0.9539311669941526
1439,mps,single_training,5,13.44247434508463,0,True,2.2744632601737975,0.44428935945034026,0.004940640274435281,0.8508742451667786,3.268852472305298,1.2192360877990722,2.0496164321899415,11.895487785339355,160.31956481933594,0.34664454200537875
1440,mps,stone_canyon,150,-107652.82325170816,371,False,-0.15914209534724552,0.1771321860468985,0.034482965786010025,1.6793030428886413,3.2531279150644936,1.3399005881945292,1.9132273268699647,119.25315856933594,547.7987670898438,10.254554333019769
1441,mps,single_training,150,-105528.93326321567,349,False,-1.1163724504349133,0.253904896288841,0.04051407358919581,1.2028236077229182,3.055447793006897,1.339262166817983,1.7161856285730999,286.0326843261719,1790.9927978515625,10.534001000021817
1442,mps,stone_canyon,77,-17622.97080183466,61,True,5.705177093481089,3.121883294436636,0.01370352419552865,3.1627325516242486,3.4785082123496314,1.3546153012808266,2.1238929079724596,406.15631103515625,5611.9990234375,5.323672375001479
1443,mps,single_training,6,-8.987954200745314,0,True,1.8957409660021465,0.3455149754881859,0.0034249237893770137,0.9165478845437368,3.4040836890538535,1.203658441702525,2.2004252274831138,12.661847114562988,564.872802734375,0.4290205420111306
1444,mps,stone_canyon,150,-120552.76065756906,416,False,-1.5596932094575215,0.3215372426148557,0.0395398150694867,2.311526929537455,3.059470411936442,1.3372899810473124,1.7221804281075797,222.98902893066406,2221.468994140625,10.282285541004967
1445,mps,stone_canyon,150,-113118.27207946022,389,False,-0.7397707221346597,0.29007372888561805,0.03730122774063299,1.9305074087778726,3.0194332750638324,1.3367762406667074,1.6826570399602254,111.05757904052734,2593.754638671875,10.52696499999729
1446,mps,stone_canyon,150,-122071.85998651058,418,False,-1.850816716613869,0.41290095174791835,0.03325510183038811,1.8560570693016052,3.0311414766311646,1.336082706451416,1.6950587737560272,394.4808044433594,1656.5074462890625,10.63403941699653
1447,mps,single_training,150,-88150.39453879696,293,False,0.24391015076388917,0.17558061378522932,0.05331077537654589,1.905686558485031,2.9496952517827353,1.336943420569102,1.6127518232663471,247.33384704589844,829.9781494140625,10.548946583003271
1448,mps,stone_canyon,150,-93436.03823074803,323,False,0.1352938257623464,0.10234571594862851,0.0315272999027123,2.22656263033549,3.2590854008992514,1.33658363421758,1.922501777013143,103.69203186035156,327.7850341796875,10.366856499982532
1449,mps,stone_canyon,150,-102685.62283804454,360,False,-0.34200297662988305,0.14211919096057196,0.02778370160609484,1.912522221406301,3.10139093875885,1.3360995141665142,1.7652914174397787,66.14922332763672,345.6177062988281,10.284934833005536
1450,mps,stone_canyon,150,-124605.41277720286,430,False,-1.8989940506219865,0.43196638536316945,0.0346725365271171,1.6981865775585174,3.028920350074768,1.3367761278152466,1.6921442202727,313.6551513671875,1258.8851318359375,10.293376500019804
1451,mps,single_training,4,20.20988675275987,0,True,1.564650520682335,0.2651349939405918,0.0219638142734766,0.9336784929037094,3.215304136276245,1.190051555633545,2.0252525806427,7.961386203765869,472.37347412109375,0.358160042000236
1452,mps,stone_canyon,150,-126910.77615008208,436,False,-1.99385976806283,0.5150777335243766,0.040470943997303645,1.943649624188741,3.064031430880229,1.336916334629059,1.727115092277527,333.11822509765625,2367.792236328125,10.25552933299332
1453,mps,single_training,150,-92464.22560660221,309,False,-0.3670621860524019,0.07604399170886608,0.04421625399341186,1.1367877844969432,3.102176756858826,1.3366913294792175,1.765485417842865,59.408653259277344,776.8698120117188,10.543209833995206
1454,mps,single_training,4,24.378226313185685,0,True,2.4594863206148148,0.40785547345876694,0.015381308039650321,0.8697953671216965,3.1892749667167664,1.2112660706043243,1.9780088365077972,9.179513931274414,263.1557312011719,0.3221884170197882
1455,mps,stone_canyon,150,-75853.27417572947,264,False,1.51469774308304,0.38081151695805604,0.02852370424196124,1.9320466375350953,3.320175903638204,1.3380839641888935,1.9820919450124104,396.7613220214844,1646.53076171875,10.38297445900389
1456,mps,stone_canyon,150,-113707.65077523289,395,False,-1.681230282469963,0.5320433767640104,0.030184431321298083,2.125858594576518,3.2092346159617104,1.3371024958292643,1.8721321074167887,515.8659057617188,1896.008544921875,10.523011834011413
1457,mps,stone_canyon,150,-79792.3929678147,281,False,1.4928914860635996,0.4843753332706304,0.030482825428868335,1.8846666568517685,3.231381117502848,1.3390321397781373,1.8923489769299826,364.4371337890625,1244.487548828125,10.437480416992912
1458,mps,single_training,150,-126599.07939670769,415,False,-2.346657492276281,0.9664384795199537,0.045069261989556256,2.130637305378914,2.5841656549771628,1.338216367562612,1.2459492935736973,621.0123291015625,3461.752685546875,10.471411749982508
1459,mps,stone_canyon,150,-97959.2700117846,337,False,-0.3173957788400973,0.16577846431271004,0.030437406357377766,2.356660073598226,3.354085211753845,1.3403694073359171,2.0137158107757567,163.87525939941406,3064.032958984375,10.432900250016246
1460,mps,single_training,13,-118.6749914857055,0,True,4.762383873646076,1.6049026663486774,0.004602554737805174,0.8225904886539166,3.320849161881667,1.3058262513234065,2.015022901388315,36.6700553894043,2416.833740234375,0.9116811669955496
1461,mps,single_training,150,-96318.4065589548,316,False,-0.604365233015269,0.15131782788492273,0.03733675036734591,2.253763391574224,2.8331232126553854,1.3410013151168823,1.492121901512146,174.3979034423828,3210.553466796875,10.247918249981012
1462,mps,stone_canyon,3,30.409482476303072,0,True,2.102974851926168,0.5374261339505514,0.00302319034623603,4.050750732421875,3.286146958669027,1.2240124146143596,2.0621345043182373,7.622643947601318,487.0887756347656,0.23054316599154845
1463,mps,single_training,4,23.205855564222553,0,True,1.3611585795879364,0.6203413605690002,0.0030942942248657346,0.8348393440246582,3.2383861541748047,1.2344767153263092,2.003909409046173,10.523059844970703,441.90948486328125,0.2819384999747854
1464,mps,single_training,4,12.83361029545176,0,True,1.753174439072609,0.6369675472378731,0.002890885225497186,0.7566685974597931,3.2200002670288086,1.2364842891693115,1.98351588845253,10.557250022888184,46.049171447753906,0.2813774160167668
1465,mps,single_training,150,-105116.03865437004,347,False,-0.904818819227318,0.23389884748987547,0.047646422060206535,1.7850264434019725,2.550469049612681,1.3401708277066549,1.2102982230981192,150.16319274902344,2122.623779296875,10.299651083012577
1466,mps,single_training,4,14.784593524979957,0,True,2.119992509484291,0.5670383870601654,0.003134987025987357,0.6622621566057205,3.113869309425354,1.2274043262004852,1.8864649832248688,10.171696662902832,251.1235809326172,0.2931246249936521
1467,mps,stone_canyon,150,-53307.32339266788,183,False,2.65383017676572,0.911562919338418,0.02207436189521104,1.7054099225997925,3.2808872715632122,1.3414864095052084,1.939400855700175,552.2374267578125,3560.319580078125,10.218734000023687
1468,mps,single_training,12,-53.36346668221421,0,True,3.688548296689987,1.2293409357468288,0.0036619174643419683,0.6320462127526602,3.112386405467987,1.2790435155232747,1.8333428700764973,32.49354553222656,405.963134765625,0.8368226669845171
1469,mps,single_training,150,-107602.01606232712,354,False,-0.9404280370241032,0.22032101752831598,0.057929756844726704,2.5105223333835602,2.3008302744229634,1.340703992843628,0.9601262780030568,161.58868408203125,3880.5029296875,10.2212018329883
1470,mps,stone_canyon,150,-80302.75810650575,279,False,1.2299088991433382,0.2435764776909006,0.03113765242819985,1.695190941095352,3.0192776346206665,1.340391492843628,1.6788861513137818,287.9723205566406,657.7342529296875,10.500375332980184
1471,mps,stone_canyon,3,29.611237203076392,0,True,1.422756314277649,0.31562566260496777,0.004618292984863122,3.300451676050822,3.0108975569407144,1.191563884417216,1.8193336327870686,6.314788818359375,104.0422592163086,0.2545318330230657
1472,mps,stone_canyon,150,-77768.78557101499,269,False,0.9873035211861133,0.2815368533235354,0.024043739993746083,1.7073515409231186,3.3031644741694133,1.338851845264435,1.9643126289049784,144.01280212402344,2249.070068359375,10.236116665997542
1473,mps,single_training,150,-87929.72186905079,289,False,-0.29816829579727105,0.08793899044509695,0.036742401715988915,1.9392918880780539,3.0591148042678835,1.338591198126475,1.7205236124992371,50.360694885253906,2203.433837890625,10.384782250010176
1474,mps,stone_canyon,150,-48003.280599497855,168,False,2.5523571200172106,0.9171886844900049,0.023205924974754454,2.7678809722264606,3.3037651777267456,1.3377237145105998,1.9660414679845175,472.6427307128906,2334.38525390625,10.240732249978464
1475,mps,stone_canyon,150,-67840.3104541998,234,False,1.0257375705738863,0.24177201803388015,0.02395488937695821,2.5177932711442312,3.2384700711568195,1.3371265133221943,1.901343568166097,123.98394012451172,1871.24853515625,10.286877666978398
1476,mps,single_training,150,-108644.11047682949,362,False,-1.6435134689447781,0.38108245070002644,0.04012953913460175,1.8983931601047517,3.066314835548401,1.3371469553311666,1.7291678841908773,297.20977783203125,2876.824951171875,10.912220291997073
1477,mps,single_training,4,26.610093944513842,0,True,1.6987825781106949,0.2328016236424446,0.011156993452459574,1.6099343597888947,3.0014798641204834,1.1798831224441528,1.821596771478653,7.386118412017822,86.71529388427734,0.32780562501284294
1478,mps,stone_canyon,150,-37063.44497978951,130,False,3.0742003508036335,1.2427858911534229,0.024600495714694262,3.4874255140622457,3.330912295977275,1.3345244900385538,1.9963878122965495,532.066650390625,2305.010009765625,10.632434291008394
1479,mps,single_training,16,-93.45986382923914,0,True,2.997779320925474,1.4330635336227715,0.014205373008735478,1.2201755791902542,3.1286855936050415,1.287406086921692,1.841279536485672,40.425384521484375,794.552734375,1.1287062909977976
1480,mps,single_training,4,24.634539897837122,0,True,0.9458911046385765,0.16931861639022827,0.015556776896119118,0.876520186662674,3.011789381504059,1.1680295765399933,1.8437597751617432,6.431377410888672,26.413026809692383,0.28526824997970834
1481,mps,single_training,4,18.803903709481702,0,True,0.7329380661249161,0.13427299726754427,0.011051886482164264,0.7253430485725403,2.978847622871399,1.1582674384117126,1.820580244064331,5.788054943084717,194.68833923339844,0.2818328340072185
1482,mps,stone_canyon,150,-150677.65472500242,518,False,-3.8131399852534136,2.13861335841318,0.030931034330278634,2.0374463868141173,2.8449966073036195,1.332036525408427,1.5129600902398428,949.4806518554688,3278.142822265625,10.297260708000977
1483,mps,stone_canyon,150,-107708.83991530858,371,False,-1.4919346198439598,0.3462793646504482,0.025741780657942095,1.552533128062884,3.0310160366694134,1.3324745512008667,1.6985414870580038,356.12115478515625,1871.7667236328125,10.503499124984955
1484,mps,single_training,16,-100.38233196399443,0,True,3.494331870228052,1.1860058357124217,0.006360575585858896,0.6643300577998161,3.1142881214618683,1.2625386491417885,1.8517494574189186,35.57278060913086,1405.0230712890625,1.1441777090076357
1485,mps,single_training,150,-98589.48170130642,323,False,-1.26198973591129,0.37417720327425436,0.035953753665089606,2.0817816895246506,2.4793045870463053,1.330985466639201,1.1483191190163295,279.4112854003906,2394.48388671875,10.233111124980496
1486,mps,stone_canyon,150,-88990.98146102628,319,False,-0.3777066026162356,0.163497189563152,0.03115275767321388,2.430135805606842,3.222654275894165,1.3335621317227682,1.889092141787211,137.9110107421875,3226.794189453125,10.484851250017527
1487,mps,single_training,150,-102455.6631662027,345,False,-1.240558345116054,0.32468022595328266,0.04987146737674872,3.0318967715899148,2.3788548056284586,1.3335681962966919,1.0452866059541703,258.7511901855469,3188.302734375,10.328978542005643
1488,mps,stone_canyon,150,-118351.27971754687,408,False,-2.4335251696159443,0.7561058925682058,0.034741549701429904,2.2364661574363707,3.1134619108835855,1.3311795934041342,1.7822823270161947,575.6787109375,3407.9970703125,10.298397874983493
1489,mps,stone_canyon,3,36.20808873282593,0,True,0.10626184443632762,0.005969614799444874,0.003946991482128699,3.643829027811686,2.9768409729003906,1.0879465738932292,1.8888943990071614,0.5933246612548828,12.7343168258667,0.24333812500117347
1490,mps,single_training,150,-125766.77011817855,414,False,-2.3290139873077473,1.1998078720558745,0.05026123013036946,2.1535063695907595,2.4026624878247578,1.334620591799418,1.0680419075489045,664.9126586914062,3745.5537109375,10.229236583021702
1491,mps,single_training,150,-111728.83040910611,365,False,-1.4826722342769305,0.5469779357595447,0.036662943886282544,1.707775060335795,2.67591703414917,1.335287348429362,1.3406296865145366,267.0265197753906,5171.3271484375,10.260807582992129
1492,mps,stone_canyon,150,-82281.5621844251,288,False,0.4725537803458671,0.1636204108400913,0.028125460436567665,1.4532306134700774,3.0898206996917725,1.3375625729560852,1.7522581100463868,153.398193359375,434.6665344238281,10.240298041986534
1493,mps,stone_canyon,3,34.82052255141193,0,True,-0.03220961367090543,0.004096789595981439,0.003858868886406223,3.346881628036499,2.9413533210754395,1.07241690158844,1.8689363797505696,0.1587977558374405,63.65549850463867,0.2375176250061486
1494,mps,single_training,150,-112915.21498436689,369,False,-2.1340968658030035,0.6355356752425724,0.03864395647620161,1.9972086175282797,3.1803254477183023,1.3369777472813924,1.84334770043691,419.5983581542969,5204.44970703125,10.230234249989735
1495,mps,single_training,6,5.971998243809864,0,True,0.3657432347536087,0.053581796877551824,0.005650265219931801,1.8880863785743713,2.995709935824076,1.1135794719060261,1.8821304837862651,3.6711039543151855,184.02044677734375,0.4282360829820391
1496,mps,single_training,7,-19.069096494221398,0,True,0.3524335250258446,0.08687430341628247,0.006208029176507678,1.8945191076823644,3.008303778512137,1.119070393698556,1.8892333507537842,4.779782772064209,285.9388122558594,0.48305533299571835
1497,mps,stone_canyon,150,-95906.60605749105,331,False,-0.6062537650670856,0.19862439502967694,0.02486464301745097,1.8197418622175852,3.176745058695475,1.3355513262748717,1.8411937316258749,168.84410095214844,1920.731201171875,10.239766250015236
1498,mps,stone_canyon,150,-64344.89285720109,222,False,1.6401696875008445,0.3821018199680839,0.027407991973062356,2.0472622338930764,3.1129824113845825,1.3355545783042908,1.777427838643392,381.53875732421875,997.8282470703125,10.314628000021912
1499,mps,single_training,150,-80614.16165945026,268,False,0.38365701286743087,0.20606754111585968,0.029678573117901882,1.9088047806421915,3.0382272402445474,1.3358907675743104,1.70233647108078,231.7485809326172,1594.5943603515625,10.544973082985962
1500,mps,stone_canyon,150,-103200.03877063877,358,False,-0.34371805771884584,0.2272844371551501,0.02759673369427522,1.3558156541983286,3.0134976156552633,1.3368675208091736,1.6766300996144612,80.21012115478516,630.084716796875,10.405013583018444
1501,mps,stone_canyon,150,-102979.11317062803,358,False,-0.05758274319892128,0.5225301389973334,0.03039905710145831,1.88662566781044,2.8498655954996743,1.3360762437184652,1.5137893489996592,290.1725158691406,1220.174072265625,10.844983334012795
1502,mps,single_training,150,-139668.72142361305,453,False,-3.1199318066829194,1.7282789358898025,0.03263943548003832,1.938582098086675,2.827605490684509,1.3358752425511677,1.4917302401860555,466.6103515625,2432.837646484375,11.247411332995398
1503,mps,single_training,150,-125861.33412895886,413,False,-2.377140223253518,1.0192772325836996,0.033845434862499434,1.9938259081045786,2.820920933087667,1.3361523954073589,1.4847685416539511,488.7506408691406,4336.21484375,10.98672329200781
1504,mps,single_training,150,-95207.80721950758,312,False,-0.7824439585115761,0.1703552374221484,0.0308094697445631,1.700247444709142,2.940717838605245,1.3372398980458577,1.6034779445330303,115.48225402832031,2551.81494140625,10.66300291699008
1505,mps,single_training,150,-111918.45207232908,367,False,-1.7656751019166161,0.5741279852689817,0.033062895766148966,2.071306380033493,2.9821235799789427,1.3340441751480103,1.648079398473104,311.0655822753906,2612.529052734375,10.38996587501606
1506,mps,single_training,150,-111773.00217894727,378,False,-1.8846105738977592,0.47271473430862293,0.02996971714620789,1.3865048917134604,3.1291624323527016,1.3360032796859742,1.7931591518719991,318.0537109375,3154.33935546875,10.652558833011426
1507,mps,single_training,150,-142747.6722051674,466,False,-4.134555274496476,1.8721410814439878,0.02964254843071103,1.3894920718669892,3.152032945950826,1.3385150718688965,1.813517853418986,881.4331665039062,10538.763671875,10.508024415990803
1508,mps,stone_canyon,150,-67159.9822009467,231,False,1.1445520892708252,0.2696531987072133,0.024686856598903736,2.027207618554433,3.2462293831507365,1.337611571153005,1.908617811203003,141.95123291015625,2500.393310546875,10.428797583008418
1509,mps,stone_canyon,150,-115007.90980767774,401,False,-1.6093617770945032,0.3840098731246932,0.027728400838871795,1.7992383277416228,3.0466465600331625,1.3353963192303975,1.7112502415974935,259.9159851074219,843.8346557617188,10.373231000005035
1510,mps,single_training,8,10.871269744351725,0,True,1.6108817607164383,0.4374781302176416,0.010142871993593872,1.4157207757234573,3.224491596221924,1.2050966918468475,2.019394874572754,15.91429328918457,85.82275390625,0.5964922919811215
1511,mps,stone_canyon,150,-93479.7013847671,325,False,-0.35391304844990373,0.11636765715317475,0.0226465357777973,1.3346619431177775,3.1040183877944947,1.3371964653333028,1.7668219248453776,105.83828735351562,408.4090881347656,10.230725583009189
1512,mps,single_training,150,-115353.30828819994,386,False,-2.1236805265334744,0.6018606848428862,0.0313724538932244,1.5198187629381816,3.2016216866175333,1.3395630780855814,1.8620586133003234,439.0468444824219,855.1083984375,10.295710875012446
1513,mps,stone_canyon,150,-16367.649548109388,54,False,5.565304015899698,2.9099859491650326,0.02206592045413951,3.4086488993962605,3.478991832733154,1.3368670638402302,2.142124767303467,1103.593505859375,2415.50244140625,10.294923000008566
1514,mps,stone_canyon,150,-120910.21217439948,420,False,-1.7190260815434157,0.37100458071567116,0.030734653507048886,1.896655953725179,3.0001847322781883,1.3393105204900106,1.6608742141723634,248.4619598388672,1553.75439453125,10.343385083018802
1515,mps,single_training,5,8.39672405069392,0,True,0.8992488503456115,0.1945376515388489,0.004463506955653429,1.1709142684936524,3.2035070419311524,1.1527984857559204,2.0507085800170897,8.188797950744629,234.61300659179688,0.38708529199357145
1516,mps,stone_canyon,150,-117857.75336742614,408,False,-1.6361565710107486,0.3072735005368789,0.02968734025489539,1.6925624092419942,3.0683498700459797,1.3402535247802734,1.7280963385105133,308.5522155761719,895.3287353515625,10.219031084008748
1517,mps,single_training,7,39.90280898123276,0,True,1.5698306560516357,0.3060935969863619,0.004377822391688824,0.9946806005069188,3.2526232174464633,1.1704179048538208,2.0822053296225413,13.2650146484375,199.3609161376953,0.4955330409866292
1518,mps,stone_canyon,150,-86971.52008572342,301,False,0.8180329341689746,0.23301160461696174,0.027848953989644844,1.4954028121630352,3.0797331444422404,1.3403589097658792,1.739374226729075,287.2472839355469,1854.448486328125,10.206436792010209
1519,mps,single_training,4,21.187353897557298,0,True,1.3244047090411186,0.16127456352114677,0.0038702035089954734,0.9714211821556091,3.1816003918647766,1.1359888017177582,2.045611560344696,6.308892726898193,21.4642333984375,0.2963007079961244
1520,mps,stone_canyon,45,-8324.589557850688,33,True,4.904227871696154,2.6598792320573312,0.009252062941797905,2.495986334482829,3.3589241769578724,1.3446227841907077,2.0143013768725924,125.1261978149414,1072.3494873046875,3.079803084023297
1521,mps,single_training,150,-84735.41063034577,277,False,0.6088127046078443,0.1348024903528858,0.029532354526842632,1.391117180188497,3.1164985720316567,1.3384352111816407,1.7780633568763733,185.5081329345703,1147.5020751953125,10.233228875003988
1522,mps,stone_canyon,150,-95210.9042680352,330,False,0.48149848164990544,0.19839743079282773,0.03907038333825767,1.705431355635325,3.0075172726313273,1.3392948444684347,1.668222428560257,215.67697143554688,2008.3526611328125,10.54401658300776
1523,mps,single_training,150,-126460.4747173915,413,False,-2.044782536526521,0.7805181574677893,0.03894238335701326,1.4291155250867207,3.2094264713923137,1.340237532456716,1.8691889492670695,356.0211181640625,1367.8309326171875,10.453594374994282
1524,mps,stone_canyon,150,-88144.08388640148,303,False,0.7957390978761638,0.313156603768172,0.030328969930609066,2.2250887338320413,3.0570676692326866,1.3402559979756674,1.7168116760253906,348.7364501953125,2455.633544921875,10.840020541974809
1525,mps,stone_canyon,150,-106607.24593719731,373,False,0.2100299403319756,0.2844842165674345,0.03952248453938713,2.1776365621884666,3.0996348381042482,1.340596178372701,1.7590386573473613,205.415283203125,2029.595458984375,10.685994916973868
1526,mps,single_training,150,-112428.56416891485,369,False,-0.8035594074179729,0.46999261872648884,0.0559785915290316,2.417545258998871,3.052692273457845,1.3408498120307923,1.7118424654006958,158.84388732910156,1290.0421142578125,10.776541208993876
1527,mps,single_training,150,-115383.60508341492,383,False,-1.6864014935245117,0.36536964408063793,0.02758160385924081,1.4331949079036712,3.2249365425109864,1.3399366378784179,1.8849999070167542,294.6181335449219,3248.83544921875,10.449588957999367
1528,mps,stone_canyon,57,-13645.820335031238,48,True,4.785153954959752,2.688639094595585,0.014274126654000659,3.042847576894258,3.401932908777605,1.3494292204840141,2.0525036715624627,195.1237335205078,800.6093139648438,3.9185089169768617
1529,mps,single_training,10,-0.34375355253963846,0,True,1.6361316174268723,0.3474304247647524,0.016294138506054878,1.2301002502441407,3.120184302330017,1.1748141646385193,1.94537011384964,17.889577865600586,328.47406005859375,0.6943539170024451
1530,mps,stone_canyon,150,-109342.88334314173,383,False,-0.8296412455356524,0.18865346333801378,0.036716370172798635,2.031910682519277,3.2218576081593833,1.3400343680381774,1.8818232361475626,175.5455322265625,1100.3330078125,10.248968750005588
1531,mps,stone_canyon,150,-100738.74220778272,353,False,-0.28311045820514363,0.11010750033026852,0.03599257195989291,1.514239515264829,3.1011985858281452,1.3415033197402955,1.7596952803929646,73.99237060546875,1747.239990234375,10.63672879198566
1532,mps,stone_canyon,66,-19979.21445800789,70,True,4.883308336420944,2.943073903062517,0.0236211714588783,3.070060787778912,3.3390966509327744,1.3504981850132798,1.9885984659194946,280.474609375,5137.173828125,4.610818792018108
1533,mps,single_training,6,5.1663304979226865,0,True,1.1392573863267899,0.2045254409313202,0.01585441765685876,0.7264639139175415,3.066198746363322,1.1522846619288127,1.9139140844345093,9.30660629272461,243.35003662109375,0.4246913749957457
1534,mps,stone_canyon,150,-112461.29085499328,390,False,-1.0769586519446845,0.2339744081039343,0.027602950564275187,1.6896617309252422,3.0853111426035564,1.337738754749298,1.7475723826885223,215.30372619628906,473.2774658203125,10.23177862499142
1535,mps,single_training,150,-142203.5756699696,470,False,-2.469495681952685,1.3138286160795543,0.039346723457177483,1.864774192372958,2.49806192557017,1.3398671015103658,1.1581948180993398,439.46466064453125,1235.296630859375,10.508977000019513
1536,mps,stone_canyon,45,-12038.169314729024,43,True,5.134177603655392,2.409305810700688,0.008968950828744306,2.8784287081824407,3.283197858598497,1.3447293917338052,1.9384684748119778,116.76311492919922,988.9570922851562,3.1578201669908594
1537,mps,single_training,150,-116349.12794932206,379,False,-1.2272908947865169,0.4554900243415614,0.03844311198219657,1.4340129230419796,2.591596195697784,1.3397463003794352,1.2518499022722245,198.31736755371094,2587.67236328125,10.206950916995993
1538,mps,stone_canyon,150,-115964.2205581811,402,False,-0.7134780420844132,0.24407900029328328,0.031890448587946596,1.7155746014912923,2.9673037060101826,1.3402934598922729,1.6270102473100025,79.23723602294922,1194.2078857421875,10.36949262500275
1539,mps,single_training,5,17.607807418963404,0,True,0.637971556186676,0.18811632692813873,0.003066137293353677,0.7279209613800048,3.0529082298278807,1.15070583820343,1.9022024154663086,7.962615489959717,194.7422637939453,0.392877457983559
1540,mps,single_training,23,-28.686640461244988,0,True,4.1480868640153306,2.154938704941584,0.003994365506198095,0.8020993963531826,3.2374176564423935,1.3130585162535957,1.9243591350057851,56.71356201171875,3163.689453125,1.5638736250111833
1541,mps,stone_canyon,150,-116490.32784723616,402,False,-0.5653598161870226,0.24397377383333615,0.031546870085100334,1.67709365884463,3.0198105796178183,1.3404080438613892,1.6794025425116221,72.2996826171875,1419.36083984375,10.22124529199209
1542,mps,single_training,150,-105105.11614415818,346,False,-0.33574756801128386,0.4068940965109505,0.052612078733121355,1.9749170205990474,2.585647428035736,1.3413963230450947,1.2442511022090912,229.89646911621094,1073.4969482421875,10.363471457996638
1543,mps,single_training,19,-202.70521602285174,0,True,3.7235960458454334,1.8409635844199281,0.005186546973786072,0.7472859025001526,3.216661126990067,1.3009319179936458,1.9157292027222483,47.6121711730957,2534.472900390625,1.323421375011094
1544,mps,stone_canyon,150,-115667.71148628289,398,False,-0.5139478146533172,0.4673839176275457,0.03148478238998602,1.6003899164994557,2.918634778658549,1.3413054466247558,1.5773293189207713,230.2138671875,2682.910888671875,10.221576834010193
1545,mps,stone_canyon,150,-115647.63441481849,401,False,-0.4400145473284647,0.251960242388828,0.02715571327911069,1.83626988808314,3.1819385290145874,1.3407572833697001,1.8411812353134156,101.56550598144531,1852.716796875,10.300932666985318
1546,mps,stone_canyon,150,-105711.12734214592,365,False,-0.3950877183281894,0.09738109734608921,0.02956970635801554,1.8122536182403564,3.0594381483395896,1.341392645041148,1.7180455084641775,57.05812454223633,747.9657592773438,11.031543249991955
1547,mps,single_training,150,-122712.57271346064,405,False,-1.5777084481778245,0.5430847954907222,0.030482685159270963,1.2730663140614829,2.844415849049886,1.3410128871599833,1.5034029404322307,290.6411437988281,2344.89990234375,10.902923333982471
1548,mps,stone_canyon,150,-124884.754634971,431,False,-1.4224557568257055,0.37174347833482896,0.025448037941629687,1.8343059360980987,2.9848913017908734,1.3413136315345764,1.6435776754220326,215.78736877441406,1951.17919921875,10.361898833012674
1549,mps,stone_canyon,150,-95542.08779343884,336,False,0.014249900915504744,0.10098420500423126,0.028571567482625446,1.9352236620585124,3.1623465553919474,1.3400697779655457,1.8222767678896585,61.17028045654297,1642.2608642578125,10.292363875021692
1550,mps,stone_canyon,150,-107271.67481268152,374,False,-0.7660706124951442,0.18001364814809107,0.02566712852877875,2.7325700879096986,3.229300781885783,1.341095248858134,1.8882055393854777,245.2456817626953,2113.885498046875,10.379600999993272
1551,mps,single_training,150,-145137.35118220412,470,False,-3.007583800777793,1.1573774262703955,0.0342943634899954,1.6349922398726144,3.0379376808802285,1.3418480777740478,1.696089608669281,540.7906494140625,4593.1787109375,10.612260250025429
1552,mps,stone_canyon,150,-89444.52552122108,310,False,0.686719669153293,0.1296839674478785,0.025696410896877447,2.203132224082947,3.2187180201212566,1.3418029689788817,1.8769150606791178,163.9265594482422,914.6461791992188,10.422386791993631
1553,mps,single_training,6,-7.679124766571782,0,True,2.096307416756948,0.5402097801367441,0.012412338672826687,1.1109805305798848,3.177266836166382,1.2099064191182454,1.9673603773117065,14.244893074035645,133.96726989746094,0.46120487499865703
1554,mps,single_training,150,-81359.24551415774,269,False,0.7062870017252862,0.11795192822999677,0.027260429927458366,1.896532452106476,3.210582259496053,1.3420839341481527,1.8684983388582865,143.85060119628906,3476.04443359375,10.208877290977398
1555,mps,single_training,4,23.489323446831946,0,True,1.6966915130615234,0.42892924696207047,0.013988228281959891,0.987919881939888,3.150857925415039,1.1922326683998108,1.9586252272129059,9.074661254882812,203.82534790039062,0.29582208301872015
1556,mps,stone_canyon,106,-14827.685530853809,51,True,7.071408649590218,4.520042208717468,0.023069321160327713,3.472851965787276,3.4441118397802675,1.3594309012844878,2.084680933997316,946.0693969726562,6735.732421875,7.240792291995604
1557,mps,single_training,150,-106209.19070596217,351,False,-0.6988502174856451,0.21069393197299216,0.035472970716655255,1.8051057120164236,2.721268122990926,1.3408380111058553,1.3804301118850708,270.5994567871094,1935.937255859375,10.26515674998518
1558,mps,stone_canyon,150,-97001.26622237734,335,False,0.31792691150059305,0.08535093545152146,0.02776729702949524,1.8179785060882567,2.9884138258298236,1.3426064777374267,1.645807345310847,85.22115325927734,443.16070556640625,10.53506829199614
1559,mps,single_training,4,24.913659845254728,0,True,1.9293783456087112,0.4381706863641739,0.008717462187632918,0.6946463137865067,3.1373350024223328,1.1914326548576355,1.9459023475646973,9.071283340454102,533.7086181640625,0.3203883340174798
1560,mps,single_training,150,-124129.56940952747,416,False,-1.9795798133996625,0.6352164006555662,0.03454470347923537,1.3702893857161205,2.7318183827400206,1.3420530811945597,1.389765297571818,514.7282104492188,3253.232177734375,10.268612042011227
1561,mps,single_training,6,-10.201841222586594,0,True,2.2919271290302277,0.6068305919567744,0.004006611998192966,0.7104315062363943,3.171655019124349,1.215872546037038,1.955782413482666,14.686925888061523,154.88133239746094,0.4285890409955755
1562,mps,stone_canyon,3,20.297118848217757,0,True,3.186842600504557,0.34439841906229657,0.002787236279497544,3.4890586535135903,3.185431162516276,1.1742746035257976,2.0111565589904785,6.372089385986328,115.35496520996094,0.2146072500036098
1563,mps,single_training,150,-96530.46289942936,314,False,-0.11585714573661486,0.18316145663546193,0.05785755399614573,2.3164154386520384,2.5364742573102315,1.3424993832906087,1.193974879582723,168.0806427001953,2345.198486328125,10.255194249999477
1564,mps,stone_canyon,150,-153052.54323137912,530,False,-2.7891536714384952,1.0678806084270278,0.051419943136473495,2.1401006539662677,2.875298155148824,1.3424730706214905,1.5328250988324483,478.2005920410156,4983.2744140625,10.483304499997757
1565,mps,stone_canyon,150,-77851.7014891182,274,False,1.5474657555638502,0.3816275381653213,0.036873351680114866,1.8734136815865834,3.045035834312439,1.3421764787038166,1.7028593655427298,400.8681335449219,3531.369873046875,10.468301000015344
1566,mps,single_training,5,12.151374940018531,0,True,2.6357263207435606,0.40276058614253996,0.0019154652254655957,0.8076445460319519,3.215326356887817,1.1855279445648192,2.029798412322998,10.884175300598145,401.4046936035156,0.39109720799024217
1567,mps,single_training,10,-4.361317365154447,0,True,3.419173610210419,0.9797488644719123,0.002978690550662577,0.8586083173751831,3.259792184829712,1.2439876437187194,2.0158045291900635,24.727210998535156,490.5179443359375,0.6836063750088215
1568,mps,stone_canyon,150,-139788.61873324055,481,False,-1.899989558060964,0.5830358302717408,0.05312770274157325,1.1215034830073516,2.844021733601888,1.3430180048942566,1.5010037330786388,292.8298034667969,3295.80419921875,10.272632167005213
1569,mps,stone_canyon,3,29.611237203076392,0,True,1.2026797731717427,0.21616919338703156,0.0013830842993532617,3.223215897878011,3.1864829063415527,1.1471505959828694,2.039332310358683,5.348947048187256,65.42316436767578,0.2280690829793457
1570,mps,single_training,150,-104529.75812386113,346,False,-0.21128721508507928,0.29888281907437925,0.07021886299286659,1.5880107724666594,3.0015608819325763,1.3434167186419168,1.6581441632906595,186.82151794433594,1086.591796875,10.35635870799888
1571,mps,single_training,150,-121488.2550057944,400,False,-1.6215289103550214,0.5328429992027698,0.07943592893425375,1.9303395223617554,2.956333475112915,1.3417289900779723,1.6146044850349426,213.5147247314453,933.125732421875,10.827070832980098
1572,mps,stone_canyon,150,-88127.4521012433,302,False,0.4573742316671026,0.09830540194432842,0.027735259556987635,1.5877033416430155,3.2271128924687704,1.3430455835660298,1.8840673033396402,81.17906188964844,1336.66259765625,10.695829208998475
1573,mps,stone_canyon,150,-114510.34867606735,392,False,-1.3068021263182164,0.2649832949407088,0.026256518548664946,1.5173706698417664,3.0576511939366657,1.3417286570866902,1.7159225344657898,311.359619140625,2683.77001953125,10.488305749982828
1574,mps,single_training,9,-46.15779559037972,0,True,1.9957259959644742,0.5127318426966667,0.004497775807976723,1.3291278150346544,3.2688691351148815,1.1964584059185452,2.07241071595086,18.94744873046875,160.58338928222656,0.668890333006857
1575,mps,stone_canyon,3,34.92975033935873,0,True,1.458899199962616,0.1721180652578672,0.0068657829736669855,3.067562739054362,3.2302609284718833,1.1405901114145915,2.089670737584432,4.80001163482666,200.89381408691406,0.21820537498570047
1576,mps,single_training,150,-100274.1638113083,331,False,-0.34663811753193535,0.15684938768245046,0.03232771913210551,1.7937992342313132,3.241110323270162,1.3437069884936015,1.8974033419291179,105.47615814208984,2750.525634765625,10.344601084012538
1577,mps,stone_canyon,94,-23176.949801374136,81,True,6.352308372213961,3.7850892465378028,0.023291023220232826,2.1737502242656466,3.5645884173981686,1.358135810557832,2.206452603035785,728.6342163085938,5281.1474609375,6.451896957994904
1578,mps,stone_canyon,150,-130911.90950853513,455,False,-2.027562205803891,0.525857300004888,0.03389246370643377,2.453270890712738,3.202673093477885,1.3421804292996724,1.8604926641782125,390.666748046875,3478.61572265625,10.245874415995786
1579,mps,single_training,150,-93666.2693637121,306,False,-0.08926758309515814,0.11467109007448319,0.04249139143774907,1.6639181248346964,3.2587919441858926,1.340803031126658,1.9179889074961345,82.1872329711914,2673.3818359375,10.459652792022098
1580,mps,single_training,150,-110639.83670634833,361,False,-1.2545442035313075,0.2507148477578812,0.04612926083306471,2.195442744890849,3.2495229291915892,1.3435006864865622,1.906022253036499,207.66403198242188,726.420654296875,10.675910709018353
1581,mps,stone_canyon,150,-151575.84445098732,519,False,-3.1067093160251775,1.2976122577038283,0.03035158445437749,1.2199397625525792,3.2168748346964517,1.3434812784194947,1.8733935562769573,463.19073486328125,1268.087890625,10.523664624983212
1582,mps,single_training,150,-104500.02783017624,344,False,-0.9893252138483027,0.17973249852778583,0.029596199076622726,1.5971164230505626,3.309497658411662,1.3426387667655946,1.9668588916460672,262.558837890625,3364.360107421875,10.331355000002077
1583,mps,stone_canyon,150,-116095.72108952503,401,False,-1.0263541580705593,0.26053855769688883,0.030736919411768517,2.122849216461182,3.177558790842692,1.341780771414439,1.8357780265808106,100.71977233886719,3120.698486328125,10.37971637499868
1584,mps,stone_canyon,62,-16434.193034824853,59,True,6.088082676452975,3.53592749673032,0.012333111139014363,2.845788234664548,3.558468399509307,1.3571927143681435,2.201275683218433,323.3382873535156,3671.241455078125,4.287747709022369
1585,mps,stone_canyon,150,-127872.99999705578,447,False,-1.6465056293085218,0.39981304429243514,0.03111551808503767,1.696284925142924,3.3533975648880006,1.3400427397092183,2.0133548259735106,208.36607360839844,810.3790893554688,10.256992040987825
1586,mps,stone_canyon,150,-82066.9632089509,284,False,1.3524656683811918,0.3251092878771961,0.03501962666865438,2.4024657003084817,3.3483422867457073,1.341525293191274,2.0068169991175333,254.99635314941406,2952.4609375,10.311956958001247
1587,mps,stone_canyon,150,-128868.82177957948,448,False,-1.4900435040394464,0.31808625419158487,0.0405134560354054,1.85755269130071,2.971475416024526,1.3427490480740865,1.6287263774871825,240.38568115234375,727.9561157226562,10.656819166004425
1588,mps,stone_canyon,150,-95233.90148112114,334,False,0.9032995631483693,0.26622442152370546,0.04031786597333849,1.911979854106903,3.12437034924825,1.340006517569224,1.7843638372421264,306.0974426269531,3050.595458984375,10.47643979100394
1589,mps,stone_canyon,150,-92571.25944586677,321,False,1.0893480379879474,0.26704784570048407,0.03068505255971104,1.6491695896784464,3.2029505888621013,1.3425754483540853,1.860375147263209,259.9051818847656,2294.2236328125,10.438074250007048
1590,mps,stone_canyon,150,-79863.73007933784,277,False,2.018460627645254,0.5901609264193879,0.02906498040848722,2.129582101504008,3.0583066908518473,1.3429203589757284,1.7153863366444906,624.6290893554688,1540.1795654296875,11.038826875010272
1591,mps,single_training,150,-118352.1562244173,387,False,-0.7925993794489963,0.23406632502867525,0.0427677551144734,2.0991172101100286,2.6632465442021687,1.3428624216715495,1.3203841189543406,125.63799285888672,3645.512939453125,10.478083082998637
1592,mps,stone_canyon,3,23.614340182196216,0,True,1.883950153986613,0.2890652616818746,0.004006312927231193,3.162286917368571,3.22294815381368,1.166545033454895,2.056403160095215,5.864973068237305,223.16561889648438,0.2540392919909209
1593,mps,single_training,150,-98610.85797975292,328,False,0.005580307591396073,0.06101316006874716,0.03678979018703103,1.986723097761472,2.75923108736674,1.3418548623720805,1.417376236518224,79.91371154785156,1076.4765625,10.257239208003739
1594,mps,stone_canyon,150,-125159.5893163585,433,False,-1.1167738877733548,0.23120051984481202,0.02801837117721637,1.6526341331005097,3.077872708638509,1.3426540509859721,1.7352186489105224,233.42333984375,588.670654296875,10.344215000019176
1595,mps,single_training,150,-100323.25651679459,335,False,0.22074747366209824,0.1865971263013004,0.03732430239518483,2.03288464307785,2.9697629610697427,1.3422605657577515,1.627502397696177,226.5281982421875,1343.0919189453125,10.283504374994664
1596,mps,stone_canyon,150,-113397.21124551159,389,False,-0.571056235722887,0.10910070767907788,0.02494805060327053,1.872682007153829,3.148712402979533,1.3419365787506103,1.8067758174737294,110.58641052246094,362.364501953125,10.274371250008699
1597,mps,single_training,5,15.39701816413439,0,True,2.6243791341781617,0.6903951942920685,0.010125344060361386,1.816355013847351,3.2569882392883303,1.2239523887634278,2.0330357551574707,12.521106719970703,163.3209991455078,0.3765541659959126
1598,mps,stone_canyon,150,-76687.95699305389,266,False,2.0796314615507923,0.5362948910505899,0.025315861298392216,2.92580819606781,3.314265710512797,1.34355526526769,1.9707104484240214,451.2181396484375,2615.15380859375,10.243169666005997
1599,mps,single_training,8,-36.492087416275155,0,True,3.116066202521324,1.2323513329029083,0.011506025562994182,2.571861207485199,3.3359057903289795,1.267649620771408,2.068256139755249,21.747051239013672,179.89695739746094,0.5647014580026735
1600,mps,stone_canyon,3,33.826214569547986,0,True,2.5723387797673545,0.4963037073612213,0.012230402790009975,3.774580955505371,3.252626101175944,1.195514440536499,2.057111660639445,7.091789245605469,354.6568603515625,0.2152850000129547
1601,mps,stone_canyon,150,-112780.36537184846,389,False,-0.31656735251871093,0.07656296606430156,0.024972523904095094,2.1387140925725303,3.1343247079849244,1.343153961499532,1.7911707456906636,49.94440460205078,3718.85693359375,10.261477624997497
1602,mps,single_training,150,-85054.59023589254,284,False,1.0528150688981017,0.17997345967780953,0.02926623081167539,2.3083586430549623,3.3264929835001626,1.3415407244364421,1.9849522654215495,223.6317596435547,4214.12109375,10.628920457995264
1603,mps,stone_canyon,68,-9642.968069892875,33,True,6.918121351915247,4.448189538191347,0.02103637857362628,4.259591870448169,3.4980856881422153,1.3629706729860867,2.1351150098968956,459.4429931640625,1510.124755859375,4.720418666984187
1604,mps,stone_canyon,5,-1352.3859152680259,5,True,2.490572285652161,0.631953376531601,0.01730194464325905,3.543759059906006,3.254679012298584,1.215224266052246,2.039454698562622,11.822661399841309,285.2105407714844,0.36340866700629704
1605,mps,stone_canyon,150,-78542.30624841654,275,False,1.969686289280653,0.4779460558365099,0.0282820105801026,2.5736472018559775,3.256544664700826,1.340210010210673,1.9163346497217815,457.3939514160156,4937.93798828125,10.233232583996141
1606,mps,single_training,150,-113814.72352380696,373,False,-0.3252961699773247,0.4206366307609536,0.0341991912573576,2.1131287082036336,3.2349520285924274,1.3389241520563762,1.896027869383494,200.10414123535156,1222.8560791015625,10.321764958003769
1607,mps,single_training,150,-124967.13355816933,413,False,-1.6188945855696997,0.29553485147853886,0.03325881211707989,1.6561641144752501,3.2743913412094114,1.339009374777476,1.9353819465637208,315.4247131347656,1505.4912109375,10.322065082989866
1608,mps,single_training,150,-131289.78861382353,436,False,-2.123924913170437,0.5218357793914038,0.03586843648925424,2.0260077198346456,3.173155434926351,1.339455869992574,1.8336995593706766,478.51861572265625,857.644775390625,10.485537458007457
1609,mps,stone_canyon,36,-5830.498106866959,23,True,5.822880339291361,2.966536986331145,0.01575764977476663,3.281655682457818,3.4798997574382358,1.3474506239096324,2.132449116971758,106.26126861572266,1175.2279052734375,2.52705204099766
1610,mps,stone_canyon,150,-121160.7257361653,418,False,-0.847713754112677,0.16446327259566695,0.02678440259148677,1.5366834712028503,3.1312711572647096,1.3371693913141887,1.7941017611821493,176.91099548339844,583.7699584960938,10.231212249986129
1611,mps,stone_canyon,54,-10824.590851708996,38,True,6.6701038358388125,3.788348520278103,0.013435853093310638,2.4139388623061,3.5356862324255482,1.3579472303390503,2.1777389932561806,265.2307434082031,2621.85205078125,3.7421923340007197
1612,mps,single_training,150,-75493.83405589988,251,False,1.96237553636233,0.5031299208601315,0.0332098101824522,1.8950956320762635,3.150376771291097,1.3354074009259542,1.8149693775177003,581.3212280273438,1416.279541015625,10.521252292004647
1613,mps,single_training,150,-100407.45641452534,332,False,0.2669836355590572,0.15753308235761626,0.0318582258777072,1.9625988523165385,3.19459299882253,1.334633501370748,1.8599595053990683,196.35745239257812,1179.9959716796875,10.75219054199988
1614,mps,stone_canyon,150,-47640.577534949945,164,False,4.156968235472838,1.6134483009576797,0.020484936075905957,2.245074586868286,3.3923735078175863,1.3361996181805929,2.0561738975842796,950.7924194335938,2728.6474609375,10.420088834012859
1615,mps,stone_canyon,32,-11268.197535050673,40,True,5.0015226802788675,2.457763779821107,0.011018724952009507,2.5908832997083664,3.5345455557107925,1.3463736176490784,2.1881719455122948,79.30767059326172,403.1708984375,2.2832997080113273
1616,mps,single_training,8,-51.489233228541224,0,True,2.4535292834043503,0.9599097296595573,0.006592048914171755,1.308699980378151,3.413350760936737,1.2360381036996841,2.1773127019405365,20.53959083557129,656.1727905273438,0.5636085419973824
1617,mps,single_training,150,-78669.6173359816,260,False,1.415096870958805,0.2255917743810763,0.027739300892377892,1.4911397496859233,3.2652233171463014,1.335746869246165,1.9294764367739359,317.6190185546875,781.6392822265625,10.261357291019522
1618,mps,single_training,4,26.147214678095025,0,True,2.178086668252945,0.4222971498966217,0.007563787512481213,1.3905886113643646,3.324549436569214,1.1779209673404694,2.146628499031067,8.866351127624512,85.1330337524414,0.2970024579844903
1619,mps,stone_canyon,150,-100899.24485430622,358,False,0.18508332271749775,0.11485829944128757,0.024639538663129013,1.4434245453278223,3.184252208073934,1.334031789302826,1.8502204179763795,86.00061798095703,253.61984252929688,10.239526749996003
1620,mps,single_training,7,-82.78651767727463,0,True,2.574046424457005,0.8092784753867558,0.007357322544391666,1.7230718646730696,3.343461070741926,1.2262721402304513,2.1171889305114746,17.277389526367188,486.7904052734375,0.49868900000001304
1621,mps,stone_canyon,7,-1547.848892981056,6,True,2.4570793339184354,0.6678203110183988,0.00738574072186436,2.665645854813712,3.3119631835392545,1.2162513051714217,2.095711878367833,16.063711166381836,158.6568145751953,0.4822114159760531
1622,mps,stone_canyon,150,-78708.66435928486,270,False,1.3128261528660854,0.33328421641458894,0.02266504542591671,1.8659218986829122,3.2685753361384076,1.3284045958518982,1.9401707379023234,294.4289245605469,1485.2884521484375,10.244445167016238
1623,mps,single_training,150,-98434.36754342384,325,False,-0.465291716804107,0.14480915274201833,0.03155129248586794,2.2773714025815326,3.2580498933792112,1.3293004806836446,1.9287494126955669,72.60112762451172,2950.99755859375,10.284149542014347
1624,mps,stone_canyon,150,-55436.389056494285,197,False,2.675240643853322,0.9731404368428351,0.023727617443849644,2.84724995692571,3.4339355198542276,1.3255101823806763,2.108425346215566,454.323974609375,2543.772216796875,10.265636083990103
1625,mps,stone_canyon,150,-136292.6145430696,471,False,-3.114569709102313,1.0049964068167416,0.027149208411574362,1.4718512040376663,3.301915690104167,1.3259617519378661,1.9759539413452147,687.7364501953125,3010.619384765625,10.294906249997439
1626,mps,stone_canyon,3,22.48895476426939,0,True,1.5411025285720825,0.22719036042690277,0.010836140563090643,2.961307684580485,3.278550386428833,1.1450847387313843,2.133465607961019,5.285236358642578,130.75990295410156,0.2559459590120241
1627,mps,stone_canyon,72,-9699.983454136176,33,True,6.108560607044233,3.7684083620851094,0.01603361723634104,3.4602440098921456,3.570937911669413,1.3477987928522959,2.223139120472802,435.9374694824219,983.8093872070312,4.917514166008914
1628,mps,stone_canyon,150,-27096.8173940809,97,False,4.570604091882705,2.149162660717654,0.025218526516109705,2.9412850030263265,3.5527950223286946,1.3246471858024598,2.22814782778422,853.3375854492188,2737.111328125,10.241706125001656
1629,mps,stone_canyon,150,-15483.281614708023,51,False,5.058646005739768,2.5879614829567923,0.021810722015798093,3.5978572034835814,3.612385908762614,1.3218378845850627,2.290548028945923,958.4324951171875,2156.048095703125,10.256664415996056
1630,mps,stone_canyon,150,-122810.59719766135,426,False,-2.5541814487675825,0.8423456196362774,0.027676922796914975,1.862682519753774,3.022310349941254,1.3196015238761902,1.7027088244756063,629.259521484375,1829.427734375,10.33352695798385
1631,mps,stone_canyon,150,-113772.65100218912,393,False,-1.6786181200047334,0.41890857884039484,0.024507349133491518,1.404659149646759,3.0520695265134177,1.3188267358144123,1.7332427930831908,371.7434997558594,1572.655029296875,10.285133750003297
1632,mps,stone_canyon,7,-1393.3623835095611,5,True,1.5142671380724226,0.4429106499467577,0.009189240368349212,3.038287878036499,3.3201777253832137,1.1882722888674055,2.1319054876055037,13.273661613464355,116.06602478027344,0.508252250001533
1633,mps,single_training,150,-93021.24159812724,307,False,-0.9280199467437342,0.20763091986910542,0.029738278519362213,1.9166442489624023,2.975229131380717,1.315304294427236,1.6599248441060384,130.4837188720703,2287.545166015625,10.23016083301627
1634,mps,stone_canyon,47,-14462.97803549001,50,True,4.4214366687897675,2.1275922662949753,0.010335057646908025,2.7397907033879707,3.5098713053033705,1.3377216521729813,2.172149658203125,127.64105224609375,331.7026672363281,3.228563334007049
1635,mps,single_training,150,-111271.03067666873,369,False,-2.276894479095936,0.6207144848063277,0.03140115027936796,1.465879506667455,2.966402355829875,1.3157228215535481,1.6506795287132263,499.3641357421875,2453.0634765625,10.343531334016006
1636,mps,stone_canyon,150,-91231.38444009569,322,False,-0.382521426952444,0.1373776792765773,0.024761506017918388,1.6025337107976279,3.085101319948832,1.3153155001004537,1.7697858206431072,55.70402526855469,364.3750305175781,10.937958708993392
1637,mps,stone_canyon,44,-11160.808356770538,38,True,4.633400697345761,1.961982535576319,0.008945794670249928,2.426038855856115,3.4677175283432007,1.3302096074277705,2.1375079371712427,105.39608001708984,314.3841247558594,3.108479249989614
1638,mps,stone_canyon,150,-101066.24877494761,353,False,-1.0065207425283733,0.23281131391815743,0.02455279905969898,1.6210438803831737,3.055641154448191,1.3163054092725117,1.7393357499440512,218.9071502685547,1151.3189697265625,10.292945584020345
1639,mps,stone_canyon,150,-18328.615957131937,61,False,4.230906817366679,1.8466803657993054,0.013180390854055682,3.1391487884521485,3.531591601371765,1.3173021332422892,2.214289468129476,748.6812744140625,5692.11376953125,10.320791417005239
1640,mps,stone_canyon,150,-135026.92495575547,465,False,-3.0940938818454744,1.180171154844308,0.025780721415455142,1.445879586537679,2.9631889200210573,1.3174084901809693,1.6457804218928018,566.0703735351562,1893.1051025390625,10.314376708993223
1641,mps,single_training,150,-99335.37112033278,329,False,-1.3033301584527361,0.3255051886279644,0.029891480055327217,1.6798240248362224,2.8372139660517375,1.3173626319567362,1.5198513253529866,165.68968200683594,549.4168090820312,10.340424082998652
1642,mps,single_training,7,-31.796108608861545,0,True,1.5575437716075353,0.2477990636335952,0.007212508203727859,1.2462044613701957,3.2649310656956265,1.1444638286318098,2.1204672200339183,10.889693260192871,254.95606994628906,0.5330632499826606
1643,mps,single_training,7,-22.867277179085875,0,True,1.1851485882486616,0.14775822604341166,0.009973845178527492,1.17255015032632,3.2672084059034074,1.1171928644180298,2.150015558515276,9.112462043762207,79.24564361572266,0.4817777079879306
1644,mps,stone_canyon,150,-119449.60332276882,413,False,-2.301074235290289,0.5694247519411146,0.025163486320525407,1.334489293396473,3.1598568399747213,1.3168664073944092,1.8429904421170553,389.7324523925781,1558.68701171875,10.27047458299785
1645,mps,stone_canyon,38,-4436.699060692681,16,True,3.9232278383876147,1.8670419139272876,0.021259752347281103,3.1189951771184017,3.5054148121883997,1.322235173300693,2.18317963575062,90.69705963134766,1524.580078125,2.6161632500006817
1646,mps,single_training,150,-95137.79380077252,314,False,-1.0205384458073725,0.22348177963456692,0.03376257739961147,1.816664985815684,2.8666238260269163,1.3158649230003356,1.5507589022318522,89.40718841552734,1129.369873046875,10.256922334025148
1647,mps,stone_canyon,150,-107243.57794148025,370,False,-1.1501215948571917,0.2492018692207654,0.026116230202217896,1.6673790260155996,3.159351247151693,1.3159797724088034,1.8433714826901755,163.90399169921875,758.1197509765625,10.229469499987317
1648,mps,single_training,150,-122785.16331420008,406,False,-2.5497798695477347,0.9289325211569667,0.02617537687222163,1.5191492791970571,2.833145943482717,1.313850813706716,1.519295132557551,435.331787109375,2182.126708984375,10.38177724997513
1649,mps,stone_canyon,3,33.65688923854258,0,True,0.6327112515767416,0.05473383578161398,0.006580750613162915,2.832226594289144,3.2032483418782554,1.0851699113845825,2.1180783907572427,2.844592571258545,42.179691314697266,0.2504874580190517
1650,mps,single_training,150,-128596.4894264784,419,False,-2.890948158254226,1.2031628723597776,0.03626406494217614,1.7080961441993714,2.8480690614382427,1.3129046201705932,1.5351644408702851,512.7372436523438,4084.621337890625,10.241585542011308
1651,mps,single_training,9,-40.5958057909655,0,True,1.8625432981385126,0.35938923950824475,0.0038548242300748825,1.3196031517452664,3.263739003075494,1.1675377289454143,2.096201287375556,16.141345977783203,363.0822448730469,0.6574089170026127
1652,mps,single_training,12,-100.92383334579775,0,True,1.9578389376401901,0.5918462264041106,0.003034120483789593,1.4312939643859863,3.31932266553243,1.1969008048375447,2.12242184082667,24.036779403686523,166.0544891357422,0.8287275419861544
1653,mps,stone_canyon,150,-141874.17518885797,492,False,-2.7252172898252804,0.9671662217130264,0.030203145874353746,1.4605003251632054,3.204117027123769,1.308434117635091,1.895682901541392,402.9146728515625,1293.40087890625,10.246058499993524
1654,mps,single_training,150,-121186.30536309411,402,False,-2.1667860741416614,0.8566059445235381,0.038278047981051104,1.4192584745089214,3.2517145013809206,1.3070794582366942,1.9446350518862408,252.59732055664062,6994.99951171875,10.281806459010113
1655,mps,single_training,150,-87272.32650381485,293,False,0.2780197323632213,0.10009607199129811,0.03879640840770056,1.269009410540263,3.1832284688949586,1.3054027016957601,1.8778257592519125,136.4292755126953,1439.6689453125,10.225832958007231
1656,mps,stone_canyon,150,-127639.01850616818,442,False,-1.946337625235319,0.6206142795347599,0.03485224386056264,1.976090006828308,3.1809785111745197,1.30335098584493,1.877627526919047,230.44639587402344,3148.681884765625,10.25158733301214
1657,mps,stone_canyon,150,-91269.39199422707,317,False,0.3604116619688769,0.16999442238001847,0.02608079247176647,1.8630286757151286,3.2726160224278766,1.3031576665242512,1.9694583574930826,198.8886260986328,611.468994140625,10.261108417005744
1658,mps,single_training,4,18.803903709481702,0,True,0.4987071752548218,0.052865784615278244,0.0033127795322798193,0.8612213134765625,3.1637067198753357,1.080099195241928,2.08360755443573,3.647869110107422,62.15605926513672,0.31889316701563075
1659,mps,single_training,5,0.3580396897287912,0,True,0.82309190928936,0.07409073077142239,0.004356187861412763,0.8094590425491333,3.192088174819946,1.092054510116577,2.100033664703369,5.180141925811768,254.02508544921875,0.3487760409770999
1660,mps,stone_canyon,150,-103531.04569112565,357,False,0.28058040630072356,0.6768314734842958,0.02614795632039507,2.051261090040207,3.359388364156087,1.308234167098999,2.0511541899045307,418.2871398925781,5455.224609375,10.473793415992986
1661,mps,single_training,4,26.12122926832366,0,True,0.8266690149903297,0.05010194098576903,0.006958088139072061,0.9970758259296417,3.244963824748993,1.0817561149597168,2.163207709789276,3.555461883544922,325.1448974609375,0.2941238330095075
1662,mps,stone_canyon,150,-117283.8660416542,404,False,-0.9803404561368128,0.39745192269077356,0.026015094618002575,2.5549781759579977,3.4555158456166586,1.3078118920326234,2.147703953584035,107.19281768798828,7169.79150390625,10.303391249995911
1663,mps,stone_canyon,150,-167868.3124369149,574,False,-4.6161607833703355,2.5785578483925202,0.02858522561068336,2.8748182972272236,3.4243035904566446,1.3088838712374369,2.1154197176297505,591.12255859375,8747.2919921875,10.31429491698509
1664,mps,single_training,150,-91531.2911124071,301,False,-0.08088092306628823,0.24696429379604523,0.03167669345935186,3.1761196982860564,2.7111889211336773,1.3106198334693908,1.4005690987904866,207.00270080566406,3331.901123046875,10.248023499996634
1665,mps,stone_canyon,150,-126148.1242765927,432,False,-1.43260779419293,0.5841117256778429,0.02583672515427073,2.768602687517802,3.460716354052226,1.3128171745936077,2.1478991866111756,141.63424682617188,4088.217041015625,10.273017125000479
1666,mps,single_training,36,-278.3456858062447,0,True,4.2423728671338825,2.0693294175693557,0.013222930901166465,1.0824380881256528,3.4625799192322626,1.313800699181027,2.148779226673974,85.36495208740234,471.3448791503906,2.505686374992365
1667,mps,single_training,8,-70.29605198694841,0,True,1.1555997915565968,0.1501413359073922,0.010749096982181072,1.0304282009601593,3.262650102376938,1.126445397734642,2.136204719543457,10.409974098205566,155.41250610351562,0.5585285420238506
1668,mps,stone_canyon,150,-92051.16244463698,315,False,0.3841371751328309,0.36650616013716597,0.02368783560891946,2.449029373327891,3.3786660130818684,1.311980791091919,2.066685234705607,272.1758117675781,2776.904052734375,10.24540333301411
1669,mps,single_training,5,8.038274801001023,0,True,0.6222247958183289,0.07172049088403583,0.008831444196403027,0.7788219928741456,3.1542892456054688,1.1000729084014893,2.0542163848876953,4.765438556671143,27.35804557800293,0.3601957499922719
1670,mps,stone_canyon,150,-111078.39889299548,381,False,-0.9752366173143188,0.36238215432383486,0.024943638853728772,1.753344411055247,3.1990751457214355,1.3110928050676982,1.887982345422109,119.07176208496094,5017.3857421875,10.244730332982726
1671,mps,stone_canyon,150,-143679.72942750674,494,False,-2.745256848980983,1.0188100708716472,0.02221480177094539,1.8920873888333638,3.0506875642140705,1.312219656308492,1.7384679106871288,418.5329895019531,2313.886962890625,10.280547916016076
1672,mps,single_training,150,-98988.03219282159,327,False,-0.8887030934045712,0.24904972504300532,0.031054887877156337,1.500463508963585,2.7187233599027,1.311976306438446,1.4067470570405325,122.75479125976562,592.8291625976562,10.255275167000946
1673,mps,single_training,6,57.25150759968874,0,True,0.4985979066696018,0.04731265495320258,0.005713470513001084,0.8438113729159037,3.0308965047200522,1.08677339553833,1.944123129049937,4.1199822425842285,95.13037872314453,0.4321064999967348
1674,mps,single_training,5,8.213115879467573,0,True,0.3479719325900078,0.017911331803770737,0.005771822389215231,0.9136547803878784,3.027931499481201,1.0697011947631836,1.9582302808761596,2.225933790206909,8.987070083618164,0.34904520798590966
1675,mps,stone_canyon,150,-83075.49947128081,288,False,0.5033848289419741,0.20909903030189383,0.0196623546226571,1.6574488067626953,3.2532178942362466,1.3141308442751567,1.9390870555241904,152.2420654296875,1701.64208984375,10.240189749980345
1676,mps,stone_canyon,3,29.611237203076392,0,True,-0.09933871775865555,0.003180264631131043,0.0046362307233115034,2.9955846468607583,2.9739677906036377,1.03945259253184,1.9345151980717976,0.4501330554485321,31.4632511138916,0.2546776660019532
1677,mps,single_training,7,-20.766737899719057,0,True,0.2711049850497927,0.032606525088859986,0.00443100869389517,1.0103064179420471,2.9779424326760426,1.0801179238728114,1.8978245088032313,2.5903961658477783,136.10794067382812,0.48811616702005267
1678,mps,stone_canyon,150,-46049.92282821284,160,False,3.246386570390314,1.217704656701394,0.02036484402604401,2.0021026770273846,3.4346566009521484,1.3148084497451782,2.119848141670227,603.7723999023438,1064.556640625,10.21032116698916
1679,mps,stone_canyon,150,-96873.80017878854,339,False,-0.2689772556566944,0.2690502927222345,0.02318182878817121,1.5916363207499187,2.9732005524635317,1.3164294091860453,1.6567711452643077,93.40469360351562,711.3535766601562,10.64180920898798
1680,mps,single_training,6,-1.1960962905182981,0,True,-0.02293894300237298,0.01598223593706886,0.003062155252943436,0.7213137845198313,2.815860311190287,1.0570008953412373,1.75885937611262,0.7801956534385681,48.235164642333984,0.4672395410016179
1681,mps,single_training,4,29.983205157709943,0,True,0.00013105850666761398,0.012195613831863739,0.002755885128863156,0.6282255053520203,2.768441915512085,1.047600120306015,1.72084179520607,1.2205249071121216,23.33538818359375,0.28212754099513404
1682,mps,single_training,6,53.415742316982424,0,True,0.015844492241740227,0.024496851217312116,0.0025877528435861072,0.5589401423931122,2.7834193309148154,1.073487937450409,1.7099313934644063,0.4166249632835388,36.41246032714844,0.4088281659933273
1683,mps,single_training,11,49.066735920056246,0,True,0.6217323416336016,0.2207234461582795,0.0027701199816709213,0.6115787029266357,2.9446181600744072,1.1363949125463313,1.8082232150164517,10.01682186126709,158.82861328125,0.7477743749914225
1684,mps,stone_canyon,150,-123593.34297504935,424,False,-2.074743864337603,0.6695215116837062,0.03265672729816288,2.71103342851003,3.128009723027547,1.3158594266573589,1.8121502916018168,361.9020690917969,3676.830322265625,10.24562266599969
1685,mps,single_training,11,-50.7982717728244,0,True,1.4818241647021337,0.29446898587048054,0.002452027899297801,1.369962746446783,3.2009685039520264,1.1506647846915505,2.0503036975860596,11.420930862426758,333.5426940917969,0.7653970409883186
1686,mps,single_training,150,-90971.91246873028,297,False,-0.6173487455832462,0.17860782170864278,0.04473943762015551,3.2559579294919967,2.4021063327789305,1.3154239376386008,1.0866823931535086,130.183349609375,4113.5791015625,10.233579207997536
1687,mps,stone_canyon,150,-98893.66112025948,338,False,-0.778281486555934,0.39532390840875453,0.02687281356503566,3.097266308069229,3.31922469774882,1.3128542963663736,2.006370404561361,209.9368438720703,4882.41015625,10.470651959010866
1688,mps,single_training,7,-31.202413096850883,0,True,0.06366738304495811,0.0368390798643564,0.0028875686693936586,1.8816673415047782,3.054182461329869,1.079237971987043,1.9749444893428258,0.3789655268192291,86.47679138183594,0.5397187499911524
1689,mps,stone_canyon,150,-152731.72201820178,525,False,-3.859806280992925,1.8237336436240001,0.03199136839869122,3.2454141068458555,3.2649226252237957,1.3152363729476928,1.9496862490971882,588.9130859375,6429.21630859375,10.245012625004165
1690,mps,single_training,4,29.679596936543163,0,True,-0.18129980936646461,0.015731290739495307,0.0034833885147236288,1.2484768629074097,3.11418080329895,1.0487844944000244,2.0653963685035706,1.7730236053466797,99.88839721679688,0.30047616598312743
1691,mps,single_training,150,-121251.88582408382,391,False,-2.0502196317414443,0.8249784611258656,0.028375128004699945,3.2377524069945016,2.318685001532237,1.3152237010002137,1.0034612907965978,476.42034912109375,4246.94189453125,10.508476292015985
1692,mps,stone_canyon,138,-31230.726588955316,103,True,3.8926559511734093,2.004394532764243,0.016658560426878757,3.012414676555689,3.1556150654087896,1.3324747016464455,1.8231403628985088,794.71923828125,6419.78759765625,9.972826584009454
1693,mps,single_training,150,-140356.02311937654,458,False,-2.921524927901725,1.8248185652302344,0.027644560455034176,1.6256823654969532,2.3817380754152935,1.3156785623232523,1.0660595162709554,715.8546752929688,5134.9677734375,10.509869916015305
1694,mps,stone_canyon,150,-104043.79948368591,362,False,-0.7617208001033092,0.2842200500201642,0.02112001900561154,1.8201338903109232,2.7076401527722678,1.3156202697753907,1.3920198760430018,154.70346069335938,1655.3145751953125,10.478785749990493
1695,mps,single_training,8,31.221792349366417,0,True,0.6635981809813529,0.11449410564864593,0.00871172989718616,1.069119080901146,2.9064841270446777,1.1200853884220123,1.786398783326149,5.357735633850098,186.23365783691406,0.5996624999970663
1696,mps,single_training,150,-149222.27439039646,487,False,-3.9596768213436007,2.217323045891462,0.024316546494762104,1.350921915769577,3.0751335430145263,1.3162912686665853,1.758842266400655,620.6735229492188,4264.5615234375,10.245623208000325
1697,mps,single_training,150,-107290.28214273659,354,False,-1.4188402305760732,0.4064899982554554,0.02725518126661579,2.33986496925354,3.1393427944183347,1.3174730213483175,1.821869776248932,162.7860107421875,6006.0341796875,10.484120041975984
1698,mps,single_training,9,4.994972403108974,0,True,0.7632229820721679,0.10597904094740646,0.00798536143783066,1.961564991209242,3.0143824418385825,1.1216365628772311,1.8927458392249212,6.363426685333252,738.0877685546875,0.6674050829897169
1699,mps,single_training,150,-80747.00173929697,267,False,0.25666645107790825,0.17851136725774874,0.02302353858637313,1.8048463877042134,3.1727655998865765,1.315645730495453,1.8571198670069378,175.75994873046875,4859.634765625,10.25008312499267
1700,mps,stone_canyon,150,-96602.8518572917,332,False,-0.5797407329874114,0.18204341527254012,0.01977295184197525,2.3757252581914265,3.1479890457789104,1.3168889951705933,1.8311000565687816,123.9072036743164,2823.52490234375,10.323379250010476
1701,mps,stone_canyon,10,-11.266193002022973,0,True,0.9514677286148071,0.17965023857541382,0.0068095999769866465,3.44863874912262,3.010675001144409,1.1471780300140382,1.8634969830513,10.596990585327148,361.8748779296875,0.7429572499822825
1702,mps,single_training,150,-115604.27038682316,391,False,-1.759884124994278,0.6853704053636951,0.029647018037115534,1.9357492665449778,2.9494449043273927,1.3176603229840596,1.6317845710118613,208.97686767578125,2996.291015625,10.251206957997056
1703,mps,single_training,19,-196.35211160079197,0,True,3.2586364734329676,1.1634799571988161,0.005753575456573775,0.989861221689927,3.08430562521282,1.2515445633938438,1.8327610304481106,37.05337905883789,694.3179321289062,1.297191167017445
1704,mps,stone_canyon,59,-8922.691477375138,31,True,4.668784973101091,2.7004502661194714,0.009677786285341796,2.8307804657241045,3.2124473280825856,1.331549127223128,1.8808981947979684,206.15440368652344,3501.6484375,4.0135330829944
1705,mps,stone_canyon,150,-141949.13434685548,491,False,-2.568661088938825,1.2606311246803716,0.023937741173431278,1.7314723392327627,2.728329187234243,1.3169937213261922,1.4113354734579722,416.9877014160156,2910.059326171875,10.231550124997739
1706,mps,stone_canyon,65,-13759.68209795218,50,True,4.840690372540401,2.989361123586647,0.010842466866597534,2.6753548622131347,3.188904014000526,1.330217088185824,1.8586869203127347,264.1158447265625,2031.7501220703125,4.408707291993778
1707,mps,single_training,7,-29.546940822301934,0,True,0.6106193507356303,0.07012357787503529,0.003784724012283342,0.64891460112163,2.8965532098497664,1.1243194682257516,1.7722336394446236,5.055261611938477,112.01282501220703,0.4902468750078697
1708,mps,stone_canyon,150,-104279.75378368223,358,False,-0.49935601650426786,0.26422411611442687,0.02242400650555889,1.6927737375100453,2.8497584462165833,1.3182223264376323,1.5315361229578655,89.88832092285156,585.0765380859375,10.205761499993969
1709,mps,stone_canyon,150,-136850.8293971446,469,False,-2.241899274289608,0.873658196455799,0.02385070175708582,1.8172466937700908,2.913266102472941,1.3188967005411785,1.5943694011370342,395.9287109375,4377.138671875,10.567247708997456
1710,mps,stone_canyon,150,-119504.06459738291,417,False,-1.3544190633048614,0.4418161642415282,0.028160411732581755,2.0958400078614554,2.9869112094243366,1.3156260911623636,1.6712851202487946,214.81834411621094,3626.301025390625,10.842965207993984
1711,mps,stone_canyon,3,34.01318905781724,0,True,0.07395178514222304,0.0065443354665148945,0.00393050901281337,3.2899514039357505,2.909660498301188,1.0879911184310913,1.8216694196065266,0.8200370669364929,37.76032257080078,0.2623146249970887
1712,mps,stone_canyon,150,-131277.90840657783,450,False,-1.7831211777341862,0.7251717738517618,0.024676994223458072,1.5945896140734355,2.768720420996348,1.317030316988627,1.451690096259117,224.88282775878906,1068.65283203125,10.214253916987218
1713,mps,single_training,5,4.932983661162609,0,True,0.5368802964687347,0.03215693745296448,0.0037434627301990986,0.6125139236450196,2.8931198120117188,1.109993815422058,1.7831260204315185,3.2616827487945557,54.39396286010742,0.3603470000089146
1714,mps,single_training,11,-28.240095227519873,0,True,2.0635942965745926,0.5542414255482568,0.0052856828340075235,0.7288634831255133,3.032528963955966,1.2050714817914097,1.8274574930017644,18.818819046020508,574.8983154296875,0.7503249580040574
1715,mps,stone_canyon,77,-11149.29865197477,40,True,5.766893110879056,3.660281076944167,0.012224470510135418,2.324858882210471,3.3132836849658522,1.3385347778146917,1.9747489133438507,415.7896728515625,3212.257568359375,5.293729124998208
1716,mps,single_training,4,22.849555744947892,0,True,0.3716568425297737,0.02590908738784492,0.0036103849997743964,1.0285708904266357,2.9997758269309998,1.1058128476142883,1.893962949514389,2.4850778579711914,139.5931396484375,0.30688749998807907
1717,mps,stone_canyon,150,-47552.21752738255,171,False,3.8612040082303185,1.60136555428232,0.018969704424962403,1.9364633544286092,3.4117878262201944,1.315365224679311,2.0964225991566976,817.0413208007812,3844.640869140625,10.35901987500256
1718,mps,stone_canyon,31,-6858.709841241091,24,True,3.2248682132922113,1.6322850987800497,0.005102304065780294,2.2086779571348623,3.2171742916107178,1.2992729025502359,1.9179013967514038,57.0798225402832,336.5896911621094,2.149541874998249
1719,mps,single_training,150,-118143.57742963404,391,False,-1.6748765592152874,0.7131703087992113,0.03727532878052443,1.7227200603485107,2.796214477221171,1.3133595832188925,1.4828548848628997,253.69390869140625,1357.061279296875,10.293756125000073
1720,mps,stone_canyon,150,-126092.27209247106,440,False,-1.8849488924443722,0.5543971052424361,0.03211801729320238,2.1357718229293825,3.0040135383605957,1.3156825232505798,1.6883310278256733,391.3990478515625,1926.1082763671875,10.690591125021456
1721,mps,single_training,150,-168569.6923152988,553,False,-5.3938597966233885,3.342900177364548,0.035141613185405735,1.422424369653066,2.992747155825297,1.3129202318191528,1.6798269271850585,1125.2828369140625,3610.080322265625,10.680537957989145
1722,mps,stone_canyon,150,-71317.6565982154,248,False,1.5560927617860336,0.4336568120440158,0.023933436770457773,1.4346586229403813,3.1512195603052775,1.3149154702822368,1.8363040828704833,310.41351318359375,1117.848876953125,10.467040625022491
1723,mps,stone_canyon,3,31.198399108033584,0,True,0.36442651351292926,0.02168648208801945,0.0021078985882923007,2.825642744700114,3.0344390074412027,1.105167071024577,1.929271936416626,1.76240873336792,19.784969329833984,0.2543263749976177
1724,mps,single_training,6,5.996841152964059,0,True,0.6535616343220075,0.07367580415060122,0.0021679963683709502,0.9558467070261637,3.062504291534424,1.1313072443008423,1.9311969876289368,5.545984268188477,113.18561553955078,0.41471850001835264
1725,mps,stone_canyon,150,-92439.3498230006,322,False,0.6958955239302789,0.3411009964367683,0.02841215655906126,1.5598244265715282,2.7905267373720806,1.3154036402702332,1.4751230915387472,294.61444091796875,914.9762573242188,10.231724708981346
1726,mps,single_training,4,24.611838607500722,0,True,0.44161320477724075,0.026352581335231662,0.002350962779019028,0.8907028585672379,3.0528529286384583,1.1094636023044586,1.943389356136322,2.497360944747925,184.43405151367188,0.29564749999553896
1727,mps,stone_canyon,150,-116001.88407730349,401,False,-1.1848858563353617,0.3428159717327071,0.027747517965423563,1.7245251286029815,2.7813353435198467,1.3141047557195027,1.467230577468872,166.0446319580078,1352.543701171875,10.232487166998908
1728,mps,single_training,22,-191.32597602139919,0,True,3.4433971948244353,1.3648800268684598,0.004355443514544855,0.9139396196061914,3.2437808188525112,1.2721687446941028,1.9716120904142207,45.75261688232422,287.4336242675781,1.513127500016708
1729,mps,stone_canyon,8,20.660487381263515,0,True,0.8222954552620649,0.13857844678568654,0.004307074355892837,2.6721628308296204,3.143978774547577,1.150732383131981,1.993246391415596,9.031207084655762,120.35163879394531,0.5467971249890979
1730,mps,single_training,5,13.512890164736323,0,True,0.7126866057515144,0.035390100162476304,0.005463751591742038,0.9148161172866821,3.0986442089080812,1.1160433292388916,1.982600784301758,3.25667667388916,284.8670654296875,0.34689854198950343
1731,mps,single_training,150,-134541.93052877072,441,False,-2.7410538344224915,1.2314782466904883,0.027563002562771242,1.7480634947617848,2.6130251844724017,1.3139936304092408,1.2990315560499828,567.740234375,3037.666015625,10.203907666000305
1732,mps,single_training,10,-24.80984317294414,0,True,0.8286114322952927,0.1676084923727103,0.00900871604681015,0.9045408725738525,3.1589425802230835,1.15578351020813,2.003159058094025,11.11023998260498,156.18826293945312,0.691254959005164
1733,mps,single_training,20,-7.071463618263567,0,True,2.3284077242016794,1.0708843069398426,0.011047811852768064,0.9685871571302413,3.2547147393226625,1.2494260728359223,2.005288690328598,38.957763671875,543.9734497070312,1.357867584010819
1734,mps,single_training,150,-84091.15625266296,279,False,0.00875214472723504,0.1019909997222582,0.02950975401327014,1.4145170092582702,2.7709158937136333,1.31489506483078,1.456020827293396,91.52540588378906,1983.6685791015625,10.221060500014573
1735,mps,stone_canyon,150,-71102.8819002168,244,False,1.3976470824765663,0.46154370689881036,0.021722814819465083,1.649426143169403,3.1970083570480345,1.3155816618601481,1.8814266920089722,304.061279296875,1217.42724609375,10.51893754201592
1736,mps,stone_canyon,150,-100654.24570944924,348,False,-0.4492915629191945,0.22275578702952165,0.023064088231573503,1.223729442358017,2.9736825672785443,1.312848943869273,1.6608336118857066,85.32334899902344,1589.063232421875,10.554364291980164
1737,mps,stone_canyon,150,-64939.54030303505,226,False,1.6687039272580295,0.5781493913522839,0.018226822360108298,1.6725208576520283,3.1559417835871377,1.3137996172904969,1.8421421607335409,372.08294677734375,2637.23876953125,11.026812333991984
1738,mps,stone_canyon,60,-10339.436264542139,36,True,5.17357732548068,2.60553028753493,0.010887753715117772,2.08534481326739,3.2894681692123413,1.329265002409617,1.9602031747500102,211.98106384277344,1323.6759033203125,4.207835792010883
1739,mps,stone_canyon,150,-78247.14104404066,276,False,0.5934233992391577,0.25551141465247684,0.025837345353017252,2.4073238333066302,3.1227268838882445,1.3133466593424479,1.8093802293141683,150.152099609375,2872.43701171875,10.236725958995521
1740,mps,stone_canyon,49,-10003.491795158176,35,True,4.139185117519632,1.7739718312775354,0.006921714129002422,2.0736169571779213,3.269823152191785,1.3170530333810924,1.9527701334077485,110.46578216552734,3459.491943359375,3.341594833007548
1741,mps,stone_canyon,3,32.88291072645215,0,True,-0.17038893358161053,0.0074850812610141775,0.002548500197008252,3.171324888865153,3.0152713457743325,1.075244943300883,1.9400264819463093,0.916352391242981,71.50189208984375,0.22368154197465628
1742,mps,single_training,13,-102.02285156086667,0,True,1.4152940878501306,0.32264964098934656,0.0036485638612738023,1.9273227820029626,3.1195886318500223,1.1783599395018358,1.94122864649846,15.073331832885742,583.111572265625,0.892661958001554
1743,mps,single_training,150,-129662.48392513403,430,False,-2.991779638702671,1.1883816672721879,0.04292803038687756,2.156662097374598,3.064836869239807,1.312669456799825,1.7521674219767254,494.4283142089844,1240.9259033203125,10.231852291995892
1744,mps,stone_canyon,150,-33229.25532284599,119,False,4.105675707211097,1.9603887356895333,0.021426771419743695,2.957581486701965,3.3783357461293537,1.3130403526624044,2.065295391082764,774.3807983398438,5780.17529296875,10.63078145799227
1745,mps,single_training,17,20.348557596616796,0,True,1.7550264144425882,0.6534674871642411,0.004797150353517602,1.6497264469371122,3.2086682740379784,1.2150060920154346,1.9936622170840992,25.94881820678711,992.0128784179688,1.2204778750019614
1746,mps,single_training,150,-122144.16936902593,401,False,-2.9581927940249444,1.082457275146929,0.036552209683383505,2.1616272834936776,2.959875044822693,1.3152699653307598,1.6446050961812337,626.971923828125,3601.182373046875,10.45205324998824
1747,mps,single_training,150,-105852.31288171874,350,False,-1.4316801568175046,0.4997376658011499,0.027903017497931917,1.341184606552124,2.939543342590332,1.314989654223124,1.6245536931355795,175.88015747070312,541.07958984375,10.707574083004147
1748,mps,single_training,150,-117134.02256601375,390,False,-1.990116145958503,0.7167611566769483,0.03512981347429256,2.100816643834114,2.483177422682444,1.3161972856521607,1.1669801342487336,341.301513671875,1118.7589111328125,10.464794708008412
1749,mps,single_training,4,23.205855564222553,0,True,0.05175348787452094,0.004904996416030372,0.009814428864046931,0.8365169912576675,3.1321657299995422,1.101439744234085,2.0307260155677795,0.4485613703727722,13.089177131652832,0.3268180839950219
1750,mps,single_training,8,15.37041591747716,0,True,0.7142885974608362,0.06772087219724199,0.015557059086859226,0.8008058294653893,3.1982655227184296,1.1434151232242584,2.054850399494171,5.991731643676758,215.55348205566406,0.5486602500022855
1751,mps,stone_canyon,150,-124583.31872267896,427,False,-2.21816391646862,0.7040982210019623,0.03191985712697109,1.5281590050458909,3.062380690574646,1.3204794565836588,1.7419012347857157,429.82940673828125,1433.1893310546875,10.299282541993307
1752,mps,single_training,4,12.449455276425795,0,True,0.34999126149341464,0.014963458423153497,0.01831440581008792,0.8025797605514526,3.2005417346954346,1.1195276081562042,2.0810141563415527,1.7351568937301636,51.9051513671875,0.2958312910050154
1753,mps,single_training,150,-134898.45817582757,443,False,-2.513980323843037,1.3039053736335335,0.029377628415822983,1.9808203254143397,2.4596216050783792,1.3222964557011923,1.1373251583178838,405.4991760253906,6198.7890625,10.21824220797862
1754,mps,single_training,8,9.723908726382398,0,True,0.7848397297784686,0.11630735913058743,0.009286863845773041,0.7299178391695023,3.143066316843033,1.1656483262777328,1.9774179905653,8.612665176391602,102.78010559082031,0.5576167920080479
1755,mps,stone_canyon,150,-108091.00979075444,370,False,-0.4977121534012258,0.2709580928467221,0.020894005885347722,1.956231291294098,3.079378476937612,1.3242842729886373,1.7550942134857177,90.38341522216797,2608.542236328125,10.195343750005122
1756,mps,stone_canyon,150,-100266.60043379632,346,False,-0.2813407785259187,0.2003215924990036,0.02116378763690591,1.8314673256874086,3.0014408906300862,1.3251227513949075,1.6763181404272716,114.97390747070312,1247.381591796875,10.484602874988923
1757,mps,stone_canyon,150,-66429.06553275506,233,False,2.4658745153745016,0.9018793643281484,0.024445529443522296,2.0084299278259277,3.1460666926701863,1.326060020128886,1.8200066701571147,629.1546020507812,3278.58056640625,10.64234308397863
1758,mps,stone_canyon,37,-9470.775795280731,33,True,3.4955092900105424,1.6445908008262868,0.006634097823218719,2.788407834800514,3.2878158156936235,1.3159260105442356,1.971889801927515,68.49629211425781,676.844482421875,2.602335250005126
1759,mps,stone_canyon,39,-4484.235157040686,16,True,4.217683236466912,1.967383162284005,0.006534044272624529,2.3679746847886305,3.3039218523563485,1.3302308443265083,1.9736909927465978,88.61366271972656,537.5032958984375,2.6584492919791956
1760,mps,single_training,150,-112200.88909201995,367,False,-1.3625825387487809,0.4334446712699719,0.03205753389745951,1.4691736992200215,2.931167565981547,1.3259926001230875,1.6051749658584595,160.28167724609375,517.758544921875,10.2368860830029
1761,mps,single_training,4,23.205855564222553,0,True,0.4417393207550049,0.05316854687407613,0.002580737287644297,0.8650780916213989,3.0831685066223145,1.1533996164798737,1.9297688901424408,3.50544810295105,150.9144744873047,0.3044971670024097
1762,mps,single_training,150,-104390.61943302193,342,False,-1.1602403434365989,0.2781660079874564,0.03437639352710297,1.4932808836301168,2.8302093950907388,1.3248743828137715,1.5053349979718527,281.538330078125,1767.8033447265625,10.249807458021678
1763,mps,single_training,6,55.28134215522164,0,True,1.1379235809048016,0.13954854104667902,0.003202832342746357,0.8474276463190714,3.102194905281067,1.1819450855255127,1.9202497998873393,7.52417516708374,383.5590515136719,0.42795537499478087
1764,mps,stone_canyon,150,-111243.46810205987,384,False,-0.5665519196249685,0.30429937904716425,0.0216885787077869,1.3968799090385438,3.139172388712565,1.3236934630076092,1.815478924115499,91.35936737060547,881.5044555664062,10.228646708012093
1765,mps,single_training,4,4.549844624131492,0,True,0.8407291993498802,0.07681769505143166,0.00423340336419642,0.7241255939006805,3.0433453917503357,1.165694922208786,1.8776505291461945,4.186191558837891,177.64707946777344,0.29449358297279105
1766,mps,stone_canyon,150,-105945.49680002319,366,False,-0.8483308392802186,0.18526834042540924,0.020231628237913052,1.8240260322888693,3.05987518231074,1.3223412505785623,1.7375339325269064,164.8820343017578,954.9706420898438,10.24314408301143
1767,mps,stone_canyon,150,-125078.44421718546,431,False,-1.5405718264201036,0.6412967627925537,0.023188725089033444,1.7059704665342967,3.1355166896184286,1.3208389035860697,1.814677788813909,166.33567810058594,3887.99755859375,10.412746624991996
1768,mps,stone_canyon,150,-81520.06400919656,282,False,0.9107567377264301,0.2975370584646104,0.019855912728235125,1.4815369693438212,3.063296399116516,1.3225812911987305,1.7407151047388714,327.15936279296875,2167.455322265625,10.499853166023968
1769,mps,stone_canyon,150,-126285.37104105018,432,False,-2.240333200333019,0.558442768701813,0.02381698979064822,1.5441459953784942,2.887213243643443,1.323065197467804,1.564148051738739,316.6250305175781,3379.785888671875,10.452131250000093
1770,mps,single_training,4,18.803903709481702,0,True,0.7060243487358093,0.14610171876847744,0.008019399363547564,0.662308007478714,3.0186069011688232,1.188148945569992,1.8304578959941864,5.544379234313965,131.06967163085938,0.3191371249849908
1771,mps,single_training,6,-21.490567625242527,0,True,1.5779864887396495,0.20003008594115576,0.008026764107247194,0.6728231509526571,3.027177929878235,1.200442612171173,1.8267353375752766,9.25244426727295,174.01898193359375,0.4139642500085756
1772,mps,single_training,4,23.43602781389469,0,True,1.637242615222931,0.174061493948102,0.007515923120081425,0.6517947018146515,3.005604386329651,1.1955192387104034,1.8100850880146027,5.899848461151123,147.19305419921875,0.2807932919822633
1773,mps,single_training,7,-28.214894158361282,0,True,1.7651378001485551,0.287772464965071,0.007098355130957705,0.6231621929577419,3.0160039152417863,1.217646700995309,1.7983572142464774,11.915132522583008,240.42835998535156,0.48757954200846143
1774,mps,single_training,4,22.849555744947892,0,True,0.8764714673161507,0.14348101988434792,0.0064908359199762344,0.6077513843774796,3.0042633414268494,1.1883760690689087,1.8158872723579407,5.501176357269287,66.4719009399414,0.28800787500222214
1775,mps,single_training,5,8.803903709481702,0,True,0.6357215404510498,0.15260651111602783,0.005975387990474701,0.6018283724784851,3.0070662975311278,1.191359543800354,1.815706729888916,6.916750431060791,33.500553131103516,0.35707366597489454
1776,mps,single_training,4,20.20988675275987,0,True,0.7337004914879799,0.09284684900194407,0.0048279318725690246,0.5785522907972336,2.9573742747306824,1.1759755313396454,1.7813987731933594,4.539548873901367,80.67438507080078,0.293134999985341
1777,mps,single_training,150,-109411.26989146722,364,False,-0.9824060439566771,0.3040865517274911,0.0341028839815408,2.1344251466790833,2.2204592124621074,1.3165780194600423,0.9038811951875687,144.77682495117188,1495.157958984375,10.22516283299774
1778,mps,stone_canyon,150,-114906.56182191498,396,False,-1.0186189980680744,0.285733059717871,0.02160830103326589,2.014160887400309,2.8483177796999612,1.3170403059323628,1.5312774741649628,179.44561767578125,4308.0185546875,10.319915874977596
1779,mps,stone_canyon,150,-121879.43279161127,419,False,-1.2060399453590314,0.3997284184964489,0.022284913151524963,1.9770637714862824,2.8399704186121624,1.31642604748408,1.523544358809789,221.05198669433594,2483.141845703125,10.548998207988916
1780,mps,stone_canyon,150,-125455.34107655154,431,False,-1.620583470283697,0.49492889388954303,0.020846311366185546,1.7557800513505937,2.7943998257319134,1.3166798090934753,1.477720011472702,241.7017822265625,1637.1217041015625,10.436388792004436
1781,mps,stone_canyon,150,-103351.53458885557,355,False,-0.4536299031569312,0.19554334920291996,0.018023528036040563,1.4260525889197986,2.9503859853744507,1.3165739512443542,1.6338120369116464,124.48377990722656,2143.4013671875,10.307382917002542
1782,mps,single_training,150,-104080.01595437033,344,False,-0.6211173026444158,0.43341600536756547,0.033977283290587364,2.0123253373305,2.542600997289022,1.3151591483751932,1.2274418501059214,184.0423126220703,2152.53125,10.523480917006964
1783,mps,single_training,4,26.477529087598317,0,True,0.2512681130319834,0.02642082402599044,0.003098171844612807,0.7051734328269958,2.9118088483810425,1.1502268612384796,1.761581927537918,2.1770267486572266,83.68927001953125,0.3245624579722062
1784,mps,single_training,150,-93242.67705432372,314,False,0.1226324146023641,0.2608953433981151,0.030422384006281694,1.383769949277242,2.831835460662842,1.3156866971651713,1.5161487698554992,225.7220458984375,1727.9393310546875,10.259597667027265
1785,mps,single_training,6,-4.279006661150589,0,True,0.6694779389848312,0.07170149543768882,0.0035751110408455133,0.8348092536131541,2.9873048861821494,1.169790248076121,1.817514677842458,4.998196601867676,83.04471588134766,0.428311958006816
1786,mps,single_training,150,-157648.51406631313,521,False,-3.721541702101628,2.163109517987371,0.03995666761727383,1.864450092713038,2.7099232276280723,1.3133467753728232,1.3965764594078065,769.1132202148438,1259.6087646484375,10.26018404198112
1787,mps,stone_canyon,150,-126167.25077272234,439,False,-1.2976977690712859,0.5092222762296782,0.022202109654123583,1.726123495499293,2.9074909671147666,1.3142108118534088,1.5932801508903502,158.89456176757812,2212.55078125,10.764085250004428
1788,mps,stone_canyon,150,-92711.29301030427,320,False,0.6901298527768813,0.312603797532997,0.016523512420244513,1.3762850538889566,3.16807736714681,1.3116499026616415,1.8564274779955545,232.02308654785156,696.4613037109375,10.595535707980162
1789,mps,stone_canyon,25,-2116.8978250221385,7,True,3.9841878009587526,1.571924622693914,0.005550454705953598,2.956258249282837,3.1670862007141114,1.3048501920700073,1.8622360134124756,50.15571975708008,2727.12841796875,1.7481344589905348
1790,mps,stone_canyon,150,-94881.93041459737,332,False,0.28211925205464167,0.20083447168495694,0.020247458579639593,2.6023061354955037,3.206383837064107,1.3125507314999898,1.8938330984115601,122.76805877685547,2508.60107421875,10.226682207983686
1791,mps,stone_canyon,46,-13061.821708515099,46,True,4.1847966286637215,2.3377786138763716,0.01046829565387705,2.3931021819943967,3.2896936302599697,1.342292459114738,1.9474011789197507,131.09140014648438,1388.0628662109375,3.1488808750000317
1792,mps,stone_canyon,150,-96219.63198364063,335,False,0.16525200298909717,0.1539707452153516,0.02104211286952098,2.23899352312088,2.9484834162394207,1.3126040252049764,1.6358793926239015,140.97189331054688,2807.636474609375,10.301155083987396
1793,mps,single_training,150,-148671.90181396925,484,False,-2.692408404474457,1.7257891798287408,0.02770165539657076,1.8030195947488148,2.641006616751353,1.309786204099655,1.3312204054991403,481.60150146484375,1922.9271240234375,10.268877624999732
1794,mps,stone_canyon,150,-128900.00564312938,451,False,-1.7076946401285629,0.46080246264384184,0.026338452144215506,1.824682666460673,2.8842013533910116,1.3100117981433868,1.5741895560423533,243.88735961914062,1458.03173828125,10.524882999976398
1795,mps,stone_canyon,150,-108713.46498011165,377,False,-0.16741101523279212,0.3120778347356376,0.020277739359686773,1.5175890703996022,2.9184741878509524,1.3088050234317778,1.609669160048167,194.22698974609375,1196.72509765625,10.323202250001486
1796,mps,stone_canyon,150,-117536.10808224112,403,False,-0.7968506938777864,0.2692153062127242,0.01743172084291776,1.272835439046224,2.872262027263641,1.3070955288410187,1.5651665099461873,195.3581085205078,2342.11669921875,10.418867250002222
1797,mps,single_training,5,7.673625378116611,0,True,0.9489876627922058,0.12065835669636726,0.006702823843806982,0.6622037649154663,2.90437798500061,1.1920603275299073,1.712317657470703,5.964334487915039,58.53820037841797,0.39328258400200866
1798,mps,single_training,4,8.499424594517773,0,True,1.2883493527770042,0.11354909837245941,0.005510037881322205,0.6507678478956223,2.907507061958313,1.1919002532958984,1.7156068086624146,4.730001926422119,196.94149780273438,0.28256675001466647
1799,mps,stone_canyon,150,-107557.72004746606,370,False,-0.5978727659699508,0.1608918860121912,0.022865236308425664,1.5537870307763417,2.634081091880798,1.3054498771826426,1.3286312196652095,170.51394653320312,1921.578857421875,10.350033333990723
1800,mps,single_training,4,23.35837081111193,0,True,0.8570328280329704,0.15459076687693596,0.0038808370591141284,0.6225399225950241,2.9387436509132385,1.2047152519226074,1.734028309583664,5.331156253814697,79.09945678710938,0.2949408330023289
1801,mps,stone_canyon,150,-54363.06672993328,193,False,3.0995651279886562,1.4557995920589504,0.022623673925797144,2.3256722625096637,2.9612837862968444,1.305539035797119,1.6557447628180186,840.3504638671875,6470.21484375,10.386123332980787
1802,mps,stone_canyon,41,-8936.860222287487,31,True,4.85962841496235,2.485187615912476,0.00719359956636298,2.7843799416611836,3.112393495513172,1.3493708633795016,1.7630226524864756,117.05610656738281,1162.1783447265625,2.8099271669925656
1803,mps,single_training,6,0.3419821708996551,0,True,1.2606009642283122,0.23196780309081078,0.0030169659294188023,0.692571779092153,2.9290358622868857,1.2206841508547466,1.708351691563924,8.926139831542969,51.601783752441406,0.4232943749811966
1804,mps,single_training,10,-5.639932880047844,0,True,1.9423634707927704,0.5347324669361114,0.0029205747647210955,0.7575743317604064,2.9768625259399415,1.250161075592041,1.7267014741897584,17.653732299804688,616.111328125,0.6810210419935174
1805,mps,single_training,5,14.227360239049336,0,True,0.8071410536766053,0.15752484500408173,0.0018750424729660153,0.7200871467590332,2.923834800720215,1.2087713956832886,1.7150633573532104,6.333609580993652,99.0202865600586,0.34805420800694264
1806,mps,single_training,9,10.520422288037977,0,True,1.6163689262337155,0.3621195929331912,0.0020065350044104788,0.7677404483159384,2.956086026297675,1.23210695054796,1.7239790625042386,13.731694221496582,366.4615478515625,0.6135289169906173
1807,mps,stone_canyon,150,-74957.09326486105,263,False,1.8570075271410558,0.7379328679288695,0.03285601626848802,2.1324796724319457,2.9198368414243063,1.3027978936831157,1.6170389501253764,419.3938293457031,2408.87060546875,10.211637833999703
1808,mps,single_training,150,-107215.70319005156,351,False,-0.5028131235949695,0.3396795519601149,0.04805079506710172,1.4124143759409586,2.858708380063375,1.3015087191263834,1.5571996625264486,153.16310119628906,1749.1151123046875,10.444853666995186
1809,mps,stone_canyon,150,-103023.27556170158,358,False,-0.012738251738871137,0.22836668958858353,0.03987211932893842,1.7119087016582488,2.7176702928543093,1.3030180776119231,1.4146522283554077,135.21987915039062,553.481201171875,10.321459166007116
1810,mps,stone_canyon,150,-57596.11758964248,201,False,2.343709984552115,0.8135338989635541,0.02973773313531031,2.774277714093526,2.9826261305809023,1.3017623325188954,1.6808637924989065,526.8482666015625,5094.47900390625,10.306959334004205
1811,mps,stone_canyon,150,-60309.85175102585,213,False,2.5706453019877276,0.9842509767711939,0.03217323592708757,2.988934330145518,3.1341389354070026,1.3012792114416758,1.832859722773234,592.2587280273438,8396.4248046875,10.393978584004799
1812,mps,stone_canyon,150,-103349.9972745797,359,False,-0.3892245095719894,0.25640816744591577,0.03419708064602067,2.645331879456838,2.7964113251368206,1.2996369179089864,1.4967744195461272,83.62483215332031,2884.076171875,10.583800249994965
1813,mps,stone_canyon,150,-85643.19670917241,294,False,0.8535278290386001,0.4197935134895185,0.025355067979544402,1.2545636387666066,2.9293813999493916,1.2982437590758005,1.6311376376946767,239.21632385253906,441.64599609375,10.476932791993022
1814,mps,stone_canyon,78,-15691.077138807219,58,True,5.584495140573917,3.987799728396707,0.01143798106111204,3.0291900848731017,3.2191035136198387,1.3440146507360997,1.8750888598270905,560.35400390625,5806.80859375,5.373976792005124
1815,mps,stone_canyon,150,-75867.90019937187,262,False,0.4972334314696491,0.28201034942218633,0.021697135673214994,1.7286843703190486,2.8692302735646567,1.2960859004656473,1.5731443611780802,134.54165649414062,1353.0185546875,10.208430457976647
1816,mps,stone_canyon,150,-25037.400063241246,87,False,4.427953458229701,2.4114444783888755,0.02094041700164477,2.753286868731181,3.223383830388387,1.2955222789446512,1.9278615681330362,1028.0245361328125,3640.77294921875,10.282941250014119
1817,mps,single_training,4,29.18564068242443,0,True,0.31276105903089046,0.03695096680894494,0.02108746487647295,1.1488316357135773,2.965450704097748,1.1725627481937408,1.7928879261016846,2.464533567428589,88.28079223632812,0.3219719589978922
1818,mps,stone_canyon,150,-144042.55161189754,499,False,-2.836627217636754,1.3100083292231042,0.03606642574071884,1.9990456235408782,2.5028598928451538,1.2879438984394074,1.214915989836057,485.7093200683594,3667.639892578125,10.231405041995458
1819,mps,single_training,22,-140.83146144545861,0,True,4.495056736875664,1.6502356412926351,0.024749320762401276,1.0136273503303528,3.1452339562502774,1.315883685242046,1.8293502710082314,45.302059173583984,1628.695068359375,1.5063626670162193
1820,mps,single_training,12,-66.50950912179181,0,True,1.701889229317506,0.5653907124069519,0.0190227876106898,0.8876793483893076,3.097869793574015,1.2484462062517803,1.849423587322235,18.891069412231445,466.1778869628906,0.817146874993341
1821,mps,stone_canyon,150,-131386.759048655,448,False,-2.8238431069689494,1.1048607559587496,0.026921635636438925,1.9029528001944225,2.8179213706652324,1.2818037990729014,1.5361175739765167,665.35986328125,3056.88818359375,10.239360499981558
1822,mps,single_training,8,20.521342538984015,0,True,1.4256191719323397,0.2971385750861373,0.009769396972842515,0.7845081761479378,3.05164435505867,1.223768174648285,1.827876165509224,10.813340187072754,327.4433288574219,0.5588259580254089
1823,mps,single_training,28,-189.84306166126035,0,True,3.482568009091275,1.9572251222395738,0.008542703364842705,0.8021423582519803,3.1799663049834117,1.3302022005830492,1.849764108657837,60.85276412963867,1210.126220703125,1.882013166003162
1824,mps,stone_canyon,150,-122257.71418392069,426,False,-2.0602483904051283,0.6864927708031807,0.02924437005072832,2.301716286341349,2.890516767501831,1.2804219782352448,1.6100947984059653,413.2912902832031,3237.734130859375,10.213249332999112
1825,mps,stone_canyon,150,-105297.09529628106,364,False,-0.9796279682933042,0.48016748293310835,0.023319415959219138,1.918344352642695,2.849909876982371,1.2820449654261272,1.567864909172058,348.47430419921875,1084.4976806640625,10.434038957988378
1826,mps,stone_canyon,150,-113304.57036215402,389,False,-1.3737495358959617,0.4558288292419245,0.02257931383016209,1.8346402434508007,2.753389647801717,1.28352108558019,1.4698685689767201,273.0767517089844,3988.325927734375,11.055831624980783
1827,mps,single_training,4,12.449455276425795,0,True,0.4804708417505026,0.02584896661574021,0.0060113868676126,0.7165157347917557,2.941521942615509,1.1662379503250122,1.7752840220928192,2.0949411392211914,52.853782653808594,0.3187700410198886
1828,mps,single_training,12,-94.63895253128022,0,True,2.075106956375142,0.5090789414001241,0.0065885876926283045,0.7439835468928019,3.014687716960907,1.2393213709195454,1.775366375843684,17.08186149597168,181.57321166992188,0.8173080830019899
1829,mps,stone_canyon,150,-79448.77304396962,275,False,0.6854731697092453,0.37636300036266523,0.020827777121836942,1.5609630918502808,2.9048475551605226,1.2902461604277293,1.6146013987064363,207.62399291992188,2688.860595703125,10.238801624975167
1830,mps,stone_canyon,150,-115219.1523724225,401,False,-1.1355296169159312,0.3905138229970665,0.023472169262046615,1.7075453054904939,2.6396600381533304,1.2913741731643678,1.3482858641942341,234.57188415527344,2394.80908203125,10.507069667015458
1831,mps,stone_canyon,150,-83336.87886789018,290,False,0.49877543627439686,0.3531996866316452,0.02268936567939818,1.87925776441892,2.875512929757436,1.2935376612345377,1.5819752673308054,169.1363525390625,742.1978149414062,10.497080582979834
1832,mps,single_training,150,-124949.3825990089,411,False,-2.0486710381880404,1.0461808200195204,0.026557928460339705,2.346434702674548,2.3315090902646385,1.292006978193919,1.0395021092891694,396.0552062988281,2158.918212890625,10.583717083994998
1833,mps,stone_canyon,39,-10116.33865939329,36,True,3.64951379587635,1.8542987950219332,0.011066008597994462,2.007589239340562,3.0849884351094565,1.3379862980964856,1.7470021461829162,78.75286102294922,585.2734985351562,2.737181790987961
1834,mps,stone_canyon,150,-62232.506816778594,219,False,1.4240941438575585,0.3944922352969297,0.022521701510995626,2.2928760631879173,2.9104379081726073,1.2961459827423096,1.6142919333775838,349.8437194824219,2856.93896484375,10.288823916984256
1835,mps,single_training,150,-110368.8397275771,367,False,-1.5666291130582493,0.4624212723293264,0.026624947742869456,1.5468026542663573,3.056227685610453,1.2971001676718394,1.7591275183359782,211.1375274658203,4525.2890625,10.320574791985564
1836,mps,single_training,150,-118355.12666049818,393,False,-2.207162838106354,0.6959336288464935,0.024232453592121603,1.6100356761614483,3.0576531140009564,1.2977711908022562,1.7598819200197855,360.8710632324219,1615.34326171875,10.471167832991341
1837,mps,stone_canyon,37,-11675.617704802691,43,True,3.1526735980768463,1.6010906216688454,0.014225511534793957,2.47944527058988,3.170973442696236,1.3335235247740875,1.837449946919003,63.645198822021484,2635.4541015625,2.596497874998022
1838,mps,single_training,150,-62563.12123531207,213,False,1.611085412800312,0.46062161496762805,0.024018374811857937,2.417917230129242,3.1895018990834556,1.3009988395373027,1.8885030595461527,387.365234375,8033.67138671875,10.227511167002376
1839,mps,stone_canyon,3,34.80210568954776,0,True,0.1775371953845024,0.011075312135896334,0.008834577165544033,3.4695404370625815,2.90193772315979,1.157657305399577,1.7442803780237834,1.0469534397125244,64.57405853271484,0.23478662502020597
1840,mps,single_training,29,-132.52843928162747,0,True,3.740527734031965,1.755695539878898,0.008604343980550766,2.0647620044905564,3.17268706190175,1.3239013038832566,1.8487857456864982,59.81854248046875,2747.9951171875,1.9883590420067776
1841,mps,single_training,150,-91616.41322019255,306,False,-0.5021653258024404,0.16342220036994454,0.024131215357532102,2.2924112327893575,3.0389638121922813,1.3020216806729634,1.7369421283404032,69.1275863647461,582.37353515625,10.245348292024573
1842,mps,single_training,150,-111212.76162949028,366,False,-1.4271892761873701,0.5154398364193912,0.024132760738333068,1.3200502284367879,2.9437802743911745,1.30229771733284,1.6414825661977133,188.6238250732422,1483.9249267578125,10.353514875023393
1843,mps,single_training,8,19.88167317917471,0,True,1.0435878736898303,0.19238160338136367,0.00800347828771919,1.421048566699028,2.9454761743545532,1.2099391222000122,1.7355370670557022,9.101160049438477,262.8011474609375,0.588742749998346
1844,mps,stone_canyon,23,-1629.3594984017732,6,True,3.4072447137340256,1.4615018869201024,0.008909194163330223,1.9454968960388848,3.0810388482135274,1.3060223848923393,1.7750164581381755,43.79264831542969,927.6693725585938,1.549351082998328
1845,mps,single_training,6,-7.0992309974212535,0,True,0.8175157445172468,0.09109156547735135,0.007390724805494149,0.9784267346064249,2.94068706035614,1.1911205450693767,1.7495665152867634,5.356711387634277,254.82891845703125,0.425760124984663
1846,mps,stone_canyon,150,-140492.07191490653,480,False,-2.6394615287271637,1.166687714431852,0.019914023655777175,1.8608777483304342,2.5079474592208864,1.3013317060470582,1.2066157579421997,317.7018127441406,3073.531494140625,10.236639582988573
1847,mps,stone_canyon,150,-122928.45547810906,431,False,-2.250850556654235,0.6817411545303185,0.020759858501454193,1.882383116086324,2.8498977478345235,1.3018602017561596,1.548037531375885,474.9734802246094,1375.1444091796875,10.54115633299807
1848,mps,single_training,5,66.04393817661982,0,True,0.5294394880533219,0.05523839062079787,0.006416619755327702,0.5808276534080505,2.8597732067108153,1.1797892570495605,1.679983949661255,3.7680063247680664,74.22561645507812,0.39279358298517764
1849,mps,single_training,4,20.850743322388283,0,True,0.48307366482913494,0.025533854961395264,0.006766038131900132,0.5648560971021652,2.839604914188385,1.1675157845020294,1.672089159488678,2.244241714477539,57.54225540161133,0.2797829999763053
1850,mps,stone_canyon,150,-168069.66349406447,581,False,-3.9843596924313656,2.4762125043267345,0.023836958858494958,2.2762004566192626,2.7622542866071065,1.3062542219956716,1.456000061829885,817.3856201171875,5723.48388671875,10.232750416005729
1851,mps,stone_canyon,32,-12703.968424841449,45,True,2.770025401841849,1.4236695934232557,0.010010723854065873,2.882336936891079,3.072123162448406,1.324970543384552,1.7471526190638542,47.75475311279297,701.929931640625,2.355119082989404
1852,mps,single_training,17,-22.39807208608817,0,True,2.7263137251138687,1.0791127571069143,0.009720395894392449,0.6374441946254057,3.0043845176696777,1.289618639384999,1.7147658712723677,31.971601486206055,225.3716278076172,1.1718496660178062
1853,mps,single_training,7,36.38042091827015,0,True,0.7895798619304385,0.14464582993449376,0.007305431512317487,0.6223594631467547,2.897359950201852,1.2033590418951852,1.6940008912767683,6.997605800628662,99.81035614013672,0.4806983750022482
1854,mps,stone_canyon,150,-90829.93352892916,313,False,0.4746631039151301,0.24180007736623035,0.01918989314697683,1.416299429734548,2.9286874024073284,1.3097109587987263,1.6189764428138733,215.3025360107422,999.4849853515625,10.380993875005515
1855,mps,stone_canyon,3,35.600350962774435,0,True,0.0534696231285731,0.004466569972767805,0.004971149222304423,3.302472194035848,2.7955934206644693,1.1510305007298787,1.6445629199345906,0.4851366877555847,41.19091796875,0.2291863750142511
1856,mps,single_training,5,3.994772195953068,0,True,0.18393563479185104,0.019424680294468998,0.0040052990894764665,0.5657779216766358,2.8005916118621825,1.1638790130615235,1.6367125988006592,1.6958562135696411,98.3209457397461,0.3499860829906538
1857,mps,single_training,7,38.37624501931304,0,True,0.7382704900311572,0.06920853021879989,0.003103655463616763,0.5494315539087568,2.8022522926330566,1.182513952255249,1.6197383403778076,4.184114456176758,80.70962524414062,0.48296658298932016
1858,mps,stone_canyon,150,-81689.65319733779,284,False,0.9949675391272952,0.40147721010248005,0.018813754079552988,1.8973506391048431,2.9594941679636637,1.3126187634468078,1.6468754084904988,301.6308288574219,723.12744140625,10.282464250019984
1859,mps,single_training,8,29.61818187355596,0,True,0.26608470641076565,0.06379260518224328,0.002444127050694078,0.5642466023564339,2.800951272249222,1.1767979562282562,1.624153271317482,3.5956037044525146,212.0381622314453,0.5619910000241362
1860,mps,single_training,10,63.183301476903196,0,True,0.6123606847599149,0.20314738433226012,0.0025018567917868494,0.5362995028495788,2.807046127319336,1.2019073724746705,1.6051387786865234,7.808646202087402,265.4321594238281,0.6942137500154786
1861,mps,single_training,6,48.8039037094817,0,True,0.012011094018816948,0.0132927243054534,0.001996374747250229,0.47050582865873974,2.698845942815145,1.1508275469144185,1.5480184157689412,0.2542778253555298,21.848236083984375,0.41542383399792016
1862,mps,stone_canyon,150,-123417.73713765474,426,False,-1.4482574684855838,0.7021966170660986,0.035466511337241775,2.0698510245482127,2.6917519489924113,1.30836186448733,1.3833900785446167,156.81166076660156,3186.275146484375,10.284775999985868
1863,mps,single_training,4,18.803903709481702,0,True,-0.16290368081536144,0.014219535221400292,0.0018625200900714844,0.49122533202171326,2.7390080094337463,1.1339083313941956,1.6050996780395508,1.6565876007080078,5.470466136932373,0.29458354198141024
1864,mps,stone_canyon,150,-112877.29755334726,389,False,-0.8202948401495814,0.5168481811846626,0.026630514541175217,2.1184172634283702,2.7141119798024493,1.3092839054266612,1.404828071196874,129.011962890625,1632.8614501953125,10.22857391598518
1865,mps,single_training,4,30.59728872258149,0,True,0.04250417649745941,0.005677021836163476,0.0016728912596590817,0.6216005235910416,2.910933494567871,1.1548097133636475,1.7561237514019012,0.11589320003986359,2.8331961631774902,0.29381545798969455
1866,mps,stone_canyon,150,-107488.81282753537,373,False,-0.9240998792741447,0.2661798071754356,0.036545658827914544,2.497450886567434,2.821410744190216,1.3103952491283417,1.5110154851277668,131.3958740234375,1326.1434326171875,10.234616041008849
1867,mps,stone_canyon,104,-21366.329904541555,73,True,5.251339614892808,3.2088604316841858,0.012501460192232536,4.0738270007647,3.087930074104896,1.3469438610168605,1.7409862107955492,690.073974609375,5301.39794921875,7.122627833014121
1868,mps,single_training,4,14.53898624898768,0,True,0.3358738087117672,0.01932696928270161,0.0017187445482704788,0.8275942653417587,3.071984887123108,1.1829181015491486,1.8890668153762817,1.8944809436798096,64.45189666748047,0.299618915974861
1869,mps,stone_canyon,150,-114241.21390347644,396,False,-1.3982025686899822,0.3675647398419096,0.03431237122199188,2.612861614227295,2.8913983901341758,1.309371803601583,1.5820265793800354,192.0576934814453,2691.641845703125,10.245641000015894
1870,mps,stone_canyon,150,-116697.06528076869,409,False,-1.351174775045365,0.39484934205516764,0.03374450891356295,2.785400703748067,2.9044797428448996,1.3102777115503947,1.5942020257314047,243.26132202148438,766.5803833007812,10.505274166993331
1871,mps,single_training,150,-124565.4379559675,408,False,-1.713889637379907,0.8052076672767362,0.04668647684622556,2.3405820751190185,2.034578909079234,1.3089325654506683,0.7256463444729646,338.4232177734375,1795.3094482421875,10.435155707993545
1872,mps,single_training,10,3.5788359054945573,0,True,1.4638177067041398,0.3435960546135902,0.0029246959369629622,0.6456732511520386,3.029890036582947,1.2526243805885315,1.7772657036781312,15.241630554199219,76.73352813720703,0.7387937919993419
1873,mps,single_training,5,2.0104880450407308,0,True,1.1048239111900329,0.10410483330488204,0.0019098002463579177,0.6245874285697937,2.9840903759002684,1.2178240537643432,1.7662663221359254,5.4155778884887695,56.61939239501953,0.35857620800379664
1874,mps,stone_canyon,150,-123105.84104265764,433,False,-1.3596507763055463,0.46709021040975734,0.03639598524353156,2.2908204929033915,2.6438149428367614,1.3136108501752217,1.330204102396965,208.49072265625,1907.53955078125,10.231593165983213
1875,mps,single_training,12,-30.047998072548893,0,True,1.4435574114322662,0.4126304568101962,0.0019438400922808796,0.5595799833536148,2.9315614104270935,1.2601879835128784,1.6713734169801076,18.84284782409668,272.37835693359375,0.8280739579931833
1876,mps,single_training,4,20.20988675275987,0,True,0.7836659029126167,0.08171762712299824,0.0015262582164723426,0.591682493686676,2.905183792114258,1.2151929140090942,1.6899909377098083,3.930328845977783,177.13778686523438,0.28310366699588485
1877,mps,stone_canyon,150,-110359.6276956026,383,False,-0.8266297548264265,0.3595749632959875,0.02955762529668088,2.0280225483576455,2.536135569413503,1.316599866549174,1.2195357026656468,90.75724792480469,2233.9794921875,10.212370958004612
1878,mps,single_training,150,-86800.76375029316,287,False,-0.00648572867581,0.10396317034785284,0.03303524676167096,1.694693469206492,2.6589573780695597,1.3152215611934661,1.343735818862915,76.10082244873047,2539.54296875,10.851623208000092
1879,mps,stone_canyon,150,-92874.27669119718,321,False,0.5041762189070383,0.3112169386916018,0.028358842371962966,1.9094905336697896,2.8320606470108034,1.3169133083025615,1.515147339105606,273.2542724609375,1359.4078369140625,10.579804999986663
1880,mps,stone_canyon,34,-7402.728603250667,25,True,3.4889423002434126,1.505089987463126,0.004404299022794208,2.896735240431393,3.0884727309731876,1.339037909227259,1.7494348042151506,59.20856475830078,3787.663330078125,2.3974933749996126
1881,mps,single_training,10,-70.44592453123464,0,True,1.3156062841415406,0.2999198194593191,0.002271017897874117,1.2630844950675963,3.0174293518066406,1.2549403190612793,1.7624889969825746,14.247230529785156,572.2992553710938,0.690475208015414
1882,mps,single_training,9,-58.04314574103892,0,True,1.0319723155763414,0.22231286308831638,0.002736878917656011,1.5343980656729803,3.0308031770918102,1.2472378942701552,1.7835652695761786,11.834606170654297,164.8413848876953,0.627664375002496
1883,mps,stone_canyon,150,-21474.821161104825,76,False,4.945680826815466,2.8137763139994423,0.020844599191720287,3.9950223064422605,3.2371160316467287,1.3140375781059266,1.923078457514445,1041.2171630859375,12397.5234375,10.204008000000613
1884,mps,stone_canyon,40,-9914.554154103333,35,True,3.2579044689424337,1.6503621222291258,0.006532023084582761,3.300164446234703,3.1578309655189516,1.3442184984683991,1.8136124670505525,72.5357666015625,786.4927978515625,2.755175333993975
1885,mps,single_training,150,-119804.51807613841,397,False,-1.9167560047345857,0.7406375278249387,0.02694068365264684,1.3725938781102498,2.9401074997584025,1.311765947341919,1.6283415587743124,245.47225952148438,1176.8907470703125,10.239117249991978
1886,mps,single_training,8,8.533220407783265,0,True,1.0300860069692135,0.17728965915739536,0.004239760746713728,1.5359463542699814,2.9895592629909515,1.242052048444748,1.7475072145462036,9.361295700073242,656.51611328125,0.567916250001872
1887,mps,stone_canyon,55,-9177.835069537807,38,True,4.528731710142033,2.5331360952206357,0.009828277364034544,3.3681816534562543,3.122576869617809,1.3473121989857066,1.775264683636752,174.826171875,639.8292846679688,4.105455292010447
1888,mps,stone_canyon,150,-112234.20239633248,389,False,-1.3660263188400616,0.312192367654352,0.018630427255605656,1.6878085549672444,2.6079294315973915,1.3091968218485515,1.2987326115369797,240.08897399902344,3395.08837890625,10.45396716700634
1889,mps,single_training,150,-89167.75518578617,297,False,-0.13479240385194619,0.3056465328427051,0.021747497112179794,1.545139523347219,2.633113269805908,1.3078139277299246,1.3252993381023408,200.9678497314453,1278.849853515625,10.843052833981346
1890,mps,stone_canyon,150,-93355.65966850171,329,False,-0.02072095782418425,0.25620805291109205,0.019378137818227212,1.0642629899084568,2.5070832896232607,1.3075098737080892,1.1995734012126922,120.43464660644531,2350.95849609375,10.463237666990608
1891,mps,stone_canyon,150,-144571.54608814867,500,False,-2.2615855374063054,1.166725932889385,0.020950575390209756,1.9121618640422822,2.462850097815196,1.3060152685642243,1.156834820508957,367.6488952636719,3857.356201171875,10.512649208016228
1892,mps,stone_canyon,69,-7798.300110907901,29,True,4.965820229193871,3.1133473188265404,0.015333911997900494,3.711535522903221,3.0971472228782764,1.3484786627949148,1.7486685462619946,306.5363464355469,799.2980346679688,4.791811041999608
1893,mps,stone_canyon,150,-93600.84208740397,327,False,-0.3813296159461606,0.18940542991604312,0.021084837466478348,1.8795080200831096,2.5521046336491904,1.3057315413157145,1.2463730941216151,139.04660034179688,609.4794311523438,10.30601279201801
1894,mps,single_training,150,-120227.53233268663,394,False,-2.3785264633293264,0.8923396456797006,0.02220321691284577,1.6477818159262339,2.654581176439921,1.3071426804860433,1.3474384876092276,455.007568359375,1099.623779296875,10.508544582989998
1895,mps,stone_canyon,150,-96706.12190227179,337,False,-0.5422204674966633,0.266222456425506,0.018356859004125,1.3218350153664749,2.7105611848831175,1.3091707122325897,1.4013904708623885,181.63092041015625,827.1575317382812,10.610384375002468
1896,mps,single_training,150,-88838.93188748459,298,False,-0.5340918126081426,0.10050362723148282,0.018669063886627556,1.328400623401006,2.951206297874451,1.3121103191375731,1.6390959707895916,94.26151275634766,1058.0126953125,10.537020457995823
1897,mps,single_training,150,-99292.35158428183,324,False,-0.8215081676623474,0.26435218270253247,0.02058758096769452,1.4594647228717803,2.8363925902048748,1.3155230196317036,1.5208695737520854,93.74427795410156,1946.37109375,10.660247084015282
1898,mps,stone_canyon,150,-127993.57630665803,445,False,-1.8269118741899728,0.7584213942040999,0.02064819016493857,2.01998145421346,2.67439448595047,1.3166511472066242,1.3577433468898137,166.4337158203125,1099.5987548828125,10.511310333007714
1899,mps,stone_canyon,105,-10995.431102133016,38,True,6.203296019207864,3.856649894360453,0.01275849753902072,3.921282616115752,3.223193275360834,1.3497716370083037,1.8734216349465507,773.8897094726562,1492.75927734375,7.1880335000169
1900,mps,stone_canyon,150,-124605.1856718144,431,False,-1.997622596944372,0.6460235243981394,0.018459040053809682,2.293002587159475,2.70096781651179,1.3205812700589499,1.3803865486383438,411.93994140625,734.7911376953125,10.246052333008265
1901,mps,single_training,150,-116632.22847697661,395,False,-1.5186660005617887,0.6738870899142099,0.022991443431625763,1.519928051829338,2.724037880897522,1.3214476466178895,1.4025902314980825,157.5688018798828,3147.89697265625,10.823564916005125
1902,mps,single_training,4,8.047503421684944,0,True,1.3846719712018967,0.1921018585562706,0.005174878053367138,0.9160782843828201,3.019529163837433,1.2424071729183197,1.7771219611167908,5.601390361785889,356.6206359863281,0.3272605829988606
1903,mps,stone_canyon,59,-4041.496875360044,17,True,5.01133515723681,2.893614086559263,0.010385397474391985,2.5467592861692783,3.184221635430546,1.3566453982207736,1.8275762473122548,205.24761962890625,2800.9599609375,4.014143290987704
1904,mps,stone_canyon,78,-12266.072217072364,44,True,5.628973436852296,3.101936305369376,0.010256541116784016,3.203459898630778,3.2128569590739713,1.3552053310932257,1.8576516478489606,383.9386291503906,7170.59228515625,5.327089124999475
1905,mps,single_training,8,15.04402237414019,0,True,1.4357027187943459,0.44614063762128353,0.0053551276214420795,0.7862647846341133,3.0496190786361694,1.2760341167449951,1.7735849171876907,14.508694648742676,505.65985107421875,0.5616281249967869
1906,mps,single_training,7,-30.031910640645897,0,True,1.8393467579569136,0.3502586079495294,0.005009051013205733,0.7366578238351005,3.0262605803353444,1.2642453568322318,1.7620152064732142,12.112234115600586,336.0311584472656,0.49086512500070967
1907,mps,stone_canyon,150,-137515.87922776525,470,False,-1.6343894097581506,0.9073908305643514,0.025535550297548372,2.0972209048271178,3.001778570810954,1.3243076189359029,1.6774709637959797,153.90907287597656,918.0132446289062,10.180240165995201
1908,mps,single_training,4,18.846093093745868,0,True,2.020265355706215,0.3353545069694519,0.004266987438313663,0.780034676194191,3.06131511926651,1.262136071920395,1.7991790771484375,6.8861589431762695,267.93695068359375,0.29280799999833107
1909,mps,single_training,150,-102964.29982863598,342,False,-0.05603605270385742,0.8915853695074717,0.03646813564468175,1.7302553935845693,2.622818236351013,1.3237359642982482,1.2990822676817577,415.2098388671875,1432.690673828125,10.368152166018263
1910,mps,stone_canyon,150,-106526.224269549,370,False,-0.02496541938899706,0.2910033476794706,0.021838619817669193,1.774036676088969,2.847839464346568,1.3238354206085206,1.5240040453275046,223.5320587158203,731.3496704101562,10.955728083004942
1911,mps,stone_canyon,3,24.045705401751,0,True,2.169743378957113,0.3717233141263326,0.004701564243684213,2.9180662631988525,3.0839882691701255,1.2663094600041707,1.8176788886388142,5.368374347686768,245.3201141357422,0.2618252499960363
1912,mps,stone_canyon,150,-75711.5517159984,265,False,1.4720049900809924,0.39962107712519357,0.020217834232995908,1.4297164183855058,3.035013599395752,1.3210756381352742,1.713937966823578,428.8919677734375,1416.743896484375,10.29000887501752
1913,mps,stone_canyon,150,-95725.00925331393,331,False,0.5416669370109837,0.3743415468541207,0.023494916089499992,1.9099335773785908,2.943946992556254,1.321904146671295,1.622042841911316,329.7672424316406,1237.9884033203125,10.617327083018608
1914,mps,stone_canyon,3,34.4458058702731,0,True,2.072572708129883,0.43993322054545086,0.005179857524732749,2.843141476313273,3.1522045135498047,1.2745485703150432,1.8776559432347615,5.659707546234131,319.6001892089844,0.2643868329760153
1915,mps,single_training,7,-17.877236723161943,0,True,3.185915231704712,0.5850268942969186,0.0055421653336712295,0.9118580307279315,3.1990385396139964,1.2884190934044975,1.9106194462094988,14.10367488861084,144.76058959960938,0.48163166700396687
1916,mps,stone_canyon,34,-6590.987757824763,24,True,4.463897300117156,1.8889730055542553,0.008449857835383975,2.201116351520314,3.3990219901589787,1.3579923966351677,2.041029593523811,67.3802719116211,747.72607421875,2.313321707973955
1917,mps,stone_canyon,3,31.049250178187126,0,True,2.200056234995524,0.4273066520690918,0.004248890870561202,2.789869944254557,3.294378678003947,1.2748647928237915,2.0195138454437256,5.577742576599121,265.9141540527344,0.21334575000219047
1918,mps,single_training,7,-76.04796932252482,0,True,2.255154779979161,0.5442728655678886,0.003945132584444114,1.2196350949151176,3.3227547236851285,1.2880201510020666,2.0347345897129605,13.557239532470703,347.9881286621094,0.4873148330079857
1919,mps,single_training,150,-96194.36345792482,317,False,-1.17802703221639,0.24943452229742738,0.046838011112995445,2.092203709681829,2.9653230357170104,1.3104951469103496,1.6548279039065044,201.48927307128906,548.726318359375,10.242642750003142
1920,mps,stone_canyon,48,-13075.787325056195,46,True,4.6413552692780895,1.9468303259539728,0.011335649595518285,2.5831718295812607,3.530160680413246,1.3614629035194714,2.1686977595090866,112.35807800292969,3458.572021484375,3.297454415995162
1921,mps,single_training,150,-142874.5212862562,467,False,-3.6725642920533814,1.7734708528903624,0.042300540426125126,2.174403515656789,2.966823957761129,1.3101295491059621,1.6566944177945455,662.2252807617188,5423.96240234375,10.200981875008438
1922,mps,stone_canyon,150,-136599.28202661808,470,False,-3.8497750747203825,1.4174030231436094,0.024235393712297083,1.6464141313234966,3.045174255371094,1.311754390001297,1.733419866959254,728.0924682617188,1777.790771484375,10.287791125010699
1923,mps,single_training,150,-114664.97316491618,376,False,-2.5546099628259737,0.6348106033265746,0.03468392622967561,1.6827783576647442,3.2294390137990314,1.3129959805806477,1.9164430260658265,457.535888671875,4712.826171875,10.423561625008006
1924,mps,single_training,150,-123122.11689849201,415,False,-3.0412684924155475,0.8546168743434828,0.033946948032826184,1.6543928639094034,3.2104044659932454,1.316018714904785,1.8943857407569886,498.01312255859375,5684.513671875,10.470264707983006
1925,mps,single_training,150,-89565.33232179208,300,False,-0.6415792730780474,0.07600311149185511,0.03186830809339881,2.18839745759964,3.2061839437484743,1.3180518698692323,1.8881320675214133,132.74232482910156,3538.249755859375,10.525245750002796
1926,mps,single_training,150,-120458.5303700373,402,False,-2.426818501651287,0.7572545088660748,0.034687859397381546,2.1621070245901746,3.0540102672576905,1.3206528250376384,1.733357440630595,405.9168395996094,3286.26953125,10.527412833005656
1927,mps,stone_canyon,150,-86384.33472500175,293,False,0.3213241349129627,0.23038350970878127,0.03257252374663949,1.8768860606352489,3.2351762374242146,1.3215295187632243,1.913646723429362,120.44095611572266,842.8494873046875,10.584057166008279
1928,mps,single_training,6,-7.6744872082093,0,True,2.505558709303538,0.4261379887660344,0.013003972048560778,1.074390669663747,3.3531473875045776,1.2761221329371135,2.077025214831034,10.810074806213379,822.9071044921875,0.46225779099040665
1929,mps,stone_canyon,150,-73403.8419713877,253,False,1.3418005051463842,0.42895585843837275,0.024985449245820444,1.3013151168823243,3.1204875977834066,1.3254625248908996,1.7950250601768494,410.56646728515625,1173.4090576171875,10.221795249992283
1930,mps,single_training,14,-68.1157115600696,0,True,3.8161953943116322,1.0063191098826272,0.01218557683750987,1.021942870957511,3.441304394177028,1.3142606445721217,2.1270437240600586,28.696542739868164,1379.7489013671875,0.9692473329778295
1931,mps,single_training,13,1.5954906170914533,0,True,3.8469496415211606,1.1641438672175775,0.010658713415838204,1.0555990567574134,3.4622801633981557,1.3211556031153753,2.1411245419428897,26.588979721069336,859.0606079101562,0.8802053749968763
1932,mps,stone_canyon,150,-88964.164630585,306,False,-0.24516110176841419,0.15475397770060226,0.021761552914977073,1.639891593058904,3.153030262788137,1.3253512207667033,1.827679034471512,127.74787139892578,647.4268188476562,10.234666500007734
1933,mps,single_training,17,-202.85102468931413,0,True,3.887163351563846,1.3974722623825073,0.007918050677022514,1.1480308981502758,3.4706116844626034,1.3327878994100235,2.1378237640156463,35.69578170776367,160.3944549560547,1.178127958002733
1934,mps,single_training,4,26.245085196994168,0,True,1.8851447999477386,0.3251674175262451,0.005009812884964049,1.1900295615196228,3.419131100177765,1.2639655768871307,2.1551655530929565,6.638399600982666,91.72589111328125,0.2833717499743216
1935,mps,single_training,150,-132654.26920828508,438,False,-2.190236019603908,1.0806240920987815,0.044188721991765004,2.299577736854553,2.6973886330922445,1.3250391292572021,1.3723495002587636,290.34967041015625,6406.291015625,10.370694209006615
1936,mps,stone_canyon,150,-137888.47447001285,479,False,-2.735716420474152,0.9928115646288885,0.02774439554506292,1.2980141367514928,2.8999088756243387,1.3252142318089803,1.5746946410338083,348.4523620605469,2312.3310546875,10.631747917010216
1937,mps,single_training,13,-61.349590330001575,0,True,2.8767196581913876,0.7459592418028758,0.005448675696523144,1.1920270369603083,3.4377006934239316,1.298456595494197,2.1392440979297342,24.666484832763672,461.7019958496094,0.956768333009677
1938,mps,stone_canyon,3,35.600350962774435,0,True,1.0594006776809692,0.1649620234966278,0.0026262501099457345,2.7822373708089194,3.3976430892944336,1.2396057446797688,2.1580374240875244,3.845869779586792,28.439111709594727,0.21759524999652058
1939,mps,single_training,150,-128032.46552917095,416,False,-2.3831947265961206,0.9442800134827136,0.05536906494603803,2.5217216300964354,2.5802534755071003,1.3197474956512452,1.2605059746901195,313.40283203125,2273.81689453125,10.336218834010651
1940,mps,single_training,8,-23.687572002100907,0,True,1.8709058612585068,0.20540836779400706,0.003201597777660936,0.9646304622292519,3.3664159178733826,1.2445238530635834,2.121892035007477,10.433379173278809,261.5812072753906,0.5683077499852516
1941,mps,single_training,4,18.058841093283437,0,True,0.7050160244107246,0.07479267008602619,0.0027752407477237284,0.929724246263504,3.327848434448242,1.2161902785301208,2.1116581559181213,3.5810110569000244,70.10902404785156,0.283050625002943
1942,mps,stone_canyon,150,-96935.80258553669,341,False,-0.14962771876249462,0.1825274461736751,0.02701610049388061,2.0204467511177064,3.2149335447947185,1.3158836714426676,1.8990498685836792,75.60665130615234,1180.7376708984375,10.285562875011237
1943,mps,single_training,14,-67.48867042254915,0,True,1.7456086107662745,0.4800664293912372,0.004275319166481495,0.9363556248801095,3.3092855725969588,1.263281260217939,2.0460043464388167,20.034093856811523,673.8214721679688,0.9784460829978343
1944,mps,stone_canyon,70,-13825.48702379867,49,True,4.779121240055455,3.015336147781272,0.01032135397129293,2.6227540067264012,3.391764831542969,1.3475006444113595,2.044264200755528,306.61859130859375,957.338623046875,4.7790824999974575
1945,mps,stone_canyon,150,-114733.91800316995,398,False,-1.5639602783073983,0.4487393959922095,0.024692389451277753,1.703772797981898,2.967331428527832,1.3115475034713746,1.6557839290301004,223.887939453125,3642.902099609375,10.31737979198806
1946,mps,single_training,5,13.248044948486715,0,True,0.13506628721952438,0.010004415537696331,0.003542888443917036,1.0093819618225097,3.2042330741882323,1.1809494733810424,2.023283529281616,1.2569869756698608,68.03672790527344,0.37927112498437054
1947,mps,stone_canyon,83,-13463.85712482405,56,True,5.598333162895168,3.314028146982485,0.011205046019707638,1.7503111075205975,3.4136736594050765,1.3424841668232377,2.0711894897093255,461.8834533691406,2678.788330078125,5.64847462499165
1948,mps,stone_canyon,33,-5292.282879182278,18,True,3.1861442237189324,1.2952244885320507,0.009330952892813719,2.300433530951991,3.3492932969873603,1.318739815191789,2.0305534745707656,49.102874755859375,1357.6021728515625,2.2721212080214173
1949,mps,single_training,7,33.12482741104459,0,True,0.10398352571896144,0.018736754743648425,0.00581013983381646,0.915368778364999,3.145124673843384,1.1760464566094535,1.9690781831741333,0.7639080882072449,61.139034271240234,0.48760254101944156
1950,mps,stone_canyon,150,-97060.23581729023,333,False,-0.06414313927292824,0.48312730068030457,0.022402236896256606,1.7476704919338226,2.970916131337484,1.3034710844357809,1.6674450492858888,199.50323486328125,2069.233642578125,10.280506582988892
1951,mps,stone_canyon,150,-125559.2993130111,431,False,-2.4879675966873767,0.821104009043438,0.022619316608955463,1.4757225509484608,2.939295145670573,1.3019396674633026,1.6373554730415345,410.70416259765625,1571.1068115234375,10.801683333003893
1952,mps,stone_canyon,26,-7406.681717683883,26,True,2.768133970049138,0.9593271798512433,0.01137215937845982,2.5973175855783315,3.198220729827881,1.287869733113509,1.9103510288091807,27.792848587036133,2180.361572265625,1.8436384170199744
1953,mps,single_training,150,-97823.95937912208,327,False,-0.8759150154143572,0.3526290177732396,0.028515771528085074,1.6089760408798854,2.5938353530565896,1.2989192807674408,1.294916071097056,122.74449920654297,1690.648193359375,10.240406916971551
1954,mps,stone_canyon,29,-9982.86620126288,35,True,2.2238129051081064,0.9538391122257273,0.014033111839972693,2.3761214141187996,3.2478343453900567,1.294673097544703,1.9531612601773491,28.096431732177734,580.1768188476562,1.9827767079987098
1955,mps,stone_canyon,150,-104045.24427080702,364,False,-0.6464766411452244,0.359063647207034,0.024385730351010958,1.8423343348503112,3.021073058446248,1.2982125107447307,1.7228605421384176,98.49015808105469,684.4400024414062,10.224483291996876
1956,mps,stone_canyon,150,-93419.42391840696,322,False,-0.6143783630182346,0.20338783700564364,0.02433098349099358,1.2921639396746953,3.151693566640218,1.2991810882091521,1.8525124748547872,73.57120513916016,4630.12744140625,10.624629625002854
1957,mps,stone_canyon,50,-8168.8959900652,27,True,3.8806694012880327,1.8483546220883726,0.010156163722276687,2.1575375819206237,3.5055327367782594,1.3288745617866515,2.1766581773757934,108.04547882080078,3108.798583984375,3.490172582998639
1958,mps,stone_canyon,150,-102976.32811109448,358,False,-0.5265494202884535,0.36038207350048956,0.024378571758667627,1.672312026421229,3.179934549331665,1.300867311557134,1.8790672389666239,114.16197967529297,525.3406982421875,10.226505416998407
1959,mps,stone_canyon,15,-1814.131953667412,8,True,1.0891471281647682,0.32070705392203913,0.006552040142317613,2.063685592015584,3.3230045159657795,1.2275142987569174,2.0954902172088623,12.350704193115234,73.02784729003906,1.0410404169815592
1960,mps,single_training,150,-131719.2617913739,434,False,-2.9676175746818383,1.2541172591237895,0.03817357143076758,2.301327574253082,3.06474232673645,1.3012562461694082,1.7634860809644064,386.2190246582031,1129.0223388671875,10.236102916009258
1961,mps,stone_canyon,150,-91582.90620980781,315,False,-0.3868977998942137,0.18249607495376646,0.020044790487736462,1.555933670202891,3.246751882235209,1.301117436091105,1.9456344286600749,82.08124542236328,3385.373779296875,10.531469458976062
1962,mps,stone_canyon,150,-149562.33942574248,518,False,-3.5435745781535903,1.5021672486467288,0.02736273533664644,1.9383088986078898,3.1463330030441283,1.3051795029640199,1.8411534984906515,469.1294860839844,1895.6944580078125,10.704307000007248
1963,mps,stone_canyon,16,-1728.608636891326,6,True,1.3700707415118814,0.40148066941765137,0.005010925407987088,2.1115632504224777,3.2753358334302902,1.2425005808472633,2.0328352749347687,17.64499855041504,423.12548828125,1.1528744169918355
1964,mps,single_training,4,29.825408384308485,0,True,0.13911016564816236,0.006810067323385738,0.0047985154669731855,1.4595976173877716,3.1547757983207703,1.174155831336975,1.9806199073791504,0.8065604567527771,89.27229309082031,0.28312133299186826
1965,mps,single_training,150,-120785.31964242808,396,False,-1.9545390833665928,0.8682997557128935,0.026255527042473355,1.474813988606135,3.0056671937306723,1.3054737563927967,1.7001934425036112,265.07733154296875,805.6567993164062,10.193944458005717
1966,mps,stone_canyon,150,-128755.98709817162,448,False,-1.7800958594928185,0.7112378778611916,0.023637636729205647,1.7772057914733888,2.835870189666748,1.3087150859832763,1.5271551048755645,184.85104370117188,3083.3427734375,10.889183166989824
1967,mps,stone_canyon,150,-76407.35223670643,268,False,1.3880982450395822,0.4679576093365904,0.02496923557172219,1.789755197763443,3.150416456858317,1.3071602896849315,1.8432561588287353,382.16204833984375,1037.2733154296875,10.963226124993525
1968,mps,stone_canyon,150,-94692.59822240603,324,False,-0.08986908679207166,0.22869869504456194,0.022293178454662364,1.4011818035443624,3.1932729721069335,1.3075303510824838,1.8857426301638285,140.09182739257812,1726.8564453125,10.637352667021332
1969,mps,stone_canyon,95,-11525.533242546748,40,True,6.175231379270554,3.5989789062328206,0.012725902270329626,1.933373276810897,3.3824330254604944,1.3427065899497583,2.039726435510736,626.8945922851562,6982.92578125,6.724443125014659
1970,mps,stone_canyon,150,-83314.10955577921,291,False,0.21987208304305872,0.11117690370398729,0.02103200835486253,1.5427707747618358,3.0301543068885803,1.3033281695842742,1.7268261357148489,124.22945404052734,339.15802001953125,10.294888959004311
1971,mps,stone_canyon,41,-8832.038491090707,32,True,3.8422236541604122,1.7051485346860207,0.008400518901464416,2.6341916584387057,3.3062400701569348,1.3408058009496548,1.9654342633921926,76.15499877929688,2697.718505859375,2.8354661670164205
1972,mps,single_training,150,-128017.74413800647,420,False,-2.603017852368454,0.9860816659618286,0.035069634147609274,2.326982341607412,2.8767604748408,1.2995081532001496,1.5772523196538288,559.8609008789062,1180.896728515625,10.22258824997698
1973,mps,stone_canyon,150,-57779.3624715887,201,False,2.0733894168833893,0.686176015198774,0.021303635342046618,1.8469135944048565,3.250088152885437,1.3016101729869842,1.9484779739379883,344.47052001953125,5622.85302734375,10.611146707989974
1974,mps,single_training,150,-153893.99899525286,503,False,-4.374756739139557,2.151823720963051,0.03227822924343248,1.9483125885327657,3.02550585269928,1.3020918718973795,1.7234139776229858,711.7199096679688,4803.94775390625,10.685013040987542
1975,mps,stone_canyon,150,-107450.13807777884,374,False,-0.9828456006470757,0.2723754700087981,0.019231633879244328,2.1918485879898073,3.053909466266632,1.3029017384847006,1.7510077412923177,243.42401123046875,800.0330810546875,10.424065125000197
1976,mps,stone_canyon,150,-40670.8952178848,141,False,2.9989302002762757,1.1261903470364631,0.018987502936894694,3.3750285228093464,3.334414456685384,1.3065642102559407,2.027850248813629,477.13909912109375,5539.2041015625,10.670177207997767
1977,mps,single_training,4,14.601213908653662,0,True,2.3183708488941193,0.2926118038594723,0.00764645473100245,1.3061726987361908,3.171960949897766,1.2539767622947693,1.9179842174053192,6.623709678649902,223.0220184326172,0.32653154199942946
1978,mps,single_training,150,-99882.39358295251,327,False,-0.46845041450423497,0.46924333595195394,0.030260223324100177,2.0863519910971324,2.6904779934883116,1.309757430156072,1.3807205661137898,187.90658569335938,2909.052734375,10.232330750004621
1979,mps,stone_canyon,150,-134036.2214752926,466,False,-1.8568534006834185,0.6173505117108576,0.021848494360844295,1.6226259505748748,2.8489113426208497,1.3130760169029236,1.5358353292942046,319.86676025390625,1694.7109375,10.524942124990048
1980,mps,stone_canyon,42,-7482.291432839185,25,True,4.494033322447822,2.0378276734125045,0.012004374238174586,2.23971981945492,3.3012720005852834,1.3572542326790946,1.9440177593912398,89.8350601196289,3759.83740234375,2.918200959014939
1981,mps,single_training,150,-98284.08033910149,322,False,-0.7303368105304738,0.11861164631811941,0.023903535685191553,1.4652343634764353,2.907421800295512,1.3174583701292675,1.5899634424845377,150.97059631347656,1528.596435546875,10.222581416019239
1982,mps,stone_canyon,12,-1914.8696614317187,7,True,2.649819085995356,0.7612775390346845,0.008949015367155274,2.6404192646344504,3.2676943937937417,1.3012382288773854,1.9664561251799266,24.503307342529297,429.61981201171875,0.8422166249947622
1983,mps,single_training,22,-157.31720515689338,0,True,3.64785250750455,1.7264589071273804,0.008391577813943679,0.9524663632566278,3.2993504134091465,1.3425890478220852,1.956761354749853,47.875404357910156,1280.0313720703125,1.484321291995002
1984,mps,stone_canyon,150,-104634.07671854715,359,False,-0.42179727637053777,0.11453945942795485,0.020241048593694966,1.493392276763916,2.9357418449719748,1.3236146847407022,1.612127155860265,47.24659729003906,1824.51953125,10.234607541991863
1985,mps,stone_canyon,38,-10316.900204781956,41,True,4.186448641513524,1.894765116078289,0.008414482268945951,2.3356180567490425,3.3378507463555587,1.3577869816830284,1.9800637646725303,73.3233642578125,648.1040649414062,2.5998136249836534
1986,mps,single_training,150,-157594.08438781076,511,False,-3.4815259510829732,2.0745163617336857,0.03198600665666163,2.1073173495133717,2.6192684984207153,1.325678014755249,1.2935904856522877,647.6240844726562,1124.662841796875,10.242377624992514
1987,mps,stone_canyon,150,-107830.6304153487,376,False,-0.4955502222850919,0.12246947389069343,0.020085115305458506,1.608467960357666,3.010203191439311,1.3278856054941812,1.6823175899187723,75.30714416503906,365.554931640625,11.344952999992529
1988,mps,single_training,8,-65.29247996311477,0,True,3.015911653637886,0.7538797482848167,0.0067142966436222196,0.9986382722854614,3.2767777144908905,1.29941326379776,1.9773644804954529,17.498687744140625,656.6688232421875,0.6090883330034558
1989,mps,stone_canyon,150,-35606.92157073686,119,False,5.095550391152501,2.5890283849734503,0.01606755379276971,1.6598569854100544,3.440395104090373,1.3314031394322714,2.1089919662475585,1109.3333740234375,3384.4990234375,10.245711041003233
1990,mps,single_training,14,-58.26235314383719,0,True,3.2594418866293773,1.1270419188908167,0.006604101974517107,1.1984108516148158,3.2892606258392334,1.3206777146884374,1.9685829281806946,31.569072723388672,224.08399963378906,0.9660286250000354
1991,mps,stone_canyon,150,-82366.9578137341,283,False,0.9553359228357052,0.22087509497156133,0.016858006209755937,1.530267878373464,3.049019491672516,1.33335888783137,1.7156606018543243,301.54461669921875,738.2623291015625,10.208951499982504
1992,mps,stone_canyon,52,-12238.387700813097,43,True,5.261343476864008,2.5172811386963496,0.011624423160146061,2.304559748906356,3.342052771494939,1.3675084228699024,1.97454434633255,153.06886291503906,1330.092529296875,3.5746296669822186
1993,mps,single_training,13,-47.82700987108451,0,True,3.0917286781164317,0.9816506780110873,0.007378945628610941,1.2157646050819984,3.288389095893273,1.3132342466941247,1.9751548308592577,28.94660758972168,157.5233917236328,0.8897494999982882
1994,mps,single_training,150,-119614.34601829298,396,False,-1.4067471615597607,0.4758992093106618,0.024352573016658427,1.4627147503693898,2.9823737064997355,1.3337508908907572,1.6486228171984354,218.52911376953125,1088.01708984375,10.194443165994016
1995,mps,single_training,6,-11.88994564908571,0,True,2.6150826613108316,0.5010111033916473,0.004832546614731352,1.1020517150561016,3.2628539403279624,1.280499259630839,1.9823546806971233,11.83532428741455,157.43057250976562,0.43048508299398236
1996,mps,single_training,150,-89465.07751900316,291,False,0.4757883519803484,0.399786500525297,0.02399961874509851,1.4090961388746897,3.0487618986765543,1.3335306024551392,1.715231282711029,306.5032958984375,2061.34912109375,10.246255333011504
1997,mps,single_training,150,-103235.76467353005,341,False,-0.7146420892855774,0.2342160271272769,0.02667034446261823,1.3208627239863078,3.0254144843419395,1.333064325650533,1.6923501523335776,106.91644287109375,1288.1787109375,10.65146116699907
1998,mps,stone_canyon,150,-72524.07064079512,259,False,1.6888056065017978,0.47354085408927254,0.019136484866030513,1.4958411447207134,3.168642846743266,1.3329930631319682,1.8356497701009113,321.52130126953125,873.8204345703125,10.60720583400689
1999,mps,single_training,150,-148061.25067591222,490,False,-3.3695894805621354,1.6115039353464393,0.03382812157583733,1.4263154963652294,2.9816210492451987,1.3326548385620116,1.6489661979675292,550.33447265625,3850.1201171875,10.552704292000271
2000,mps,stone_canyon,150,-104728.69928126277,363,False,-0.724037717524916,0.16046450361249298,0.019395775976590812,1.3354129999876023,2.9967389114697776,1.33389062722524,1.662848282257716,80.48342895507812,946.0680541992188,10.646970292000333
