episode,device,scenario,n_ticks,reward,buildings_destroyed,contained,policy_loss,value_loss,classification_loss,entropy,resource_entropy,zone_entropy,value_grad_norm,other_grad_norm,wall_time_s
1,mps,topanga_ridge,150,-14249.559353418019,47,False,-28506.412473958335,47287494.96,0.10840632255499562,4.442243599891663,1.296846214135488,3.1453973849614463,14329039.0,29505612.0,6.633456000010483
2,mps,sullivan_canyon,150,-49769.75089289315,188,False,-33.72530998984973,66.98259627009432,0.07941432571038604,4.429927538235982,1.289715522925059,3.1402120049794515,14994.7626953125,25440.05078125,6.722584167000605
3,mps,single_training,4,15.036678925809557,0,True,4.311477839946747,1.2373404502868652,0.014765050262212753,4.463375449180603,1.3095350861549377,3.1538403630256653,45.95771789550781,83.78297424316406,0.20581600000150502
4,mps,sullivan_canyon,150,-48545.01846143071,183,False,5.248417966309935,3.6006600745726063,0.08741695117826263,4.3229577461878455,1.2534553368886312,3.0695024156570434,4333.94921875,9187.42578125,6.137407500005793
5,mps,sullivan_canyon,150,-59673.84170386693,218,False,3.0539861866955955,1.8610911314132772,0.08254451872780919,4.317734847068786,1.253372946580251,3.0643619028727214,2699.79248046875,5995.04638671875,6.877718417003052
6,mps,topanga_ridge,150,-32031.04332974722,115,False,9.129665598074595,4.9466024232407415,0.10882450158397357,4.345501147905986,1.260774241288503,3.084726931254069,5631.5625,9389.1728515625,6.439170541008934
7,mps,stone_canyon,150,-115503.78438997096,400,False,-5.15170949002107,4.525311416770564,0.06327682548513015,4.3848028532663985,1.2706732193628947,3.114129611651103,1754.5660400390625,3675.677978515625,6.293351000000257
8,mps,sullivan_canyon,150,-42911.37584287714,161,False,6.708178650240104,2.690637649286849,0.07597831671436628,4.413815307617187,1.2750895031293232,3.138725821177165,3786.62841796875,6279.166015625,6.032474082981935
9,mps,topanga_ridge,150,-13740.150812648852,46,False,9.872439218362173,5.838264423012734,0.0938726524511973,4.436154541969299,1.2801555577913921,3.1559989929199217,5207.27685546875,8876.2685546875,6.310752582998248
10,mps,topanga_ridge,150,-14821.748655269846,50,False,7.951496615409851,3.8813602482527494,0.10875791581968466,4.443230689366659,1.28330691019694,3.159923793474833,3802.264892578125,6597.46484375,6.105784249986755
11,mps,topanga_ridge,150,-3198.990924624371,3,False,8.108117271761099,3.903602011082694,0.1119985368102789,4.439415980974833,1.2859625299771626,3.153453458150228,3516.42138671875,6311.02587890625,6.092401791975135
12,mps,topanga_ridge,150,-12236.154819262416,39,False,4.545676073034604,1.7931170757176975,0.10687722004950047,4.431331237157186,1.2875961271921794,3.143735095659892,1542.6011962890625,2694.252685546875,6.155983875010861
13,mps,sullivan_canyon,150,-34761.83305082749,126,False,-0.26110884130001066,0.5860357135586673,0.07627626637617747,4.419568874041239,1.2888540236155193,3.1307148440678914,983.1204223632812,2254.87646484375,6.110058624995872
14,mps,stone_canyon,40,-12693.72029371994,47,True,3.499594056047499,0.9946541342549609,0.034976376313716175,4.757821393013001,1.3603835731744767,3.3974378049373626,161.6688232421875,285.483154296875,1.5753667909884825
15,mps,stone_canyon,3,29.48304507463939,0,True,2.029929002126058,0.20794565975666046,0.021112186834216118,4.725639979044597,1.3536311785380046,3.3720088799794516,7.360494613647461,13.773812294006348,0.12995862500974908
16,mps,sullivan_canyon,150,-43050.778560613195,155,False,-3.9016003994472945,1.8075807831235269,0.09416461138054728,4.417300373713175,1.2983901731173197,3.1189101934432983,2792.77685546875,5865.64501953125,6.173572250001598
17,mps,sullivan_canyon,150,-58734.618888326106,208,False,-7.4169096430142725,4.238036502848069,0.09245484584321578,4.422947475115458,1.2998401673634847,3.123107323646545,4336.79638671875,8914.7197265625,5.92772279100609
18,mps,stone_canyon,150,-130655.95918648313,449,False,-15.927345323562623,13.691387372016907,0.07943779258057475,4.425876517295837,1.3003305689493816,3.125545946756999,6604.8037109375,13409.5234375,6.079430791985942
19,mps,topanga_ridge,150,-20753.54383891667,73,False,-0.6128584348348279,1.4668955156312207,0.16520828006789087,4.4333007605870565,1.3019821429252625,3.1313186168670653,1715.38623046875,3542.9755859375,5.821650708996458
20,mps,stone_canyon,150,-99427.4092922285,338,False,-9.884717054367066,6.3758712081114455,0.04145914072791735,4.4469609562555945,1.3037843696276348,3.1431765937805176,5010.9462890625,9915.6533203125,7.113173416990321
21,mps,stone_canyon,150,-88947.69951408452,304,False,-6.72312040011088,2.351428521076838,0.07234229849651456,4.463517659505208,1.30791965564092,3.1555979951222737,2742.821533203125,5083.28076171875,6.67405649999273
22,mps,topanga_ridge,150,-7466.138130552982,21,False,2.506492928365866,1.024022689727523,0.1791723727931579,4.474744180043539,1.3091458113988241,3.165598363876343,408.8160095214844,793.5095825195312,6.35010070897988
23,mps,sullivan_canyon,150,-60164.98198189286,224,False,-3.6022711515426638,0.891191200936834,0.10800940360873938,4.484459813435873,1.3092691349983214,3.175190691947937,1735.6839599609375,3475.348876953125,6.2280623329861555
24,mps,sullivan_canyon,150,-54228.636089879,201,False,-2.616789032394687,0.5650353346786505,0.10615840282912056,4.496913976669312,1.3108455085754394,3.186068449020386,1379.0126953125,2776.103515625,6.08123387498199
25,mps,topanga_ridge,150,-16897.389573192886,57,False,2.69496534151646,0.7595641277312041,0.14802141182124615,4.505965882937113,1.3113604243596395,3.1946054697036743,705.1072998046875,1204.163330078125,5.930129209009465
26,mps,topanga_ridge,150,-19395.30595698347,67,False,2.544579815318187,0.6553389923069578,0.1490225390344858,4.512528858184814,1.311462930838267,3.20106592019399,731.36474609375,1339.645751953125,6.31809158399119
27,mps,single_training,6,-31.91442558095494,0,True,0.9737565318743387,0.048155756356815495,0.01300496980547905,4.62313977877299,1.3244884610176086,3.2986512581507363,8.87686538696289,16.467182159423828,0.2706956670153886
28,mps,stone_canyon,150,-124859.13996471568,426,False,-9.361738514602184,4.458625750112502,0.05195856541395187,4.520213632583618,1.3111991834640504,3.209014458656311,2866.808349609375,4500.8515625,5.597850875026779
29,mps,stone_canyon,150,-102218.76328845012,350,False,-5.484984582513571,1.7220425054983934,0.050952646248042584,4.517832997639974,1.3089418236414592,3.2088911739985146,1663.85302734375,2577.793212890625,6.073390125005972
30,mps,single_training,150,-103203.18695148588,334,False,-6.134837338471164,2.6792258491694825,0.06729093832274279,4.515783513387044,1.3062038389841715,3.2095796791712443,1705.97802734375,2667.756103515625,6.096642666001571
31,mps,single_training,150,-100394.6878337973,326,False,-4.875841569925348,1.7945197339458172,0.07654713826874891,4.515805546442667,1.3036897420883178,3.212115807533264,1252.857666015625,1981.8365478515625,5.820211374986684
32,mps,single_training,150,-106309.5051636025,355,False,-4.977591802875201,1.61647394341795,0.06996653862297535,4.52105670928955,1.3043476700782777,3.2167090463638304,1331.1192626953125,1958.5914306640625,6.8799537909799255
33,mps,stone_canyon,150,-131201.3182543297,450,False,-5.4821269973119096,2.348251743542884,0.06657684152324994,4.524076709747314,1.304861228466034,3.219215512275696,1368.202392578125,2007.950927734375,6.4403002920153085
34,mps,topanga_ridge,150,-18322.965837012474,64,False,6.055875964735945,2.364311800594102,0.09605896667887767,4.528149820963542,1.3062685831387837,3.221881229082743,2828.67333984375,4508.81884765625,6.2315139999846
35,mps,stone_canyon,3,36.38708342559038,0,True,1.020287295182546,0.07057202359040578,0.015457315680881342,4.546873728434245,1.2884627978007,3.2584110101064048,5.904015064239502,14.773377418518066,0.17763733302126639
36,mps,stone_canyon,150,-138652.151537985,474,False,-4.298282055829962,2.2950170018391995,0.06159687517210841,4.5262434196472165,1.302990078131358,3.22325332959493,779.1981811523438,1472.1937255859375,5.878619166993303
37,mps,topanga_ridge,150,-19912.765405407285,70,False,7.382749087819829,3.1678421054786052,0.1256585869193077,4.518444830576579,1.2985380880037944,3.2199067465464273,3394.895263671875,5030.63134765625,6.17352620800375
38,mps,sullivan_canyon,150,-57799.56739659052,211,False,3.2876399275660515,0.9960113492210318,0.07144960654278597,4.515111805597941,1.2957178481419882,3.2193939463297525,1935.2015380859375,3067.732666015625,6.226865083997836
39,mps,single_training,150,-98756.45241782498,323,False,-0.3833396124839783,1.2105585026741028,0.0721073027079304,4.514527524312337,1.2951814103126527,3.2193461227416993,1166.15576171875,2435.981689453125,6.140920959005598
40,mps,single_training,150,-87879.61100493502,286,False,0.5724551177024841,1.0506209125369788,0.06665973473340273,4.516845293045044,1.2964036440849305,3.2204416465759276,1408.0545654296875,2570.88818359375,7.32823687500786
41,mps,topanga_ridge,150,-2884.0365570336844,2,False,9.333367117245992,4.6618058301508425,0.12468577767411868,4.522334299087524,1.2993286196390788,3.2230056794484456,3962.072509765625,5901.8486328125,6.465919375012163
42,mps,topanga_ridge,150,-16925.218284996266,59,False,6.740569280385971,2.753914374609788,0.14726199996347228,4.5268009026845295,1.3024384260177613,3.2243624607721966,2925.092529296875,4432.84765625,6.810812249983428
43,mps,stone_canyon,150,-112057.93862346496,386,False,-1.7013228496412436,0.9597049006920618,0.07531953627243639,4.530655479431152,1.306481602191925,3.2241738828023276,491.52740478515625,1132.30517578125,6.628145624999888
44,mps,topanga_ridge,150,-13713.337383897395,45,False,6.318643650213877,2.2408502223094304,0.13691946614844103,4.531577879587809,1.3103385337193807,3.2212393379211424,2422.02490234375,3691.234130859375,6.103220084012719
45,mps,sullivan_canyon,150,-39847.58965918745,146,False,2.965270171475907,0.4998364052990898,0.08235675252353152,4.531405309041341,1.3135330891609192,3.217872239748637,1073.1607666015625,1693.38818359375,6.152383375010686
46,mps,topanga_ridge,150,-8075.711635242952,23,False,5.618941736221314,1.743087477684021,0.13474132789298893,4.531470896402995,1.3173212130864462,3.214149694442749,1876.8642578125,3198.10400390625,6.2711259170027915
47,mps,topanga_ridge,150,-19395.868398431838,67,False,3.5668415126701194,0.8316252544034312,0.12395860846464833,4.532180298169454,1.3208071009318034,3.2113731861114503,916.506591796875,1482.0743408203125,6.281838708004216
48,mps,sullivan_canyon,150,-51450.18491917239,192,False,-0.3318552349259456,0.035276133151761924,0.08944510163739323,4.527411885261536,1.322759779294332,3.204652132987976,173.2774200439453,337.0617370605469,6.53799679200165
49,mps,topanga_ridge,150,-6762.313672418563,16,False,3.5207327946523823,0.8529129232023842,0.10381587096800407,4.527860649426779,1.3232569297154744,3.2046037165323895,767.3300170898438,1345.23193359375,6.77818062499864
50,mps,topanga_ridge,150,-10735.457812060627,34,False,2.2354125247802585,0.6185146306287925,0.10414700483282407,4.527079750696818,1.3240988119443258,3.2029809236526487,243.5701446533203,646.2138671875,6.529072542005451
51,mps,topanga_ridge,150,-4770.918726714232,9,False,2.142463678320249,0.6141085992307005,0.10844912263254325,4.526414381663004,1.325666261514028,3.2007481416066486,189.03431701660156,652.9115600585938,6.033687375020236
52,mps,single_training,150,-93640.42989573885,307,False,-7.08650142510732,2.657540582418442,0.0817882223924001,4.519833855628967,1.326504093805949,3.193329758644104,2427.71240234375,4082.33251953125,6.524100457987515
53,mps,stone_canyon,150,-96545.04279740542,332,False,-6.863758549690247,2.7691647958755494,0.06809383826951186,4.517169068654378,1.3267304356892904,3.1904386361440022,2857.029052734375,5142.345703125,6.4014535839960445
54,mps,single_training,150,-108626.04888799143,359,False,-9.824441525141397,4.83397289276123,0.08073116804162661,4.518843954404195,1.3276753656069438,3.1911685768763225,3248.757080078125,5333.939453125,6.689697959023761
55,mps,topanga_ridge,150,-14332.74839810896,48,False,-0.3894944641987483,0.6362145946143816,0.10239051596572002,4.5190971565246585,1.3282771794001262,3.1908199803034463,956.21826171875,1655.8209228515625,6.274966083990876
56,mps,topanga_ridge,150,-9736.455428600117,29,False,0.32363351662953693,0.5432391234984001,0.12518309349815052,4.516355435053508,1.3277456665039062,3.1886097685496013,686.4717407226562,1178.94091796875,6.119238125014817
57,mps,topanga_ridge,150,-17837.95223183236,59,False,-0.4522370363709827,0.5990864932000507,0.11639692847927412,4.517145031293233,1.3275226855278015,3.189622337023417,981.4260864257812,1643.5198974609375,6.427491209004074
58,mps,sullivan_canyon,150,-38712.63501551011,141,False,-2.445253276477257,0.6744537578671346,0.07464855097234249,4.5221309566497805,1.328365691502889,3.193765263557434,1458.669189453125,2241.450439453125,6.537667791009881
59,mps,single_training,150,-131406.26518412074,431,False,-11.642392683029176,7.0592532511552175,0.0709449990093708,4.532612630526224,1.3305101013183593,3.202102519671122,3787.619140625,6026.208984375,6.164080084010493
60,mps,single_training,150,-115340.28512040264,372,False,-9.129172002474467,4.206763721903165,0.08550109835962455,4.534938391049703,1.3305371888478597,3.204401216506958,2834.23779296875,4426.94189453125,6.310701208014507
61,mps,topanga_ridge,150,-13751.567850004714,46,False,1.4837566766515373,0.3046823461739162,0.10468462514380614,4.541519470214844,1.3320942147572836,3.209425245920817,133.45486450195312,293.15313720703125,6.73477599999751
62,mps,sullivan_canyon,150,-53247.479355051866,200,False,-1.9940560392538706,0.23639207025369008,0.08219732293238242,4.5428576628367106,1.3317272090911865,3.2111304585138956,699.89599609375,1055.811767578125,6.766162583982805
63,mps,stone_canyon,150,-120511.18660818777,410,False,-6.919500140746434,2.4892322495083015,0.07003807441641886,4.549645390510559,1.3309154685338338,3.2187299299240113,1687.7708740234375,2613.57958984375,6.446796292002546
64,mps,sullivan_canyon,150,-47824.50451725698,181,False,-0.6011027714796364,0.03761839837569975,0.07579737113167842,4.557494821548462,1.3310960698127747,3.2263987350463865,159.74351501464844,262.2651672363281,7.1073329169885255
65,mps,topanga_ridge,150,-24812.242943263558,87,False,2.079896764031922,0.28069333975142396,0.10631085102756818,4.569137516021729,1.33028004805247,3.2388574759165447,553.3347778320312,902.9326171875,6.513238874991657
66,mps,single_training,150,-97918.96566397956,322,False,-4.872795790773816,1.5208997700443485,0.06291482561578353,4.577894417444865,1.3293564383188883,3.248537982304891,1206.01953125,1898.6644287109375,6.376923125004396
67,mps,single_training,150,-154242.80586404575,505,False,-9.8462667095537,5.449134869711258,0.06919977121055126,4.591924819946289,1.3295468600591023,3.262377953529358,2238.259765625,3273.98388671875,6.278176458989037
68,mps,single_training,150,-153236.4857673185,506,False,-8.265129146178564,4.018124929168262,0.08226547402640184,4.600033369064331,1.3283436107635498,3.2716897551218667,1781.1815185546875,2749.44873046875,6.640716541995062
69,mps,topanga_ridge,150,-8527.141529143315,24,False,5.945781610012054,1.9531112370888393,0.09648876479516427,4.610951925913493,1.3272518340746562,3.2837000846862794,2160.457275390625,3497.942626953125,6.432563540991396
70,mps,stone_canyon,150,-121241.19347930624,413,False,-3.610943036675453,1.0123984184486714,0.06384940316279729,4.616075801849365,1.3265112900733949,3.2895645109812417,587.6787109375,946.3278198242188,6.249282541975845
71,mps,single_training,150,-123444.2134751755,408,False,-4.040676225423812,1.4453360852940629,0.05627228636294603,4.62360187848409,1.3260578505198162,3.29754402478536,601.0359497070312,933.4063110351562,6.11843770800624
72,mps,sullivan_canyon,150,-54313.247180047685,200,False,3.4099135210116702,1.176817600562596,0.08079707689583301,4.628448123931885,1.3235828900337219,3.3048652362823487,1817.8419189453125,2733.205078125,5.771758500020951
73,mps,sullivan_canyon,150,-60304.91337148473,216,False,2.85978834549586,0.6789224929114183,0.08259617750843366,4.632716150283813,1.3216664814949035,3.3110496536890666,1345.5064697265625,2154.69580078125,6.083380291995127
74,mps,topanga_ridge,150,-22625.786044522505,80,False,6.889294455846151,2.5588674587011337,0.12962328602870304,4.637465257644653,1.320199810663859,3.317265451749166,2557.64453125,3889.443359375,5.847574999992503
75,mps,single_training,150,-121581.93357707762,401,False,-1.827604597310225,1.7796482087948242,0.08256314426350096,4.642248500188192,1.3193934806187948,3.3228550211588543,648.8125610351562,1323.379638671875,6.2786367909866385
76,mps,stone_canyon,150,-117646.86317160043,403,False,-1.3731293244163196,1.0994569518132873,0.056007794067263604,4.649003636042277,1.3200445365905762,3.328959101041158,532.0725708007812,971.1796264648438,6.221947665995685
77,mps,stone_canyon,150,-116754.72759273906,399,False,-0.28404468854268394,1.2284499742587407,0.06492420080428322,4.651837603251139,1.3209139410654704,3.3309236494700114,986.16552734375,1581.78173828125,6.383664207998663
78,mps,stone_canyon,150,-132419.40256700237,457,False,-2.6853990991413594,0.8208442396690953,0.06559910045936704,4.653384990692139,1.3211846407254537,3.3322003730138143,315.80914306640625,490.4020690917969,6.201181167009054
79,mps,stone_canyon,150,-96304.2999524027,330,False,1.4803689979513486,1.0352695036415631,0.059921563987930616,4.654786828358968,1.3207435059547423,3.3340433057149252,1191.9300537109375,1903.7718505859375,6.7669874590064865
80,mps,stone_canyon,150,-97898.01828483588,337,False,0.584883636510931,0.35318422215424294,0.04961158520231644,4.65327158610026,1.3211068391799927,3.332164770762126,539.4424438476562,847.3178100585938,6.672720500006108
81,mps,single_training,150,-102401.51516233891,343,False,-1.0792389524479706,0.386690713124893,0.0771342241143187,4.656949742635091,1.3241346669197083,3.3328150717417397,97.33705139160156,304.9687805175781,6.40352158297901
82,mps,single_training,150,-101873.3225330527,332,False,-0.7096925806999207,0.7177162037029241,0.06935306573907535,4.65954023361206,1.327660063902537,3.3318801991144817,406.7548828125,703.1600952148438,6.821166665991768
83,mps,single_training,150,-136875.43889140242,442,False,-4.420029241790374,1.5493806259163345,0.07365287562211355,4.66535709698995,1.3325014837582907,3.3328555965423585,798.4019775390625,1284.48046875,6.427234542003134
84,mps,stone_canyon,150,-118995.5908559464,410,False,-1.932406816283862,0.40096320302128635,0.05689947669704755,4.666716938018799,1.3350108512242636,3.331706077257792,447.24090576171875,754.0045776367188,6.479012625000905
85,mps,single_training,150,-118469.6611197706,390,False,-1.8582460596164068,0.8718172844135552,0.07267009935652216,4.665538953145345,1.3346318658192953,3.3309070841471353,225.29258728027344,572.323486328125,6.977166541997576
86,mps,topanga_ridge,150,-12468.711813935406,41,False,7.50083651860555,2.7550723532835644,0.09831574235732357,4.659585367838542,1.3306508978207907,3.328934472401937,2128.611083984375,3318.0703125,7.026861874997849
87,mps,stone_canyon,150,-128576.35412164728,442,False,-2.0851940975617618,0.6132129865139374,0.06460431354741256,4.656816193262736,1.328981289068858,3.327834900220235,285.22698974609375,564.9464721679688,6.295608375017764
88,mps,topanga_ridge,150,-26562.786452070326,95,False,6.356308818658193,1.9334131189187367,0.10336737218002479,4.649777657190959,1.3248582021395365,3.3249194701512654,1660.8541259765625,2730.040771484375,7.170267000008607
89,mps,single_training,150,-128418.26700822441,423,False,-2.81942730213205,0.7646964154960005,0.07690945184479157,4.64673142751058,1.3234589608510334,3.3232724841435752,601.225341796875,1103.675048828125,6.22404933400685
90,mps,stone_canyon,150,-142260.7746492661,486,False,-2.4965053464472295,0.5907412130806673,0.05906827451040347,4.638085769017537,1.317713159720103,3.320372625986735,522.8601684570312,964.1851806640625,6.492442832997767
91,mps,topanga_ridge,150,-21430.2443879677,76,False,7.381419397989909,2.6201045521100363,0.09515407322595516,4.627559417088826,1.3096143730481467,3.317945051193237,2040.9075927734375,3670.1005859375,6.705129375011893
92,mps,single_training,150,-102054.6826915341,340,False,0.799156002625823,0.5711567327632656,0.061652744226157664,4.620352970759074,1.3054516458511352,3.3149013137817382,720.7484741210938,1130.9951171875,6.221134167019045
93,mps,single_training,4,14.542326596428147,0,True,6.815943360328674,2.2224864959716797,0.015662343474105,4.717798113822937,1.3042312860488892,3.413566827774048,29.692155838012695,50.66088104248047,0.20972058299230412
94,mps,topanga_ridge,150,-19745.376104083145,68,False,7.149070146083832,2.617930113275846,0.10270674449702104,4.612956441243489,1.3046118426322937,3.3083445994059244,1998.3489990234375,3579.480712890625,6.346795249992283
95,mps,single_training,150,-108130.72176733939,354,False,-0.9079602593928575,0.2555716563482808,0.06941143372406562,4.615803734461466,1.3094945661226909,3.3063091707229613,164.66749572753906,429.7578125,7.605723583023064
96,mps,sullivan_canyon,150,-36010.03361419708,130,False,5.287901570796967,1.330101434091727,0.061137434082726635,4.6135288461049395,1.3110985517501832,3.3024303023020427,1386.607666015625,2457.529052734375,6.299016667006072
97,mps,stone_canyon,150,-134667.0787088178,464,False,-2.7681046543021997,0.500199224416671,0.06214472096413374,4.613354177474975,1.3158773652712503,3.2974768034617106,608.281982421875,1155.8026123046875,6.320541666995268
98,mps,stone_canyon,150,-135445.81643029343,463,False,-3.0144911936918892,0.6016248881470528,0.05879329749693473,4.609080479939778,1.3156665428479513,3.2934139506022135,765.3973388671875,1322.76025390625,6.154701291990932
99,mps,sullivan_canyon,150,-71900.40235100164,258,False,1.3136731501917045,0.22312596341729354,0.07516342539340258,4.6029971440633135,1.3133013860384624,3.2896957413355508,196.6122283935547,484.4317626953125,6.18452133302344
100,mps,single_training,150,-89785.40185519758,294,False,0.06331894071151813,0.0862046713543532,0.058770624821384745,4.604376192092896,1.3158622813224792,3.288513938585917,94.05156707763672,266.99310302734375,6.4426807909912895
101,mps,topanga_ridge,150,-16918.422339514727,59,False,6.273670040545209,2.0952332143574166,0.1057653158158064,4.603939008712769,1.3183281914393108,3.2856107981999716,1561.7293701171875,2825.846923828125,6.608139082993148
102,mps,sullivan_canyon,150,-40125.65044376104,149,False,3.850138548016548,0.8128803284217914,0.06949049645413954,4.605333216985067,1.3222635626792907,3.2830696360270184,1022.6702270507812,1767.269287109375,6.923244666017126
103,mps,sullivan_canyon,150,-73951.24867473726,274,False,-0.016543571452299753,0.27173823203193026,0.07855346168701847,4.608946847915649,1.327664816379547,3.281282016436259,444.3497009277344,865.9630737304688,6.539088834018912
104,mps,sullivan_canyon,150,-70017.48802364193,258,False,-0.011288010676701864,0.2788897270538534,0.07427248100439708,4.612744251887004,1.3328357116381326,3.279908560117086,411.9409484863281,745.2764892578125,6.452429958007997
105,mps,sullivan_canyon,150,-69852.19883717588,252,False,-0.08341769029696783,0.24710778767708688,0.06963270820677281,4.616340808868408,1.3365902455647787,3.2797505633036295,409.78448486328125,717.6788330078125,6.345562249975046
106,mps,topanga_ridge,150,-15946.57638705523,54,False,4.92564769466718,1.4923334459463755,0.0925455720971028,4.617467133204142,1.339497476418813,3.277969659169515,1129.7391357421875,2060.9169921875,6.812207999988459
107,mps,stone_canyon,150,-103135.01372050072,350,False,-2.754578649910788,0.4277564254948576,0.05275026482840379,4.620566689173381,1.343213105201721,3.2773535792032877,791.7197265625,1389.33935546875,6.626079290988855
108,mps,topanga_ridge,150,-21117.66562173849,74,False,4.261616926193238,1.1803992205361524,0.10174684166908264,4.620993922551473,1.3452204664548237,3.2757734457651773,932.8382568359375,1630.100830078125,6.212318875011988
109,mps,topanga_ridge,150,-11270.337299746738,35,False,5.070840140581131,1.4988256080448628,0.09837629581491153,4.62178469022115,1.3473112424214682,3.274473450978597,1216.6240234375,2195.285888671875,6.2315462910046335
110,mps,sullivan_canyon,150,-50937.41491499841,187,False,1.0627564998622985,0.16482935942902258,0.055804320940126974,4.621359723409017,1.3504709426561992,3.2708887990315754,170.45433044433594,340.7676086425781,6.053281291999156
111,mps,topanga_ridge,150,-11878.023881244653,38,False,4.315419373114904,1.1567511445780596,0.11773424248521526,4.621785821914673,1.3533704988161723,3.2684153207143147,969.3237915039062,1668.745361328125,6.225900334015023
112,mps,sullivan_canyon,150,-55037.260881152935,204,False,-0.06927052006746331,0.06577332477902322,0.07845004003494978,4.621039930979411,1.3559855977694193,3.2650543435414634,125.20352172851562,305.4665832519531,6.364405290980358
113,mps,single_training,150,-99850.16575919406,329,False,-3.9433485314808787,0.9120057789964631,0.06761368210737904,4.622143669128418,1.3572728157043457,3.264870851834615,853.1146850585938,1447.521240234375,6.135766249994049
114,mps,sullivan_canyon,150,-64056.86282681581,234,False,-1.6010387823715184,0.31282042557722434,0.07389191036423047,4.622676057815552,1.3584028132756552,3.2642732350031536,780.1193237304688,1325.1878662109375,5.895161624997854
115,mps,single_training,150,-121748.18014739723,408,False,-6.836275285879771,2.28648585687081,0.08247578794757525,4.622656307220459,1.3589553689956666,3.2637009382247926,1968.3089599609375,3278.79248046875,6.111802250001347
116,mps,stone_canyon,150,-140260.51752325692,480,False,-6.946354370514552,2.4493122265487908,0.10514404207468032,4.621810839970906,1.3593840058644613,3.26242684841156,1995.0257568359375,3328.64306640625,6.174770707992138
117,mps,stone_canyon,150,-146806.52918128317,504,False,-7.859238328536351,3.1605041022226215,0.09327272738019625,4.6210739803314205,1.3585842847824097,3.2624896939595542,2304.9462890625,3608.1416015625,6.636089582985733
118,mps,single_training,150,-100781.94073899019,336,False,-3.448172146951159,0.7452872231881096,0.07501118158300718,4.621768366495768,1.357261406580607,3.2645069630940755,809.6592407226562,1285.3870849609375,6.378596958005801
119,mps,topanga_ridge,150,-19267.03785883121,68,False,4.126129997074604,0.9327027172404633,0.09599130132546027,4.6223300870259605,1.3558532428741454,3.266476863225301,970.153076171875,1520.243896484375,6.15187658398645
120,mps,topanga_ridge,150,-10499.200990904897,33,False,5.294137545426687,1.37500237206618,0.10462453691288828,4.620806252161662,1.3550424941380819,3.2657637357711793,1362.6455078125,2110.3466796875,6.6360780829854775
121,mps,single_training,150,-144729.29192066632,472,False,-6.6944902321696285,2.5269838995484406,0.07743147846311331,4.623857882817586,1.3557064207394918,3.2681514422098794,1563.900390625,2331.324462890625,6.469281875004526
122,mps,stone_canyon,150,-101399.61091213464,347,False,-1.7599692391045392,0.23038076559119872,0.046415214460964006,4.622660290400187,1.3560999854405722,3.266560297012329,398.9216003417969,593.1433715820312,6.658040999987861
123,mps,sullivan_canyon,150,-57748.37576041199,210,False,1.511853294086953,0.1190240424499613,0.0806495982563744,4.624134486516317,1.356245543162028,3.2678889417648316,423.2085266113281,684.812255859375,6.5731957080133725
124,mps,single_training,150,-147093.36993783579,481,False,-6.410998386691014,2.617589306262283,0.07422892762658496,4.626396913528442,1.3570980874697367,3.2692988173166913,1657.4527587890625,2448.921142578125,6.6566124169912655
125,mps,topanga_ridge,150,-20582.82756848658,72,False,5.212737363974253,1.3541400490204494,0.11477948050325115,4.628242546717326,1.3572732019424438,3.270969330469767,1424.4141845703125,2167.615966796875,6.48422691601445
126,mps,sullivan_canyon,150,-55987.623307079884,213,False,2.2607817123333613,0.31305255327994624,0.07526566519091527,4.630785926183065,1.357959668636322,3.2728262376785278,814.787353515625,1241.9317626953125,6.400498583010631
127,mps,stone_canyon,150,-130070.50034014773,444,False,-3.5325642958283425,0.8706604078312254,0.055646874780456226,4.635785808563233,1.3586834788322448,3.2771023241678874,679.1698608398438,1002.4281616210938,6.637229791027494
128,mps,sullivan_canyon,150,-44104.71829176611,162,False,3.6196348214149476,0.72601869871219,0.0634399905304114,4.63793994585673,1.3585625012715659,3.279377435048421,1240.7142333984375,1847.5902099609375,5.740537167002913
129,mps,sullivan_canyon,150,-48874.086902332616,185,False,3.0767069645722707,0.5483185128122569,0.07701069322725138,4.6417952823638915,1.3590663798650107,3.2827288929621377,1077.64599609375,1755.626708984375,6.138904791994719
130,mps,topanga_ridge,150,-15640.767542406515,52,False,5.8217391705513,1.6477001615365345,0.0827276829133431,4.644399019877116,1.3606192096074423,3.2837798166275025,1574.749755859375,2348.7314453125,6.195366917003412
131,mps,stone_canyon,150,-91800.4503261361,316,False,-0.4921693885124599,0.08359516630892978,0.0520602968086799,4.649714539845784,1.362178479830424,3.2875360536575315,49.40597915649414,343.4661865234375,6.226629625016358
132,mps,single_training,150,-95684.27904862787,314,False,-1.0041098988056183,0.5864565957120309,0.07772166671852271,4.654027347564697,1.3625518520673117,3.291475502649943,388.9907531738281,763.5820922851562,6.437476207996951
133,mps,topanga_ridge,150,-12915.995965527372,42,False,5.444917076428731,1.462430371840795,0.11572954758691291,4.657979949315389,1.3631579343477884,3.2948220125834147,1365.2484130859375,2150.03857421875,6.048051082994789
134,mps,topanga_ridge,150,-7523.015079111566,20,False,5.739101863702138,1.574626703063647,0.1133638608486702,4.661315517425537,1.3635798557599386,3.2977356497446695,1385.4058837890625,2074.75439453125,6.149409750010818
135,mps,sullivan_canyon,150,-88267.26791825636,314,False,-2.3846795522173245,0.3738511679957931,0.083462352482602,4.6651874542236325,1.3639356144269308,3.3012518533070883,797.2000122070312,1287.870849609375,5.861660041991854
136,mps,sullivan_canyon,150,-32840.01766506139,120,False,2.649805408716202,0.36182044056554635,0.09086440810623268,4.6669703992207845,1.3636877957979838,3.3032826058069866,524.6189575195312,832.452392578125,6.161975291004637
137,mps,stone_canyon,150,-117177.82666573097,400,False,-4.258406460285187,0.9786718315260562,0.07183041743623714,4.668331988652548,1.3640122326215107,3.304319760004679,1082.0072021484375,1652.0018310546875,6.302033957996173
138,mps,sullivan_canyon,150,-69091.50651138373,255,False,-1.2705978417086106,0.2055809504859053,0.11209966260939837,4.670072914759318,1.363986643155416,3.3060862763722736,546.595458984375,916.76123046875,6.152133166004205
139,mps,topanga_ridge,150,-20704.562696872454,73,False,3.1638327444468937,0.635194245359988,0.11908250170449416,4.6720679537455245,1.3642384338378906,3.3078295230865478,485.28192138671875,841.072998046875,6.3752896249934565
140,mps,single_training,150,-121259.7717657613,398,False,-5.920773888379335,1.7863907887751702,0.07310962379599611,4.671872345606486,1.3641225012143452,3.307749826113383,1372.4620361328125,2221.0234375,5.99969387499732
141,mps,sullivan_canyon,150,-38196.1291877854,148,False,1.5551251262426375,0.1570890434315273,0.07650081908951203,4.672987194061279,1.364028655687968,3.308958554267883,226.0947723388672,385.948974609375,6.365734292019624
142,mps,sullivan_canyon,150,-32590.522639432707,119,False,1.6806504502457877,0.244617103267877,0.0743226615091165,4.672450408935547,1.3639312330881754,3.308519188563029,170.2737579345703,409.0358581542969,6.264997082995251
143,mps,stone_canyon,150,-107972.88595453314,370,False,-4.186110489567121,0.8162125886107484,0.06532484139005343,4.674965953826904,1.3640297452608745,3.3109362157185873,1041.2574462890625,1664.6663818359375,6.152427833992988
144,mps,stone_canyon,150,-121855.85045384557,417,False,-5.83793480237325,1.712887799491485,0.06189738387862841,4.676601343154907,1.3646789820988974,3.311922378540039,1523.07080078125,2416.12890625,6.145082957984414
145,mps,single_training,150,-139373.8104160371,452,False,-8.17226696093877,3.407549536079168,0.07292936931053798,4.678045438130696,1.3652764296531676,3.3127690172195434,2076.992431640625,3351.103515625,6.110981375008123
146,mps,sullivan_canyon,150,-56641.221722163544,204,False,-0.6675074890628457,0.15257785890184095,0.07589693245788415,4.679989566802979,1.365928992430369,3.3140605783462522,449.1395263671875,753.9004516601562,6.039766083995346
147,mps,sullivan_canyon,150,-51547.134578644815,191,False,0.31360467640683054,0.03958582633845557,0.06372409284114838,4.683936891555786,1.3670502734184264,3.3168866300582884,114.7917709350586,265.67138671875,5.840733833989361
148,mps,sullivan_canyon,150,-44485.25632709888,164,False,0.9440639750090971,0.08394666371222237,0.06704670839632551,4.6867550913492835,1.3680414859453838,3.3187135950724285,171.2370147705078,284.2975158691406,5.939591749978717
149,mps,sullivan_canyon,150,-47097.99353273578,172,False,0.7972027311687513,0.05827526570200676,0.060929601310441894,4.689361982345581,1.3689867170651753,3.32037527402242,190.57852172851562,363.8883361816406,6.529073084006086
150,mps,stone_canyon,150,-153624.4766967463,523,False,-7.844080784122149,2.8663280132599174,0.058577930815517903,4.690186669031779,1.3702551937103271,3.319931484858195,1814.62255859375,2899.44384765625,6.2041187080030795
151,mps,stone_canyon,67,-10849.428920967383,35,True,5.235159165823638,1.2338970712761381,0.018605996354191162,4.828700414344446,1.3804157723241777,3.4482846331240524,246.6384735107422,425.40948486328125,2.7747971669887193
152,mps,sullivan_canyon,150,-41920.73928139972,154,False,1.2902957550187906,0.09856808451683416,0.06221664902443687,4.691101411183675,1.3715895485877991,3.3195118649800617,313.53399658203125,529.793212890625,6.485225916985655
153,mps,topanga_ridge,150,-13647.360880898163,44,False,3.6814749481280646,0.7538758408091962,0.10999121849114696,4.6911182149251305,1.3722983312606811,3.3188198677698773,741.48876953125,1259.25830078125,7.340124208014458
154,mps,single_training,150,-133647.43242776123,443,False,-7.7236435663700105,3.0177423197093107,0.08125273190438748,4.690262190500895,1.3726259406407675,3.3176362625757854,1916.076416015625,3243.156005859375,6.825950875005219
155,mps,stone_canyon,150,-151618.62324055476,521,False,-8.05053250486652,3.271216941671058,0.05356394539276759,4.690914074579875,1.373381647268931,3.3175324217478432,1762.391845703125,2776.645751953125,6.982561709010042
156,mps,stone_canyon,150,-123491.41254750737,421,False,-5.622198821107546,1.5441114769068858,0.04402392867952585,4.692654253641765,1.373869972229004,3.3187842988967895,1368.743408203125,2355.59765625,6.446546709019458
157,mps,stone_canyon,150,-136521.27683500023,468,False,-6.50474065259099,2.026902501179526,0.05486621007323265,4.693782138824463,1.3743832993507386,3.3193988593419395,1371.29833984375,2216.728759765625,6.627721166994888
158,mps,sullivan_canyon,150,-45515.639804276354,170,False,0.7884483163415765,0.06534011889503527,0.06963976103812457,4.695792474746704,1.37487180630366,3.3209206740061443,76.6762924194336,178.0270233154297,6.219630583014805
159,mps,stone_canyon,150,-105067.64308513547,360,False,-3.296608696083228,0.6097721150604776,0.05219124672313531,4.696771030426025,1.3750441908836364,3.321726845105489,585.8553466796875,878.7206420898438,6.3172186669835355
160,mps,single_training,150,-112470.76055745842,369,False,-4.873648735384147,1.2650251278835154,0.06519055047382911,4.697913993199666,1.3753339624404908,3.3225800291697185,997.5927124023438,1541.74169921875,5.858994792011799
161,mps,single_training,150,-112264.09735502512,368,False,-5.099269321958224,1.3960473868863967,0.055249269464984534,4.697701797485352,1.3753887669245402,3.3223130337397255,1349.58984375,2060.97314453125,6.54407179201371
162,mps,sullivan_canyon,150,-64011.583344297134,235,False,0.043348807607156536,0.02788384917462944,0.08989859711378813,4.696280272801717,1.3754452840487161,3.320835016568502,35.59074020385742,304.2060852050781,6.483459625014802
163,mps,stone_canyon,150,-132451.37549875633,452,False,-4.816558215419452,1.266447991651997,0.05535644999394814,4.696088978449503,1.3754144851366679,3.3206745052337645,838.3997192382812,1231.1558837890625,6.2689624579797965
164,mps,sullivan_canyon,150,-50393.53408694623,191,False,2.182044291694959,0.3428622547164559,0.0711963950842619,4.694836273193359,1.3752437615394593,3.319592520395915,776.8369750976562,1296.72998046875,6.415482291020453
165,mps,sullivan_canyon,150,-39545.60509197789,149,False,3.3093088110287985,0.6154733743766944,0.06880691605309645,4.692848482131958,1.3750775424639383,3.3177709277470906,1058.4542236328125,1705.6199951171875,5.9490602079895325
166,mps,stone_canyon,87,-17932.777805316564,59,True,5.101815141480545,1.2443852535952096,0.054281390004459466,4.819409145706001,1.3792491425042865,3.440159989499498,388.2429504394531,763.9082641601562,3.2924282499880064
167,mps,sullivan_canyon,150,-42296.71975440045,161,False,2.9032618101437886,0.4217276695370674,0.06489777070780595,4.6927152951558435,1.3755164591471354,3.317198839187622,803.9915771484375,1182.39892578125,6.071344625001075
168,mps,sullivan_canyon,150,-49432.12139892587,184,False,2.405221186478933,0.3654413997630278,0.07207384139299393,4.692574720382691,1.375788623491923,3.3167861111958823,807.6830444335938,1260.9224853515625,6.2123089999950025
169,mps,sullivan_canyon,150,-48267.77824190284,180,False,2.201789518594742,0.2472880072084566,0.06168969341864188,4.69325023651123,1.3758558297157288,3.317394421895345,622.137939453125,938.6388549804688,5.998770792008145
170,mps,sullivan_canyon,150,-34806.85953154509,132,False,3.384263255596161,0.5748336532711983,0.06724269408111772,4.693937985102336,1.376124583085378,3.317813409169515,962.7036743164062,1420.9715576171875,6.3925866250065155
171,mps,stone_canyon,150,-141414.9247028821,484,False,-5.978305602284769,1.8905488506982995,0.05064431987392406,4.694420115152995,1.376072913010915,3.3183471822738646,1156.3826904296875,1599.7005615234375,6.131949499977054
172,mps,sullivan_canyon,150,-47554.56760120195,174,False,1.8101771489779155,0.18894755911082028,0.07422543359609941,4.69429173151652,1.3762489175796508,3.3180427805582684,546.826171875,818.8552856445312,6.068699249997735
173,mps,single_training,150,-130150.42762285515,421,False,-5.854588712602854,2.050638917465306,0.06048143299606939,4.693240048090617,1.376127353509267,3.3171127049128213,1126.0267333984375,1661.6246337890625,6.134429833007744
174,mps,topanga_ridge,150,-7781.386275294703,22,False,5.159277470111847,1.2903534305095672,0.09686899566091597,4.690459337234497,1.3759571973482767,3.3145021343231202,1217.3614501953125,1839.7510986328125,6.206700290989829
175,mps,topanga_ridge,150,-5989.4847647519955,14,False,5.121359872817993,1.2741663813591004,0.09216072392029066,4.688290774027506,1.3759366790453593,3.3123541005452473,1192.12451171875,1790.7314453125,6.158822666009655
176,mps,topanga_ridge,150,-4290.580833908234,7,False,5.021758669217427,1.2276435280839602,0.09136759759858251,4.686019213994344,1.3756895518302918,3.310329655011495,1143.6693115234375,1811.5556640625,5.620431583025493
177,mps,single_training,150,-172632.29925480057,565,False,-10.47818997691075,5.852383883309085,0.06418497225890557,4.6821604951222735,1.375097766717275,3.307062719662984,2420.136962890625,3787.82470703125,6.235283499991056
178,mps,topanga_ridge,150,-14342.761578280411,47,False,3.478835264878968,0.6551859463945766,0.09085586421191692,4.679821917215983,1.374755285580953,3.3050666125615438,650.7555541992188,939.0918579101562,6.110927749978146
179,mps,topanga_ridge,150,-26580.82677663647,95,False,1.9538200936342278,0.36300528457458614,0.08230486951768398,4.676876258850098,1.373962745666504,3.3029135052363077,197.6761016845703,336.12274169921875,5.846357542002806
180,mps,sullivan_canyon,150,-76188.97717814897,277,False,-2.4890784180536865,0.34627776506349617,0.08278500226636727,4.674521490732829,1.3730218927065532,3.301499581336975,637.2763061523438,995.4867553710938,6.357289833016694
181,mps,topanga_ridge,150,-27757.31753631089,100,False,1.4245547446981073,0.26821424338841704,0.08517037774125735,4.672490955988566,1.3718347374598185,3.3006562185287476,112.1067123413086,387.5752868652344,6.145332833984867
182,mps,sullivan_canyon,150,-41205.29105873451,160,False,0.24102751785578827,0.044730813099625566,0.07013756720970074,4.670377130508423,1.371338391304016,3.299038732846578,109.61443328857422,234.8095245361328,5.955270041973563
183,mps,sullivan_canyon,150,-55565.60749532957,204,False,-1.3159164115134627,0.19597757962498463,0.06865511479477088,4.67184411684672,1.3710051377614338,3.3008389774958293,584.5556640625,963.7463989257812,6.284545750007965
184,mps,single_training,150,-118725.94235179664,386,False,-7.203252584934234,2.8450178226456044,0.051768528576940295,4.674611132939656,1.371141120592753,3.303470025062561,1980.7918701171875,3087.092529296875,6.276458999986062
185,mps,single_training,150,-93242.65382810401,308,False,-4.135255075097084,0.9402899712510407,0.07925614464096725,4.678000205357869,1.3717299763361612,3.30627023379008,773.63232421875,1165.1121826171875,5.9190935409860685
186,mps,topanga_ridge,150,-13571.54335816568,44,False,2.63547628680865,0.4528955519820253,0.11273092680300276,4.6812790075937905,1.372405063311259,3.308873936335246,432.0716552734375,728.2796630859375,5.703210707986727
187,mps,sullivan_canyon,150,-40771.5690621503,158,False,0.43656006078546244,0.03347619495955466,0.07074717928345005,4.685299396514893,1.3733550492922466,3.3119443480173745,137.51953125,304.6689147949219,6.256024458009051
188,mps,single_training,150,-113719.02298100438,377,False,-5.964761134783427,1.923049830434223,0.07555034110322595,4.687699613571167,1.3736899956067403,3.3140096124013265,1155.1470947265625,1666.6099853515625,5.845295209001051
189,mps,sullivan_canyon,150,-59443.95670829026,211,False,-1.4664960644518337,0.16858221217650984,0.059333147543172045,4.691430603663127,1.3741634837786356,3.3172671143213908,485.0160827636719,783.7960815429688,6.124996041005943
190,mps,single_training,150,-100558.36750808908,327,False,-4.632056631545225,1.113717959440934,0.06706894643604755,4.695127433141073,1.3749131878217062,3.3202142477035523,904.8460693359375,1399.90576171875,6.051201583002694
191,mps,single_training,150,-132945.6068659932,444,False,-7.223437013626099,2.8140521503426132,0.08211163751780987,4.698781827290853,1.3757415652275085,3.3230402676264443,1342.7357177734375,2061.787353515625,5.73626041598618
192,mps,stone_canyon,150,-132767.7080476665,453,False,-6.697393773098787,2.163757645755237,0.06883332831164202,4.701804224650065,1.3765228827794393,3.325281351407369,1517.0693359375,2129.782470703125,6.069039250025526
193,mps,stone_canyon,150,-120716.37938165061,412,False,-4.972637819920977,1.2941573915551514,0.05528425432741642,4.705219529469808,1.3774192722638448,3.327800250053406,990.5693359375,1472.89013671875,6.006083707994549
194,mps,stone_canyon,150,-135472.2620358815,464,False,-6.422193724513054,2.020832614621613,0.05560787739853064,4.707075309753418,1.3783460609118143,3.328729255994161,1340.5177001953125,1908.9534912109375,6.851109666982666
195,mps,topanga_ridge,150,-6624.408758774764,17,False,5.197583773136139,1.2887331322332223,0.08436462081968785,4.7069368743896485,1.3787600882848103,3.328176787694295,1247.2330322265625,1775.46533203125,6.508137458004057
196,mps,stone_canyon,150,-96796.4628418957,332,False,-1.9813987418171017,0.3210974325212222,0.052907916077723105,4.707227840423584,1.379155600865682,3.3280722522735595,198.85386657714844,341.3551025390625,6.451620999985607
197,mps,topanga_ridge,150,-8032.302197480083,22,False,5.474480955600739,1.497384945054849,0.08992273312682907,4.7065612443288165,1.3792705098787943,3.3272907384236654,1378.2388916015625,1846.5753173828125,6.354322499973932
198,mps,topanga_ridge,150,-9629.811800436879,29,False,5.502500516573588,1.5019965227444967,0.08093451188256343,4.706490383148194,1.3793801617622377,3.3271102237701418,1385.302490234375,1945.9285888671875,6.128543083003024
199,mps,single_training,150,-105903.68481783969,348,False,-2.9056182589630284,0.8857119892107828,0.05632158919547995,4.707751874923706,1.379633960723877,3.328117904663086,261.2759704589844,509.210693359375,6.458071250002831
200,mps,single_training,150,-127801.04631128986,421,False,-4.810459990849098,1.4623954988948753,0.0733286175566415,4.707239948908488,1.3795974596341452,3.3276424853007,711.76025390625,982.4752807617188,6.347572917002253
201,mps,topanga_ridge,150,-15278.72371960551,52,False,5.400348834196726,1.4072963028152783,0.08751633483916521,4.70699114481608,1.3794395486513773,3.3275516096750897,1319.0845947265625,1762.6405029296875,6.962501625006553
202,mps,stone_canyon,150,-117506.70932250937,403,False,-2.9424370408803227,0.5412567930233976,0.058106973792115844,4.70632648785909,1.379200222492218,3.3271262788772584,479.1245422363281,617.1713256835938,6.310109124984592
203,mps,topanga_ridge,150,-14560.400752834033,49,False,5.813084975878398,1.5756119682391485,0.07613901825000842,4.7057918961842855,1.3791007900238037,3.3266910854975382,1396.91552734375,1958.853271484375,6.219121500005713
204,mps,topanga_ridge,150,-17731.839460157244,61,False,5.45218767007192,1.4243886590003967,0.07912460784117381,4.707156915664672,1.3791367650032043,3.328020127614339,1311.8084716796875,1846.0107421875,6.292217000009259
205,mps,single_training,150,-126201.04250019135,412,False,-4.264442023765295,1.2346900674982135,0.05928276620805264,4.707952508926391,1.3790829714139303,3.3288695430755615,700.7442016601562,962.1273193359375,6.463466125016566
206,mps,sullivan_canyon,150,-49478.51714407473,190,False,2.8443810506661733,0.5179664631684621,0.06950375972936551,4.708502798080445,1.3790810759862264,3.329421730041504,888.2608642578125,1205.7987060546875,6.148549875011668
207,mps,topanga_ridge,150,-6958.856304348638,18,False,6.581500142415365,2.0487900992234547,0.07205224807063738,4.710031509399414,1.3790998737017313,3.3309316364924113,1566.29931640625,2084.433837890625,6.408701290987665
208,mps,single_training,150,-89223.3231940183,289,False,-0.6332121259594957,0.36373657620604716,0.05263382364064455,4.711535164515177,1.37890598932902,3.3326291863123574,211.09768676757812,363.9915771484375,6.028164499992272
209,mps,single_training,150,-133990.89825990266,432,False,-5.023702485586206,1.5432354690844174,0.060940839784840745,4.713801012039185,1.3785442193349202,3.3352567958831787,819.4336547851562,1083.6923828125,6.208218625019072
210,mps,sullivan_canyon,150,-34256.72916864286,131,False,3.9402558040618896,0.7365026778976123,0.06461021757995089,4.714424330393474,1.378216180006663,3.336208151181539,962.7742919921875,1316.6588134765625,6.176414457993815
211,mps,single_training,150,-133146.06056271584,441,False,-4.707329623947541,1.5368115699577416,0.05846762855226795,4.715511639912923,1.377648622194926,3.3378630272547403,741.0767211914062,1028.316162109375,6.198113749996992
212,mps,sullivan_canyon,150,-49065.75458283594,184,False,2.374598989486694,0.28169503922263783,0.06868761826306581,4.716186374028524,1.3771216122309367,3.3390647729237872,544.0704345703125,721.3809814453125,6.562770500022452
213,mps,stone_canyon,150,-102717.94162886418,352,False,-1.3441008020440737,0.37857428912383817,0.042576442087690035,4.717746798197428,1.3767401154836019,3.3410066906611124,88.7120132446289,276.53228759765625,6.79105787500157
214,mps,sullivan_canyon,150,-50120.874022047756,182,False,2.101343246301015,0.2178215725099047,0.054056219023962813,4.716726471583049,1.376064190864563,3.340662274360657,410.8746337890625,575.0130004882812,7.119447166012833
215,mps,single_training,150,-130546.67403548413,434,False,-4.776521025026838,1.4330349986283546,0.053783210615317024,4.716194616953532,1.3753744506835937,3.340820174217224,755.4908447265625,1052.0543212890625,6.344951082981424
216,mps,topanga_ridge,150,-5106.264275815109,10,False,5.988159750302633,1.7322246754169464,0.07771433969338735,4.714972508748373,1.3749875823656719,3.3399849112828575,1230.2962646484375,1720.5523681640625,6.629124792001676
217,mps,topanga_ridge,150,-25148.657002147578,90,False,3.8362541409333546,0.7624227591479819,0.08188249113659064,4.713120241165161,1.3743756333986918,3.3387446053822836,664.2117309570312,896.9512939453125,7.066415208013495
218,mps,topanga_ridge,150,-15210.302634109381,51,False,4.541910996437073,1.0745621739087317,0.08009561204661926,4.711693887710571,1.3736732729276022,3.338020618756612,823.1180419921875,1129.0361328125,7.144533082988346
219,mps,sullivan_canyon,150,-53428.05394940495,204,False,1.098550507655988,0.07329355969727279,0.06422003707538049,4.711042000452678,1.373106079896291,3.337935919761658,233.10430908203125,348.5716857910156,6.492567792010959
220,mps,single_training,150,-151717.4726189146,492,False,-8.540718428691228,3.7278027103849065,0.06252660389368733,4.7095132891337075,1.3721103811264037,3.337402909596761,1922.3648681640625,2791.20947265625,6.46800737499143
221,mps,single_training,150,-97823.9099326932,318,False,-3.3694576218227543,0.6678536188600507,0.061255668805291257,4.709140497843425,1.371518521308899,3.3376219685872397,630.3474731445312,899.40869140625,6.035684582981048
222,mps,topanga_ridge,150,-13124.701311008006,44,False,3.8350208986798924,0.8860840765153989,0.08962225122998158,4.707369305292765,1.3711167629559835,3.3362525510787964,598.420166015625,864.308349609375,6.223019042023225
223,mps,single_training,150,-144536.09174531896,477,False,-7.626304351886113,2.94596046064049,0.07509159160157045,4.706563297907511,1.3706325538953146,3.3359307416280113,1432.6424560546875,2155.7177734375,6.496455499989679
224,mps,single_training,150,-99105.36870179434,327,False,-4.197773226300876,1.1638841144864758,0.053373131801684695,4.705620050430298,1.3704924885431926,3.335127542813619,1101.3316650390625,1629.4547119140625,6.153487667004811
225,mps,sullivan_canyon,150,-44903.6443877076,165,False,0.8098592096396412,0.11410233612092459,0.0607688178991278,4.704990631739299,1.3702210887273152,3.334769523938497,53.379520416259766,376.7704772949219,6.458823875000235
226,mps,topanga_ridge,150,-13344.176301225358,44,False,3.5275922520955403,0.8060576184342305,0.07537830013160904,4.704917656580607,1.3700983651479086,3.3348192977905273,522.2642822265625,763.470458984375,6.74851129099261
227,mps,topanga_ridge,150,-17896.775299271285,63,False,2.9925232187906903,0.6637435824920733,0.09545688050488631,4.704820289611816,1.3701899242401123,3.334630382855733,382.078369140625,658.7045288085938,6.567144875007216
228,mps,single_training,150,-95442.26425401792,310,False,-3.527126630122463,0.7787090056711168,0.055560958723848065,4.703249909083048,1.3698823753992717,3.333367535273234,628.7417602539062,996.9364624023438,6.367644874990219
229,mps,sullivan_canyon,150,-47331.56206608613,173,False,0.2134520173134903,0.12449655165569615,0.05855883051951726,4.70349736849467,1.3699293247858684,3.333568058013916,182.85841369628906,339.7632751464844,6.23786254200968
230,mps,single_training,150,-119654.79751270675,386,False,-5.793642557462056,1.6055439048012097,0.05455394384761651,4.703946421941121,1.3703586157162984,3.333587827682495,1203.95556640625,1713.30078125,6.790184999990743
231,mps,single_training,150,-110116.73789746118,362,False,-5.095810155073802,1.3899483380715052,0.05671355369190375,4.704629666010539,1.3707351167996724,3.3338945643107096,1142.4931640625,1662.4317626953125,6.60085866600275
232,mps,stone_canyon,150,-99334.47277271733,338,False,-3.1411334830522537,0.5363500855288779,0.05992362057169279,4.706156094868978,1.3711401557922362,3.3350159533818564,760.4385986328125,1121.762939453125,6.319379583001137
233,mps,sullivan_canyon,150,-32704.025056082934,120,False,2.2244572866537298,0.2712656101801353,0.06327871096630891,4.707502578099569,1.3713767464955648,3.3361258490880332,396.27728271484375,762.6238403320312,6.085855000012089
234,mps,sullivan_canyon,150,-32151.627598327323,120,False,2.361245650748412,0.3049910361040384,0.05707280593613784,4.708059174219767,1.3713363337516784,3.3367228571573895,381.39605712890625,544.3033447265625,6.26821308300714
235,mps,topanga_ridge,150,-12270.32196385308,40,False,4.145964087545872,0.9298181468923576,0.09112788885831832,4.708631105422974,1.3711301716168722,3.33750093460083,720.2724609375,1049.3309326171875,6.154958583996631
236,mps,sullivan_canyon,150,-44802.69529488976,168,False,1.459728281920155,0.12279251795989694,0.07318668757565319,4.70979721069336,1.3713303875923157,3.3384668191274005,352.9281005859375,521.711669921875,6.20468633400742
237,mps,single_training,150,-131841.700681707,430,False,-6.111435755888621,1.8877759439855193,0.06117056005634367,4.709836772282919,1.3714701708157857,3.338366616566976,1077.6060791015625,1502.2059326171875,6.862747958977707
238,mps,topanga_ridge,150,-8784.8852730632,26,False,4.350626815352589,0.9955708825713373,0.09273164473474026,4.7101553662618,1.371335543791453,3.3388198137283327,773.0859375,1077.783203125,6.497922042006394
239,mps,single_training,150,-108575.53162892656,352,False,-3.9827081208427746,0.9123676010279147,0.0585240979368488,4.711296974817912,1.3714053877194723,3.339891570409139,575.1281127929688,851.150146484375,6.285024791985052
240,mps,sullivan_canyon,150,-41936.31698608244,158,False,1.4688316971063613,0.11480929780130585,0.05763332494844993,4.710899756749471,1.3712682874997457,3.3396314764022828,287.7394714355469,420.6475524902344,6.513133375003235
241,mps,stone_canyon,150,-159793.29121907405,547,False,-7.8907044044137,3.060454436196402,0.06044863678514958,4.712547610600789,1.3713745737075806,3.341173046429952,1478.980224609375,1946.362060546875,6.6665366670058575
242,mps,single_training,4,8.317586378778088,0,True,4.642762541770935,1.0082754492759705,0.03627390880137682,4.828212380409241,1.3742659986019135,3.453946352005005,9.71703815460205,23.688817977905273,0.23397112500970252
243,mps,single_training,150,-81078.82152081831,265,False,-2.370608517428239,0.3704435474309139,0.058447898911933104,4.712979688644409,1.3718120908737184,3.341167580286662,665.3775634765625,937.4778442382812,6.5374540000048
244,mps,topanga_ridge,150,-8077.01110581226,23,False,4.437291673620542,0.995389367348204,0.06560971851771076,4.71364135424296,1.3718595759073893,3.341781792640686,767.6416015625,1111.8050537109375,6.477585250017
245,mps,stone_canyon,150,-109517.35297079448,375,False,-3.898513239125411,0.773474136951069,0.048345377668738365,4.714501094818115,1.3720768618583679,3.3424242448806765,874.6400756835938,1189.796875,6.468297332990915
246,mps,stone_canyon,150,-117918.03560485672,400,False,-4.5843065893650055,1.0804957262508106,0.04170356809161604,4.714625879923503,1.3722139541308085,3.3424119011561078,911.4357299804688,1319.571044921875,6.695821125002112
247,mps,stone_canyon,150,-101333.96358964524,350,False,-2.618736375073592,0.35338078876181195,0.05587566381941239,4.7143114503224695,1.3717135500907898,3.3425979073842367,534.7650756835938,775.1972045898438,6.889168417023029
248,mps,single_training,150,-98472.54119781962,323,False,-2.640952007037898,0.4987101578735261,0.07117097694116334,4.714892997741699,1.3713562536239623,3.343536731402079,315.2912902832031,509.9026184082031,6.3914710829849355
249,mps,sullivan_canyon,150,-55089.53057951881,203,False,0.7201994956207152,0.04409840327975445,0.06163985103989641,4.714054679870605,1.3705548206965128,3.3434998480478924,99.54359436035156,202.97952270507812,6.096592207992217
250,mps,single_training,150,-132526.82278925861,442,False,-5.363872683220543,1.866898455899899,0.06740075060476859,4.71376561164856,1.3698118003209432,3.3439538145065306,755.1995849609375,1084.24951171875,6.502800374990329
251,mps,stone_canyon,150,-139881.65475994526,481,False,-5.0333956714347,1.507276111247714,0.09105466037988663,4.712165288925171,1.3684676909446716,3.3436976019541422,783.0958862304688,1651.7275390625,6.3876689999888185
252,mps,sullivan_canyon,150,-40372.37847655261,150,False,2.666847608089447,0.3346050792435805,0.09519574657082558,4.710487356185913,1.3668782822291057,3.343609062830607,521.5944213867188,1528.8802490234375,6.912931250000838
253,mps,stone_canyon,150,-139781.0664156066,478,False,-4.608080697928866,1.3009579886992773,0.05616787165403366,4.708167797724406,1.3651749356587728,3.342992860476176,692.6607666015625,973.6151123046875,6.529846166988136
254,mps,stone_canyon,150,-116227.55886067054,396,False,-3.206627274354299,0.5936986105291483,0.038023891790459556,4.705016578038533,1.362909864584605,3.3421067333221437,664.4744873046875,923.1500244140625,6.429019083007006
255,mps,stone_canyon,150,-96509.98438184915,333,False,-0.7513312716037035,0.10846533268311759,0.046791381128132345,4.699366842905681,1.3594700121879577,3.3398968410491943,66.41339874267578,165.76663208007812,6.283621625014348
256,mps,topanga_ridge,150,-24871.231413331578,89,False,5.035893931388855,1.2033276309569676,0.09235415918442111,4.691088727315267,1.3560377430915833,3.335050981839498,1081.932373046875,1478.08740234375,6.357992874982301
257,mps,topanga_ridge,150,-15825.240205737005,54,False,5.9433942842483525,1.7773532684644062,0.09960861536674201,4.685245577494303,1.3537033883730571,3.331542191505432,1371.8740234375,1843.1583251953125,6.089921584003605
258,mps,single_training,150,-107022.93316967954,352,False,-1.7631562747557958,0.5140202887371803,0.06089382816416522,4.6808096631368,1.3526129285494486,3.328196717898051,137.39064025878906,410.58685302734375,6.470985916996142
259,mps,single_training,150,-149700.38418889669,487,False,-5.0287439371133225,2.186072213982906,0.08595485389232635,4.678053277333578,1.3525154582659404,3.325537813504537,553.5169677734375,843.4476928710938,6.246440250019077
260,mps,single_training,150,-174126.0739443421,561,False,-7.758863537311554,3.356806657680621,0.0556335220237573,4.675103813807169,1.3527738277117412,3.322329978942871,1399.510986328125,1877.1463623046875,6.1139202089980245
261,mps,single_training,150,-125214.58736400914,411,False,-2.612871324121952,0.6852850618813924,0.06517207652330398,4.668494997024536,1.3518343464533489,3.316660615603129,253.58062744140625,398.2232666015625,6.653205792012159
262,mps,single_training,150,-81763.36676713858,270,False,0.8510538530528234,0.09701985646568555,0.05431121361752351,4.65952774365743,1.3506875363985698,3.3088401842117308,236.83889770507812,569.2049560546875,6.689841542014619
263,mps,topanga_ridge,150,-2981.484498425663,2,False,8.472451898256937,3.382920732498169,0.06939088051517804,4.653818413416545,1.3501615945498149,3.303656816482544,2080.5537109375,3090.28857421875,6.514984458015533
264,mps,single_training,150,-105379.82249221377,349,False,-0.3856698292990526,0.3669573527956769,0.05126682933419943,4.653723901112874,1.3521719408035278,3.301551963488261,302.1207275390625,703.5122680664062,6.248554249992594
265,mps,topanga_ridge,150,-17962.158750038227,61,False,6.894555883407593,2.3038576650619507,0.07261382300406695,4.655004034042358,1.3543113350868226,3.3006927220026654,1652.31982421875,2391.2607421875,6.135987208981533
266,mps,single_training,150,-111407.14646703265,363,False,-0.926049356063207,0.47529539192337933,0.051712047681212424,4.660388336181641,1.3586732172966003,3.301715111732483,201.25833129882812,484.3363037109375,6.1333216250059195
267,mps,stone_canyon,150,-140353.6910939107,479,False,-2.969253028072417,0.6898981235026986,0.04557328398649891,4.666194531122843,1.3622189577420551,3.3039755614598594,461.5829772949219,623.7871704101562,6.1353923749993555
268,mps,single_training,150,-104692.94860556853,340,False,-0.5792511769384145,0.26832229877560165,0.05243411356583238,4.664705635706584,1.3629956459999084,3.301709990501404,159.55262756347656,354.46685791015625,5.940602625021711
269,mps,stone_canyon,150,-161865.2470133251,555,False,-4.719314678957065,1.3645640586716279,0.050234763529151676,4.663761682510376,1.3626885310808818,3.3010731728871665,990.1476440429688,1569.732666015625,6.174634541996056
270,mps,stone_canyon,150,-126000.15277910452,433,False,-1.7434596956024568,0.24407898677401438,0.0470067329145968,4.657851880391439,1.3609448258082073,3.296907075246175,409.4969482421875,659.061767578125,6.0877108330023475
271,mps,topanga_ridge,150,-18079.09580354061,63,False,6.926034609476726,2.3557747387886048,0.08356706590702136,4.6489701684316,1.357518130938212,3.2914520502090454,1588.01611328125,2446.32080078125,6.18980495800497
272,mps,single_training,150,-138083.9881101217,449,False,-3.1086831158896286,0.7424869742687831,0.057650883588939904,4.643627367019653,1.3556230839093526,3.2880042743682862,490.83258056640625,716.5630493164062,6.319248959014658
273,mps,sullivan_canyon,150,-41780.384067905536,157,False,5.208238123257955,1.321836814681689,0.055140801537781954,4.635230630238851,1.3527247460683187,3.282505866686503,1327.3804931640625,2041.373779296875,6.208879500016337
274,mps,stone_canyon,150,-138846.3171175825,476,False,-2.4901248819380997,0.4888401816122253,0.04682274038592974,4.629970801671346,1.3508758735656738,3.2790949074427287,471.9216613769531,758.0119018554688,5.936861708003562
275,mps,topanga_ridge,150,-14542.323479172363,49,False,7.636967153549194,2.8823471782604853,0.07176581072310606,4.6190031655629475,1.3471740063031514,3.2718291600545246,1832.91015625,2747.891357421875,5.984313042019494
276,mps,topanga_ridge,150,-16583.78051712176,57,False,7.341240170796712,2.718769163787365,0.07278453891475996,4.61378199895223,1.3455444041887918,3.2682376098632813,1758.7557373046875,2751.123291015625,6.090654582978459
277,mps,sullivan_canyon,150,-32188.595518520247,123,False,5.70608504931132,1.6490071205298107,0.06523385589321454,4.613137375513713,1.345626997947693,3.2675103584925336,1375.25830078125,2034.096923828125,6.08409412499168
278,mps,topanga_ridge,150,-7778.490006661954,21,False,7.49235933860143,2.902824092904727,0.07389490405718485,4.615933173497518,1.3462264879544577,3.269706673622131,1775.2158203125,2618.890625,6.307276459003333
279,mps,sullivan_canyon,150,-62703.57382403922,231,False,2.3462447171409924,0.30525417283914674,0.08425743502875169,4.621698080698649,1.3482688395182292,3.2734292395909628,470.8017272949219,1110.67041015625,6.155374500027392
280,mps,single_training,150,-78770.50978067728,257,False,0.7235180960098903,0.06388062761461696,0.058520129496852556,4.6260640112559,1.3499333628018697,3.276130649248759,194.102294921875,561.0868530273438,6.1140103329962585
281,mps,sullivan_canyon,150,-70393.79026704296,257,False,0.757693979870528,0.16990301918027703,0.06847816742335756,4.632492307027181,1.352047598361969,3.2804446903864544,105.64935302734375,246.7298583984375,6.866726667009061
282,mps,single_training,150,-168227.4852114209,540,False,-7.582885133425394,3.1902895536869376,0.056576943608621755,4.637588059107463,1.3535534246762593,3.2840346415837605,1497.625244140625,2268.280517578125,6.707237166003324
283,mps,single_training,150,-114149.48569690136,375,False,-3.3256017549832664,0.6776213205737682,0.0728681375583013,4.6417955303192135,1.354577366511027,3.2872181781133016,694.022705078125,1169.40576171875,6.957918833999429
284,mps,topanga_ridge,150,-7351.947893203329,21,False,5.763332965771357,1.8380637748523925,0.09989230686798692,4.641601800918579,1.3542584045728048,3.2873433955510456,1133.12548828125,1662.5528564453125,6.296008540986804
285,mps,sullivan_canyon,150,-38173.139744320884,137,False,2.7479165093104045,0.5612010096944868,0.06304509449439744,4.644053732554118,1.355107267697652,3.288946466445923,397.4576721191406,645.5847778320312,6.193624375009676
286,mps,topanga_ridge,150,-10189.338456220024,31,False,5.098693365255992,1.5248172388722498,0.10312395144874852,4.64615598042806,1.356019393603007,3.290136586825053,942.6473999023438,1369.780517578125,6.8047589999914635
287,mps,sullivan_canyon,150,-42003.57682237524,160,False,1.9408949070299666,0.45219410072353033,0.07403766193116705,4.649725271860759,1.3573878049850463,3.2923374652862547,203.75692749023438,391.9938659667969,6.742870209011016
288,mps,single_training,150,-88956.86947493568,289,False,-1.8962576637075592,0.2899751640130254,0.054948089929918446,4.652451375325521,1.3582090369860331,3.2942423327763874,379.345458984375,683.7996826171875,6.565460082987556
289,mps,topanga_ridge,150,-14053.440357919473,46,False,4.108564550081889,1.1224966514110566,0.08292900465428829,4.654717315038045,1.358739382425944,3.2959779198964436,651.5510864257812,1027.43701171875,6.483059582998976
290,mps,single_training,150,-98157.52596669165,321,False,-3.426923808256785,0.7215156151354313,0.05289814046273629,4.655997190475464,1.3596274868647258,3.2963696893056236,893.757080078125,1316.3765869140625,6.349533083004644
291,mps,sullivan_canyon,150,-48021.890852717974,177,False,0.8331052366147439,0.2240113455101285,0.06519660460452238,4.658009379704794,1.3604299426078796,3.297579428354899,132.05709838867188,472.7989501953125,6.804989583004499
292,mps,topanga_ridge,150,-16643.42787153606,56,False,3.5391931651035944,0.8738351157555978,0.07503108588357767,4.659753952026367,1.3609405064582825,3.298813470204671,486.49078369140625,744.3952026367188,6.436238249996677
293,mps,sullivan_canyon,150,-58417.702290923866,215,False,-0.3511390649775664,0.24340480359387584,0.05636761217067639,4.661908025741577,1.3614489070574443,3.300459109942118,413.1949157714844,664.0353393554688,6.0731047080189455
294,mps,single_training,150,-100744.43593822043,328,False,-3.5632671371350684,0.6645485638101915,0.05816773849229018,4.664760004679362,1.362444557348887,3.3023154481252033,673.2515869140625,1007.365234375,6.383294458995806
295,mps,sullivan_canyon,150,-50333.98876837025,190,False,0.5392578852673372,0.12061420959677586,0.06225039930393299,4.665378856658935,1.362891084353129,3.3024877595901487,86.63948059082031,215.30532836914062,6.366946916008601
296,mps,single_training,150,-126970.10463956722,418,False,-6.053103792667389,2.000627414335807,0.059533157758414744,4.667794946034749,1.363573928674062,3.304220995903015,1428.715087890625,1992.6123046875,6.181272249988979
297,mps,sullivan_canyon,150,-58324.93428036848,210,False,0.08055225484694044,0.09080864861473856,0.05587080071369807,4.670410906473796,1.3638970065116882,3.3065138959884646,184.4108428955078,326.21978759765625,6.11332004101132
298,mps,topanga_ridge,150,-8930.143153551535,27,False,4.59547824201174,1.1315470092531283,0.06961659271270036,4.673500334421794,1.3647002037366232,3.3088001187642417,808.1717529296875,1120.2406005859375,6.413757958012866
299,mps,stone_canyon,150,-117167.53646819771,400,False,-4.072397615015507,0.8526464176746473,0.04571521715571483,4.677334728240967,1.3653318945566812,3.3120028479894,850.6668701171875,1267.09521484375,6.62658879198716
300,mps,sullivan_canyon,150,-37502.68766559677,139,False,2.2925257436186075,0.28042506648020815,0.05409768814841906,4.677560370763143,1.3648756837844849,3.3126846726735435,346.7204284667969,540.0430297851562,6.443591625022236
301,mps,topanga_ridge,150,-8199.04137203288,24,False,5.041533662080765,1.256496183561782,0.06863901180525621,4.679906218846639,1.3649301743507385,3.3149760723114015,939.3228149414062,1231.289794921875,7.12834537497838
302,mps,sullivan_canyon,150,-53564.791282325416,199,False,0.9751074088062159,0.06651501663314212,0.05573725212365389,4.681560990015666,1.36478937625885,3.31677160580953,147.0124053955078,223.9296875,6.228698584018275
303,mps,topanga_ridge,150,-5464.917357660568,12,False,5.211658880313237,1.3098202223082382,0.06347568816815813,4.685433890024821,1.3648186381657919,3.320615240732829,977.9924926757812,1533.1671142578125,6.230999166989932
304,mps,stone_canyon,150,-116183.03898710724,397,False,-3.809284881154696,0.7584455015572409,0.0413469154201448,4.689236920674642,1.3651516048113506,3.3240853134791055,784.2320556640625,1118.1502685546875,6.007073957996909
305,mps,stone_canyon,150,-98263.80081971601,338,False,-2.430786939263344,0.31060675480538824,0.041335672164956726,4.692684488296509,1.3651284646987916,3.327556020418803,506.095703125,768.8065185546875,6.322963999991771
306,mps,single_training,150,-131342.9251897455,425,False,-5.821484772562981,1.9001931944361423,0.06795998245477676,4.6938173262278235,1.364373700618744,3.3294436152776083,1049.38427734375,1540.589111328125,6.156651832978241
307,mps,single_training,150,-106513.2749162279,348,False,-3.4550354103398666,0.7807536225388823,0.04751005190735062,4.694464279810588,1.3633999673525492,3.3310643084843954,523.228515625,779.2320556640625,6.183284999977332
308,mps,topanga_ridge,150,-16589.87740008357,57,False,4.2025160701697075,0.9155698807257553,0.07969991991606852,4.694010016123454,1.3618206612269084,3.3321893628438315,775.2235717773438,1165.3319091796875,6.150760040996829
309,mps,sullivan_canyon,150,-42514.0341324109,159,False,2.1814351415634157,0.23288316088418165,0.04828618669571976,4.693861859639486,1.3606829063097636,3.33317893187205,461.9580383300781,778.924072265625,6.141738291014917
310,mps,topanga_ridge,150,-19690.29866136471,70,False,4.062668244938056,0.8135520220328666,0.06462067789087693,4.694995543162028,1.3610322841008504,3.3339632670084636,722.522705078125,1104.158203125,7.207650333992206
311,mps,single_training,150,-80690.74064319479,262,False,-1.0074293509106307,0.11593796535568025,0.05251927508662144,4.699118134180705,1.3623089170455933,3.3368092362085977,91.11481475830078,482.33233642578125,6.432197958987672
312,mps,topanga_ridge,150,-9796.932179230598,29,False,4.8288531990846,1.1340876554697752,0.0659038691719373,4.7022349802653,1.3634442480405171,3.338790723482768,904.2896728515625,1230.2098388671875,6.571987291012192
313,mps,topanga_ridge,150,-13402.859054797771,45,False,4.33968331793944,0.9315395557135343,0.06195768522719542,4.705945698420207,1.364829916159312,3.3411157846450807,775.8457641601562,1162.7003173828125,6.887359666987322
314,mps,sullivan_canyon,150,-43217.94013698579,157,False,1.5022079450885455,0.11890078814928226,0.04348735380296906,4.710045379002889,1.3661510348320007,3.343894364039103,244.10379028320312,336.494140625,6.885427708009956
315,mps,sullivan_canyon,150,-34588.592264494066,131,False,2.0720265305042265,0.20581691296150287,0.0508114524371922,4.712791713078817,1.3673740402857462,3.345417660077413,371.68072509765625,536.5089721679688,7.5418967089790385
316,mps,stone_canyon,150,-118866.80906959671,406,False,-5.091746229032675,1.3317336756554625,0.043146044717480736,4.71512279510498,1.3685821024576823,3.346540689468384,1047.649169921875,1571.7391357421875,6.647031875007087
317,mps,stone_canyon,150,-110942.80961781836,377,False,-4.3215358368059,0.9381723475865632,0.039191858731210234,4.717292668024699,1.369062486489614,3.3482301823298135,838.451416015625,1240.8631591796875,7.571359291992849
318,mps,sullivan_canyon,150,-59414.05638573358,224,False,-0.8714704811635117,0.10082130306691094,0.057284990791231394,4.72079426129659,1.3699397643407185,3.350854500134786,290.4298400878906,471.1063537597656,6.641337582987035
319,mps,sullivan_canyon,150,-46611.85975269363,177,False,0.3997157163110872,0.04581698042154737,0.04479822775349021,4.7244519488016765,1.3707852832476297,3.3536666584014894,49.444454193115234,197.13258361816406,6.090504541003611
320,mps,topanga_ridge,150,-11792.537845466375,38,False,3.4073474032680195,0.6400220894052957,0.06328685120368997,4.725547145207723,1.3708275628089905,3.35471960067749,504.0670471191406,793.7510375976562,7.9870400830113795
321,mps,sullivan_canyon,150,-39422.29720963287,148,False,1.0177898600924526,0.057709610813532965,0.046748110863069695,4.7282409159342444,1.3713028351465861,3.356938101450602,143.9022216796875,206.31649780273438,7.900198707997333
322,mps,topanga_ridge,150,-14988.428903323264,51,False,2.7365698042015234,0.47618535201336876,0.06336988450338443,4.72855652809143,1.3713785084088643,3.35717799504598,370.7391052246094,629.8929443359375,7.973433999984991
323,mps,single_training,150,-84808.01698265052,277,False,-3.129631384015083,0.49115618258404237,0.045439965097854536,4.729127327601115,1.3715952452023823,3.3575320863723754,486.7998962402344,768.38330078125,7.689559083984932
324,mps,stone_canyon,150,-156314.86757013554,536,False,-9.060176146825155,3.8990828100343546,0.0471037260008355,4.729557647705078,1.3717116316159566,3.357846034367879,1765.580322265625,2692.81494140625,7.815819624986034
325,mps,topanga_ridge,150,-22795.069672152873,80,False,1.539702689908445,0.2639942527295322,0.060990041363984344,4.730538914998372,1.3716163810094197,3.3589225403467813,119.05762481689453,370.99102783203125,7.702041250013281
326,mps,stone_canyon,150,-167137.7884639206,573,False,-10.196571447054545,5.160061414837838,0.055594976395368575,4.730962727864584,1.3716977270444235,3.359265011151632,1870.3590087890625,2877.552490234375,7.900691791990539
327,mps,sullivan_canyon,150,-55545.50823206365,205,False,-1.2452961804484948,0.11455874747937173,0.05602226493259271,4.732792024612427,1.3718223826090494,3.3609696690241497,276.0746765136719,960.2551879882812,7.850808333023451
328,mps,single_training,150,-150338.32229133407,490,False,-9.404682222604752,4.498991901998719,0.053813504092395305,4.733660008112589,1.3716253916422525,3.36203462600708,1726.7945556640625,2601.581787109375,8.186679250007728
329,mps,sullivan_canyon,150,-40074.189946673374,149,False,0.2577385021032145,0.058876357145312946,0.04210445194815596,4.735143445332845,1.3712115160624185,3.36393191019694,69.0167465209961,152.26141357421875,8.343792333995225
330,mps,sullivan_canyon,150,-67709.11217547231,250,False,-2.04074065387249,0.24293819443477938,0.050305528013656536,4.735866101582845,1.3705013744036356,3.36536474386851,446.557373046875,681.803466796875,6.260535333014559
331,mps,sullivan_canyon,150,-36152.377075980345,129,False,1.1005546725727617,0.07305848875297064,0.03521831566467881,4.737059717178345,1.3694909731547038,3.3675687472025553,147.842529296875,222.53807067871094,6.677117582992651
332,mps,sullivan_canyon,150,-69561.05552151291,264,False,-1.6484587253133456,0.19214151733351173,0.05209748247017463,4.737696743011474,1.3687833706537882,3.368913377126058,258.4349670410156,389.9656982421875,8.186361000000034
333,mps,sullivan_canyon,150,-41116.110586214614,148,False,1.1166182502917945,0.07843417761878603,0.04036120882257819,4.738252986272176,1.3678128576278688,3.3704401206970216,262.1580810546875,459.9393615722656,8.290991166984895
334,mps,stone_canyon,150,-102124.52230356686,352,False,-3.6982620478669803,0.6719769438363922,0.03937896333013972,4.739257399241129,1.3671488738059998,3.3721085246404012,589.1529541015625,902.15673828125,8.20166175000486
335,mps,topanga_ridge,150,-10946.39144022506,34,False,3.9849510991573336,0.7748588470121225,0.055463752957681814,4.7385917631785075,1.3657676235834757,3.3728241443634035,721.0938110351562,1043.5064697265625,7.928810249984963
336,mps,stone_canyon,150,-115876.50243053916,397,False,-4.348795169989268,0.9960785691129664,0.04068286399667462,4.738581790924072,1.3649726192156473,3.3736091804504396,650.09130859375,932.4688720703125,7.19201383300242
337,mps,topanga_ridge,150,-16592.83951436871,57,False,3.628746017018954,0.6438640438051273,0.05282689059153199,4.738019688924154,1.363395856221517,3.374623816808065,639.497314453125,942.3755493164062,6.634029624983668
338,mps,topanga_ridge,150,-15959.634187332851,55,False,3.7294696831703185,0.6720823139200608,0.05642356425523758,4.738491338094075,1.362735869884491,3.375755475362142,663.5809936523438,970.4196166992188,6.642888000002131
339,mps,sullivan_canyon,150,-75879.60305827,278,False,-1.7446155384803812,0.19151600767099203,0.04906447775661946,4.7396978092193605,1.3625646249453227,3.377133199373881,292.7625427246094,421.7174987792969,6.573772708012257
340,mps,topanga_ridge,150,-2601.4388119978134,1,False,5.109609297116598,1.2083401395877202,0.050371718754371006,4.739031016031901,1.3615316462516784,3.3774993721644084,953.9971313476562,1394.670654296875,8.464430958003504
341,mps,single_training,150,-96873.06210494829,320,False,-3.3616275106867155,0.796094080077722,0.047008801077802975,4.74011207262675,1.3616902907689412,3.3784217850367226,464.25872802734375,751.3041381835938,8.671080125001026
342,mps,sullivan_canyon,150,-82950.17211368264,305,False,-2.3618722994501393,0.3315903708874797,0.05147265337407589,4.740524492263794,1.3617464955647787,3.3787779935201008,463.97808837890625,649.030029296875,8.677090457989834
343,mps,single_training,150,-130315.656147049,429,False,-6.086936110506455,2.0977286942415714,0.044502540913720925,4.740175059636434,1.3611471374829611,3.3790279181798297,834.5827026367188,1211.787353515625,8.717082165996544
344,mps,single_training,150,-73704.80980453441,242,False,-1.4958020855486394,0.19601845738601392,0.030669655234863362,4.739225292205811,1.359953863620758,3.3792714071273804,403.0718994140625,600.1446533203125,7.862663082982181
345,mps,topanga_ridge,150,-21656.897997402553,76,False,3.719345308939616,0.6484891477723916,0.05316307284869254,4.736724888483684,1.3576478989919027,3.379077008565267,656.922607421875,1040.3851318359375,7.56330229100422
346,mps,sullivan_canyon,150,-63990.952152482445,237,False,0.36963482956091565,0.1411594243720174,0.05161159862453739,4.73568642616272,1.357138307094574,3.3785481230417886,259.7674560546875,522.1471557617188,7.437015375006013
347,mps,stone_canyon,67,-12588.096040030692,41,True,4.663476438664678,1.0371744047794769,0.017332574255319675,4.833235107251068,1.3820011811469919,3.45123391720786,173.0478515625,310.1748352050781,3.106550791999325
348,mps,single_training,150,-148778.73663433664,483,False,-6.841451052625974,2.7932841458171604,0.043327207329372563,4.736705881754557,1.35792844692866,3.3787774260838828,887.7586669921875,1281.3380126953125,6.428691624983912
349,mps,stone_canyon,150,-122526.17619996649,419,False,-3.499757972260316,1.0871918194702206,0.04250816407923897,4.734992745717366,1.3568449608484905,3.3781478039423622,308.9265441894531,556.394775390625,6.357735791010782
350,mps,single_training,150,-131448.20060259267,435,False,-5.359269066487129,1.7389019040958604,0.03863628931964437,4.732784312566121,1.355616544087728,3.37716779867808,701.9542236328125,947.8536376953125,6.575125834002392
351,mps,stone_canyon,150,-136598.7366697976,469,False,-4.160330302814643,1.4043805059811953,0.04347687905964752,4.73068341255188,1.3544627420107525,3.3762206745147707,362.264892578125,546.5706787109375,6.486234209005488
352,mps,stone_canyon,150,-117998.41875563069,403,False,-3.22382623632128,0.6901329606433273,0.03342838351925214,4.728024539947509,1.3529175941149394,3.375106945037842,381.8666687011719,545.0647583007812,6.616820083989296
353,mps,single_training,150,-107649.11832733337,352,False,-2.4327826304982105,0.7590177845859822,0.04236847743391991,4.723867441813151,1.3509154518445332,3.372951987584432,169.53836059570312,401.67041015625,6.584469792025629
354,mps,sullivan_canyon,150,-31808.305732065997,121,False,4.070370786984761,0.7746609846750895,0.03926861043398579,4.721619548797608,1.3502396170298259,3.371379917462667,827.9180908203125,1161.687255859375,6.649186707974877
355,mps,stone_canyon,150,-147584.33635409386,506,False,-5.151010319621613,1.7580061041078383,0.0409603695012629,4.720691095987956,1.3498112217585245,3.3708798774083455,709.3790893554688,949.5869750976562,6.463939790992299
356,mps,sullivan_canyon,150,-56810.21201326202,211,False,2.2500093734264373,0.28553493924438955,0.03906884050617616,4.718927262624105,1.348922483921051,3.3700047588348387,527.6177978515625,921.109619140625,6.671866875025444
357,mps,single_training,150,-102854.1170635344,334,False,-1.7469831761345267,0.49995267324685605,0.04291411103059848,4.718590211868286,1.3492413512865702,3.3693488534291585,165.61865234375,371.49835205078125,6.161333708005259
358,mps,topanga_ridge,150,-3013.8818177179164,2,False,7.4031453069051105,2.5839176845550536,0.045707980810354154,4.717078034083048,1.3492086704572042,3.3678693691889445,1522.1993408203125,2066.925048828125,6.007051499997033
359,mps,sullivan_canyon,150,-55214.88953577319,207,False,2.6632847197850547,0.3841722053537766,0.04823601520620287,4.718152201970418,1.3506219148635865,3.3675302934646605,601.828125,886.0457763671875,5.983947041997453
360,mps,stone_canyon,150,-116069.81537510935,400,False,-1.1587350523471833,0.6776540224766359,0.038722348858912785,4.7200532690684005,1.351871582667033,3.3681816832224527,272.2430419921875,646.8988037109375,7.221092374995351
361,mps,single_training,150,-107439.76731345797,354,False,-1.5313138710086545,0.6085316983284065,0.04524429527732233,4.724229373931885,1.3547193066279093,3.369510060946147,170.43026733398438,475.6877136230469,6.880515917000594
362,mps,sullivan_canyon,150,-44482.115074111425,162,False,3.2945327989260353,0.508126961539189,0.03586497904111942,4.7268146069844565,1.3568915859858195,3.3699230194091796,596.3839111328125,811.43505859375,6.482751915988047
363,mps,single_training,150,-107280.40780846379,351,False,-1.6683752999454737,0.5517358465891933,0.039776909792174894,4.730311171213786,1.3591419172286987,3.3711692587534587,130.5117950439453,426.760009765625,6.844884166988777
364,mps,stone_canyon,150,-121122.61611559518,415,False,-2.4375589826454718,0.4417766631161794,0.04148103109250466,4.732903604507446,1.3612621410687764,3.3716414562861123,355.4737548828125,651.6422729492188,6.842806582979392
365,mps,stone_canyon,150,-131407.6185886988,449,False,-3.5589725571870803,0.8542455018259352,0.03335192737480005,4.733399365743002,1.3620941583315531,3.37130521774292,535.5613403320312,838.7196044921875,7.068947833002312
366,mps,stone_canyon,150,-120406.74068517446,413,False,-2.9700048549969993,0.541884053038472,0.03662329820295175,4.731993379592896,1.3621221367518108,3.3698712682723997,515.6022338867188,787.6658935546875,6.914210624992847
367,mps,single_training,150,-106533.2975642152,344,False,-2.023796770473321,0.513193396719095,0.03531228252997001,4.7305881182352705,1.361435895760854,3.3691522137324017,262.02252197265625,480.1969299316406,7.2218488339858595
368,mps,stone_canyon,150,-140786.0400879593,483,False,-3.9805352780471246,1.022503576008506,0.0424993770973136,4.726252123514811,1.359680585861206,3.3665715090433754,601.6674194335938,902.5894165039062,7.4724677500198595
369,mps,single_training,150,-121855.27123686872,395,False,-2.8147976936524115,0.669825487694458,0.04070940832297007,4.720688082377116,1.3563970176378886,3.3642910591761273,375.4893798828125,595.666748046875,7.292229917016812
370,mps,sullivan_canyon,150,-80914.53129382606,290,False,0.7795319782756269,0.10159417345652401,0.040605544851471984,4.712396100362142,1.351706087589264,3.3606900135676065,185.67575073242188,340.36480712890625,7.449431457993342
371,mps,sullivan_canyon,4,21.897500631710205,0,True,5.651115775108337,1.4588227570056915,0.015055728610605001,4.832026720046997,1.3761635720729828,3.455863058567047,10.105252265930176,23.83951187133789,0.22937229101080447
372,mps,sullivan_canyon,150,-39288.20644822452,145,False,4.856486616134643,1.085899181763331,0.03727874259774883,4.700172281265258,1.3433323669433594,3.3568399143218994,982.1187133789062,1476.5694580078125,6.702134124992881
373,mps,single_training,150,-142369.14192359115,465,False,-3.963260621856898,1.1874384692079867,0.043493577695141235,4.6980346520741785,1.3419705971082052,3.3560640827814736,561.6024780273438,855.3074951171875,8.115111124992836
374,mps,topanga_ridge,150,-10220.256905669741,32,False,7.495323031743368,2.69702929576238,0.04007121301877002,4.692733777364095,1.3385235087076823,3.3542102750142417,1518.8687744140625,2228.3896484375,7.641425707988674
375,mps,sullivan_canyon,150,-44852.230340399205,166,False,4.543612961769104,1.0352558359503745,0.0398874511073033,4.690804065068563,1.3373622512817382,3.3534418153762817,1052.1307373046875,1568.69677734375,6.350674124987563
376,mps,single_training,150,-91754.871765796,300,False,0.3039210260907809,0.16181944175669438,0.04261479988694191,4.692458384831746,1.338319726785024,3.354138660430908,237.26425170898438,489.89154052734375,6.262647458992433
377,mps,topanga_ridge,150,-20367.52154511385,72,False,6.131060162385305,1.8854758203029633,0.04576554281947513,4.695893287658691,1.341007845401764,3.3548854335149128,1177.8333740234375,1699.985107421875,6.301873541990062
378,mps,topanga_ridge,150,-14433.970012972879,47,False,6.510598812103272,2.1168328845500946,0.043034800564249354,4.700656735102336,1.3447416536013286,3.355915091832479,1235.9908447265625,1796.8399658203125,8.14623958300217
379,mps,topanga_ridge,150,-26679.99353137076,96,False,4.9573854589958986,1.3096063794812653,0.045934265665709975,4.704947525660197,1.3479047679901124,3.357042778333028,870.9130249023438,1329.511474609375,6.8272526250220835
380,mps,single_training,150,-86065.53419597966,284,False,-0.046709224085013074,0.06377775589935482,0.03918876522531112,4.711051902770996,1.3512711159388224,3.3597807995478313,115.85540008544922,570.4513549804688,6.8585026250220835
381,mps,sullivan_canyon,150,-48735.99345015246,180,False,2.706795171176394,0.37633213089104783,0.035474406803647676,4.714264678955078,1.3539509232838949,3.360313777923584,482.1312255859375,651.3464965820312,7.534841458982555
382,mps,stone_canyon,150,-122011.19590094125,414,False,-3.4682889872789384,0.6264662594348193,0.03455244942257802,4.716604585647583,1.3556163557370504,3.3609882259368895,717.4254760742188,1020.3364868164062,7.763571332994616
383,mps,single_training,150,-106925.35338997541,348,False,-2.610434800883134,0.47542060116267143,0.04609052261337638,4.719463224411011,1.356617873509725,3.3628453556696574,354.1283264160156,705.3610229492188,7.698338624992175
384,mps,sullivan_canyon,150,-43697.67407879678,159,False,2.3665018399556477,0.3620951215301951,0.04370256444904953,4.7206683890024825,1.3572597710291545,3.363408597310384,330.75872802734375,578.7142944335938,8.056614875007654
385,mps,single_training,150,-102993.64472521361,338,False,-2.6928553987542787,0.5060421382278825,0.040818134797737,4.722502562204997,1.3579806955655416,3.3645218658447265,405.31884765625,780.8042602539062,7.982688707998022
386,mps,single_training,150,-99259.97242377422,328,False,-2.1726242617952325,0.3550536933403176,0.0399293692347904,4.72400271097819,1.3585177048047383,3.365485003789266,282.8741149902344,531.4593505859375,7.869796125014545
387,mps,stone_canyon,150,-108988.61069826313,371,False,-3.7218036874135336,0.8476129298408827,0.03756152739127477,4.726924295425415,1.3595021263758342,3.3674221722284954,871.2473754882812,1501.6123046875,7.9346417500055395
388,mps,topanga_ridge,150,-15451.144145592481,52,False,4.725140461126963,1.3088342612795532,0.05489349514245987,4.727855297724406,1.3598195028305053,3.368035796483358,684.556640625,1589.0484619140625,7.781121999985771
389,mps,sullivan_canyon,150,-53533.66302339774,202,False,1.8367458193004131,0.1945613399456488,0.04131075787047545,4.729381958643596,1.3599670497576395,3.369414914449056,378.60968017578125,811.2125854492188,8.183032624976477
390,mps,single_training,150,-114109.72616228893,376,False,-3.503294738729795,0.6288312653524918,0.04347241743778189,4.73016978263855,1.3605473891894022,3.3696223878860474,545.0848999023438,856.5192260742188,7.516802791011287
391,mps,topanga_ridge,150,-10317.86839089971,32,False,5.323798890627852,1.550620776767828,0.04821885899951061,4.73109766960144,1.360767052968343,3.3703306198120115,792.1322631835938,1244.2615966796875,7.724738374992739
392,mps,stone_canyon,150,-107682.05743976613,369,False,-2.445386688138048,0.4402224337917626,0.03381414892928054,4.732334343592326,1.3612659176190693,3.3710684029261273,570.2317504882812,823.1893310546875,7.770791124989046
393,mps,single_training,150,-103630.26651835055,340,False,-2.6481059534599383,0.42414603133443357,0.03731852114045372,4.734046646753947,1.3618273154894511,3.3722193257013955,439.84429931640625,753.9317016601562,7.819246958999429
394,mps,stone_canyon,150,-127885.84088709395,440,False,-3.448309821585814,0.6180262124429767,0.040135119321445624,4.735111850102743,1.3621130029360453,3.3729988447825114,503.6795654296875,732.5459594726562,7.951670083013596
395,mps,single_training,150,-124035.62706352075,401,False,-4.287261101491749,0.9768673618065138,0.03787994596796731,4.734873812993367,1.3617604486147563,3.3731133349736533,710.0420532226562,995.636474609375,6.412639624992153
396,mps,topanga_ridge,150,-9021.935921455846,27,False,6.00589412689209,1.8308656736214957,0.04368159748924275,4.732828397750854,1.3609742108980816,3.3718541924158734,961.0511474609375,1403.7645263671875,6.280400666000787
397,mps,stone_canyon,150,-123447.1023436125,418,False,-3.42956671083346,0.7191764519223095,0.03085886474698782,4.7319033908843995,1.3608096408843995,3.3710937674840293,715.6338500976562,1197.4014892578125,6.235438624978997
398,mps,sullivan_canyon,150,-30701.77772829317,112,False,4.2239558299382525,0.9332611856857935,0.03594146044303974,4.729840793609619,1.3600230439503989,3.3698177480697633,679.6759033203125,1003.9127197265625,6.781147417001193
399,mps,single_training,150,-106732.55866206491,354,False,-2.2940440816432237,0.29939976890935216,0.039337874228755634,4.729577331542969,1.3597983479499818,3.3697789923350014,409.78143310546875,677.1934204101562,6.817449750000378
400,mps,sullivan_canyon,150,-42518.40413958207,162,False,3.667779027620951,0.6159900413950284,0.03675680027032892,4.7258460903167725,1.358155434926351,3.367690645853678,666.3565063476562,998.6176147460938,6.167705042025773
401,mps,topanga_ridge,150,-9831.52978704643,31,False,6.553767471313477,2.081629915833473,0.04361927709852656,4.724732599258423,1.357492393652598,3.367240211168925,1131.2396240234375,1489.340576171875,7.788903290987946
402,mps,single_training,4,8.317586378778088,0,True,5.088739037513733,1.232410967350006,0.005087595200166106,4.818877816200256,1.367366075515747,3.4515117406845093,10.516894340515137,18.9876651763916,0.215479584003333
403,mps,stone_canyon,150,-123753.4936285102,422,False,-2.5406711600845058,0.460329237054093,0.03523752365882198,4.724714593887329,1.3568164658546449,3.3678981479008994,295.53350830078125,401.6915283203125,7.083747708995361
404,mps,single_training,150,-113975.73869841738,374,False,-2.6324473810382187,0.4597007995865715,0.03548101392574608,4.724078582127889,1.356120266119639,3.367958339055379,355.63763427734375,526.2261352539062,7.832130166993011
405,mps,single_training,150,-118440.03879274635,389,False,-2.852167944939186,0.46438604270498596,0.036667845466484626,4.720988632837932,1.354756441116333,3.3662322012583417,416.98309326171875,560.4675903320312,7.821799917001044
406,mps,stone_canyon,150,-174392.0464293231,591,False,-6.5996896017094455,2.3318811377871316,0.035498686681191126,4.71715384165446,1.3530991093317668,3.364054719607035,1010.4028930664062,1465.619873046875,7.864288374985335
407,mps,single_training,150,-93125.06351555276,306,False,-0.12358962142840028,0.08446675305177753,0.050135259578625364,4.709626836776733,1.3497207522392274,3.3599061012268066,126.2091064453125,927.7169799804688,7.7846775419893675
408,mps,sullivan_canyon,150,-54047.83174042191,197,False,3.409994995991389,0.558684300382932,0.03348190813014905,4.704258168538411,1.3470717565218608,3.357186425526937,711.51806640625,1103.8905029296875,7.947497665998526
409,mps,topanga_ridge,150,-18504.26841052176,66,False,6.4170156160990395,2.0288541547457375,0.04228293627810975,4.700083230336507,1.3454635055859883,3.354619708061218,1216.72705078125,1559.6590576171875,7.770972375001293
410,mps,topanga_ridge,150,-6120.268810693713,14,False,7.649649200439453,2.821907711029053,0.04607927160027126,4.698189096450806,1.344231166044871,3.353957931200663,1498.4222412109375,2319.7060546875,7.933682667004177
411,mps,single_training,150,-125747.28060738096,411,False,-2.642983671265344,0.5871458505293594,0.04110282348313679,4.700838692982992,1.3462627323468526,3.3545759677886964,322.2154846191406,547.3941040039062,7.895377333014039
412,mps,sullivan_canyon,150,-37294.946509182846,136,False,4.661168316205343,1.0326227141420046,0.03409900541417301,4.7010963344573975,1.3473191785812377,3.3537771399815877,873.3951416015625,1249.201171875,7.769436583999777
413,mps,single_training,150,-139706.75374370778,467,False,-3.995031799301505,1.1791758271755923,0.040691208951175215,4.703502384821574,1.3496346068382263,3.353867777188619,537.035400390625,718.7409057617188,7.788532207981916
414,mps,topanga_ridge,150,-18290.7267451102,63,False,6.1607267439365385,1.9426846121251584,0.03543166823685169,4.7040581671396895,1.351092992623647,3.3529651927948,1122.7662353515625,1555.302490234375,7.9641111659875605
415,mps,stone_canyon,150,-146529.33732771646,505,False,-4.072473286390305,0.9372015047771857,0.04229649260640144,4.707977199554444,1.3536153395970663,3.354361834526062,672.14501953125,1297.559814453125,7.894114166992949
416,mps,single_training,150,-91252.13006973188,299,False,-0.033829759235183395,0.18752579237773412,0.04082021390398343,4.708341131210327,1.3542938868204752,3.354047245979309,123.10467529296875,829.5604858398438,6.1469792499847244
417,mps,sullivan_canyon,150,-38518.85636511679,143,False,4.383133059342702,0.9277275175849596,0.03043636876468857,4.70995138168335,1.3561962596575419,3.353755145072937,850.4912719726562,1193.11376953125,6.406659666012274
418,mps,topanga_ridge,150,-16030.994642568283,54,False,6.016573627789815,1.9009027345478535,0.04204191527950267,4.711636253992716,1.3581822888056436,3.3534539635976155,1054.281494140625,1560.0623779296875,6.18285087501863
419,mps,topanga_ridge,150,-13677.52516543977,46,False,5.938134962717692,1.9206302406763036,0.03781009399642547,4.715808369318644,1.360573132832845,3.355235209465027,1042.5926513671875,1474.0357666015625,6.229969083011383
420,mps,sullivan_canyon,150,-42770.20924557869,164,False,3.2741227806111177,0.57847755068137,0.029585676143566768,4.7195414574941,1.3624458233515422,3.357095627784729,504.2012634277344,764.138671875,6.038309708004817
421,mps,topanga_ridge,150,-10193.280302069834,32,False,5.933718601272752,1.8717396508531905,0.037937800226112206,4.723484919865926,1.3644560074806213,3.3590289179484047,960.5814208984375,1278.8431396484375,7.890749458980281
422,mps,sullivan_canyon,150,-41939.428863327004,155,False,2.731260676011443,0.4622196986253645,0.03463533940414588,4.725849342346192,1.3655261754989625,3.3603231652577716,404.513916015625,664.5574951171875,7.878856916009681
423,mps,topanga_ridge,150,-16631.71711066257,58,False,4.6606749522686,1.3282342923184236,0.039314071194579206,4.729446261723837,1.3668452254931132,3.362601006825765,641.4555053710938,968.6865234375,8.029998583020642
424,mps,stone_canyon,150,-122829.1412109757,421,False,-3.7721299622952937,0.6946866155301298,0.033641124075899524,4.732437108357748,1.3679016423225403,3.3645354334513344,625.0941162109375,940.5859375,7.92096320798737
425,mps,sullivan_canyon,150,-33375.35498493057,129,False,2.6369941568374635,0.47082448661327364,0.028775285044685007,4.734013188680013,1.3682776578267415,3.365735543568929,373.49957275390625,533.9182739257812,8.103003583004465
426,mps,topanga_ridge,150,-18106.53698882071,63,False,3.4872780648867288,0.997378480732441,0.04257054895783464,4.735874010721843,1.3690777969360353,3.366796213785807,406.9799499511719,666.2745361328125,7.994786499999464
427,mps,single_training,150,-124334.69975855546,418,False,-6.0616499582926435,1.7307979134718576,0.031583626844609775,4.737134408950806,1.3698411496480305,3.3672932704289753,1166.9344482421875,1781.3756103515625,7.742607249994762
428,mps,sullivan_canyon,150,-45398.724175586925,165,False,0.5366697013378143,0.3690872198843863,0.03411229595231513,4.73770001411438,1.3700012556711834,3.3676987504959106,229.25440979003906,369.51153564453125,7.96487504200195
429,mps,topanga_ridge,150,-9834.161832626209,29,False,3.685754041671753,1.0976901952922344,0.036870131293932594,4.738965737024943,1.3702867150306701,3.368679013252258,437.928955078125,698.3421630859375,7.635060667002108
430,mps,sullivan_canyon,150,-41164.96635538623,153,False,0.7945998511711756,0.26516824916583875,0.03395196645210186,4.738874387741089,1.370625832080841,3.3682485469182333,136.36865234375,348.58697509765625,7.9819457920093555
431,mps,sullivan_canyon,150,-38235.81309487436,140,False,0.8523413151626785,0.3322896902356903,0.03317929380883773,4.739983463287354,1.3711740803718566,3.368809390068054,166.0535888671875,321.4122314453125,8.043441541987704
432,mps,stone_canyon,150,-99975.88810724505,341,False,-3.938645536104838,0.8926793861513337,0.028971475378299753,4.740999743143718,1.371465224424998,3.3695345290501915,863.748291015625,1234.8331298828125,8.041216583020287
433,mps,sullivan_canyon,150,-54351.23706939063,200,False,-0.6513106056923668,0.27360944087733513,0.03471052225058278,4.742919692993164,1.3719573815663655,3.370962317784627,365.1274108886719,654.33544921875,8.17428204099997
434,mps,stone_canyon,150,-129279.161680471,442,False,-6.034964852333069,1.645360611875852,0.03307964677301546,4.744998687108358,1.3726117952664694,3.3723868910471597,992.0210571289062,1464.7720947265625,7.9135446659929585
435,mps,single_training,150,-98693.54689625974,324,False,-4.168574563662211,0.8504749036331971,0.03079362362002333,4.746679811477661,1.3728836512565612,3.3737961594263712,750.9678955078125,1127.063232421875,8.071367208001902
436,mps,sullivan_canyon,150,-48291.97621781659,182,False,0.4903155882904927,0.1210826839566289,0.03631719580541055,4.7480297215779625,1.3731342109044393,3.3748955059051515,88.48004913330078,295.0970764160156,6.3763325829932
437,mps,single_training,150,-126565.57753086319,419,False,-5.9255775777498885,1.696163960546255,0.03636566430951158,4.749637635548909,1.3732158692677816,3.3764217551549276,925.3494873046875,1329.4593505859375,6.448170334013412
438,mps,sullivan_canyon,150,-48038.530933261405,176,False,0.9624703268481729,0.0901286574400145,0.03792122509330511,4.751542119979859,1.3732833743095398,3.378258752822876,82.64514923095703,662.7373657226562,6.3087019590020645
439,mps,single_training,150,-94072.1432615932,308,False,-2.5112668622285126,0.3738196050879924,0.03519611162443956,4.753168261845906,1.3732690286636353,3.3798992109298704,286.4197082519531,588.653076171875,6.208509542018874
440,mps,stone_canyon,150,-58688.41642499982,199,False,0.6059138841445868,0.06359918095489946,0.026003124257549644,4.753281586964925,1.3730579058329264,3.380223693847656,48.36149215698242,148.815185546875,6.572973916016053
441,mps,single_training,150,-140746.77354934876,458,False,-6.736444725692272,2.2249536776565946,0.03794545511094232,4.75506464322408,1.3730384675661722,3.3820261669158938,1043.0601806640625,1381.869873046875,7.660611125000287
442,mps,topanga_ridge,150,-7676.078314455163,21,False,5.401371800104777,1.4211869495113691,0.062153048199446254,4.754868179957072,1.3728637870152791,3.3820043818155923,825.1041870117188,1246.885009765625,7.871573915996123
443,mps,topanga_ridge,150,-8835.10152742614,26,False,5.5373976302146914,1.4141867157816888,0.07270485321137433,4.755606218973796,1.372889714241028,3.3827164936065675,827.554931640625,1352.8409423828125,7.952339707990177
444,mps,single_training,150,-91184.72278420613,294,False,-1.4803735329955816,0.25185134728194936,0.05792798133411755,4.756904029846192,1.373035867214203,3.383868185679118,111.30067443847656,505.7034912109375,8.102135624998482
445,mps,topanga_ridge,150,-15167.495129519919,50,False,4.867758980592092,1.1529136066138745,0.044372808669383326,4.757774318059285,1.3730818780263265,3.3846924448013307,730.264892578125,1144.28515625,8.09820116701303
446,mps,sullivan_canyon,150,-60412.77356767357,221,False,0.6605609979884078,0.06700955106107055,0.033643812959392866,4.759558375676473,1.3738520908355714,3.3857062673568725,69.82311248779297,157.82154846191406,7.920146792021114
447,mps,sullivan_canyon,150,-47316.41639901076,175,False,2.1232967305183412,0.21760425735265015,0.03768843354036411,4.7616171169281,1.374354502360026,3.387262603441874,363.84686279296875,916.3956909179688,8.013950374996057
448,mps,single_training,150,-83785.56377004759,273,False,-1.2838475109140077,0.23390510405258585,0.03902942801515261,4.762358105977376,1.3745949490865073,3.3877631521224973,145.61648559570312,754.5574951171875,7.974832874984713
449,mps,topanga_ridge,150,-20740.96647838721,72,False,4.22274915188551,0.8818059512817611,0.03510862930988272,4.7634221522013345,1.3746980301539102,3.3887241236368815,605.01513671875,885.0985717773438,8.3604847920069
450,mps,topanga_ridge,150,-17163.242374857444,59,False,4.561427475214004,0.9865074440340201,0.03856559673013787,4.7643693161010745,1.375346601009369,3.389022722244263,649.5718383789062,958.5803833007812,7.973093832988525
451,mps,single_training,150,-103673.65378129053,341,False,-3.226893464202682,0.6420405107065017,0.0366150617475311,4.7667960389455155,1.3758726231257121,3.3909234301249187,431.09503173828125,654.7505493164062,8.084347416996025
452,mps,sullivan_canyon,150,-67916.32479807835,247,False,-0.2989225303257505,0.0328937984472274,0.03641144304536283,4.76742951075236,1.3759271518389384,3.3915023533503215,63.49228286743164,340.97735595703125,7.9050729159789626
453,mps,topanga_ridge,150,-6236.729833324946,16,False,5.4114052335421245,1.3758670736352603,0.03316894308043023,4.768504486083985,1.3761094522476196,3.3923950370152793,796.3243408203125,1147.25634765625,8.380999999993946
454,mps,stone_canyon,150,-95776.37922031461,326,False,-2.671437591438492,0.40044420778067435,0.03217094076176485,4.769527823130289,1.3762502272923787,3.393277622858683,438.6625061035156,800.1751098632812,8.225138125009835
455,mps,topanga_ridge,150,-12859.960466517165,42,False,4.647306923071543,1.0318059973791243,0.040276523704330124,4.769807399113973,1.3761256273587545,3.393681786855062,645.5001831054688,1154.9176025390625,8.311074708995875
456,mps,sullivan_canyon,150,-45374.62182061267,170,False,1.8208254502216974,0.1836177133023739,0.03413295637195309,4.77070109685262,1.3762058154741923,3.3944952996571858,342.8633117675781,598.1981201171875,6.573674290993949
457,mps,single_training,150,-118387.9126817488,391,False,-4.855504677053541,1.2463460150594257,0.03689671571366489,4.770480353037517,1.3760919443766275,3.394388418197632,604.7345581054688,869.9818115234375,6.442378707986791
458,mps,sullivan_canyon,150,-36821.14217458917,139,False,2.189693354765574,0.22684941856811444,0.03142392608026663,4.770900723139445,1.376218028863271,3.394682706197103,300.0088195800781,483.6858825683594,6.533799374999944
459,mps,topanga_ridge,150,-4112.172472514293,6,False,5.2088017423947655,1.2610422746340433,0.039810749103004736,4.771575984954834,1.3764180827140808,3.39515788714091,732.617431640625,1100.8184814453125,6.235453542001778
460,mps,single_training,150,-146413.06950850392,470,False,-7.773662365960578,2.8521607386804377,0.039912098376080396,4.771141831080119,1.3764864174524942,3.3946554183959963,1080.779541015625,1581.827880859375,5.991464416991221
461,mps,topanga_ridge,150,-15080.907872450518,50,False,3.8553345176961495,0.7490900094446965,0.035300242450709146,4.7713667233785,1.3763509249687196,3.3950157912572223,488.5179748535156,681.23095703125,7.586119208019227
462,mps,topanga_ridge,150,-10670.272451724919,34,False,4.121815257966518,0.862929748321573,0.032785613623758154,4.771030009587606,1.376136843363444,3.3948931662241617,542.2732543945312,748.1891479492188,7.683836167008849
463,mps,single_training,150,-169239.64796998672,557,False,-10.223786844561497,5.055642516466129,0.03339045500382781,4.77098801612854,1.3759200119972228,3.3950680049260455,1397.021728515625,2081.966064453125,8.002324916014913
464,mps,topanga_ridge,150,-9828.225068064468,30,False,3.981438198238611,0.8037894439262648,0.03818885862827301,4.770615173975627,1.3755696312586467,3.395045534769694,509.44775390625,943.4599609375,7.880389958998421
465,mps,sullivan_canyon,150,-53847.84771055056,205,False,-0.07715231091404955,0.014307448743156783,0.02984200897316138,4.76942076365153,1.375157265663147,3.3942634948094685,23.921165466308594,336.35040283203125,7.857221834012307
466,mps,single_training,150,-135685.93458811834,449,False,-7.2768752295717904,2.68311030173857,0.034130643274014195,4.76928313891093,1.3750647974014283,3.3942183446884155,988.27001953125,1508.7550048828125,8.11425454102573
467,mps,single_training,150,-103300.01214703353,335,False,-4.128971972279251,0.917301878357539,0.03754674375678102,4.769650694529216,1.3751077850659688,3.394542910257975,487.8502502441406,812.7196655273438,7.906810167012736
468,mps,sullivan_canyon,150,-50539.669672137745,186,False,-0.0016373327017451325,0.04128057141767883,0.041621629782021045,4.768898518880208,1.3747309597333273,3.394167553583781,68.25809478759766,403.7261657714844,8.395381000009365
469,mps,topanga_ridge,150,-14400.02590309323,47,False,3.2594029476245243,0.6070253364767025,0.04416502787731588,4.768774744669597,1.3743838373819988,3.3943908913930256,388.59881591796875,799.332275390625,8.133796916983556
470,mps,topanga_ridge,150,-14672.531789438128,50,False,3.250922302156687,0.5898507159396347,0.03505115946754813,4.767997318903605,1.3743116267522175,3.3936857048670452,375.9280090332031,614.7777099609375,8.07227483400493
471,mps,stone_canyon,150,-120940.31823345291,414,False,-5.399394067724546,1.4667441833942818,0.03213290637359023,4.7681723308563235,1.3742437267303467,3.3939285866419473,837.8263549804688,1315.9742431640625,8.173397292004665
472,mps,stone_canyon,150,-114369.58311230702,393,False,-4.77326233441631,1.0782871558133047,0.05385360675553481,4.767052555084229,1.3737829772631327,3.3932695881525676,692.9393310546875,1972.9630126953125,7.839115457987646
473,mps,sullivan_canyon,150,-34005.08992562276,126,False,1.62655723909537,0.138893154480805,0.054200926522413886,4.767473783493042,1.3736196088790893,3.393854195276896,217.57058715820312,1795.2711181640625,8.18126445900998
474,mps,topanga_ridge,150,-7392.141700703306,20,False,4.032055842975775,0.8107520825982404,0.03216059798374772,4.767219171524048,1.3733922839164734,3.3938268931706745,515.1642456054688,858.9030151367188,8.049334374984028
475,mps,topanga_ridge,150,-2926.8067097113717,2,False,4.409147778352102,0.939633805801471,0.03112455368662874,4.766519285837809,1.373044707775116,3.393474572499593,589.556396484375,873.8738403320312,8.000558916013688
476,mps,single_training,150,-91281.44862275316,297,False,-3.3637291670807947,0.6875854960345744,0.03378116364590824,4.766262928644816,1.3729868205388387,3.3932761017481488,427.78240966796875,707.5607299804688,6.906880250026006
477,mps,sullivan_canyon,150,-54037.209637071865,194,False,-0.6680818791004519,0.09845883271459267,0.03889999254296223,4.765632797876994,1.3725097751617432,3.3931230163574218,223.49966430664062,541.2013549804688,6.492591916990932
478,mps,stone_canyon,150,-133555.29056714958,459,False,-6.369111602505048,1.9576137503720625,0.03152613362452636,4.7659916496276855,1.3721955235799153,3.393796130816142,896.5877685546875,1358.9300537109375,6.548563999996986
479,mps,sullivan_canyon,150,-52349.49447138777,200,False,0.015247717270006737,0.008062833490466043,0.03860308774591734,4.767347269058227,1.3721687173843384,3.3951785453160603,21.65199851989746,390.8355712890625,6.500897416990483
480,mps,stone_canyon,150,-75482.58487182808,256,False,-2.1610997993747394,0.256450365758889,0.027480422891676425,4.767269922892253,1.372079501946767,3.3951904153823853,383.73980712890625,606.9998168945312,6.224102500011213
481,mps,stone_canyon,150,-129697.14812763024,444,False,-6.090021547327439,1.753317910512754,0.03389845451960961,4.76732837677002,1.371284786860148,3.3960435819625854,919.0099487304688,1397.3709716796875,7.191954124980839
482,mps,topanga_ridge,150,-28986.43421526118,104,False,2.0673306501718858,0.2914125187575822,0.0529283690949281,4.767143332163493,1.3707814343770346,3.396361912091573,199.79034423828125,1463.34130859375,7.800352542020846
483,mps,topanga_ridge,150,-17248.435424498857,60,False,3.395911611020565,0.5911550081484408,0.0423231270412604,4.7673641649882,1.3702992876370748,3.3970648717880247,415.88421630859375,1130.5570068359375,7.51802787501947
484,mps,single_training,150,-132332.18677260453,429,False,-6.675042533477147,2.499480309021504,0.028095729779452086,4.767254238128662,1.3697671127319335,3.3974871397018434,828.8363647460938,1280.2926025390625,7.666204207984265
