episode,scenario_name,device,n_ticks,reward,buildings_destroyed,contained,policy_loss,value_loss,classification_loss,entropy,value_grad_norm,other_grad_norm,wall_time_s
1,single_training,mps,150,-143628.2081666291,475,False,-284465.9062434896,4448114502.416667,0.07124275265882413,4.409617630640666,79201336.0,175524112.0,6.73069337499328
2,stone_canyon,mps,150,-153455.8935034613,529,False,-283671.081171875,4441371736.286667,0.06080481397608916,4.427220853169759,93246616.0,192113120.0,6.11659341599443
3,single_training,mps,8,-56.03821979107845,0,True,6.618753671646118,2.2382469177246094,0.016528990818187594,4.305142939090729,110.00021362304688,194.12754821777344,0.3747227920102887
4,single_training,mps,150,-143824.59254640384,472,False,3.979824925630043,2.983452204595448,0.06878140301133195,4.403726191520691,3109.815673828125,7053.9169921875,6.255185124988202
5,single_training,mps,150,-88519.59055945961,292,False,8.58152180592219,6.384669737741351,0.06771867387617628,4.385551767349243,4784.0234375,9724.8251953125,6.5876554579881486
6,stone_canyon,mps,150,-142495.099431713,488,False,5.846144203046958,6.05359582256681,0.058261339943856,4.369330428441366,4272.7900390625,9111.3935546875,6.385699167003622
7,single_training,mps,150,-126228.10133374152,422,False,2.7678517266362905,1.9353311956061225,0.06838876149306694,4.345820728937785,2358.7939453125,5125.6337890625,6.60809049999807
8,single_training,mps,150,-118729.8873412474,393,False,2.1607999571288627,1.5459321175664809,0.055963081580897175,4.315759641329447,1995.580322265625,4212.30615234375,6.7450931670027785
9,single_training,mps,150,-87440.89160636059,283,False,3.8916380647321542,1.3058440969471121,0.05404933501034975,4.286262760162353,1845.1751708984375,3806.82373046875,6.18248187500285
10,single_training,mps,150,-99597.3130846338,323,False,1.1294285749644042,0.2954194364362411,0.05291338206579288,4.265242970784505,652.2019653320312,1354.9154052734375,6.447570332995383
11,single_training,mps,150,-141669.70649472583,470,False,-3.1828393782426914,0.7746488533899537,0.06177836650361617,4.2441440677642825,767.4478759765625,1233.888671875,6.2412670419726055
12,single_training,mps,150,-97968.81598003882,319,False,0.2758967335669634,0.12174522160365257,0.06414533315847318,4.23290164788564,216.94639587402344,499.7085266113281,6.268082208989654
13,topanga_ridge,mps,150,-10649.04960828838,35,False,-19770.336363932292,25161656.75,0.11532972248271108,4.222336719830831,7391664.0,14024298.0,6.161673957976745
14,single_training,mps,150,-110942.4515841723,366,False,-1.8470841910131275,0.37509329061402846,0.07966416620338956,4.2140564457575485,636.8882446289062,1152.9224853515625,6.238969333004206
15,single_training,mps,150,-108110.5397077946,350,False,-1.770409560756913,0.29312544816572783,0.06470698686316609,4.21206069946289,804.3120727539062,1496.48876953125,6.154733167000813
16,single_training,mps,6,-26.89936105626228,0,True,3.091765602429708,0.6363990952571233,0.011869869194924831,4.293176968892415,39.79796600341797,48.91144943237305,0.24697849998483434
17,single_training,mps,150,-146781.2667221065,475,False,-5.386836450795332,1.9095527180284262,0.07329822575673461,4.20172023455302,1996.042724609375,3590.1826171875,5.85502083299798
18,single_training,mps,7,29.948984246658902,0,True,2.380761521203177,0.545319812638419,0.01329046008842332,4.252688135419573,43.77253723144531,64.93930053710938,0.26205458398908377
19,stone_canyon,mps,150,-163759.95431565744,562,False,-3.580847694774469,1.0744301156199072,0.054050407831867535,4.174435513814291,1415.6324462890625,2567.1181640625,6.16920500001288
20,single_training,mps,150,-95168.9030235536,313,False,0.2155466005206108,0.17294852309135725,0.06381452475984892,4.16139833132426,387.5628662109375,814.2538452148438,6.005440167005872
21,single_training,mps,5,3.83813388802686,0,True,2.0986671328544615,0.2764765828847885,0.012963635288178921,4.119549751281738,23.81353759765625,25.85650634765625,0.2017531249730382
22,topanga_ridge,mps,150,-2850.559820809191,3,False,10.573000372250874,7.2713366254170735,0.09828358804807066,4.140830642382304,3440.396240234375,6185.02685546875,6.246386541984975
23,single_training,mps,150,-89313.07493255289,292,False,0.19695378543809056,0.1467728581823091,0.04823002107441425,4.12396079381307,170.8096923828125,322.5930480957031,6.1553979580057785
24,single_training,mps,150,-132284.45435787743,438,False,-3.7174129085739454,0.9042307028915578,0.09541241918380061,4.111166076660156,1060.8343505859375,1621.1270751953125,5.93384229199728
25,single_training,mps,5,1.2658203569451132,0,True,1.1967610359191894,0.12672753930091857,0.01318651270121336,3.9852547645568848,16.987287521362305,21.754091262817383,0.19048566700075753
26,stone_canyon,mps,150,-104782.05877141288,361,False,1.661037431191653,0.34748194371365876,0.053011844456195834,4.094404069582621,413.5790710449219,840.0502319335938,6.1641384579997975
27,single_training,mps,150,-92332.39149135487,307,False,-0.22239735145121814,0.20187211324000998,0.06187664838507771,4.079024923642477,305.4861145019531,679.402587890625,6.1013525830057915
28,stone_canyon,mps,150,-102395.57981397214,355,False,1.235967389891545,0.3890825727081392,0.05798863332097729,4.0642404429117835,480.09698486328125,1026.445068359375,5.977506875002291
29,single_training,mps,150,-107731.89780914772,356,False,-2.0540200212349493,0.4586431929694178,0.05536459097017844,4.052662636439005,846.4678955078125,1334.8824462890625,6.002981625002576
30,sullivan_canyon,mps,150,-62195.67883020383,237,False,-109862.7182047526,883348534.5047916,0.08363881738235553,4.048504867553711,39220388.0,65651180.0,5.948328208993189
31,single_training,mps,15,-107.57553445276946,0,True,1.628578205903371,0.29937929530472807,0.015618957517047723,3.974009068806966,51.457950592041016,68.89691925048828,0.5584612499806099
32,sullivan_canyon,mps,150,-48743.710115170055,184,False,-0.19368307458857695,0.15194610815456447,0.06902074778452516,4.0359253454208375,174.67306518554688,225.5068817138672,5.952564334002091
33,single_training,mps,150,-93785.61392690681,307,False,-1.0708141981546457,0.26379677007299407,0.05070151737580697,4.032588356335958,290.1484069824219,410.9977111816406,6.069508416025201
34,stone_canyon,mps,3,29.99083668035051,0,True,1.1064290603001912,0.09473174562056859,0.014287241113682589,3.7029828230539956,9.69416618347168,13.49278736114502,0.13888229100848548
35,single_training,mps,4,18.349271285160036,0,True,0.06399948359467089,0.0026974633838108275,0.011755786370486021,3.6818560361862183,0.6267399191856384,3.9697554111480713,0.16000887501286343
36,single_training,mps,4,20.409482476303072,0,True,0.02189995243679732,0.002634914493683027,0.007332249195314944,3.6722500324249268,0.5824023485183716,3.0555312633514404,0.14734358299756423
37,single_training,mps,150,-93950.29759521391,305,False,-1.0788942155987025,0.2467594412251492,0.05565876559043924,4.040498681068421,272.26104736328125,316.91796875,6.289314708992606
38,single_training,mps,150,-110678.80050392766,370,False,-2.302093117237091,0.48422677615770227,0.07652528742483507,4.051188532511393,499.6648254394531,563.0757446289062,6.207772667024983
39,single_training,mps,150,-134165.98613179033,437,False,-4.219634536604087,1.2848709263427494,0.08149886480843027,4.068356296221415,1116.9808349609375,1606.970703125,5.946112083009211
40,single_training,mps,150,-106542.54634117235,350,False,-1.3424550491943956,0.2934526180408587,0.07530302238029739,4.086218395233154,289.78680419921875,361.0007019042969,5.769566500006476
41,single_training,mps,150,-146293.7443631679,484,False,-4.5699012072881064,1.3875049566450373,0.09587355888060604,4.103038179079691,1012.5914916992188,1392.6575927734375,6.085886999993818
42,sullivan_canyon,mps,150,-54434.70094583155,202,False,-0.521186120286584,0.18305662728727232,0.11229784576765572,4.129160353342692,209.38365173339844,467.1163635253906,6.377098666998791
43,topanga_ridge,mps,150,-16451.28666123238,57,False,-9.380984466870625,6.8018041284879045,0.1587551221709388,4.148513278961182,3551.335693359375,6656.9609375,6.013138625014108
44,single_training,mps,5,-3.510905107580152,0,True,1.3091779470443725,0.23922961056232453,0.0025656719226390123,3.962695026397705,22.5194091796875,34.73659133911133,0.2012340000073891
45,single_training,mps,150,-79319.29154037496,259,False,3.2666448163986206,0.9375273337960244,0.07187258801423013,4.177876516977946,1352.0809326171875,2691.85302734375,5.798645792005118
46,single_training,mps,5,-5.540431005348424,0,True,1.776966941356659,0.2771661192178726,0.003091329662129283,3.964980363845825,24.057405471801758,29.61832046508789,0.20817454101052135
47,single_training,mps,4,18.34927128516004,0,True,1.599049523472786,0.245245523750782,0.0035870634019374847,3.9342509508132935,18.337257385253906,23.20159912109375,0.16330975000164472
48,single_training,mps,150,-111986.90340182245,371,False,1.7598104595641295,1.7751262064045294,0.06759137365656595,4.177235536575317,1953.9315185546875,4079.69677734375,6.366681582992896
49,single_training,mps,150,-112780.62275218521,370,False,1.587560434838136,1.7382330914633348,0.07411202575390538,4.172425545056661,1929.2022705078125,4065.145263671875,6.09468733301037
50,single_training,mps,4,19.54336383380884,0,True,1.3268230855464935,0.15724163502454758,0.005797004560008645,3.8262571692466736,15.216628074645996,18.43665885925293,0.16273004200775176
51,single_training,mps,150,-82999.41774685652,272,False,4.011875036420921,1.8295668200894093,0.052867322157447535,4.151908543904622,2164.781982421875,4299.7666015625,6.169394166994607
52,single_training,mps,150,-117707.91430763534,381,False,0.8227782394737005,1.234628237294916,0.056870767980193096,4.1422551107406616,1406.8602294921875,3188.958984375,6.110966041014763
53,single_training,mps,150,-111548.49351431131,363,False,0.9111678990721702,1.0252395421641631,0.052608972638845446,4.132898925145467,1239.791015625,2921.20068359375,6.082276000001002
54,single_training,mps,150,-147544.32299963478,488,False,-2.6456612994273505,1.2432335139659698,0.07200916410113374,4.1188119745254514,458.3193664550781,804.7251586914062,6.187483166984748
55,sullivan_canyon,mps,150,-65868.30493869583,239,False,-1.9712345030655463,0.6186656794336644,0.056538411658257244,4.115599710146586,867.1029663085938,1654.98974609375,6.167148458014708
56,single_training,mps,150,-134130.39055391788,448,False,-1.8048373588422935,0.649169219888281,0.06491025860110919,4.101391984621684,356.434326171875,529.6464233398438,6.293120999995153
57,single_training,mps,150,-137289.9296016283,449,False,-2.07827781625092,0.7024791121767339,0.060578814620773,4.102311228116354,413.89947509765625,541.4497680664062,5.762348166026641
58,single_training,mps,5,-29.878085783181717,0,True,0.9541910111904144,0.07227282635867596,0.02183329053223133,3.6298078536987304,12.989750862121582,16.663585662841797,0.19954041700111702
59,sullivan_canyon,mps,150,-48423.85496109965,182,False,1.8167982336009543,0.39266516507314614,0.06177201385299365,4.107050218582153,323.4313049316406,690.20703125,6.108966707979562
60,single_training,mps,150,-163315.12723198248,546,False,-4.6187936104337375,1.6691059978877698,0.06035742703825235,4.107010725339253,1253.11474609375,1939.6651611328125,6.1064725420146715
61,single_training,mps,12,-149.87433660493014,0,True,1.5704435979326565,0.17581372413163385,0.013618689418459931,3.7475544810295105,43.98561477661133,43.94074249267578,0.47193266701651737
62,single_training,mps,150,-163699.64924346222,538,False,-4.831773444612821,1.9830432294992109,0.06451739385103186,4.107668298085531,1980.591064453125,3747.89599609375,6.058812625007704
63,topanga_ridge,mps,150,-19863.812940513504,71,False,-6.124934649467468,3.9485988451043763,0.09514381845171253,4.114416502316793,3080.569091796875,6076.421875,6.124209708010312
64,single_training,mps,150,-103531.81249888206,345,False,0.30225353124551474,0.2185000312825044,0.07070720015714566,4.106503251393636,134.4939727783203,308.4066467285156,6.068364125007065
65,topanga_ridge,mps,150,-24466.86360416538,88,False,-5.908900008598963,4.244605393136541,0.11849181925567488,4.1175988674163815,3066.815185546875,6201.92724609375,5.820778583991341
66,single_training,mps,150,-99994.8562583802,327,False,0.8542813227201501,0.2558054804086472,0.05857744451612234,4.119942482312521,280.6813659667969,667.6779174804688,6.09740120798233
67,single_training,mps,150,-123070.26937371651,404,False,-1.0219485885072208,0.2619483625725544,0.06660249618813395,4.125458308855692,247.23062133789062,309.0782470703125,6.082550791994436
68,single_training,mps,150,-136185.74305567637,446,False,-1.7226485157401477,0.4077300492281831,0.060247067945698896,4.132094620068868,369.9335632324219,506.39337158203125,6.178735584020615
69,single_training,mps,150,-95268.52496884187,311,False,1.797364692290624,0.4846397364973867,0.058589828287561735,4.140634918212891,829.3707885742188,1772.724853515625,6.141715208010282
70,single_training,mps,150,-107710.84699298078,355,False,0.7675628131938478,0.21427960425504958,0.053476367170612014,4.148756167093913,319.4700927734375,695.4734497070312,6.313591834012186
71,single_training,mps,150,-123083.89928802238,408,False,-0.8983558471873403,0.2369886482882551,0.046818739504863816,4.150536069869995,334.0667419433594,636.7216796875,6.098562541999854
72,topanga_ridge,mps,150,-7913.624658541069,24,False,3.5683213901581863,1.5593536135391333,0.08824545722454787,4.162120769818624,995.5181884765625,1999.77783203125,6.246973416011315
73,single_training,mps,150,-118825.20589607603,389,False,-0.06537141220023235,0.2234200235758908,0.05662856824696064,4.160286456743876,339.4980773925781,866.2330322265625,6.1858772080158815
74,single_training,mps,5,0.5836965301090231,0,True,1.7349910259246826,0.4104951500892639,0.02140408642590046,3.7086180210113526,30.139619827270508,43.879085540771484,0.20052124999347143
75,single_training,mps,150,-121131.52514601532,401,False,-0.595706747219665,0.17342534020817502,0.06622364234179258,4.158371585210165,141.06472778320312,310.6338806152344,6.033330209000269
76,single_training,mps,150,-115648.05838765751,378,False,-0.37928339956949153,0.19161265853992215,0.05993591944376628,4.152388882637024,362.4671630859375,854.6768798828125,6.102388791012345
77,single_training,mps,150,-132064.04678544472,434,False,-1.831855811929951,0.44406164810660814,0.05834897680828969,4.150964601834615,899.489990234375,1967.2249755859375,6.149627167003928
78,single_training,mps,5,0.960691230589056,0,True,1.9994271993637085,0.5702526867389679,0.013339555263519287,3.6715320587158202,35.47169494628906,48.59184265136719,0.2190655420126859
79,single_training,mps,150,-95255.88849974326,312,False,1.4986705718686184,0.2814581763589134,0.0516746644799908,4.13858550230662,310.97174072265625,641.2188110351562,6.240971374994842
80,single_training,mps,150,-96670.02748035947,319,False,1.3037299055978655,0.24049599542203698,0.06381239006916682,4.134053347905477,258.4383850097656,574.25537109375,6.288031165982829
81,single_training,mps,4,18.803903709481702,0,True,1.4385225921869278,0.472651943564415,0.01023351214826107,3.5869089365005493,26.36594009399414,40.865020751953125,0.15824795799562708
82,single_training,mps,150,-126922.84576308863,418,False,-2.003416613812248,0.4402071688298944,0.058160349025080604,4.1230925861994425,938.779296875,2009.55908203125,6.002029875002336
83,single_training,mps,4,18.34927128516004,0,True,1.2779683470726013,0.37166066467761993,0.011166582815349102,3.520947277545929,23.676416397094727,33.2296028137207,0.1684257080196403
84,single_training,mps,5,1.1793014482282445,0,True,1.668844711780548,0.32789635062217715,0.01083289049565792,3.4835949897766114,27.87082290649414,33.793697357177734,0.17952854200848378
85,single_training,mps,150,-139653.52592134892,464,False,-3.1196992611388366,0.7751662282046163,0.06646518043552836,4.079268895785014,1056.074951171875,2033.7806396484375,6.03899149998324
86,sullivan_canyon,mps,150,-54080.09390516616,198,False,-0.8334711156537136,0.5097480665510132,0.051646481975913046,4.065520888964335,942.7984619140625,2320.333740234375,6.017739584000083
87,single_training,mps,150,-89694.77465819243,291,False,0.9326874272587399,0.21606886031693043,0.04813041613747676,4.049621157646179,117.44905853271484,337.6241760253906,5.997727915993892
88,single_training,mps,150,-71490.16951704523,230,False,2.1664423602074385,0.5083236875981675,0.03500288370996714,4.038860281308492,538.5848388671875,1042.7340087890625,6.000475957989693
89,single_training,mps,7,-36.99506199469478,0,True,1.0364114556993758,0.08771317665066038,0.011729767945195948,3.2277040481567383,20.787006378173828,19.920181274414062,0.2508198749856092
90,single_training,mps,150,-148076.0090121373,484,False,-4.0932512842615445,1.2839687895433356,0.06363180163005988,4.021946366628011,956.9415893554688,1414.3839111328125,5.9739862919959705
91,single_training,mps,150,-75691.68836934093,247,False,1.6951352563500404,0.458206202002087,0.04922453918183843,4.017865516344706,797.4635009765625,1817.960693359375,6.275608083000407
92,sullivan_canyon,mps,150,-48193.26209145103,181,False,0.4296508905881395,0.3059854237528598,0.06990143839269876,4.01355051835378,530.2137451171875,1392.66455078125,6.059542416973272
93,single_training,mps,150,-128171.00238789954,416,False,-2.9649552514155704,0.682654472241799,0.04986458810046315,4.001669136683146,894.1932373046875,1431.1846923828125,6.028223707980942
94,single_training,mps,4,10.209886752759875,0,True,0.3114101014798507,0.009186939914798131,0.01245363475754857,3.0969958901405334,3.3141252994537354,5.727901458740234,0.18664466601330787
95,single_training,mps,4,18.803903709481702,0,True,0.20618198672309518,0.005545884690945968,0.009794177487492561,3.0840007662773132,1.9566221237182617,3.914029598236084,0.15736179202212952
96,single_training,mps,5,-21.673958169857983,0,True,0.13235349990427495,0.0047786817536689345,0.006363966781646013,3.100152015686035,1.2059271335601807,3.424048662185669,0.20746925001731142
97,single_training,mps,150,-137718.07584295928,451,False,-3.744414272507032,1.055757981998225,0.07176852589317907,3.9786729923884074,1011.1212158203125,1546.3680419921875,5.969237375014927
98,single_training,mps,150,-105123.61829988775,345,False,-1.1156259706616403,0.3033040197557178,0.08506904928479343,3.976288782755534,282.1742858886719,517.503173828125,5.83869454098749
99,single_training,mps,150,-133092.56163064644,429,False,-2.9914887823102374,0.9612391476339932,0.08722505318311354,3.988254384994507,535.0748901367188,711.2921142578125,6.03649229198345
100,single_training,mps,150,-90557.44035041804,299,False,0.15949762421039243,0.23754675180829357,0.06620550607874369,4.003750109672547,217.14820861816406,460.57659912109375,6.293067791993963
101,single_training,mps,4,20.960691230589056,0,True,-0.01096651959232986,0.003358078700330225,0.0017725209763739258,3.175361216068268,0.8655015230178833,2.5035088062286377,0.1990057909861207
102,sullivan_canyon,mps,150,-42015.32211323315,158,False,1.5589149789015453,0.30420385755831375,0.09468614778248594,4.03586483001709,427.47869873046875,1022.0881958007812,6.096602208010154
103,single_training,mps,4,4.713824288047654,0,True,0.2957135192118585,0.007817286790668732,0.0020440425723791122,3.2984843254089355,2.8578813076019287,3.126216411590576,0.16992595902411267
104,single_training,mps,150,-123383.01195282085,408,False,-1.8711243971188862,0.6119877554778941,0.08692363431910052,4.061920431454976,314.698974609375,737.1167602539062,5.978249167004833
105,single_training,mps,4,18.349271285160036,0,True,0.2763804579153657,0.014625588373746723,0.0022500551713164896,3.4012240767478943,4.543283939361572,5.686183452606201,0.16216599999461323
106,stone_canyon,mps,150,-115146.15257557445,393,False,0.6591960959136486,0.4087267235121302,0.06065378345238666,4.0781868394215905,376.2206726074219,1011.1048583984375,5.753932749998057
107,single_training,mps,150,-105112.89166295089,346,False,-0.5965733820510407,0.27002363221552517,0.07343814587686211,4.083051850001017,248.67091369628906,697.1553344726562,6.060375833010767
108,single_training,mps,4,11.179301448228241,0,True,0.5257463585585356,0.021629942173603922,0.002858353254850954,3.4908973574638367,5.57665491104126,5.447645664215088,0.16550629198900424
109,single_training,mps,150,-148305.35059503256,485,False,-4.665197252556681,1.591479375766503,0.07262158928749463,4.094358065923055,1498.0341796875,2929.441650390625,6.024087666010018
110,single_training,mps,150,-128666.82239034136,427,False,-2.9411063321493565,0.8403279967527608,0.07367432717854779,4.101307339668274,1091.66943359375,2299.420166015625,5.970280709007056
111,single_training,mps,150,-103693.42435951487,341,False,-1.1049465842669208,0.32084062074564523,0.05545567517789702,4.107111519177755,621.4673461914062,1381.8017578125,6.108246957999654
112,single_training,mps,20,-202.42778437558582,0,True,3.3264684688299893,1.0046697057434357,0.0048611828358843924,3.989545130729675,104.39318084716797,151.3433837890625,0.7433957080065738
113,single_training,mps,150,-141678.97570397737,461,False,-3.8873186923066774,1.178138475442926,0.07083706273076434,4.124900449117025,1325.8980712890625,2678.5390625,5.934358083002735
114,single_training,mps,150,-91793.64468178975,302,False,0.5686497902746002,0.28499255800040524,0.0542659326052914,4.136478659311931,482.8755798339844,1292.1611328125,6.217569291999098
115,stone_canyon,mps,150,-135395.41148794207,464,False,-1.7849387868493796,0.5606384960927729,0.0574804517844071,4.13977077960968,627.0536499023438,1130.40869140625,6.056695957988268
116,single_training,mps,150,-104570.69046298416,344,False,-0.5184262713852028,0.23870935811529612,0.06917773035044471,4.1448373667399085,222.9833221435547,600.9302978515625,6.143747166992398
117,single_training,mps,150,-94795.30629623904,308,False,0.5590451430281004,0.27870132169899686,0.05271509401500225,4.1466660340627035,441.9179992675781,1138.11669921875,6.753068541991524
118,single_training,mps,5,2.6614807127478954,0,True,0.5511965036392212,0.027686323691159486,0.008778537064790726,3.6001030921936037,7.696169376373291,8.945934295654297,0.20218637498328462
119,single_training,mps,150,-138005.0975563428,450,False,-3.090162366280953,0.8359202822856605,0.07314865645642082,4.150758895874024,673.1541137695312,1013.4042358398438,6.198171208990971
120,single_training,mps,150,-155785.7922488478,507,False,-4.529417075465123,1.5554864508654767,0.054965456916640204,4.151709283192952,1041.5435791015625,1708.74365234375,6.22222412499832
121,single_training,mps,150,-164289.6983748933,537,False,-5.067926216522853,1.7411985236701246,0.060979912349333365,4.1573646545410154,1353.9530029296875,2470.204833984375,6.099985500011826
122,single_training,mps,150,-102744.23293384153,335,False,0.31008338384951156,0.3169399784209721,0.06244699603567521,4.162108465830485,524.4898681640625,1353.69775390625,6.150592833000701
123,single_training,mps,4,19.611237203076392,0,True,0.40245622023940086,0.024668239639140666,0.01045219600200653,3.5676549673080444,6.072338581085205,9.272912979125977,0.16077166600734927
124,single_training,mps,150,-102330.4189308505,329,False,0.7435292503982782,0.3664459158433601,0.05398774927482009,4.178892529805501,616.54736328125,1562.728759765625,6.0883612500038
125,topanga_ridge,mps,150,-14219.671312795108,49,False,-0.328030867750446,1.016661063228627,0.10114387204870581,4.185539215405782,495.20281982421875,1167.413818359375,6.344246833003126
126,single_training,mps,150,-142831.88862537182,465,False,-2.1631102091943224,0.6713378039897604,0.056631593741476534,4.1832589975992835,398.29876708984375,547.0701904296875,6.276252249983372
127,single_training,mps,150,-100516.52361733175,329,False,0.9975079036007325,0.31504244524180347,0.049023413099348545,4.192540787061056,479.1995544433594,1208.4595947265625,6.075511208007811
128,single_training,mps,150,-145004.76968734796,472,False,-2.592434929634134,0.6581390702548864,0.05697149235755205,4.192277124722799,825.8456420898438,1508.076904296875,6.1849460000230465
129,single_training,mps,4,18.959176189561187,0,True,0.7003084383904934,0.04839897295460105,0.010160342324525118,3.526138126850128,8.796690940856934,9.943072319030762,0.17169645798276179
130,single_training,mps,6,-15.372154473763587,0,True,0.8260437200466791,0.05694186051065723,0.0091818628522257,3.5316675901412964,14.055974960327148,15.131416320800781,0.2150133750110399
131,single_training,mps,4,18.803903709481702,0,True,0.5196910873055458,0.03386092558503151,0.007482807035557926,3.4715343713760376,7.338685035705566,9.424637794494629,0.14744833399890922
132,single_training,mps,5,-1.2968577555859113,0,True,0.5884663090109825,0.02554069079924375,0.005488021112978458,3.4394117832183837,7.53523063659668,7.099911212921143,0.18911045900313184
133,single_training,mps,150,-137682.54820209192,458,False,-1.4755703921367724,0.4968085663670596,0.08224223093284914,4.161761741638184,349.9822998046875,492.23309326171875,6.15617920900695
134,single_training,mps,5,-15.361797491785879,0,True,0.1325128309428692,0.006974879628978669,0.0031279860995709896,3.3297942161560057,1.6517845392227173,2.8890011310577393,0.19588654200197197
135,single_training,mps,150,-137683.32572323008,447,False,-0.864203704893589,0.513620741746466,0.08141107367506871,4.140839529037476,331.3752136230469,810.2379760742188,6.0765234580030665
136,single_training,mps,150,-145314.23645553758,476,False,-1.4542126607398191,0.7541139348953342,0.09781522383680567,4.137674605051677,410.5482177734375,1004.0516967773438,6.071027583006071
137,single_training,mps,4,9.948984246658902,0,True,-0.18678996188100427,0.01021332212900461,0.002103403938235715,3.2059742212295532,4.028642654418945,5.516141414642334,0.1764160000020638
138,single_training,mps,150,-97517.92437916194,321,False,2.338266651739056,0.7798381771343338,0.07015757921539868,4.154199282328288,1043.67041015625,2780.0126953125,6.1944285419886
139,single_training,mps,5,0.960691230589056,0,True,0.02520322650671005,0.007894287537783384,0.0021801166934892536,3.326576280593872,1.0666248798370361,2.8466074466705322,0.18800200000987388
140,single_training,mps,150,-149128.66153692492,488,False,-2.104089839955171,0.6650971107625325,0.07817147612882157,4.171763079961141,600.4759521484375,821.697509765625,6.235711750021437
141,single_training,mps,150,-100409.50297240981,329,False,1.4413988480716944,0.3647927738627186,0.08442792524971689,4.175400509834289,362.839599609375,850.7061157226562,6.083291499991901
142,single_training,mps,150,-125240.42981741429,411,False,-1.0424867767033477,0.4471257169042936,0.0919785418213966,4.182692674001058,715.5828247070312,1747.981201171875,6.149766250018729
143,single_training,mps,150,-104763.17017677015,345,False,0.8221255477517844,0.32235532121344174,0.06296895719754199,4.183397359848023,190.2622528076172,602.854736328125,6.164468958013458
144,single_training,mps,5,0.3282873593221538,0,True,0.489687979221344,0.030999764171428978,0.00291353827342391,3.424984836578369,8.45744800567627,9.608528137207031,0.2033791249850765
145,single_training,mps,150,-120457.57946998347,394,False,-0.3489559431168406,0.25663926180655317,0.07919213873179008,4.201474637985229,220.32786560058594,414.20361328125,6.072347917011939
146,stone_canyon,mps,150,-91933.52715570666,315,False,3.6410157159964243,1.144015760422529,0.04329502498420576,4.20362943649292,1100.3355712890625,2470.6201171875,6.241531624982599
147,single_training,mps,4,11.132302602017706,0,True,0.5419924696907401,0.025182685523759574,0.007624683785252273,3.433246433734894,6.181775093078613,7.673593044281006,0.17003287500119768
148,single_training,mps,37,-414.64638848517933,0,True,7.169613501812155,3.8072936793101393,0.010525139325575248,4.255307204014546,368.83740234375,597.7487182617188,1.3489930409996305
149,single_training,mps,150,-111707.60092929841,367,False,-0.5678959734365344,0.26232760934404115,0.052298896672825015,4.224414180119832,369.4001770019531,751.5750732421875,6.217588875006186
150,single_training,mps,150,-129619.58257000188,431,False,-2.333680655558904,0.5150663891311948,0.04866757963473598,4.225258998870849,774.6573486328125,1570.2762451171875,6.28774525001063
151,single_training,mps,150,-117268.56544788365,388,False,-0.9995411473078032,0.3168712200007758,0.056879583758612476,4.233956122398377,417.9381408691406,671.5250854492188,6.314468666008906
152,single_training,mps,150,-94936.89811292035,313,False,0.8469941005762667,0.3451344145625717,0.04796492882072925,4.242831478118896,188.11676025390625,336.3470153808594,6.2887842080090195
153,single_training,mps,150,-117733.22627449127,382,False,-0.8938393662683666,0.2905988307605943,0.056161038099477686,4.252384052276612,240.53005981445312,427.1772766113281,6.153873624978587
154,single_training,mps,150,-119994.49261464727,391,False,-0.7745522720366717,0.28103804411390837,0.05926031447326144,4.266491093635559,237.9009246826172,616.4035034179688,6.2400695419928525
155,sullivan_canyon,mps,150,-55254.55922333301,203,False,-0.8534740446289653,0.3196799780540953,0.055230860865364474,4.281029376983643,440.8815612792969,1049.7666015625,6.331557458004681
156,stone_canyon,mps,150,-139688.74343643175,476,False,-1.2040474505225818,0.7859885334611559,0.04532738490651051,4.29204660097758,499.1448669433594,1609.66357421875,6.135870957979932
157,single_training,mps,150,-93453.51915844255,304,False,2.0453486614177625,0.7481440900002053,0.060246618477006755,4.300623431205749,1079.42333984375,2855.875244140625,6.524459459003992
158,single_training,mps,150,-145363.3859585138,474,False,-2.6362908018007873,0.5687107338885835,0.06206538450283309,4.307395857175191,533.6009521484375,775.1148071289062,6.028313791990513
159,single_training,mps,150,-118818.80582814147,390,False,0.06634927686924735,0.4519209220860648,0.05830827254181107,4.319490119616191,598.6134033203125,1739.0791015625,6.490968583006179
160,single_training,mps,150,-119781.39012719959,392,False,-0.5044325370512281,0.19058131500284994,0.061919048748289546,4.32332115650177,179.5511016845703,514.4180908203125,6.234503792016767
161,single_training,mps,150,-98146.29259663595,321,False,1.5226132213832655,0.31470047649943744,0.04655719504381219,4.329336358706157,560.6011962890625,1360.8704833984375,6.404495707975002
162,stone_canyon,mps,150,-102008.56693103733,349,False,1.5880172209193308,0.316186270275745,0.042209070486327015,4.335668269793192,308.9696960449219,670.9519653320312,6.132542459003162
163,single_training,mps,150,-98088.52883968814,320,False,1.0781662978542348,0.2005995074327681,0.06317499499768019,4.337099124590556,279.7920837402344,696.20556640625,6.413906915986445
164,single_training,mps,150,-105714.6744995352,345,False,0.2991837822459638,0.17918017835277472,0.05344348708788554,4.345776847203573,184.79417419433594,526.114990234375,6.804920583002968
165,stone_canyon,mps,150,-143553.3629847591,490,False,-2.496538818453749,0.7150520709461247,0.051810230575501916,4.3461361487706505,800.3363037109375,1752.780029296875,6.39624258299591
166,single_training,mps,150,-77755.85566291976,253,False,1.495392159819603,0.47662543654441836,0.04274684349695841,4.350995284716288,281.12298583984375,1089.7576904296875,6.186655708006583
167,single_training,mps,150,-108193.94616086385,355,False,-1.29792896900326,0.36968480967845,0.05003047466898958,4.353627564112346,711.2393188476562,1912.578125,6.172604749997845
168,single_training,mps,150,-132405.65361365108,433,False,-3.2364895668253304,0.7906099446128064,0.0548758004916211,4.3638615783055625,1030.7059326171875,2446.055419921875,6.2199641250190325
169,single_training,mps,150,-141393.46586777363,460,False,-4.2326499430835245,1.2163810673506912,0.05422343120599787,4.376725357373555,1339.8734130859375,3343.33544921875,5.905148958001519
170,single_training,mps,150,-139010.00879286154,451,False,-3.1633291518688202,0.788548907134682,0.064302227627486,4.382296616236369,660.2470703125,1258.04931640625,5.871254249999765
171,single_training,mps,4,10.409482476303072,0,True,2.1376373171806335,0.5833118110895157,0.014635959407314658,3.942087173461914,27.121923446655273,39.51722717285156,0.1665623340231832
172,single_training,mps,150,-121618.24588944254,397,False,-1.9051317434633772,0.3417216275645827,0.04734816499054432,4.401717284520467,590.3594360351562,1429.0245361328125,6.10331608299748
173,topanga_ridge,mps,150,-9635.884276374622,30,False,1.4279859916120767,0.8977276667276358,0.0830293521968027,4.407362151145935,277.7247314453125,758.0504760742188,6.205244749988196
174,single_training,mps,150,-127104.28892141201,418,False,-1.714499716941888,0.2594810201014858,0.06449735969305039,4.416041123072306,346.92144775390625,622.0488891601562,6.107964084018022
175,single_training,mps,4,14.985485138214518,0,True,3.4499626755714417,0.6521802842617035,0.013805605936795473,3.9001511931419373,29.022499084472656,30.443952560424805,0.16565591699327342
176,single_training,mps,150,-95246.223760101,316,False,1.47209218849428,0.20769167913864806,0.05277052785580357,4.442028622627259,400.88983154296875,904.9016723632812,6.295116499997675
177,single_training,mps,150,-143101.72531549598,468,False,-2.236777439713478,0.5628420106793722,0.05445371943836411,4.444357639948527,258.5592956542969,450.8747253417969,6.013645208993694
178,single_training,mps,4,10.409482476303072,0,True,1.747910052537918,0.6990922093391418,0.01183940889313817,3.901543378829956,29.77585220336914,50.15727615356445,0.159606959001394
179,single_training,mps,150,-107706.1630769605,351,False,1.0000093090347946,0.2839866901490336,0.04780179174616933,4.45222156047821,543.2225341796875,1378.385986328125,6.14216225000564
180,single_training,mps,150,-146674.35901749533,476,False,-2.614665808106462,0.5106423615006497,0.06677685994034012,4.45063170115153,465.9963684082031,705.4210815429688,6.342844041995704
181,single_training,mps,4,0.7715610529828965,0,True,2.757938891649246,0.6383275389671326,0.009833168936893344,3.8005608916282654,29.3831844329834,34.491455078125,0.16519875000813045
182,single_training,mps,7,-27.74378999218183,0,True,3.173133475439889,0.7068388078893934,0.009049215487071447,3.821523870740618,52.71687316894531,51.65190124511719,0.267303875007201
183,single_training,mps,150,-93805.01132921332,308,False,2.652033961415291,0.8715158765235295,0.042175357931603985,4.450495823224386,1166.30517578125,2677.63232421875,6.181652791012311
184,stone_canyon,mps,150,-170000.62189131137,583,False,-2.422615977625052,1.6338337951981037,0.0612096814190348,4.446345264116923,555.2368774414062,1461.65966796875,5.915433624992147
185,single_training,mps,150,-92084.88168763668,301,False,2.7100688095887504,0.7345584338655075,0.06177108222618699,4.439458711942037,1007.35205078125,2367.61572265625,6.010496333008632
186,sullivan_canyon,mps,150,-52120.225641011275,194,False,0.7743016875597338,0.20553815264012884,0.06068954613680641,4.433380149205526,280.57183837890625,682.793701171875,6.043040917022154
187,single_training,mps,150,-134315.3583689194,436,False,-1.662799109891057,0.36807329999709815,0.047314376073578995,4.422783439954122,262.3747253417969,335.4248046875,5.943472665996524
188,single_training,mps,150,-92084.8978224078,301,False,2.24608818218112,0.6585506179346703,0.047410738772402206,4.4159344943364465,938.7333374023438,2296.061767578125,6.207213582994882
189,single_training,mps,150,-129089.72868989855,421,False,-1.2988742603485783,0.272040490643479,0.048552068372567495,4.404482282002767,245.18197631835938,289.4893493652344,6.272172625001986
190,stone_canyon,mps,150,-125082.9845492249,433,False,0.004927618412184529,0.25424091097745377,0.05396842829883099,4.393776604334513,193.37533569335938,323.77117919921875,6.045127625024179
191,single_training,mps,150,-137418.64173679668,448,False,-2.525703878576557,0.46971856037183896,0.050165438105662666,4.390607268015543,623.2291259765625,1144.865234375,6.075529458001256
192,single_training,mps,18,-116.64620142605128,0,True,4.993078447050518,1.6898223575618532,0.01061645621019933,3.9451869328816733,153.00051879882812,173.24583435058594,0.6639221660152543
193,topanga_ridge,mps,150,-18592.626849706816,66,False,-3.5516221381227173,2.1434126928304127,0.062379600405693056,4.402272993723551,1644.5986328125,3618.84375,6.0807389589899685
194,single_training,mps,150,-106097.10398126667,344,False,0.1355200889830788,0.1870522178777901,0.049367707284788294,4.399807044665018,208.51358032226562,617.0427856445312,6.154159124998841
195,single_training,mps,150,-104341.73881710008,344,False,0.5945980645855888,0.13345443331143997,0.04518022116584083,4.404425331751505,124.14456939697266,290.1678161621094,6.080804124998394
196,topanga_ridge,mps,150,-20832.994857444017,75,False,-4.112227991558611,2.4025396978289186,0.08026842432096601,4.412147016525268,1821.4112548828125,4080.86767578125,6.164912375010317
197,stone_canyon,mps,150,-110895.44847432127,380,False,0.990046594607799,0.29145128721731034,0.0388522820174694,4.418212933540344,141.74827575683594,305.3238830566406,6.300961832981557
198,single_training,mps,4,-1.7642030927192636,0,True,3.1220495253801346,0.4385492876172066,0.011252600001171231,3.486230492591858,26.701492309570312,26.99711799621582,0.16168512500007637
199,single_training,mps,4,11.206849884246928,0,True,1.9968583285808563,0.4879399910569191,0.010710508795455098,3.5455111265182495,27.54738998413086,36.13334655761719,0.14971329100080766
200,single_training,mps,150,-82261.04719220953,270,False,2.1788483525261593,0.415432752459877,0.03757650169854363,4.451020469665528,323.97418212890625,528.522216796875,6.023874250007793
201,sullivan_canyon,mps,150,-52860.390012513955,192,False,-0.9438493359896044,0.6307449383464578,0.043762364989767474,4.460925326347351,741.5352172851562,1936.4007568359375,6.139961125008995
202,single_training,mps,4,9.49435182233724,0,True,2.093592494726181,0.3932960480451584,0.008263693191111088,3.5543617606163025,24.826480865478516,26.043973922729492,0.1700042920128908
203,single_training,mps,4,6.297322548387569,0,True,2.0509223639965057,0.3353402018547058,0.007047012448310852,3.5299296975135803,23.221803665161133,23.061187744140625,0.14808579100645147
204,single_training,mps,150,-97294.85616123835,322,False,0.7644355455785989,0.15147224043714233,0.04839860932901502,4.467667110761007,174.15354919433594,414.4422912597656,6.036768333025975
205,stone_canyon,mps,150,-95263.27824341226,327,False,2.358697856416305,0.569802446298066,0.03464481364004314,4.471857722600301,521.5426025390625,1217.0958251953125,6.323905291996198
206,single_training,mps,15,-142.7117212741261,0,True,3.4946906844774883,0.9003272275129954,0.006647621685018142,3.8566842079162598,99.28718566894531,105.19563293457031,0.5813432090217248
207,single_training,mps,6,-38.866583362104066,0,True,1.5253664602835972,0.18522655591368675,0.006402024067938328,3.5202330350875854,25.97022819519043,24.658418655395508,0.23391050001373515
208,single_training,mps,4,1.1784072464755333,0,True,1.3030013144016266,0.11588748916983604,0.0058471583761274815,3.4695645570755005,14.120905876159668,12.408937454223633,0.15781874998356216
209,single_training,mps,150,-125436.34514056389,417,False,-1.6943426221609115,0.8708437472209334,0.06815499433626732,4.4557369502385455,418.16656494140625,1366.26220703125,5.913672750000842
210,single_training,mps,150,-96267.52502061584,315,False,-0.5127871223228673,0.1857314100655113,0.05130195170640946,4.444650003115336,189.25540161132812,333.5795593261719,6.119446415978018
211,single_training,mps,150,-113913.24206595558,372,False,-2.3673024582490325,0.4643110427834108,0.04980060194308559,4.444966187477112,737.623779296875,1510.516845703125,6.0966107090062
212,single_training,mps,150,-120327.64788354303,395,False,-2.996631097973635,0.6977570830462066,0.04603704451583326,4.435550012588501,627.6749877929688,1018.4799194335938,6.353091124998173
213,topanga_ridge,mps,150,-18305.60860788838,64,False,-4.457097979883353,2.2727377560165283,0.0785779910100003,4.44213751633962,1617.2335205078125,3259.4462890625,5.961440583982039
214,single_training,mps,5,-9.123149102503334,0,True,0.2598863668739796,0.015464331280054467,0.013352079316973686,3.380704927444458,5.519527912139893,13.486795425415039,0.19017012498807162
215,single_training,mps,150,-141215.85474231196,456,False,-4.289421899815401,1.2347494510607795,0.04302198300758998,4.439338045120239,922.6517944335938,1760.768798828125,6.174429000006057
216,single_training,mps,4,18.803903709481702,0,True,0.11216661240905523,0.006428547807445284,0.008977767545729876,3.3447359800338745,2.2448620796203613,6.372213840484619,0.1629214170097839
217,single_training,mps,150,-138443.66522730104,456,False,-3.2882807107766467,1.0493204761703965,0.06399453920312226,4.44167794863383,580.2034301757812,807.0621948242188,6.027794875000836
218,single_training,mps,22,-220.15766469301045,0,True,3.121999173933132,1.0019328131549463,0.004948754921894182,3.934553124687888,110.40815734863281,167.21713256835938,0.8110518749745097
219,single_training,mps,150,-144303.53518699962,473,False,-3.8148696601887546,1.1543745172318935,0.07524095064184318,4.444231142997742,684.0460815429688,812.8766479492188,6.165827042015735
220,single_training,mps,150,-123370.96779046099,405,False,-2.1967304904821017,0.4924525655636292,0.05739878470078111,4.452491431236267,637.4434814453125,1206.7220458984375,5.993931624980178
221,topanga_ridge,mps,150,-16378.073812851411,57,False,-1.6433513276589413,1.016584490241882,0.09334159148546557,4.4603575404485065,662.7738037109375,1458.5401611328125,6.087696250004228
222,single_training,mps,150,-150375.21574454743,498,False,-3.5666304884850977,1.1680356018423723,0.07130204369469235,4.4596639267603555,643.611328125,750.269775390625,6.153024791012285
223,single_training,mps,150,-102757.91076196797,338,False,1.549213852615406,0.9605022592036797,0.057525330376811325,4.464695286750794,909.3363037109375,2447.35400390625,6.096037499984959
224,sullivan_canyon,mps,150,-74769.68510994669,280,False,-3.951500094458461,1.7845213399426332,0.07224692463564376,4.47794983069102,627.20361328125,817.1685180664062,6.311396500008414
225,single_training,mps,6,-18.03167707079332,0,True,0.32645611216624576,0.019406947957274195,0.007276555988937616,3.3827518224716187,7.009530067443848,9.264874458312988,0.294346416980261
226,single_training,mps,4,10.209886752759875,0,True,0.115243811160326,0.00912187459107372,0.008071208605542779,3.331097960472107,3.2546567916870117,6.865640640258789,0.149951458995929
227,single_training,mps,6,43.79498480849142,0,True,0.2501479114483421,0.01640451088057186,0.006442340789362788,3.3396957317988076,6.204582214355469,9.799274444580078,0.22736150000127964
228,sullivan_canyon,mps,150,-46451.467962748065,172,False,3.753577936006089,1.5957739198662086,0.06760248343770703,4.479976104100545,1404.258544921875,3369.994140625,5.974965165980393
229,single_training,mps,4,10.562339885928502,0,True,-0.018415478989481926,0.0028032251429976895,0.0029317893204279244,3.1973705291748047,0.2719327211380005,1.3998239040374756,0.16483712499029934
230,single_training,mps,150,-131621.36806493223,430,False,-0.07422102270647883,0.6821331604666557,0.08281057159882038,4.461882305145264,568.192138671875,1642.5604248046875,5.997685417009052
231,single_training,mps,4,10.960691230589056,0,True,0.049236955121159554,0.004142820602282882,0.001685773313511163,3.203885555267334,0.09196233004331589,2.2286036014556885,0.1667187080020085
232,single_training,mps,150,-92007.03211181895,303,False,3.5217153019209704,1.3373780128608148,0.06869605510961264,4.466518632570902,1298.9273681640625,3091.32861328125,6.036271749995649
233,single_training,mps,150,-79263.62668046287,259,False,4.921605880682667,2.0142871865142173,0.08029815142198156,4.473331623077392,1627.24462890625,3929.556640625,5.967627750011161
234,single_training,mps,5,-24.26565433212661,0,True,0.21967576770111918,0.006937795891326459,0.0017219090252183378,3.3608592987060546,2.6981871128082275,4.993945121765137,0.19692649997887202
235,single_training,mps,4,10.300191417144585,0,True,0.19531726045534015,0.004971233989863322,0.0009438528504688293,3.388144075870514,1.3137551546096802,2.904963254928589,0.14829854099662043
236,single_training,mps,150,-112877.52311222116,370,False,0.6089235679929456,0.34193945129120645,0.09055766847683117,4.50670529683431,322.5693359375,909.3484497070312,6.003284166014055
237,topanga_ridge,mps,150,-18868.25751837268,66,False,-1.6960677316350241,0.9345388857891127,0.19482829779813376,4.517371117273966,748.9784545898438,1997.7886962890625,6.029847625002731
238,single_training,mps,150,-135689.07571495624,454,False,-1.474374595383803,0.6535614546240929,0.10186716319954334,4.527244871457418,321.39404296875,638.71826171875,6.0720757090020925
239,sullivan_canyon,mps,150,-54661.09865133583,206,False,0.9370211087043087,0.7728640669035425,0.13845969174290076,4.537092262903849,600.8786010742188,1823.5167236328125,6.072939000005135
240,stone_canyon,mps,150,-130317.76790745163,446,False,-0.5216164288421472,0.6234733675941425,0.06732272270135581,4.542228679656983,299.8876647949219,628.2554931640625,5.985386541986372
241,single_training,mps,150,-94461.45893430662,310,False,1.6144751426577568,0.42783499871070185,0.06896288889227435,4.549257168769836,497.27508544921875,1284.0811767578125,6.19894512501196
242,single_training,mps,5,-12.302022869416739,0,True,0.5509094774723053,0.02114516980946064,0.002092448668554425,3.7907034873962404,7.629942893981934,7.562690734863281,0.1956479579966981
243,single_training,mps,4,18.803903709481702,0,True,0.3625818006694317,0.03328686021268368,0.0026985820732079446,3.84814316034317,7.370779991149902,10.662105560302734,0.14565262501128018
244,single_training,mps,4,10.960691230589056,0,True,0.3441695272922516,0.02700107975397259,0.0041046274127438664,3.848249614238739,6.554297924041748,8.542455673217773,0.143672834004974
245,topanga_ridge,mps,150,-12015.108401887363,38,False,0.27311259631067514,1.2299180009845925,0.07730383334370951,4.557526747385661,592.1395874023438,1386.0147705078125,6.149394708016189
246,single_training,mps,150,-88866.49042252969,291,False,0.6275153981645902,0.2643149148441565,0.04599322209134698,4.549653746287028,148.9137420654297,320.0604248046875,6.009409625025
247,single_training,mps,150,-106069.49944443358,346,False,-1.5996975650389988,0.44460455506278473,0.04665062164266904,4.553175608317058,608.8059692382812,1498.962646484375,6.255000333010685
248,single_training,mps,150,-117435.24556777926,390,False,-2.16259791413943,0.47037358311315375,0.054733754284679886,4.55140984694163,545.4483642578125,987.9532470703125,6.158804749982664
249,single_training,mps,150,-93206.69972474746,307,False,-0.8201840025186539,0.7433435281638231,0.04984667311112086,4.551084531148275,755.745849609375,1882.3856201171875,6.097444707993418
250,single_training,mps,150,-108291.34519845512,352,False,-1.1724848632855962,0.2984990882751557,0.05822008659442266,4.551628863016765,312.74652099609375,581.1427001953125,6.213573457993334
251,single_training,mps,150,-111326.02303061917,360,False,-1.930329889561981,0.39651465282821924,0.04462894931435585,4.550593611399333,543.6756591796875,1139.8243408203125,5.983573750010692
252,single_training,mps,4,23.623715313117234,0,True,0.29621223197318614,0.008888972632121295,0.015284903347492218,3.7512477040290833,3.3382577896118164,8.602127075195312,0.1650241249881219
253,single_training,mps,4,-8.447733003299007,0,True,0.4421217474155128,0.013400292128608271,0.00832434929907322,3.7658896446228027,4.134373188018799,5.810450553894043,0.15321854100329801
254,sullivan_canyon,mps,150,-50430.6847324058,189,False,-0.35337910731633504,0.2234080472320299,0.07201274029600123,4.562306660016378,176.64578247070312,461.2468566894531,6.172909249988152
255,single_training,mps,150,-122188.87780368981,397,False,-1.8769730910193174,0.38170912031724585,0.06968991440099974,4.559156646728516,393.96221923828125,532.7247924804688,6.220006917021237
256,single_training,mps,150,-123478.28422553411,400,False,-1.6669676994532348,0.3764401907702753,0.07954399343890449,4.56333285331726,334.4784240722656,505.992919921875,6.114199375006137
257,single_training,mps,150,-165516.46112670694,537,False,-5.1039947369912015,1.7537746113790225,0.08663976595271379,4.565271650950114,839.7686157226562,1247.5589599609375,5.99221625001519
258,single_training,mps,4,-10.163084567365516,0,True,0.5648970138281584,0.016711772652342916,0.0027394669596105814,3.7774274945259094,5.529874801635742,5.471574306488037,0.1607662090100348
259,stone_canyon,mps,150,-123357.57443266477,423,False,0.4833342908571164,0.737725913983295,0.05435025640297681,4.566738209724426,582.834716796875,1649.491455078125,6.097698416997446
260,single_training,mps,150,-157879.6491804171,509,False,-3.777011250505845,1.1905094930315196,0.0617659634584561,4.5671135473251345,575.9181518554688,737.80322265625,6.061395041993819
261,single_training,mps,5,0.20988675275987134,0,True,0.7256474673748017,0.062051954306662084,0.0034888744819909336,3.877069520950317,12.48327350616455,14.77987289428711,0.19941808399744332
262,single_training,mps,150,-90082.2638294882,299,False,2.299952914317449,0.5236856107537945,0.04061609843435387,4.566876942316691,519.5093994140625,1024.3399658203125,6.290846249990864
263,single_training,mps,150,-108845.4063177238,357,False,1.4581630866229534,0.697097317098572,0.05429468515018622,4.56610134601593,785.9013671875,2003.3133544921875,5.934915042016655
264,single_training,mps,150,-82465.19621760922,271,False,3.7541249998410544,1.1540558141966661,0.04973264680554469,4.57029216448466,1131.8680419921875,2444.185546875,6.287365916010458
265,single_training,mps,150,-111958.22961574412,368,False,0.8580034593741099,0.6016733543284438,0.06026187415545185,4.570101346969604,640.3125,1853.771484375,6.105313666979782
266,single_training,mps,5,-2.1157934121983004,0,True,0.49072338044643404,0.05098528936505318,0.00850101076066494,3.8330660343170164,11.460869789123535,17.284765243530273,0.22024145800969563
267,single_training,mps,150,-124096.07283043259,410,False,-0.49148911555608116,0.5053794423079428,0.04509203615908822,4.570163062413534,341.538330078125,1047.1884765625,6.0615049580228515
268,single_training,mps,150,-120683.19495534181,392,False,-0.6140039669908584,0.24169545707953186,0.05188165595754981,4.563509426116943,198.19149780273438,258.4015197753906,5.97267687501153
269,topanga_ridge,mps,150,-15253.735320636386,52,False,0.16756278291344642,0.9424484023997017,0.07847292434424162,4.56764788309733,427.3153381347656,923.6812744140625,6.108114750008099
270,single_training,mps,150,-121260.35525761655,397,False,-0.22879609694704414,0.40954030861943463,0.04828851876159509,4.56515584786733,324.3941345214844,923.6644287109375,6.13560066599166
271,single_training,mps,150,-129896.65621442554,419,False,-1.8465625546251734,0.3789349295070239,0.04208912748843432,4.57126484076182,500.75836181640625,959.7847290039062,5.8399853330047335
272,single_training,mps,150,-97216.62711005253,319,False,1.55549720497181,0.42032119534364026,0.05477426418413719,4.573500569661459,514.4059448242188,1341.87939453125,6.1055471249856055
273,single_training,mps,7,-34.829032759091035,0,True,1.2826337303434099,0.13268897842083657,0.016477540667567934,3.849822963987078,24.705455780029297,29.97178840637207,0.2693734999920707
274,stone_canyon,mps,150,-124161.94156835997,425,False,-0.5758745174358288,0.3014593568282665,0.04210503027463953,4.57552268187205,225.05445861816406,241.73924255371094,5.795575333002489
275,single_training,mps,150,-117883.44252420706,388,False,-1.1068614020695289,0.2532496791157852,0.04384722645394504,4.579198047320048,332.9973449707031,692.6343383789062,6.122258624993265
276,single_training,mps,5,4.3323073713124955,0,True,1.146271175146103,0.12869257479906082,0.005255035776644945,3.8269145488739014,18.142972946166992,19.34984588623047,0.22386254198499955
277,single_training,mps,150,-115758.2618378197,379,False,-0.7456784416905915,0.19069602415561435,0.04824741516107072,4.582945720354716,183.5779571533203,279.48419189453125,6.033296207984677
278,single_training,mps,150,-140706.32928184283,457,False,-2.9324824703733126,0.6425574991501829,0.06530260701508572,4.580601525306702,531.7760620117188,888.4533081054688,6.151026750012534
279,topanga_ridge,mps,150,-14595.93567654661,49,False,-0.07998873443653186,1.1188123806937074,0.07731342270039022,4.581336531639099,568.5031127929688,1490.1868896484375,6.239882916997885
280,single_training,mps,150,-90886.62161074579,296,False,1.820666775306066,0.3362686276932557,0.042291877986863256,4.57563012599945,440.3572998046875,1107.1077880859375,5.9866127079876605
281,stone_canyon,mps,150,-114249.3515055962,394,False,0.6678744724734376,0.2948702660933941,0.04594508493008713,4.581055108706156,154.91342163085938,375.77886962890625,6.163455542002339
282,single_training,mps,7,-26.742503252123868,0,True,2.022478299481528,0.284327038696834,0.010615074341850621,3.8278239454541887,36.93178939819336,44.009151458740234,0.28377566600102
283,topanga_ridge,mps,150,-12643.618809396057,41,False,1.256320783222715,1.1921083007275108,0.057156674197564525,4.575226349830627,355.8456726074219,749.6529541015625,6.263365541992243
284,single_training,mps,150,-121684.94972460503,402,False,-0.832162530682981,0.2288548330166183,0.04866489288707574,4.566874670982361,173.72373962402344,392.8290710449219,6.00656120799249
285,single_training,mps,150,-105520.11101928432,345,False,0.26678407805040477,0.15499024520218274,0.03996838254854083,4.560210868517558,118.78067779541016,406.1956481933594,6.243612708989531
286,stone_canyon,mps,150,-137355.88936513456,473,False,-1.469468551936249,0.3836144821491568,0.039063744470477106,4.560382755597432,372.6157531738281,545.5498657226562,6.11994637499447
287,single_training,mps,150,-117019.23796864299,378,False,-0.1793999880986909,0.18534360049217866,0.04416437344625592,4.560709649721781,168.3367156982422,502.3903503417969,6.087980000011157
288,single_training,mps,5,-22.50553281521267,0,True,2.18680180311203,0.32643388509750365,0.0047044183127582075,3.776708555221558,28.757165908813477,28.506200790405273,0.2118047919939272
289,single_training,mps,4,6.941381046087308,0,True,2.2317893505096436,0.2974717281758785,0.003979572386015207,3.759538769721985,22.28781509399414,21.4437198638916,0.1454867089923937
290,single_training,mps,150,-143451.10109739666,475,False,-3.163532172019283,0.637455337380452,0.05679902699620774,4.556906326611837,722.3831787109375,1514.7286376953125,6.198798124998575
291,single_training,mps,150,-96821.11864474326,315,False,1.3480271808306377,0.21649376744404436,0.04764844876093169,4.554126477241516,278.68927001953125,733.050537109375,6.005341582989786
292,single_training,mps,6,-16.32776142354887,0,True,1.8772034446398418,0.29981433351834613,0.0024228321854025126,3.7868324915568032,32.922203063964844,34.644344329833984,0.23431329100276344
293,sullivan_canyon,mps,150,-48207.59293253783,177,False,0.9167734164992968,0.21468345817847875,0.04844408955735465,4.549259303410848,95.3516616821289,382.5445861816406,5.922454499988817
294,single_training,mps,4,9.611237203076392,0,True,1.5031389743089676,0.20775563269853592,0.0032701739110052586,3.718582272529602,18.894031524658203,20.19159698486328,0.16635104099987075
295,single_training,mps,8,11.844143638642798,0,True,1.403488166630268,0.2838068222627044,0.004247642820701003,3.784336030483246,41.289825439453125,51.32405471801758,0.29344124998897314
296,single_training,mps,5,-7.472072849995698,0,True,1.3222721338272094,0.13681412488222122,0.005269471276551485,3.646603155136108,19.375091552734375,18.97524642944336,0.18694462499115616
297,sullivan_canyon,mps,150,-47381.929890285166,176,False,1.1684378512172648,0.31701569004742547,0.04649696541329225,4.485003550847371,379.7929992675781,1087.3466796875,6.163793457992142
298,single_training,mps,150,-99555.84729969982,324,False,0.6765108334148924,0.2506550680641885,0.03687666886796554,4.4653366247812905,323.4195556640625,957.0504760742188,6.192018041998381
299,single_training,mps,150,-126813.25807435042,418,False,-2.140796731809775,0.4219588551427781,0.0396026074886322,4.448206351598103,541.33837890625,928.1390380859375,6.21902874999796
300,single_training,mps,7,-36.32564912544231,0,True,0.3065326300316623,0.028448456897357182,0.010971706892762865,3.408662898199899,10.79804515838623,20.2945556640625,0.26473450000048615
301,sullivan_canyon,mps,150,-67050.62064752975,247,False,-4.414434255162875,1.40005197763443,0.049921730620165666,4.418975706100464,1268.9814453125,2900.304931640625,6.144720791024156
302,topanga_ridge,mps,150,-5838.912294552478,15,False,4.840698128143947,2.0402607672909894,0.06206694975805779,4.401093726158142,988.3057250976562,2236.267578125,6.017754250002326
303,single_training,mps,150,-106017.51497350298,345,False,-0.5678905290225521,0.23246734801530428,0.03792388563975692,4.3733762264251705,244.45968627929688,285.09228515625,6.011870750022354
304,single_training,mps,150,-120129.00970169726,393,False,-1.3575250884665486,0.49022681052465616,0.04451963940324883,4.3584310928980505,352.442626953125,618.141845703125,5.833492458012188
305,single_training,mps,150,-84384.43632980874,277,False,1.1678808421517413,0.2863312249560598,0.03439458714798093,4.344671640396118,306.5468444824219,878.2997436523438,6.114014791994123
306,single_training,mps,150,-101683.5122516504,336,False,-0.3951273345419516,0.23468130315734356,0.04720029863839348,4.331516318321228,221.19076538085938,385.03631591796875,5.864052249991801
307,single_training,mps,4,18.803903709481702,0,True,-0.06924556056037545,0.010515175542423094,0.012590939877554774,3.0521541237831116,3.9056622982025146,12.520442008972168,0.1598814580065664
308,single_training,mps,150,-97353.27366064872,318,False,-0.4165003737558921,0.19876573236275968,0.04573779510334134,4.325692375500997,232.16641235351562,211.6352996826172,6.196205667016329
309,single_training,mps,150,-119826.47572352369,387,False,-2.9378188998500505,0.7453995998816875,0.041491195593650144,4.324431853294373,897.4445190429688,1953.2647705078125,6.210573125019437
310,sullivan_canyon,mps,150,-66307.31167672238,239,False,-4.508159134984016,1.449565012177142,0.04745288074947893,4.344174709320068,1284.13623046875,2867.55908203125,6.024617209011922
311,single_training,mps,4,18.385257913529145,0,True,0.22421855758875608,0.009277710123569705,0.005575020913966,3.1671144366264343,3.2812371253967285,5.348133563995361,0.16069508300279267
312,single_training,mps,22,-165.85556975688047,0,True,3.4672672620720486,1.2967070454767715,0.004565697173926641,3.8914097981019453,129.7967529296875,210.81100463867188,0.9091744580073282
313,sullivan_canyon,mps,150,-39362.93096227622,145,False,1.401857206746936,0.31518811232190275,0.04520620776495586,4.355424507459005,117.9524917602539,499.4383239746094,6.25360962501145
314,single_training,mps,5,36.67586731355418,0,True,0.5373210243880748,0.020576685841660947,0.0022203597938641904,3.2188260555267334,7.019265174865723,5.9628472328186035,0.1855377499887254
315,single_training,mps,5,2.4599129055939173,0,True,0.4189853508025408,0.01631666838948149,0.0018552523571997881,3.2234920501708983,6.223586082458496,5.5330657958984375,0.18133308299002238
316,stone_canyon,mps,150,-137234.51931683708,468,False,-2.8817021590843797,0.8104096292670026,0.04668808761363228,4.357380286852519,680.41748046875,1058.5152587890625,6.014636457985034
317,sullivan_canyon,mps,150,-74797.85559411813,279,False,-6.585258266528448,3.064851907109842,0.07750448820491632,4.3614644130071,1874.58154296875,4561.27880859375,6.335876208002446
318,single_training,mps,150,-110315.3232447967,358,False,-1.7458642592156928,0.45548493271541096,0.05204937274567783,4.3665758228302005,662.6175537109375,1627.0977783203125,6.168754707992775
319,single_training,mps,4,11.105953176748748,0,True,0.2718914467841387,0.007377646368695423,0.0017373821465298533,3.203754425048828,2.581151008605957,3.4424798488616943,0.18683645798591897
320,single_training,mps,150,-103479.35681057136,339,False,0.003656292032683268,0.3200141402571872,0.05569619323515023,4.381253080368042,282.8079528808594,905.1616821289062,6.060434791987063
321,sullivan_canyon,mps,150,-76337.52719598133,277,False,-5.555758782476187,1.865935597161782,0.05880729976886263,4.396617738405864,1246.140869140625,2410.15380859375,6.107790707988897
322,single_training,mps,5,-0.051015753341097536,0,True,0.07805754914879799,0.007232939312234521,0.0023081347346305845,3.2581631660461428,2.3283205032348633,3.694899320602417,0.19889808300649747
323,single_training,mps,5,-5.298940234598497,0,True,0.022526469826698304,0.007822568505071103,0.002470224443823099,3.2595669746398928,2.1310977935791016,3.9459874629974365,0.191872916999273
324,single_training,mps,5,8.803903709481702,0,True,0.10369613971561194,0.006873878536407574,0.002467471221461892,3.2322638988494874,0.5222263336181641,4.237195014953613,0.1891235829971265
325,single_training,mps,150,-98342.35997421104,320,False,0.5185918418349077,0.33738819863302294,0.04712798566014195,4.405453063646952,347.60662841796875,1109.2681884765625,6.147861375007778
326,single_training,mps,150,-146624.64883989442,484,False,-3.2866236050240696,1.0468996665287287,0.05794487207041432,4.40969088713328,584.1817626953125,656.8501586914062,6.048080749984365
327,single_training,mps,4,-6.169167221142569,0,True,-0.14907172322273254,0.00773642779677175,0.0017624491010792553,3.1975690722465515,2.8401248455047607,3.407400131225586,0.17902924999361858
328,single_training,mps,150,-74531.52750190187,244,False,2.558992415579657,0.6370263799227056,0.038114271895028654,4.426851677894592,585.4363403320312,1253.4427490234375,6.003145708004013
329,sullivan_canyon,mps,150,-59275.245634828825,215,False,-1.7300379705118636,0.4421686736466442,0.04857855246635154,4.439429734547933,585.037109375,1230.0594482421875,6.175335583015112
330,single_training,mps,4,19.54336383380884,0,True,-0.01383972354233265,0.004018043517135084,0.0021348869777284563,3.310510814189911,0.47786083817481995,1.706053376197815,0.17019600002095103
331,single_training,mps,150,-121136.0631039835,397,False,-1.3565682227707778,0.4210047732557928,0.04586919401849931,4.45359960714976,257.79022216796875,624.9965209960938,6.066090833977796
332,stone_canyon,mps,150,-126382.52378051092,434,False,-0.8111682856145005,0.3546050468300397,0.04560156994499266,4.46621249516805,263.36187744140625,370.4089050292969,5.958612791000633
333,single_training,mps,150,-135584.2038503428,436,False,-2.330967499216398,0.6723516557772139,0.05009596902721872,4.470768672625224,369.8038024902344,547.9837646484375,5.9205654169782065
334,single_training,mps,150,-130133.09803829686,425,False,-1.4309565028548241,0.6700492126494646,0.04046655541285873,4.482756247520447,341.7987365722656,996.0262451171875,6.222774499998195
335,single_training,mps,150,-90818.0608462423,296,False,1.770241055165728,0.59900739317447,0.03811527334153652,4.488802069028218,675.0297241210938,1940.66650390625,5.930925499997102
336,topanga_ridge,mps,150,-14604.103427578353,49,False,-0.30382384524991113,0.887448225349314,0.06192388599117597,4.493528416951498,405.4770202636719,1816.1839599609375,6.01254166700528
337,single_training,mps,150,-93655.2703177264,308,False,1.7350325262174011,0.45998265157192386,0.05631848680476348,4.495730415980021,548.1943969726562,2188.23095703125,6.084956749982666
338,single_training,mps,150,-179155.36377151633,587,False,-6.477296274602413,2.435970248437952,0.04658911053091288,4.501295547485352,1245.222900390625,2275.6826171875,6.340142417000607
339,single_training,mps,150,-100066.70338395164,326,False,1.1283486905507742,0.354326710161594,0.03666074991847078,4.506214302380879,429.32537841796875,1304.976806640625,6.162278750009136
340,stone_canyon,mps,150,-100255.53410931978,346,False,1.1249273267139992,0.26149059131673613,0.029971200904498497,4.517486758232117,120.30339813232422,222.66201782226562,6.345311041979585
341,single_training,mps,150,-92098.12510153778,303,False,1.1743787425011396,0.24569727250246312,0.04872777431582411,4.515240421295166,325.6192321777344,976.7454833984375,6.10925712500466
342,single_training,mps,150,-141255.11134286993,464,False,-3.628819931447506,0.8456036954016114,0.046139208286379775,4.524303175608317,707.4803466796875,1483.882080078125,5.954221874999348
343,topanga_ridge,mps,150,-18969.863298046395,66,False,-4.037455354916553,2.178465773845225,0.07759214033139869,4.525315623283387,1327.754638671875,3434.016357421875,6.191694082983304
344,sullivan_canyon,mps,150,-36342.3330466724,134,False,3.1155438367525736,0.599074646855394,0.042869336054039496,4.525113728841146,474.5145263671875,1001.518310546875,6.2001948340039235
345,single_training,mps,4,-20.267571589910247,0,True,2.773379758000374,0.3152931369841099,0.0020110368786845356,3.933283269405365,21.582765579223633,20.22306251525879,0.16716366697801277
346,single_training,mps,12,-136.4281971253691,0,True,2.9886019875605903,0.5259937470157942,0.0023882556706666946,4.0943625171979265,74.66727447509766,64.0271224975586,0.4582028750155587
347,single_training,mps,150,-85339.30443096033,282,False,1.155256816415737,0.1734568668108538,0.042190443134556214,4.516078705787659,114.57872009277344,368.1978454589844,6.024985709023895
348,topanga_ridge,mps,150,-21331.680617408627,75,False,-5.559804375239958,3.8742562939398524,0.05492211955289046,4.518805128733317,1851.845703125,4374.826171875,5.940758124983404
349,stone_canyon,mps,150,-127374.98137792466,436,False,-1.7472291902204355,0.45639835828580544,0.032737897094339136,4.519660536448161,517.6647338867188,1295.310546875,6.167614041012712
350,single_training,mps,7,-22.911924493275666,0,True,2.517397863524301,0.39066190804753986,0.01840781234204769,4.0600678239549906,40.01374816894531,47.727447509765625,0.27085225001792423
351,sullivan_canyon,mps,150,-57560.62056216781,215,False,-1.776378610143438,0.36663439944788023,0.03832810822874308,4.529021008809408,470.328125,1297.895263671875,6.213821790996008
352,single_training,mps,4,4.426344559916068,0,True,2.1590850800275803,0.27628762647509575,0.013624581741169095,3.996851861476898,20.428768157958984,24.43829917907715,0.18768816598458216
353,single_training,mps,150,-117349.40285461512,381,False,-1.8252081068356831,0.244792448276033,0.03663244931958616,4.530424586931864,381.0888366699219,740.0435180664062,5.956714375002775
354,single_training,mps,150,-151133.3523314379,488,False,-4.097182946354151,1.0909758444912343,0.04269339716993272,4.531848436991374,638.2986450195312,1031.054443359375,6.152777500014054
355,single_training,mps,150,-146763.84755047032,484,False,-4.101744144956271,0.9662740972149186,0.04037523593753576,4.537644084294637,778.6597290039062,1540.812744140625,6.118520000018179
356,single_training,mps,5,-5.298940234598497,0,True,1.739765429496765,0.2837578982114792,0.003658546647056937,4.040908336639404,25.519439697265625,27.69976234436035,0.19672283399268053
357,stone_canyon,mps,150,-160963.1592976532,554,False,-4.367481751739978,1.236809582337931,0.03882519805959116,4.5508934624989825,784.474853515625,1405.4876708984375,6.03452804099652
358,single_training,mps,150,-107210.09517837664,350,False,0.009325221727291742,0.20531326628253738,0.03530447586284329,4.548782510757446,179.07701110839844,652.7564697265625,6.082648707990302
359,single_training,mps,150,-129642.23981354527,422,False,-1.8820716266830761,0.4061459141969681,0.03879957302783926,4.5578020493189495,250.231201171875,438.9739990234375,6.270324166980572
360,single_training,mps,150,-96252.37168505268,313,False,1.9068728866443658,0.5378271339461865,0.033248851057142016,4.552365876833598,635.8685913085938,1600.37841796875,6.035105540999211
361,single_training,mps,13,-150.10502685268946,0,True,3.0533917133624735,0.6112565031418433,0.017258342642050523,4.157530729587261,77.29810333251953,95.6947021484375,0.4977643750025891
362,single_training,mps,150,-116803.4838064343,384,False,-0.03864617571234703,0.20637926823980857,0.03425635707875093,4.554088778495789,206.3213653564453,763.1237182617188,6.011102832999313
363,single_training,mps,150,-107109.1417167944,351,False,1.3551702451791303,0.7181272298105986,0.03284799496332804,4.551754082043965,705.974609375,1782.5992431640625,6.0788803749892395
364,single_training,mps,150,-108272.58505893417,351,False,0.8220189052199324,0.39674617147903213,0.03428739603608846,4.549679972330729,447.4481506347656,1209.29833984375,6.129058457998326
365,topanga_ridge,mps,150,-18701.34221454037,65,False,-2.0421258475755653,1.2042329969240866,0.0540587185540547,4.551016395886739,679.5126342773438,1562.388671875,5.941820334002841
366,single_training,mps,5,9.443671411365756,0,True,1.6777281761169434,0.21280128359794617,0.004323162231594324,3.963580846786499,22.997194290161133,22.869428634643555,0.1945464590098709
367,sullivan_canyon,mps,150,-46783.8748089946,171,False,2.0690795147418974,0.41161921543379626,0.0475134261076649,4.549789845148722,471.95458984375,1150.2109375,5.9266178339894395
368,topanga_ridge,mps,150,-7742.5914424554985,22,False,5.059541890012722,1.8117665745465275,0.05310937748601039,4.54688658396403,926.57861328125,1820.5145263671875,6.188395292003406
369,single_training,mps,150,-128475.7212089279,422,False,-1.1723163433993855,0.4938052722746822,0.03701891480945051,4.545345322291056,232.5186767578125,696.3064575195312,5.988578000018606
370,sullivan_canyon,mps,150,-37049.15519301233,136,False,3.7546862188975014,0.8439955121278763,0.0352191204794993,4.554188370704651,728.0531616210938,1602.7076416015625,5.947340291982982
371,single_training,mps,150,-99086.23143272738,322,False,0.8379649537491302,0.2061495675659565,0.03265396825969219,4.545671060880025,200.2109375,569.91162109375,6.1835376669769175
372,sullivan_canyon,mps,150,-44396.682860421955,167,False,1.2769932567079862,0.21079475220874883,0.037622987342377505,4.55545882542928,204.87586975097656,574.1412353515625,5.9833719590096734
373,single_training,mps,11,-58.522672572743794,0,True,1.7393058267506687,0.2866180667823011,0.011231701736423102,4.015261086550626,53.34927749633789,66.48768615722656,0.40815037497668527
374,single_training,mps,150,-122656.05594846727,398,False,-2.230794863179326,0.4066686748683666,0.03987886583432555,4.545973518689474,441.5740051269531,743.6089477539062,6.077267625019886
375,single_training,mps,150,-113715.57939845363,376,False,-1.8377906268586714,0.3276584825593212,0.03988497185520828,4.544416522979736,419.28839111328125,839.61474609375,6.946857333008666
376,single_training,mps,4,14.985485138214518,0,True,1.077389732003212,0.07617090549319983,0.004252902697771788,3.778454303741455,11.861835479736328,10.011324882507324,0.18151337499148212
377,single_training,mps,150,-122441.00564013969,402,False,-2.4345393044874073,0.49954939827995987,0.03858499684836716,4.547937943140666,522.395263671875,948.7406005859375,6.0333112080115825
378,single_training,mps,150,-134651.50297452754,438,False,-3.8441628467912476,0.8606720610831712,0.04783059915838142,4.548781620661417,744.5451049804688,1303.4000244140625,7.257357875001617
379,single_training,mps,4,18.803903709481702,0,True,0.4743403270840645,0.06565482541918755,0.0031787848565727472,3.749171495437622,10.868146896362305,15.173698425292969,0.17145312498905696
380,single_training,mps,8,-45.402390573649335,0,True,1.0011632665991783,0.11583754210732877,0.0032965068821795285,3.8149478435516357,26.54303550720215,27.73577880859375,0.357478916994296
381,topanga_ridge,mps,150,-6215.217445183963,16,False,3.6570484686642883,1.4416495755966026,0.05532281057909131,4.554889534314474,442.6415100097656,1132.9493408203125,6.6153455000021495
382,stone_canyon,mps,150,-122091.62124853166,419,False,-1.3372671833261847,0.41610849535441957,0.035081637670906884,4.5486904859542845,397.85791015625,625.881103515625,6.15314695899724
383,single_training,mps,150,-103148.15959720405,336,False,-0.6137393984726319,0.2481012413235419,0.03138725549603502,4.548905692100525,194.42518615722656,342.9546813964844,6.274241374980193
384,single_training,mps,4,20.409482476303072,0,True,0.23017837572842836,0.012413601099979132,0.012071980396285653,3.528762996196747,4.358067035675049,15.10325813293457,0.16875766700832173
385,single_training,mps,8,-45.7048215079049,0,True,0.5547927361913025,0.039820276531713716,0.011406441335566342,3.5898568630218506,13.647797584533691,30.658634185791016,0.3411260409920942
386,single_training,mps,4,6.941381046087308,0,True,0.33031830471009016,0.006785604055039585,0.005537157412618399,3.462160050868988,2.486140251159668,6.473082542419434,0.1536724169855006
387,single_training,mps,150,-139998.59743079988,456,False,-4.592612621635198,1.285880259150678,0.041789456261321904,4.526843883196513,954.9642944335938,1712.4295654296875,6.043758207990322
388,single_training,mps,150,-98134.15744796355,322,False,-0.5298426492760578,0.2116020627688704,0.041601601312868296,4.5251152086257935,227.85015869140625,424.11187744140625,5.869741874979809
389,single_training,mps,150,-95851.19083869913,310,False,-0.46471379534651835,0.22026562587581186,0.04519484313127274,4.525787064234415,280.3283386230469,589.0435180664062,6.7578434589959215
390,single_training,mps,150,-99774.11612917275,326,False,-0.4170953003394728,0.2229499318177318,0.06343046662087241,4.530617032051087,181.30747985839844,647.8594970703125,6.1168385409982875
391,single_training,mps,150,-127539.79155872745,420,False,-2.8970640693232417,0.6722006619395203,0.03709516824766373,4.526030699412028,516.323486328125,639.9771118164062,6.2111622910015285
392,single_training,mps,150,-85460.88591564342,281,False,0.8086635091652473,0.2185611757951847,0.028527308121944466,4.5336137262980145,130.6847381591797,271.9294738769531,6.34786583299865
393,stone_canyon,mps,150,-103213.14198537804,354,False,0.6671012153600653,0.2561477609363495,0.038059779989222685,4.541443916956584,174.75485229492188,787.6259155273438,6.260595541010844
394,single_training,mps,4,18.803903709481702,0,True,0.39672501059249043,0.013669211210071808,0.03611988667398691,3.4473944306373596,4.569404602050781,48.4593505859375,0.16466637499979697
395,topanga_ridge,mps,150,-14085.610704585002,47,False,-1.0790379150956868,1.2971542535957996,0.049644792651136714,4.5517702436447145,686.122802734375,1901.1370849609375,6.189835416997084
396,single_training,mps,4,19.54336383380884,0,True,0.4289870373904705,0.025285406736657023,0.015767917037010193,3.4814337491989136,6.702123165130615,20.008872985839844,0.16070962499361485
397,single_training,mps,5,-3.7532574921902935,0,True,0.6470994174480438,0.027042292058467865,0.005336264614015818,3.4782424926757813,8.683409690856934,9.448698997497559,0.18520316598005593
398,sullivan_canyon,mps,150,-48229.84440954503,179,False,-0.28328365574280423,0.22593631600376587,0.045010517602010316,4.5690828816095985,244.9943084716797,770.6074829101562,6.121647624997422
399,single_training,mps,150,-114319.53051197786,380,False,-1.5916253085186085,0.265732179698504,0.06176375780409823,4.5653260691960655,372.8438720703125,795.8816528320312,6.078925542009529
400,topanga_ridge,mps,150,-8018.766414774244,23,False,2.9643278485784927,1.2085747008394294,0.08673546551338708,4.571886027654012,437.3595275878906,1244.8392333984375,6.239749874977861
401,single_training,mps,150,-94651.61005192382,307,False,0.454059594279776,0.21069995431896435,0.04239418468127648,4.572861936887105,106.75820922851562,471.8033447265625,6.782923249993473
402,single_training,mps,4,-4.595727599096808,0,True,0.6717035919427872,0.03554987674579024,0.0016580009832978249,3.52631413936615,8.175677299499512,8.561002731323242,0.15955587499774992
403,single_training,mps,4,6.297322548387569,0,True,0.531281366944313,0.02813324285671115,0.0019931297574657947,3.520400106906891,7.392877101898193,6.516970634460449,0.17535083298571408
404,single_training,mps,150,-110210.02207132973,365,False,-0.5967579928288858,0.2769094757806306,0.035385546929513415,4.576679801940918,195.2355194091797,559.4677734375,6.259898541989969
405,single_training,mps,8,19.948984246658902,0,True,0.5920850588008761,0.06088859145529568,0.003422861365834251,3.646502763032913,19.118608474731445,22.829683303833008,0.4155339169956278
406,single_training,mps,150,-92233.96753831953,302,False,0.8245477534939224,0.23210237359059685,0.028434317549690603,4.579141440391541,240.31996154785156,733.0299072265625,7.165250750025734
407,single_training,mps,17,-187.84685792548566,0,True,2.7828767600962343,0.8823119800230522,0.006993417628109455,3.9877640640034393,77.77449035644531,124.00897216796875,0.8631918749888428
408,single_training,mps,150,-107121.36439232227,352,False,-0.7786875664846351,0.2819648626651519,0.024708249686906734,4.575456740061442,210.30078125,337.72528076171875,7.380711083009373
409,stone_canyon,mps,150,-123274.29088148705,424,False,-0.8554459749658903,0.46316437229269164,0.03048794435337186,4.571597979863484,317.20220947265625,381.9765625,7.161812833015574
410,single_training,mps,150,-83577.5633323694,274,False,1.0320651170859734,0.23189393406103287,0.026334751481190324,4.5767400217056275,180.7146453857422,463.0104064941406,7.797932583023794
411,sullivan_canyon,mps,150,-90881.39779601173,329,False,-9.702006438970566,5.140844977594291,0.03547275142433743,4.577221970558167,1903.669189453125,4344.71337890625,16.607394209015183
412,single_training,mps,150,-102663.94808354403,334,False,-1.323223677991579,0.3413158600502356,0.027211841195821762,4.571157514254252,454.1199035644531,1061.45556640625,15.248111499997322
413,single_training,mps,150,-83771.82474261084,274,False,1.014847732099394,0.23955317952126887,0.03088476782354216,4.576134031613668,197.42608642578125,584.7974853515625,6.872133083990775
414,single_training,mps,25,-391.8202062638114,0,True,4.439166861772537,1.4885434832656756,0.0049764073081314565,4.2065964031219485,145.60548400878906,197.25360107421875,0.9767530829994939
415,stone_canyon,mps,150,-122902.9583426653,420,False,-1.8786413156986237,0.45466483670849506,0.026039319497843584,4.574324989318848,500.5303039550781,966.3068237304688,6.200395332998596
416,topanga_ridge,mps,150,-10340.308093590256,32,False,0.6748341488838195,0.8937800793091992,0.032232714764152966,4.578132217725118,343.5457458496094,716.6861572265625,6.125380666984711
417,single_training,mps,4,18.385257913529145,0,True,0.19057543482631445,0.009774578127689892,0.006132756941951811,3.5637258291244507,3.4742848873138428,7.507603168487549,0.1624385839968454
418,single_training,mps,10,-99.59369977919089,0,True,0.6789686739444732,0.04768888241960667,0.0042870864272117615,3.671479272842407,18.63334083557129,17.885766983032227,0.4532842499902472
419,single_training,mps,4,17.828388048241152,0,True,0.23550473526120186,0.005870005756150931,0.002353746793232858,3.540747582912445,2.182393789291382,3.0363481044769287,0.1620309999852907
420,single_training,mps,6,-13.510905107580157,0,True,0.16528924833983183,0.01652008545352146,0.0014240702730603516,3.608342965443929,5.808289051055908,7.456714630126953,0.22720983298495412
421,topanga_ridge,mps,150,-24460.634989007624,88,False,-8.533416810830435,4.937962346673012,0.08086219322867691,4.573830485343933,2017.4844970703125,5071.82958984375,6.569149374990957
422,single_training,mps,150,-110288.49952527015,360,False,-2.043337189356486,0.4015331832358322,0.07548771251381065,4.567202483812968,510.79925537109375,1200.7451171875,6.2171490830078255
423,single_training,mps,150,-134256.61715501282,433,False,-3.540442789917191,0.9527942344385277,0.08397104586358183,4.566527783075968,563.7218017578125,883.4157104492188,6.0654376249876805
424,single_training,mps,5,4.3323073713124955,0,True,-0.19266681484878062,0.009125578054226934,0.0012806472019292413,3.475942611694336,3.564544916152954,3.9010019302368164,0.20231454097665846
425,single_training,mps,150,-112448.92007652507,373,False,-1.5162231996407112,0.3270439351174476,0.06579398268950172,4.562814230918884,370.5555114746094,642.2807006835938,5.851916250016075
426,single_training,mps,4,17.828388048241152,0,True,-0.11967485497007146,0.0057917598718546515,0.0011237393482588232,3.470807731151581,2.1528239250183105,2.5893468856811523,0.16534920799313113
427,single_training,mps,150,-68421.05710217873,221,False,2.7003396912415822,0.5412635802663863,0.03503444705468913,4.571052279472351,430.6869201660156,1059.807861328125,5.995935875020223
428,single_training,mps,150,-110647.92103122332,360,False,-1.035723690763116,0.2568202845511769,0.03344341004112115,4.581336879730225,227.2982635498047,373.4325866699219,6.167527000012342
429,sullivan_canyon,mps,150,-24450.1736089304,83,False,5.3751184721787775,1.6754543159902096,0.024865500084124505,4.583347765604655,946.2997436523438,2128.40869140625,5.927351165999426
430,single_training,mps,5,3.1054635418951477,0,True,0.3767321467399597,0.015540660604892764,0.014693709649145603,3.6204901218414305,6.216947555541992,27.079242706298828,0.200608958984958
431,single_training,mps,150,-88545.47472934416,288,False,1.8766354947040478,0.675076797499205,0.0426539762566487,4.583844130833944,535.5590209960938,1877.5244140625,6.117340166005306
432,single_training,mps,6,48.8039037094817,0,True,0.4046473143001397,0.03432266635354608,0.023277017287909985,3.6824543873469033,11.203967094421387,52.026451110839844,0.35609870799817145
433,single_training,mps,150,-137264.26148744058,448,False,-3.2799968137343725,0.8292194673136691,0.025790170207619666,4.590674908955892,495.1890563964844,626.4325561523438,6.06244433298707
434,stone_canyon,mps,150,-116511.99232337101,399,False,-0.42690640277850134,0.253662203553829,0.026349661722779274,4.600755597750346,193.27354431152344,242.03565979003906,6.0943322500097565
435,topanga_ridge,mps,150,-26812.93584469107,96,False,-8.390507029294968,4.705709711074208,0.04244699025681863,4.599810330073039,1851.439208984375,4664.62353515625,5.895126291987253
436,single_training,mps,6,41.99272420183652,0,True,0.9988097051779429,0.07873305181662242,0.002056354656815529,3.764188845952352,17.7990779876709,13.604291915893555,0.21953708300134167
437,topanga_ridge,mps,150,-12551.970031584646,42,False,0.7460911703606447,0.6920011051320277,0.053876980973097184,4.604120098749797,234.33970642089844,944.7474975585938,6.157991584012052
438,single_training,mps,150,-77681.01201644067,255,False,2.4541275566071272,0.5013931802463897,0.03866791519103572,4.595979468027751,473.186767578125,1274.50927734375,6.043223417014815
439,sullivan_canyon,mps,150,-50186.65368066544,188,False,0.15326503346674145,0.235804685087921,0.035691786920651794,4.603653426170349,136.90203857421875,625.02734375,6.16569279198302
440,single_training,mps,150,-110208.99304091286,366,False,-0.7584541140682995,0.22634649337212068,0.028660417025287946,4.603407549858093,175.3229217529297,343.718017578125,6.070901207975112
441,single_training,mps,150,-124698.00770806741,395,False,-1.9868431379646063,0.3555105186280707,0.02842112058463196,4.604192202885946,371.52532958984375,526.7789916992188,6.132822709012544
442,single_training,mps,150,-117495.14323341005,385,False,-0.4594120288391908,0.9224059458946189,0.038094659373164176,4.608392171859741,419.8882141113281,1746.8968505859375,5.927254792011809
443,sullivan_canyon,mps,150,-59259.90716154573,216,False,-2.109523955980937,0.37481917186669306,0.04971341677010059,4.6142938597997025,472.9541320800781,2116.179931640625,5.9575943750096485
444,single_training,mps,150,-149275.00592927073,487,False,-3.9226938758790495,1.1197011221687232,0.046032871877153714,4.609400316874186,543.2410888671875,1525.1541748046875,6.14864308401593
445,single_training,mps,150,-112468.780822655,374,False,-1.2462142383679748,0.2429045640836618,0.028699584075560173,4.614466544787089,346.46392822265625,882.6737670898438,5.814226458023768
446,stone_canyon,mps,150,-120734.34160876492,415,False,0.15296860365817944,0.375482858655364,0.029648411932090918,4.615929786364237,257.52874755859375,791.7050170898438,6.284639417019207
447,single_training,mps,150,-106742.45463696182,346,False,-0.23005052098228285,0.13483498745710978,0.0292122398254772,4.614862081209819,133.88427734375,368.2050476074219,6.236198208993301
448,single_training,mps,6,3.6237153131172306,0,True,1.756814698378245,0.3026694655418396,0.0021562808736537895,3.94281538327535,34.005130767822266,33.1524543762207,0.24194858298869804
449,single_training,mps,4,-9.867787755259496,0,True,2.012988194823265,0.2899863049387932,0.002106734726112336,3.925019383430481,22.572431564331055,20.187952041625977,0.169682208012091
450,sullivan_canyon,mps,150,-54018.594245450535,197,False,-0.4269723889355858,0.25083306207562905,0.03294808355548109,4.617039877573649,115.17446899414062,483.9012756347656,5.984768833004637
451,single_training,mps,150,-104375.71909601304,343,False,-0.03336415242558966,0.10711246525063074,0.029642770332284272,4.610419058799744,99.84114837646484,354.7884216308594,6.001588457991602
452,topanga_ridge,mps,150,-15829.13607360777,53,False,-1.200735354696711,0.93408344206667,0.03440907283996542,4.612571299870809,532.1771850585938,1390.8829345703125,5.970652292016894
453,single_training,mps,150,-93431.34666674798,304,False,1.1266434131904195,0.21430332641719965,0.02997106355925401,4.603001750310262,288.87542724609375,963.843505859375,5.970039374980843
454,single_training,mps,4,-5.855289130044991,0,True,2.277743622660637,0.2810198739171028,0.02271365001797676,3.8699989318847656,22.8625431060791,38.819339752197266,0.16357166599482298
455,single_training,mps,150,-166290.6661507968,543,False,-5.474551111441105,1.9318525331312655,0.0366197873527805,4.605180457433065,754.1829223632812,1515.7515869140625,6.0753172090044245
456,single_training,mps,150,-135480.10786745138,446,False,-2.8645114217946928,0.529801519632553,0.0289115399432679,4.605006068547567,439.5970153808594,774.7722778320312,6.240729083016049
457,single_training,mps,150,-105015.73921620469,347,False,-0.17835871886772414,0.11052652102372122,0.025530708643297356,4.60825823465983,89.37210845947266,225.3671875,6.049808332987595
458,single_training,mps,4,0.8585278609966167,0,True,2.2783311009407043,0.3552134186029434,0.0030504806782118976,3.9061538577079773,25.145854949951172,22.628921508789062,0.15973495799698867
459,single_training,mps,150,-103538.02604479906,340,False,-0.032091574795000875,0.11921730895415,0.027407284643656264,4.602437585194906,94.3880844116211,354.61297607421875,5.982048959005624
460,single_training,mps,150,-99867.29034833233,326,False,0.7872606255734961,0.27109380262079563,0.03671987599460408,4.605578053792318,314.53277587890625,1126.7879638671875,6.15818150000996
461,single_training,mps,150,-125818.34015768679,406,False,-2.559982078373432,0.42227024512055017,0.031538534374752396,4.601470801035563,543.7353515625,1326.633544921875,6.033848999999464
462,single_training,mps,7,4.390853826742255,0,True,2.0485340527125766,0.4191288096564157,0.002684465243614146,3.92388916015625,46.745574951171875,44.35118865966797,0.2899663749849424
463,single_training,mps,150,-104769.99133289648,343,False,-0.07101870484339694,0.10298645298238171,0.029823437922944625,4.6018414322535195,118.81475830078125,415.5983581542969,6.049373791000107
464,single_training,mps,150,-116166.91374739213,381,False,-1.2451646064287827,0.18552661855103056,0.02220341001326839,4.596397495269775,230.49534606933594,266.6889343261719,6.112984375009546
465,single_training,mps,7,-34.516732841333095,0,True,2.140275767871312,0.4240654196058001,0.009961327005709921,3.895104782921927,47.33003234863281,49.97046661376953,0.27689079198171385
466,stone_canyon,mps,150,-90958.43822757731,315,False,2.085809126769503,0.5168913595697571,0.02805640717347463,4.594030408859253,198.52333068847656,689.85791015625,6.139797582989559
467,single_training,mps,18,-120.58071194784876,0,True,4.241343985001246,1.5118682227200932,0.009511503701408705,4.177076750331455,144.20509338378906,191.0015106201172,0.6635313339938875
468,single_training,mps,150,-110716.91505363396,361,False,-0.9396173812697332,0.180766043154775,0.02333349657865862,4.582405349413554,212.81124877929688,384.51361083984375,6.050006166973617
469,single_training,mps,4,20.831553468466193,0,True,1.9057957530021667,0.2911212667822838,0.0037630947772413492,3.722479999065399,23.92339324951172,19.11541175842285,0.16414962499402463
470,single_training,mps,10,-76.18771784423154,0,True,3.2219764053821565,0.41079106628894807,0.002534961188212037,3.8247029781341553,65.43354034423828,47.819828033447266,0.3793097079906147
471,single_training,mps,8,-29.54294995858526,0,True,1.480665035545826,0.29898918606340885,0.0022505748202092946,3.746153324842453,46.79042053222656,47.9305419921875,0.2963250830071047
472,topanga_ridge,mps,150,-20492.929443444715,72,False,-4.503896059493224,2.571049700619575,0.050353414160199464,4.564895453453064,1376.4461669921875,3631.733642578125,5.934836083004484
473,single_training,mps,13,-146.3044559234718,0,True,2.488948792219162,0.47340613718216235,0.001635510241612792,3.799643241442167,76.10163116455078,57.17843246459961,0.4945793340157252
474,single_training,mps,150,-106022.64067704216,348,False,-0.5698876693022127,0.15232847508634054,0.03785077154170722,4.547225193977356,195.75038146972656,423.2891540527344,6.032645166997099
475,topanga_ridge,mps,150,-14235.512642450529,48,False,-0.6143779120532175,1.2141220828245665,0.04790159005206078,4.539991591771444,580.7642822265625,1556.0738525390625,6.119147291989066
476,single_training,mps,5,1.4728430622845323,0,True,0.6253920018672943,0.032105823047459126,0.002281950716860592,3.365112829208374,10.659595489501953,10.001681327819824,0.20064575001015328
477,single_training,mps,4,-18.94428842918799,0,True,0.5973112424835563,0.018619915936142206,0.002980408724397421,3.338842213153839,6.312978744506836,6.268294334411621,0.1529262920084875
478,single_training,mps,150,-135017.04236473294,439,False,-2.854930013567209,0.6967875798339931,0.025732657350599767,4.517696879704793,547.566650390625,560.6524658203125,6.035324541007867
479,sullivan_canyon,mps,150,-50633.83722466721,184,False,0.42203362088650465,0.2501386492881041,0.022806481240938106,4.524928849538167,243.15585327148438,631.1902465820312,6.141789584013168
480,single_training,mps,7,-7.279403156195954,0,True,0.16540334160838807,0.015854356677404473,0.008062133099883795,3.3931966509137834,4.804675102233887,19.674209594726562,0.27458949998253956
481,sullivan_canyon,mps,150,-39991.997337454086,150,False,2.1902887043356896,0.4418947693433923,0.02192349884659052,4.534976525306702,338.8214416503906,727.540771484375,6.1929877499933355
482,single_training,mps,150,-144972.41431242414,470,False,-3.8783525616923966,0.9975772891279,0.023660713573917747,4.52536446094513,786.5459594726562,1092.6767578125,6.31056083299336
483,topanga_ridge,mps,150,-11392.846587842258,37,False,1.5243332181870937,1.0395047412455702,0.02418418038636446,4.539815093676249,371.8824462890625,641.2740478515625,5.963246541999979
484,single_training,mps,150,-146816.11245333948,480,False,-3.9592894724011423,1.0741149803468337,0.02537495438940823,4.5351148080825805,790.3684692382812,1113.5975341796875,6.181718042003922
485,single_training,mps,4,18.385257913529145,0,True,-0.11357370391488075,0.0066443779032852035,0.003755113866645843,3.3964092135429382,2.802989959716797,5.060894012451172,0.15122320799855515
486,single_training,mps,4,18.803903709481702,0,True,-0.037137290462851524,0.00500699516851455,0.0025518902111798525,3.433916985988617,1.7689653635025024,3.460437059402466,0.16560416700667702
487,stone_canyon,mps,150,-92083.23225814673,315,False,2.9530699420471986,0.7948819523395892,0.02791335702020054,4.561610128084818,525.3285522460938,1242.1373291015625,6.1718256669992115
488,single_training,mps,4,-3.93095613518917,0,True,0.15990494738798589,0.003927379698893674,0.00142536117346026,3.5467885732650757,1.2547664642333984,2.5786447525024414,0.18524133300525136
489,single_training,mps,150,-141995.1105301427,466,False,-3.12014804619054,0.9220690723485798,0.04617068088497035,4.574109927813212,526.6412353515625,706.3187866210938,6.088807958993129
490,single_training,mps,150,-95178.78588406793,311,False,1.0614982498530299,0.3089754891074608,0.03654314741996738,4.580561981201172,241.31138610839844,787.7659301757812,6.216449500003364
491,single_training,mps,150,-111851.84132198604,365,False,-0.29054143683829653,0.24990485891465633,0.04421055539239509,4.58845472017924,220.89625549316406,706.5950317382812,6.079490125004668
492,single_training,mps,7,-32.08723389976569,0,True,0.4572404601744243,0.04159462917596102,0.0015119231206231884,3.800354378564017,15.118247032165527,16.84617805480957,0.2505107499891892
493,stone_canyon,mps,150,-70072.58406268024,240,False,4.999856845537821,1.5367939603328704,0.02516861416166648,4.59747215906779,843.3045654296875,2030.3260498046875,6.061863500013715
494,single_training,mps,150,-72860.67558962932,241,False,2.85387757341067,0.5644021226465702,0.01940245707985014,4.599274644851684,446.4574890136719,1091.5963134765625,5.839794624975184
495,single_training,mps,13,-130.50129207997304,0,True,1.6850800479833896,0.2659795430059043,0.005188070488377259,3.987767512981708,49.384864807128906,44.988590240478516,0.5170567499881145
496,single_training,mps,150,-87494.64469698514,286,False,0.6300673844634245,0.3424888009713699,0.023170182211324573,4.600512464841207,188.50558471679688,559.2844848632812,6.009744084003614
497,single_training,mps,11,-49.66123070630224,0,True,1.0299414572390644,0.0853104070675644,0.0072062435898591175,3.922496795654297,32.307106018066406,36.53704833984375,0.386462708003819
498,single_training,mps,150,-87826.4698414122,286,False,0.7837792395551999,0.19651145770971198,0.027621856561551493,4.603688519795735,155.83126831054688,330.66802978515625,6.2306968749908265
499,single_training,mps,150,-152053.7441605579,498,False,-5.1323354285955425,1.3914049752359279,0.029179289078650375,4.6014444589614865,908.0846557617188,1475.5384521484375,5.958281750004971
500,sullivan_canyon,mps,150,-58704.43097279989,216,False,-2.371582502424717,0.48594277873324854,0.023858555507225297,4.607914094924927,490.33953857421875,971.0206909179688,6.186259082984179
501,single_training,mps,150,-116413.41860735364,384,False,-1.9411457717915377,0.3793959048003035,0.02720119069951276,4.599844428698222,403.5243225097656,545.9229736328125,6.1852128749887925
502,single_training,mps,13,-162.5098932639273,0,True,1.2806896108847399,0.19074770864636564,0.00377255563552563,3.992666171147273,42.00233459472656,45.0060920715332,0.4887504169892054
503,single_training,mps,150,-100949.35006305469,330,False,-1.0042087710819518,0.2661469934412505,0.02514324144925922,4.599860127766927,379.6473388671875,962.5499877929688,5.989606499992078
504,single_training,mps,150,-138766.6853731003,456,False,-3.786048471728961,0.9185244433657499,0.02386519738472998,4.594776215553284,734.653076171875,1163.3040771484375,5.941453375009587
505,single_training,mps,150,-121267.95043957571,400,False,-2.294922514210145,0.4156567858792065,0.023225891133770347,4.5929915857315065,424.2552490234375,467.6976318359375,7.0109459159721155
506,single_training,mps,150,-140062.31632186568,456,False,-3.4220661750622092,0.9864432843735085,0.02076230216771364,4.595005699793497,544.2293090820312,607.165771484375,6.843427292013075
507,single_training,mps,150,-132460.56821216835,432,False,-2.6519622657696407,0.602831700387178,0.023466395176947118,4.594306441942851,474.48583984375,497.1645812988281,6.683390582998982
508,single_training,mps,150,-100289.11297930224,326,False,0.40268631677453715,0.22709378221848964,0.022566739994411666,4.602218170166015,219.8193817138672,722.5095825195312,6.0397744580113795
509,single_training,mps,150,-95002.78977137477,308,False,1.4156082239871224,0.47551867116945384,0.02660889089728395,4.603777451515198,473.2200622558594,1406.3292236328125,6.019336833996931
510,single_training,mps,150,-96746.28781599874,317,False,1.8863150268408935,0.7249831947918514,0.022823228274161618,4.604203108151753,589.792236328125,1823.9696044921875,6.330884541006526
511,single_training,mps,150,-105925.57130655268,347,False,0.5169616442608337,0.3033348880375267,0.02706171678379178,4.6084931357701615,290.5779724121094,933.9684448242188,6.138204208982643
512,topanga_ridge,mps,150,-23647.771839980833,84,False,-5.544450791378816,2.82252121130703,0.022773558835809428,4.615190564791361,1289.0953369140625,3119.9580078125,7.007749292009976
513,single_training,mps,4,5.515638259257905,0,True,1.2565576434135437,0.12803127616643906,0.0035391567507758737,3.92674058675766,17.069782257080078,13.504650115966797,0.1655652920017019
514,single_training,mps,150,-120943.06580175567,404,False,-0.9584051127762844,0.21880694365030498,0.02485361124233653,4.613612554868062,221.13040161132812,252.76727294921875,6.164962292008568
515,single_training,mps,150,-88091.98511278896,291,False,2.5131289708365996,0.6110781333622678,0.027817625512058537,4.613836437861124,550.1983642578125,1540.0177001953125,6.575057834008476
516,single_training,mps,150,-148289.5352424063,482,False,-3.584896222874522,0.8654772770370376,0.02795570115558803,4.618228537241618,568.8751220703125,782.563232421875,6.127557750005508
517,stone_canyon,mps,150,-135680.10901156752,464,False,-1.6323717950268959,0.3824795924188254,0.022814508384714525,4.618182188669841,362.9829406738281,532.0728149414062,6.091475999972317
518,single_training,mps,150,-150878.9776463055,498,False,-2.969103990594546,0.6864759999862872,0.022629025628169378,4.614171768824259,477.9039306640625,570.7199096679688,6.7391743330226745
519,stone_canyon,mps,150,-155905.83981609886,536,False,-3.0142383607973655,0.9358711797256062,0.02418896520510316,4.608007418314616,513.6563720703125,524.1792602539062,6.292773374996614
520,single_training,mps,4,4.76678034775793,0,True,1.8924865424633026,0.329397588968277,0.004009078722447157,3.961709201335907,26.466440200805664,25.756765365600586,0.17777941600070335
521,single_training,mps,150,-110176.56202196193,359,False,1.1738462931476534,0.3123472023896496,0.02356745401242127,4.59762806892395,312.4837646484375,1020.5753784179688,6.912554749986157
522,single_training,mps,4,0.28523860022917447,0,True,2.0942057967185974,0.4259628728032112,0.002690104942303151,3.9829320907592773,29.42627716064453,31.003759384155273,0.2193222079949919
523,single_training,mps,150,-111010.04430772875,363,False,1.7803591498111686,0.5107275039343222,0.02529965168486039,4.584474256833395,521.800048828125,1643.6781005859375,6.1740702080132905
524,single_training,mps,150,-105097.53223780055,342,False,1.9463066811362901,0.39187871193513274,0.03161282420779268,4.586555976867675,451.19793701171875,1358.8184814453125,6.0174991250096355
525,single_training,mps,10,-103.28380266400534,0,True,2.742538022994995,0.49706547558307645,0.0023705613566562533,4.006678056716919,76.27743530273438,57.15958786010742,0.41312062498764135
526,single_training,mps,150,-140818.80113529428,461,False,-1.0496189394344886,0.5886920058692401,0.031184379706004014,4.587405592600504,268.7984619140625,1058.1949462890625,5.975178792024963
527,sullivan_canyon,mps,150,-49303.29702681299,179,False,1.7461746554573376,0.28380191086481016,0.02596495865068088,4.591254625320435,274.3190002441406,681.7239379882812,5.948310666979523
528,single_training,mps,150,-77956.21374651746,256,False,3.6434374245007835,0.7930861249566078,0.025155811918278537,4.584905727704366,646.7462768554688,1421.8870849609375,5.915984999999637
529,single_training,mps,150,-105201.99545692586,345,False,0.9396932839974761,0.1893590867248228,0.02307347225956619,4.58753381729126,196.7472686767578,574.2376708984375,6.198830667010043
530,single_training,mps,150,-152030.2875885261,492,False,-3.2603517787694,0.9356418029978602,0.02706889615394175,4.584221067428589,491.8419494628906,600.2910766601562,6.363448290998349
531,single_training,mps,150,-114678.41904585496,368,False,-0.6942476282392939,0.1858594438132286,0.02291672016804417,4.5837998882929485,250.1981658935547,556.5867919921875,6.369439333007904
532,single_training,mps,150,-136292.34167624282,445,False,-3.063599969993035,0.739148362945028,0.026538319991280635,4.580433217684428,664.5698852539062,1646.15283203125,6.318795915984083
533,single_training,mps,4,5.937886138133866,0,True,2.791224867105484,0.3556828275322914,0.013337239157408476,3.9269396662712097,27.217121124267578,31.54524803161621,0.16239716598647647
534,sullivan_canyon,mps,150,-62543.61407590699,231,False,-2.449104424493077,0.5236791280467614,0.02443126720065872,4.58190938313802,622.8187866210938,1508.752685546875,6.251646417018492
535,topanga_ridge,mps,150,-9459.22214253742,29,False,3.130456357598305,1.4520112318535878,0.026005077843243875,4.583482356071472,464.611328125,781.7367553710938,6.033920875022886
536,single_training,mps,4,19.143631150003202,0,True,1.7699274122714996,0.3375747799873352,0.0037269334425218403,3.9161781668663025,26.671825408935547,31.495729446411133,0.15160508401459083
537,sullivan_canyon,mps,150,-59797.506247825215,221,False,-2.003385258220757,0.4902060270202977,0.02439854010939598,4.585883226394653,548.9143676757812,1609.138916015625,5.998816000006627
538,single_training,mps,150,-120940.53493978929,394,False,-1.5505029804104318,0.28230491566144034,0.027602182311626772,4.580001289049784,376.36669921875,904.4236450195312,6.157842375017935
539,single_training,mps,150,-100032.46701027753,331,False,0.6721163160602251,0.12920636970394603,0.02281383959731708,4.581497643788656,127.91392517089844,287.9480285644531,6.155665583006339
540,sullivan_canyon,mps,150,-45007.777659572304,161,False,1.0666778644919395,0.4199079215984481,0.02055901674864193,4.581979308128357,193.1389617919922,702.5706176757812,5.952561166981468
541,single_training,mps,150,-102057.53711743235,336,False,0.7732491896798214,0.18271390401513296,0.02599134174486001,4.5801147985458375,212.71388244628906,741.1964721679688,6.07265970800654
542,single_training,mps,150,-128568.27868680279,420,False,-1.9676270041366417,0.30278927439147085,0.023337371698580682,4.5801904408137,354.981201171875,513.7689208984375,6.138411708991043
543,single_training,mps,4,20.03037585523562,0,True,1.9912970960140228,0.34569599479436874,0.006789019447751343,3.881223976612091,27.020071029663086,24.862686157226562,0.17121333300019614
544,topanga_ridge,mps,150,-3057.473597532042,2,False,7.2518046710267665,3.0666201614482755,0.027345795892179014,4.582727430661519,1150.9259033203125,2675.013427734375,6.038462625001557
545,single_training,mps,25,-316.7626493548326,0,True,6.15069501876831,2.3379372453689573,0.012970393225550651,4.3622034072875975,207.3760223388672,283.7308349609375,0.9207440410100389
546,topanga_ridge,mps,150,-8980.954320169736,27,False,3.1508086944619813,1.239111857667837,0.027135771748920283,4.582475735346477,449.92950439453125,932.4867553710938,6.144181792013114
547,stone_canyon,mps,150,-94412.82819991649,325,False,2.6520968506112697,0.5788043532922408,0.018566256867100794,4.576266150474549,418.85546875,1040.501220703125,6.023484790988732
548,single_training,mps,150,-90043.09293099445,293,False,1.564723372180015,0.2975065809524737,0.02435243206874778,4.574102759361267,325.5154113769531,946.7899169921875,6.113318082992919
549,stone_canyon,mps,150,-125324.95637708521,429,False,-0.7646765256424745,0.48536556365676614,0.020572498046482604,4.572096699078878,246.20664978027344,628.1304321289062,6.092368792014895
550,sullivan_canyon,mps,3,29.530483202135507,0,True,2.7102911869684854,0.4223752518494924,0.0014106289017945528,3.7820051511128745,22.961708068847656,18.714599609375,0.15676600000006147
551,single_training,mps,150,-90734.79712243326,297,False,1.011622194238007,0.2359828047951669,0.03298564245846743,4.559492295583089,243.6536102294922,885.7050170898438,5.933290624991059
552,sullivan_canyon,mps,150,-56105.74597763242,208,False,-2.2073184330167717,0.5167233487458665,0.030097619829078517,4.55808614730835,603.3243408203125,1689.1474609375,6.008923459012294
553,topanga_ridge,mps,150,-13046.881714766776,44,False,-1.1276498513917128,1.2018763829868597,0.026621699545066803,4.548357826868693,705.7247924804688,1602.0164794921875,5.968045582994819
554,single_training,mps,4,18.959176189561184,0,True,1.4550281167030334,0.19112908840179443,0.002548770804423839,3.6971850991249084,20.962892532348633,18.232152938842773,0.1783649169956334
555,topanga_ridge,mps,150,-15164.858939545378,51,False,-2.30842632509768,1.4975881505361395,0.018130321777425705,4.534115335146586,967.7590942382812,2353.796142578125,6.085283667023759
556,single_training,mps,150,-111074.64201467134,366,False,-1.9881106871118148,0.36543215566062526,0.020158504362528522,4.520560963948568,522.0570678710938,1208.30615234375,6.120793832989875
557,single_training,mps,150,-106084.95313825004,350,False,-1.262197388447821,0.23871520206104832,0.02101966208467881,4.517300502459208,359.36962890625,877.7332763671875,6.183317542017903
558,single_training,mps,150,-110737.1253276843,370,False,-1.8928130085143493,0.3321284421827907,0.02197983062826097,4.506146953900655,479.86834716796875,1017.8270263671875,6.174357417010469
559,single_training,mps,150,-151086.28021901494,493,False,-5.086940144151449,1.4363068804878276,0.02003720124873022,4.501960684458415,821.106201171875,1133.2734375,6.015384958998766
560,single_training,mps,150,-109797.5627070307,356,False,-1.3271428235278775,0.22597580049991392,0.020219033525014918,4.501582673390707,351.4134521484375,607.11181640625,6.100005250016693
561,stone_canyon,mps,150,-129528.73905436591,446,False,-1.5237552143136661,0.4291180324142139,0.0228948501093934,4.490907818476359,360.1068420410156,423.228515625,6.119836083991686
562,stone_canyon,mps,150,-144711.56127222764,499,False,-2.716465278081596,0.7564121746265543,0.020011251618464787,4.484349613189697,463.6350402832031,572.2411499023438,5.902726542000892
563,single_training,mps,4,20.08965864058889,0,True,1.3852038830518723,0.24160926416516304,0.004944547894410789,3.4655374884605408,24.260854721069336,22.922481536865234,0.1649613329791464
564,single_training,mps,6,-1.167536778085676,0,True,1.3086252212524414,0.31022748599449795,0.006443181385596593,3.4244382778803506,40.548465728759766,38.646705627441406,0.213738916994771
565,single_training,mps,150,-77212.34692408326,256,False,4.1122255845864615,1.1386152842640878,0.021932927534605066,4.382367173830668,977.0918579101562,2128.822021484375,5.92792633298086
566,single_training,mps,4,7.437056892727611,0,True,2.0534485056996346,0.24999266117811203,0.004880470340140164,3.0803861021995544,26.529123306274414,24.97132110595703,0.1502799169975333
567,stone_canyon,mps,150,-151255.7965992701,516,False,-1.851689865247657,0.8664503953446607,0.017263770289719104,4.334526052474976,414.58642578125,661.9586181640625,6.048424749984406
568,single_training,mps,150,-61496.99355540371,201,False,5.371539983277519,1.792743044611513,0.01747895176522434,4.3024892282485965,1276.2926025390625,2370.9365234375,5.925906250020489
569,sullivan_canyon,mps,150,-42100.576585107345,157,False,3.9216613487402596,1.4814037587617834,0.021165006454102697,4.312408868471781,1114.0128173828125,2389.15234375,5.905675040994538
570,single_training,mps,150,-127084.890147678,419,False,-0.39380337446928027,0.4704783589454989,0.023129095459201682,4.315155022939046,237.49192810058594,782.7500610351562,5.976751957990928
571,single_training,mps,4,0.31187243330680303,0,True,0.940110094845295,0.13077339716255665,0.0020189494534861296,3.078808844089508,19.348037719726562,20.50904655456543,0.14969608301180415
572,single_training,mps,150,-90980.02559514278,301,False,1.6476545894743564,0.29790788722335276,0.020226458709997435,4.320656558672587,320.4919738769531,606.093994140625,5.908779916004278
573,single_training,mps,6,-14.261709585409335,0,True,1.1571719547112782,0.14873199661572775,0.0024340745682517686,3.1677507162094116,29.418333053588867,21.690593719482422,0.24687437500688247
574,single_training,mps,150,-145425.83926524545,471,False,-3.332562011728684,0.8244907486170996,0.022304034067007403,4.305373377799988,716.9894409179688,721.4361572265625,6.283013292006217
575,single_training,mps,150,-88169.01785144777,288,False,1.4741893344372512,0.3255524283413979,0.019342911733935278,4.301447005271911,314.7629699707031,726.2750244140625,6.067241874989122
576,single_training,mps,4,10.960691230589056,0,True,0.8234470076858997,0.08119694329798222,0.0034426782513037324,3.099729835987091,15.06316089630127,11.422667503356934,0.17890420800540596
577,single_training,mps,5,8.803903709481702,0,True,0.4055984079837799,0.07168498039245605,0.003660545730963349,3.091984510421753,17.310836791992188,18.213911056518555,0.2060134169878438
578,single_training,mps,150,-93140.04543829993,307,False,0.5659756478263686,0.21310131704245577,0.017682842646415033,4.245784435272217,162.2982940673828,475.00836181640625,6.0851851250045
579,topanga_ridge,mps,150,-7553.065381537588,21,False,2.89382252157821,1.1818618692969445,0.020357207395136356,4.218265056610107,464.67474365234375,639.4676513671875,6.177703374996781
580,single_training,mps,4,-1.5541191119752789,0,True,0.5011308351531625,0.013555982586694881,0.004465230391360819,2.876595437526703,5.790380954742432,8.275946617126465,0.1694870419742074
581,single_training,mps,150,-137123.10286047918,445,False,-3.718043919162204,1.1248921551993893,0.021909200502559543,4.162138104438782,1011.3663330078125,1407.7513427734375,5.945900249993429
582,single_training,mps,150,-105760.5835094439,348,False,-1.6240521218720823,0.5067439093569616,0.028109852441896996,4.170256201426188,747.1846923828125,1222.9267578125,6.117241500003729
583,sullivan_canyon,mps,150,-42320.63412950469,160,False,0.3335177251199881,0.2060208342258981,0.02101358592665444,4.193512703577677,167.29998779296875,297.6210632324219,6.16388658399228
584,single_training,mps,15,-193.00951357595744,0,True,1.9289900853609045,0.4089895203248792,0.002450220752507448,3.385315179824829,63.961944580078125,58.13627624511719,0.718022374989232
585,topanga_ridge,mps,150,-7867.17057951305,23,False,2.019459486460934,0.9081646740698367,0.025910177145463724,4.2284029038747155,288.22503662109375,563.8196411132812,7.4695730000094045
586,single_training,mps,4,9.832769384961914,0,True,0.1667290646582842,0.0038855887332829298,0.003623092779889703,2.9706913828849792,1.0920517444610596,5.221806049346924,0.17733804197632708
587,single_training,mps,150,-101613.79616735295,336,False,-1.3338950475103533,0.30849770216908534,0.018067956253265342,4.246708200772603,502.3325500488281,623.9570922851562,6.443118458002573
588,single_training,mps,4,1.5324825069988144,0,True,0.14748799614608288,0.0038766550169384573,0.0032499897060915828,3.0715842843055725,1.0132912397384644,4.6402435302734375,0.17879237499437295
589,stone_canyon,mps,150,-129991.11965294651,447,False,-2.5535046020895242,0.7221721150902644,0.019926106901839376,4.300321060816447,634.1465454101562,697.8385620117188,6.424569708004128
590,sullivan_canyon,mps,150,-52398.88708224293,195,False,-1.702016291450709,0.42393967329632687,0.025635906741178285,4.338480052947998,531.8674926757812,800.07861328125,6.546075833000941
591,single_training,mps,5,1.179301448228241,0,True,0.24203169867396354,0.015263184993818868,0.001524314982816577,3.305203914642334,6.2545928955078125,5.720524311065674,0.21534029202302918
592,single_training,mps,4,18.803903709481702,0,True,0.29122325481148437,0.011391010638362786,0.0013121440715622157,3.3222883343696594,4.643938064575195,3.536971092224121,0.17463074999977835
593,single_training,mps,150,-136221.13559142483,444,False,-3.6456156884878874,0.9254665716985861,0.042279352739763756,4.387845120429993,684.70849609375,811.1947631835938,6.5911687499901745
594,single_training,mps,9,-78.77406678919175,0,True,0.5621533886426024,0.04118549536603192,0.0015339426204769148,3.4798810482025146,18.382221221923828,15.418403625488281,0.3837749999947846
595,single_training,mps,150,-107328.74436023041,356,False,-0.525035427113374,0.48970695830803984,0.046504238985168436,4.418734289805094,264.3171081542969,1017.3291625976562,6.544853958999738
596,single_training,mps,5,-11.73814900000992,0,True,0.07237176895141602,0.0031500239740125833,0.0013742936076596378,3.3783805847167967,0.7021141052246094,2.4727141857147217,0.22016858297865838
597,single_training,mps,6,42.07826866771335,0,True,0.21470296258727709,0.01293838732332612,0.0019057285971939564,3.471053202946981,4.5289225578308105,4.5336456298828125,0.25260687500122003
598,single_training,mps,150,-133227.82791769496,432,False,-3.434678407013416,0.8119667512498563,0.026692990583833308,4.441216897964478,693.9130859375,833.40380859375,6.559309709002264
599,topanga_ridge,mps,150,-11413.647518173502,37,False,0.8238705505679051,0.715357070103928,0.03024492647886897,4.454753810564677,321.6553039550781,607.4102783203125,6.513272374984808
600,single_training,mps,150,-119998.48504526523,400,False,-2.13616685838749,0.46154759827114805,0.02327243613234411,4.457055344581604,547.783935546875,733.8869018554688,6.568480625021039
601,single_training,mps,150,-79274.66773154476,257,False,2.049372846484184,0.3896587627132734,0.020562610464791457,4.472478111584981,335.56439208984375,785.10595703125,6.687130958016496
602,topanga_ridge,mps,150,-4178.034497194107,8,False,5.588628148306161,2.158260070325097,0.027886807471513748,4.490490287144979,936.8551025390625,1805.1929931640625,6.546653041004902
603,single_training,mps,150,-157754.75605088205,518,False,-4.514784131447474,1.8381549096754983,0.03335815304269393,4.494737558364868,695.6370849609375,1520.9329833984375,6.51419379201252
604,single_training,mps,150,-113374.40325718353,370,False,-0.6918282949055234,0.4809821820387212,0.030661212683965763,4.50529037475586,275.96466064453125,1072.130126953125,6.6097925000067335
605,topanga_ridge,mps,150,-8150.672231218302,23,False,2.99439281458656,1.0051214200397953,0.02354578207246959,4.511842554410299,472.9931945800781,877.4110107421875,6.621371957997326
606,single_training,mps,5,-7.099011684876494,0,True,0.06495626419782638,0.002706393745029345,0.003386208787560463,3.5768383979797362,0.7413070797920227,4.333021640777588,0.21361070801503956
607,single_training,mps,150,-84723.0506296256,278,False,1.9372725203633308,0.5424368900745564,0.02680427014750118,4.521579715410868,434.1938171386719,1186.1146240234375,6.596674917003838
608,topanga_ridge,mps,150,-3740.278107436482,5,False,5.508396881421407,1.9475545484324297,0.036802970274584366,4.534756995836894,847.6427001953125,1719.047607421875,6.565528917009942
609,single_training,mps,150,-155092.50219913007,504,False,-5.2020750580231345,1.5582722264450664,0.0575761039807306,4.5315934117635095,900.7559204101562,1381.8402099609375,6.508219999988796
610,stone_canyon,mps,150,-149731.51050423118,513,False,-4.224037486265103,1.4103282596560893,0.039312875076041864,4.534978903134664,738.172119140625,904.0738525390625,6.557626084017102
611,single_training,mps,150,-89231.78961206478,296,False,0.7217132443857068,0.18910464141932606,0.04593644850460502,4.542813754081726,133.97738647460938,603.444580078125,6.532675000024028
612,single_training,mps,5,10.687480984556828,0,True,0.6506891958415508,0.020701593975536524,0.0010531096835620702,3.7167715072631835,7.622188568115234,6.412759304046631,0.2104216669977177
613,sullivan_canyon,mps,150,-52396.75766966628,193,False,-0.5882190112397074,0.42350757286095664,0.028399725987110287,4.560665251413981,172.33575439453125,627.9244384765625,6.580638082989026
614,single_training,mps,150,-108779.00633775577,358,False,-0.89431917304794,0.3174465830299899,0.0270782505425935,4.557222817738851,213.2528533935547,395.94012451171875,6.5092057090078015
615,stone_canyon,mps,150,-117658.53062372176,404,False,-0.7080229550033498,0.4097503474433099,0.020586566648756466,4.56227735042572,287.3195495605469,334.00335693359375,6.536751959007233
616,single_training,mps,150,-105246.11325708924,347,False,-0.9442152168198178,0.20957596998591327,0.02955956045538187,4.567029614448547,245.81777954101562,1075.107666015625,6.624823499994818
617,single_training,mps,4,4.713824288047654,0,True,0.627180103212595,0.04674479924142361,0.02459415001794696,3.796058475971222,10.705559730529785,45.408687591552734,0.17882737502804957
618,single_training,mps,150,-98267.68614020337,320,False,-0.24937906827156742,0.19331029099676167,0.027822204685459536,4.566012104352315,146.44464111328125,728.6142578125,6.574345750006614
619,stone_canyon,mps,150,-112306.35821749554,385,False,-0.5380889938088754,0.306947352008782,0.019817945499283573,4.567917652130127,328.8827819824219,579.4705810546875,6.526631875021849
620,single_training,mps,5,-18.543047029515996,0,True,0.9067984402179718,0.08603547886013985,0.0020086326636373996,3.840323066711426,18.079225540161133,17.170942306518555,0.22296104198903777
621,single_training,mps,4,-4.555130977674388,0,True,0.8944360166788101,0.08740522526204586,0.0013265813468024135,3.832935333251953,14.685588836669922,13.134366035461426,0.17276562500046566
622,sullivan_canyon,mps,150,-55127.22657128046,201,False,-2.280434715297694,0.5063576981481591,0.03868490853036444,4.573671657244365,550.5104370117188,1300.3365478515625,6.549531917000422
623,single_training,mps,150,-92413.6523645741,301,False,0.10045878163306042,0.1096157341307215,0.04151203930998842,4.570357699394226,115.5177001953125,532.263916015625,6.567388666997431
624,stone_canyon,mps,150,-132351.50989765552,456,False,-2.5310331850498913,0.5463024504394465,0.029424096377333626,4.571845173835754,477.5254821777344,669.6222534179688,6.533475166012067
625,single_training,mps,150,-113892.37564434773,374,False,-1.7820502741883197,0.2934172422735234,0.03610250398943511,4.57531054019928,349.30523681640625,707.775146484375,6.614245583972661
626,sullivan_canyon,mps,150,-42450.79958650566,145,False,0.37396353503068286,0.3416373760798403,0.021162338838912546,4.577704230944316,225.37159729003906,716.0039672851562,6.65236300000106
627,single_training,mps,150,-95809.78969201239,315,False,0.1434792740798245,0.11883065007228576,0.020344929865871865,4.579290273984273,110.2761459350586,300.42535400390625,6.590448542003287
628,stone_canyon,mps,150,-109309.70521816197,372,False,-0.2589492059623202,0.25586971241588496,0.022486514036233227,4.585020823478699,262.2091979980469,454.48333740234375,6.6762325419986155
629,sullivan_canyon,mps,150,-44203.4895292543,160,False,1.0091555929401268,0.20315576957782316,0.027913252611955007,4.589612720807393,201.6568145751953,1251.3802490234375,6.55761645801249
630,single_training,mps,150,-97649.94941475993,321,False,0.3226851808046922,0.23094486028521571,0.029960873511930306,4.591251840591431,153.2257537841797,1265.5870361328125,6.571264541998971
631,single_training,mps,4,9.688932517662835,0,True,1.3038607090711594,0.18081650510430336,0.008123798295855522,3.806572675704956,21.135921478271484,23.066190719604492,0.1788580419961363
632,single_training,mps,21,-281.53013396501217,0,True,4.71725145691917,1.5730769499426795,0.003913906380711566,4.282611824217296,161.73704528808594,185.35910034179688,0.8975215000100434
633,stone_canyon,mps,150,-143929.6548076701,492,False,-3.2886598002910614,0.6931372116164615,0.022912141527049245,4.598228262265523,588.974609375,815.8186645507812,6.550130749994423
634,single_training,mps,4,18.803903709481702,0,True,0.929673507809639,0.18987491726875305,0.001544050610391423,3.7754491567611694,21.7417049407959,26.22270393371582,0.17369891700218432
635,single_training,mps,150,-145696.17116197472,474,False,-3.2499420294413963,1.0765223642705921,0.02847857722158854,4.5914337380727135,435.23663330078125,597.7431640625,6.576050417002989
636,stone_canyon,mps,150,-161246.9647164639,550,False,-5.026313399349649,1.4921767908748977,0.026655937623775876,4.593548378944397,738.0169677734375,793.7643432617188,6.578770790976705
637,single_training,mps,150,-92231.59464578217,304,False,0.7394359366968274,0.1720071637770646,0.020380343886402745,4.590403583844503,122.82174682617188,342.15008544921875,6.529193875001511
638,stone_canyon,mps,150,-108994.0213408809,373,False,1.3290769877569983,0.551844307611357,0.020440606533084063,4.5878928565979,389.8517761230469,1262.1546630859375,6.566617333010072
639,single_training,mps,9,-120.53691015427141,0,True,2.319071266386244,0.3220099028613832,0.0023597318730834457,3.7846148543887668,59.27153015136719,36.58442687988281,0.3826323749963194
640,single_training,mps,150,-117780.93135607477,386,False,-0.861408242881298,0.39544378377264366,0.018796677542850374,4.5911551237106325,197.45343017578125,667.327880859375,6.692503416998079
641,single_training,mps,5,0.3874019698216138,0,True,1.0760286450386047,0.21566240787506102,0.005510104447603225,3.647185516357422,29.1575870513916,30.936311721801758,0.21598066700971685
642,topanga_ridge,mps,150,-7788.073796232242,22,False,3.1031951060146095,1.0616555662929021,0.021389157536129157,4.583780155181885,452.9542541503906,899.7965087890625,6.6504976249998435
643,single_training,mps,150,-105219.29596047988,342,False,0.3011559343338013,0.4004708186397329,0.022061589006334544,4.57701965490977,253.84353637695312,1079.61083984375,6.533224832994165
644,stone_canyon,mps,150,-156688.32496911322,538,False,-3.8537544590979813,1.1127056320133366,0.020018059670304258,4.5784306176503495,726.9431762695312,988.554931640625,6.532633374998113
645,single_training,mps,6,-36.15259200963369,0,True,1.6535485585530598,0.1793645086387793,0.004582659341394901,3.5301233927408853,32.555450439453125,20.564294815063477,0.2655800830107182
646,stone_canyon,mps,150,-118709.37983347691,410,False,-0.528776438832283,0.3489371616341911,0.017962659900076686,4.574727683067322,331.1444396972656,718.87939453125,6.518398166983388
647,single_training,mps,150,-100451.64145591218,329,False,0.5687902644028267,0.3983607074809455,0.019984584980023402,4.574324900309245,272.1158447265625,1200.90966796875,6.550431458977982
648,single_training,mps,4,1.7337099180737,0,True,1.362169273197651,0.11854027584195137,0.0017557374376337975,3.430349051952362,18.586620330810547,14.436378479003906,0.17570629200781696
649,stone_canyon,mps,150,-123977.52582073206,424,False,0.21439360273381075,0.5833318807057609,0.02002963824585701,4.576098041534424,262.8069763183594,763.522705078125,6.583104375022231
650,single_training,mps,150,-137202.67219236083,450,False,-3.4932615053777893,0.7503859959876718,0.021359045757756878,4.569742628733317,600.855712890625,832.3507080078125,6.530380041978788
651,single_training,mps,150,-86221.94185577889,278,False,1.4923179805938465,0.3346001830445569,0.02402430964012941,4.572176861763,296.0077209472656,1030.011474609375,6.5123133339802735
652,stone_canyon,mps,150,-136499.00282576322,468,False,-2.549664924691121,0.6286675750741172,0.021032252389316757,4.569319319725037,574.1721801757812,1088.3590087890625,6.629307958006393
653,stone_canyon,mps,150,-98110.116256458,335,False,1.0333022513488928,0.303530383663771,0.01934308967087418,4.568476406733195,145.34246826171875,307.53240966796875,6.496249832998728
654,single_training,mps,150,-116340.58403952497,380,False,-1.6152429949336995,0.25711534287528065,0.01949734164091448,4.568531271616618,344.7693786621094,345.7228088378906,6.693309249996673
655,single_training,mps,150,-89823.67421871143,291,False,0.8448503713061413,0.15722179290285568,0.019290912818784516,4.5656245581309,135.32809448242188,342.3202209472656,6.504958541976521
656,single_training,mps,150,-89737.8551951502,292,False,0.5923479689207549,0.1264717856112918,0.018112410868828494,4.570291803677876,99.99185180664062,381.8031005859375,6.505681666982127
657,sullivan_canyon,mps,150,-61409.10635768291,225,False,-3.2283753083646296,0.7477134448313154,0.0189927490024517,4.574131474494934,675.7838134765625,1637.990234375,6.55076199999894
658,single_training,mps,6,-18.480282015647347,0,True,1.1151453951994579,0.1885391684869925,0.004729302444805701,3.5141757329305015,34.178199768066406,27.706336975097656,0.2648689580091741
659,single_training,mps,150,-113612.56638642207,368,False,-1.6143983085701863,0.266341094274591,0.015617522878261904,4.574825342496236,342.61773681640625,554.6259155273438,6.530212749989005
660,stone_canyon,mps,150,-121509.20991752709,415,False,-1.030057687262694,0.28076834183879934,0.015177464469646414,4.574141648610433,354.2898254394531,544.3583984375,6.56227791699348
661,single_training,mps,150,-101889.02583894604,330,False,-0.14795805515799051,0.12250049852965124,0.02096461098563547,4.57274117787679,147.0531463623047,272.3659362792969,6.555943374987692
662,single_training,mps,150,-112280.45115269863,368,False,-0.9383741683823367,0.25778421670984547,0.023594740495706597,4.585149068832397,182.82395935058594,435.8213195800781,6.474158208002336
663,single_training,mps,150,-143045.21309836852,468,False,-3.9238293035452565,0.8970944321967302,0.024708353172366818,4.580455271402995,657.0761108398438,1057.6417236328125,6.492095124995103
664,single_training,mps,150,-80530.22927155391,260,False,1.6354130159815152,0.2469988098849232,0.01901049803942442,4.585005184809367,198.69644165039062,475.028076171875,6.483195125008933
665,single_training,mps,150,-136144.55972235382,450,False,-3.1020352057740093,0.6377248956850963,0.023239684542641043,4.583613246281942,491.9772644042969,576.1143798828125,6.546290541999042
666,single_training,mps,150,-105134.14825888073,341,False,-0.7711266737710685,0.1831653032433394,0.02009412642257909,4.584911982218425,253.3278045654297,643.25537109375,6.387641915993299
667,single_training,mps,150,-101361.24877169963,334,False,-0.26730098356803256,0.2190179652783748,0.017627522936090826,4.5898271703720095,243.3343963623047,660.0914306640625,6.524493291013641
668,single_training,mps,4,18.803903709481702,0,True,1.6567969024181366,0.43992673605680466,0.003359319467563182,3.54831862449646,34.67544937133789,38.045867919921875,0.17265970801236108
669,topanga_ridge,mps,150,-13161.388125519818,43,False,-0.09311205665270487,0.734894352730674,0.023551751410899064,4.600042289098104,374.7456359863281,868.8615112304688,6.499714249977842
670,single_training,mps,150,-133232.98885551104,434,False,-1.9889579562594493,0.4749918499183938,0.019537621854494015,4.599707175890605,283.90521240234375,418.45123291015625,6.476877832988976
671,topanga_ridge,mps,150,-17322.66407317018,59,False,-2.222473869798705,1.1630879342101146,0.019223915327650807,4.603922923405965,651.2874755859375,1681.3369140625,6.504262250004103
672,stone_canyon,mps,150,-100726.55739485078,345,False,2.6288089632987974,0.5262788737223794,0.021091303606517613,4.608449419339498,440.7842712402344,1160.4144287109375,6.503324958990561
673,sullivan_canyon,mps,150,-52991.32887427534,203,False,0.36746574300030865,0.25423097569968983,0.023547886540181934,4.617990345954895,136.17575073242188,632.5913696289062,6.595740582997678
674,single_training,mps,150,-134402.17494305386,436,False,-1.4988167544702689,0.4973512500957198,0.019920469895005226,4.6155392328898115,225.94476318359375,568.4306030273438,6.533483584003989
675,single_training,mps,5,-19.773973306425788,0,True,3.1629103422164917,0.7419558525085449,0.003423700155690312,3.598288106918335,53.7288932800293,36.572784423828125,0.21327512501738966
676,topanga_ridge,mps,150,-13810.716880354503,45,False,0.07897703503568967,0.8101650774756369,0.02123122311818103,4.62078562895457,325.6922912597656,693.6976928710938,6.5048138329875655
677,single_training,mps,150,-65888.20590976955,210,False,4.3039111005701125,1.0746692515819964,0.020719891892125208,4.625508149464925,622.14990234375,1112.882568359375,6.477852334006457
678,single_training,mps,5,58.8039037094817,0,True,2.2257002115249636,0.7975856542587281,0.004889130033552647,3.60971360206604,55.367835998535156,52.56278610229492,0.21875654099858366
679,single_training,mps,4,-3.129388190844992,0,True,2.06102591753006,0.7330409288406372,0.005027994280681014,3.54808509349823,43.425601959228516,42.33510208129883,0.17581899999640882
680,single_training,mps,150,-96497.15829267394,319,False,2.1413905536507567,0.6271301143929789,0.019821001179516316,4.625363407135009,460.32391357421875,1439.05810546875,6.520615083980374
681,topanga_ridge,mps,150,-21542.243535712012,76,False,-4.724633914232254,2.0104248979315162,0.024294442860409618,4.631264801025391,946.3486938476562,2549.60595703125,6.4705416669894475
682,single_training,mps,150,-119261.45170868355,397,False,0.05298755136008064,0.4803143707194128,0.021595723674011726,4.621814591089884,219.5195770263672,979.7625122070312,6.480278790986631
683,single_training,mps,150,-135743.696852771,446,False,-2.6942848711212477,0.48266868795345846,0.02079932443952809,4.619614192644755,446.4189147949219,733.988525390625,6.4670969159924425
684,single_training,mps,150,-101997.84318606833,336,False,1.0623710038264593,0.19187539581895105,0.015895729820864898,4.6128232336044315,186.67376708984375,603.9545288085938,6.445188916986808
685,single_training,mps,150,-117742.327859333,385,False,-0.3069684682786465,0.24865649581382362,0.02049811479790757,4.609264373779297,127.4861831665039,481.6919250488281,6.482606542005669
686,stone_canyon,mps,150,-119104.10989956638,412,False,0.8220262367992351,0.4467742747757484,0.01885308475388835,4.6100153032938636,220.39794921875,897.2767333984375,6.594268415996339
687,sullivan_canyon,mps,150,-50460.9700585572,190,False,0.48479545063028734,0.17966606352144784,0.020470198452627906,4.606048690478007,81.74676513671875,326.6369934082031,6.513701749994652
688,single_training,mps,150,-115710.85840343391,377,False,-0.6794323172730704,0.17455390000639756,0.01754426054811726,4.596877175966899,188.2122344970703,385.68865966796875,6.505641457973979
689,single_training,mps,150,-89649.93939185694,295,False,1.7663959805170695,0.24743540567656358,0.017372968227912983,4.590649371147156,275.7013854980469,766.41796875,6.465049457998248
690,single_training,mps,150,-153035.3807127276,500,False,-4.173079998344183,1.1370045461667664,0.01967701608935992,4.5798155260086055,628.5610961914062,907.8478393554688,6.485209458012832
691,single_training,mps,150,-134401.3466849294,436,False,-3.114073953429858,0.6201789326453582,0.016235897215083242,4.570334812800089,534.7176513671875,1115.1123046875,6.467827791988384
692,stone_canyon,mps,150,-141591.32141907205,485,False,-2.6899896005665265,0.5869949241023066,0.019592731355999905,4.5786983648935955,505.0987548828125,964.3676147460938,6.479872249998152
693,single_training,mps,150,-123450.41156626289,406,False,-1.326043228742977,0.2933288311994814,0.02298820705463489,4.56929445584615,220.17465209960938,312.4590148925781,6.692476833995897
694,topanga_ridge,mps,150,-15416.230908778038,52,False,-1.7976407832403978,1.313423483564111,0.020297320370251934,4.577173376083374,667.7216796875,1514.771240234375,6.544364625005983
695,single_training,mps,150,-116915.91155977057,385,False,-0.8144532311956088,0.16832003940207263,0.01794203694909811,4.569875941276551,157.7968292236328,336.5173645019531,6.717767708003521
696,single_training,mps,150,-147354.84411768918,476,False,-3.6810431976616385,0.8114255318121286,0.02068263615636776,4.563557081222534,579.1717529296875,1023.1837768554688,6.564920665987302
697,single_training,mps,150,-146690.8700674461,478,False,-3.59143638074398,0.7472284094678859,0.0185613366899391,4.5603932253519694,626.3916015625,1227.8206787109375,6.556690917001106
698,sullivan_canyon,mps,150,-34727.3567455132,127,False,3.7504760285963616,0.7308738259241606,0.01919273495984574,4.553326382637024,540.4326171875,1530.027587890625,6.53566937497817
699,single_training,mps,6,38.70174033988926,0,True,3.033892114957174,1.047801564137141,0.005669390006611745,3.2557745377222695,79.83590698242188,59.85877990722656,0.2575399999914225
700,topanga_ridge,mps,150,-13403.489940898959,45,False,0.4685743177930514,0.8842332434623191,0.02271230235695839,4.559813129107157,368.3722839355469,869.8857421875,6.604713915992761
701,single_training,mps,4,18.803903709481702,0,True,2.5499933660030365,0.9256682246923447,0.00374727527378127,3.1249042749404907,52.23418426513672,44.92827224731445,0.18918291697627865
702,single_training,mps,150,-142679.8268360636,464,False,-2.926087576970458,0.5009707875809788,0.019252716295110682,4.537203796704611,520.5360107421875,953.6690063476562,6.61869362500147
703,topanga_ridge,mps,150,-4595.355997664041,9,False,6.414504871716102,2.395740962210111,0.023185226169104376,4.520356378555298,1064.279296875,2038.3919677734375,6.519494582986226
704,single_training,mps,150,-112708.47507620901,368,False,0.16111149736990532,0.08187803461103006,0.017199436811109383,4.499540502230326,62.16072082519531,433.06097412109375,6.5530065830098465
705,single_training,mps,150,-93591.40820714484,308,False,1.6910760510340332,0.22982503945230442,0.019150928016752004,4.488894945780436,257.42730712890625,365.5032958984375,6.539105958014261
706,topanga_ridge,mps,150,-20468.661190574323,72,False,-3.819691895858074,1.719156721682017,0.0234877763572149,4.468489306767782,1018.0383911132812,2342.772705078125,6.521760582982097
707,topanga_ridge,mps,150,-6647.406878669506,17,False,4.466641061504682,1.4303254534524361,0.026183715995090704,4.451779195467631,801.4857788085938,1575.7158203125,6.571495749987662
708,single_training,mps,150,-126035.77490025756,410,False,-1.405840746462345,0.2507445145375095,0.018873306383999686,4.405898016293843,325.71612548828125,532.3103637695312,6.544034791993909
709,single_training,mps,150,-106664.35324559396,350,False,0.4881131059769541,0.282513792398121,0.02259367923407505,4.408486234347025,186.65077209472656,758.6669921875,6.556156917009503
710,single_training,mps,150,-112495.30402140542,366,False,0.02207888161142667,0.3750757987074515,0.019426323698523144,4.421216108004252,202.26756286621094,993.5104370117188,6.591760624985909
711,single_training,mps,150,-91388.5900888668,297,False,1.479327441554827,0.1943232677244695,0.01687523878645152,4.454514986673991,279.3636474609375,770.0269775390625,6.551641625002958
712,single_training,mps,6,49.97744591268064,0,True,3.6453828513622284,0.8285391430060068,0.003641928546130657,2.829814076423645,78.36287689208984,58.577171325683594,0.26018333400133997
713,single_training,mps,6,-25.858568578279744,0,True,3.014832228422165,0.8240421116352081,0.003791248930307726,2.8905680974324546,76.86438751220703,44.322872161865234,0.2581222080043517
714,sullivan_canyon,mps,150,-32347.665654054395,117,False,3.7381837613508107,0.7201402523225988,0.01662121365002046,4.5045178031921385,598.58740234375,1406.3455810546875,6.535919084009947
715,single_training,mps,6,40.07157418790194,0,True,2.2766446669896445,0.7062538464864095,0.00445884745568037,2.9026751120885215,71.94922637939453,55.675777435302734,0.2632424999901559
716,stone_canyon,mps,150,-115243.23000297841,396,False,-0.013363469605489323,0.19976845117028916,0.023292353839303056,4.489629751841227,152.77793884277344,371.99139404296875,6.534471416001907
717,topanga_ridge,mps,150,-8232.86311754042,24,False,1.6146863706037402,0.7567070857249928,0.02131625497713685,4.474433224995931,290.002685546875,1582.140625,6.558908832987072
718,sullivan_canyon,mps,150,-44671.0054883571,165,False,-0.8390962313177684,0.17113933661730243,0.0199562811323752,4.441432201067607,278.9549255371094,1552.6571044921875,6.5245416249963455
719,stone_canyon,mps,150,-113300.49167628374,388,False,-2.2576551766383153,0.470576235098985,0.018643824833755693,4.411066767374675,663.1834716796875,2467.79541015625,6.532362375000957
720,single_training,mps,150,-92601.17127763396,302,False,-1.601151736328999,0.30744537426619595,0.015818436133364835,4.396834224065145,478.68792724609375,1429.222900390625,6.505465916998219
721,single_training,mps,150,-156732.31397553827,511,False,-6.339660401232541,2.1982374414113353,0.021634271014481784,4.3972863038380945,1566.66650390625,3686.602783203125,6.6310376659967005
722,sullivan_canyon,mps,150,-42865.223851571594,159,False,-0.506708327718079,0.12455104053818104,0.020288308068411424,4.443661022186279,174.94131469726562,680.6959838867188,6.566936165996594
723,sullivan_canyon,mps,150,-37943.924977030736,140,False,0.785782414500912,0.14377983698572885,0.02130455675922955,4.4726441939671835,104.56804656982422,479.1904602050781,6.557978083001217
724,sullivan_canyon,mps,150,-48735.046299512775,177,False,-1.62559469888142,0.3702964525582498,0.02638152049815593,4.485931226412455,465.7732238769531,1306.03076171875,6.5500288750045
725,single_training,mps,150,-97639.35320488852,320,False,-0.1500302642583847,0.08470916971537615,0.0221089027224419,4.493390231132508,131.21560668945312,395.60577392578125,6.595482917007757
726,single_training,mps,150,-131518.69414830656,428,False,-3.3286370979001125,0.6457995861946256,0.018715104525908827,4.504020754496256,634.9437255859375,1348.25341796875,6.530681250005728
727,single_training,mps,4,18.34927128516004,0,True,1.7673289328813553,0.6454687118530273,0.0021953852847218513,2.8172457814216614,46.61732482910156,40.51835632324219,0.18039566598599777
728,single_training,mps,150,-100204.75879358895,331,False,-0.012286437787115573,0.06261345851950258,0.023286643822987875,4.520322163899739,120.96863555908203,144.4141082763672,6.622959790984169
729,single_training,mps,4,18.803903709481702,0,True,1.9057958126068115,0.682360365986824,0.010600100504234433,2.795169711112976,47.903045654296875,43.521121978759766,0.1775969169975724
730,single_training,mps,150,-128457.15111232524,425,False,-2.5653721678008634,0.4200694799892032,0.06374790449937184,4.51394349416097,492.86956787109375,7054.5751953125,6.600499583990313
731,single_training,mps,4,18.803903709481702,0,True,1.1424951702356339,0.6292847096920013,0.09318609349429607,2.7008246183395386,46.99640655517578,46.95844268798828,0.17328341701067984
732,sullivan_canyon,mps,150,-46511.877906261725,173,False,0.17858864746366937,0.12107051014862918,0.09778274814287821,4.501742806434631,70.80130767822266,7112.95703125,6.639363499998581
733,single_training,mps,150,-106759.54160709161,350,False,-0.04470271791021029,0.18008777010138147,0.04116258239994446,4.498287967046102,154.00071716308594,2525.975341796875,6.631840249989182
734,topanga_ridge,mps,150,-4619.465568226692,10,False,4.744863893556467,1.5162233968517602,0.018981243114297587,4.497793580691019,667.3340454101562,3603.18359375,6.552624000003561
735,topanga_ridge,mps,150,-14778.314374669895,50,False,-1.8514892791956663,1.0092104999982379,0.018671090269150835,4.4957166703542075,654.3794555664062,1354.928955078125,6.551493125007255
736,sullivan_canyon,mps,150,-78411.67986674601,282,False,-6.547432254552842,2.5336045178565354,0.017394125910165408,4.487099954287211,1147.4832763671875,4982.4091796875,6.588220124976942
737,sullivan_canyon,mps,150,-38336.12547235238,142,False,1.96955883761247,0.26148851862798134,0.021004835991188884,4.477677040100097,298.6709289550781,1221.8212890625,6.545910707995063
738,sullivan_canyon,mps,150,-53038.833253705045,198,False,-1.0875398778434222,0.19414755166094325,0.021371008152297387,4.471098750432333,240.57125854492188,862.009521484375,6.549736500019208
739,single_training,mps,4,18.803903709481702,0,True,1.6054820120334625,0.5406887456774712,0.0010155456548091024,2.395960569381714,45.91655731201172,50.23807907104492,0.17953204200603068
740,single_training,mps,4,18.803903709481702,0,True,0.9535672068595886,0.5194409564137459,0.0010138433281099424,2.353660225868225,45.38685607910156,60.57435989379883,0.20121437497437
741,single_training,mps,4,18.803903709481702,0,True,1.5547561198472977,0.4649284705519676,0.0011245136556681246,2.270150303840637,43.727603912353516,55.22743606567383,0.1750844999914989
742,single_training,mps,4,8.86726671477096,0,True,2.277726858854294,0.3758600056171417,0.001508868153905496,2.150094211101532,40.46586227416992,28.56758689880371,0.18294091700227
743,topanga_ridge,mps,150,-5797.5216928714835,14,False,3.382348769009113,0.8943277572002262,0.01792063924483955,4.369727065563202,576.68994140625,6623.24609375,6.5835996250098106
744,single_training,mps,150,-97359.5819650924,317,False,-0.7214617466926575,0.29051225577636314,0.02283279159416755,4.26555158217748,276.75250244140625,5949.8857421875,6.5483165420009755
745,single_training,mps,4,18.803903709481702,0,True,0.10944558493793011,0.06641974952071905,0.03044131025671959,1.7071574926376343,19.283161163330078,75.55545043945312,0.1755304169782903
746,single_training,mps,4,18.803903709481702,0,True,0.05261122900992632,0.00284791061130818,0.18991905450820923,1.4672783315181732,0.7160675525665283,384.92938232421875,0.1747289589839056
747,single_training,mps,4,18.803903709481702,0,True,-0.13858587853610516,0.032300794031471014,0.30194954574108124,1.3382172584533691,15.421573638916016,628.9879760742188,0.17524266699911095
748,stone_canyon,mps,150,-113246.63056567099,393,False,-2.2866412677802144,0.9170893971971812,0.18556919664144517,3.7898879710833233,1398.70849609375,25838.31640625,6.630048416991485
749,topanga_ridge,mps,150,-20559.13592191173,73,False,-7.354497966766357,5.083862242574493,0.04700185420612494,3.8104959654808046,4039.000244140625,40368.5625,6.5919985420187
750,single_training,mps,4,10.387401969821614,0,True,-0.22611281089484692,0.02042971388436854,0.00364748970605433,1.4393842220306396,11.54996109008789,60.16160202026367,0.17565108300186694
751,sullivan_canyon,mps,3,31.017220246354565,0,True,0.3561163942019145,0.02359943992147843,0.0011771143375275035,1.619504491488139,8.885534286499023,20.258338928222656,0.1338847079896368
752,single_training,mps,4,18.803903709481702,0,True,0.09701043565291911,0.0040351498100790195,0.0010236768575850874,1.6141734719276428,2.8602688312530518,3.8589413166046143,0.1737199579947628
753,topanga_ridge,mps,150,-7430.176420579071,21,False,0.6308054340879122,0.3676700106861244,0.051204627781019856,4.094135910669962,257.3809509277344,2086.388427734375,6.597243249998428
754,single_training,mps,5,0.38740196982161024,0,True,-0.18928580395877362,0.024147712625563145,0.0008592634694650769,1.5531333684921265,15.137389183044434,27.732769012451172,0.22000183397904038
755,topanga_ridge,mps,150,-10963.046395150883,36,False,-1.853139307865252,0.6680049176183517,0.05694949889439158,4.017891174952189,1066.6800537109375,1712.2808837890625,6.570825500006322
756,sullivan_canyon,mps,150,-48266.1698177725,178,False,-2.447364935477575,0.6257586338526259,0.059471803493409726,4.110059847036998,1011.39404296875,2361.48193359375,6.537859708012547
757,topanga_ridge,mps,150,-22518.885522530116,80,False,-7.415148437420527,4.2535759681463245,0.10587000512052328,4.210842153231303,2606.0341796875,4894.529296875,6.5537584999983665
758,sullivan_canyon,mps,150,-58130.767247345146,213,False,-2.7004055374115707,0.7093100396109124,0.09997535760475633,4.3206403009096785,773.6564331054688,1522.9619140625,6.523024333000649
759,single_training,mps,4,18.803903709481702,0,True,0.6292658932507038,0.16123392805457115,0.0013732388033531606,2.1413593888282776,28.21358299255371,20.961524963378906,0.18056779200560413
760,sullivan_canyon,mps,150,-56544.81648880702,208,False,-1.7932932351032893,0.33076936860879264,0.14668781311057197,4.416910518010457,487.10943603515625,1481.710693359375,6.533637708984315
761,single_training,mps,150,-109059.48181641626,355,False,-0.11834734464685122,0.31388510269287506,0.12108966360567137,4.4203046067555745,176.30194091796875,1063.8021240234375,6.5611901249794755
762,single_training,mps,4,18.882036017854883,0,True,0.8223753646016121,0.2626088745892048,0.001412938188877888,2.229779303073883,34.91173553466797,27.8405704498291,0.1802540000062436
763,single_training,mps,150,-103190.8363800185,337,False,0.5463131349300966,0.19294224988399813,0.11426855967457716,4.436148753166199,124.45409393310547,796.5619506835938,6.541651665989775
764,topanga_ridge,mps,150,-21410.26129035598,76,False,-4.978719396789868,2.2153777268653116,0.18237190021939265,4.45294219493866,1173.110595703125,2023.7357177734375,6.618916624982376
765,single_training,mps,4,18.803903709481702,0,True,1.029858410358429,0.295085646212101,0.0015291672170860693,2.2039430737495422,36.83682632446289,28.55396270751953,0.1786582909990102
766,single_training,mps,5,-0.7730796646693179,0,True,2.0550429821014404,0.3102396011352539,0.0014085595612414181,2.2176133155822755,46.736270904541016,30.855083465576172,0.21260620799148455
767,single_training,mps,4,9.611237203076392,0,True,1.0094174295663834,0.2795940525829792,0.0009991702681872994,2.180350184440613,36.07087326049805,26.99921417236328,0.17620945899398066
768,topanga_ridge,mps,150,-10077.055102823764,31,False,2.514418583412965,0.8309375046954179,0.21198948949032154,4.449721120198568,446.43701171875,1127.197265625,6.6173646669776645
769,single_training,mps,150,-85276.62695730844,279,False,2.9105716136346262,0.7999462274656011,0.11208303887203025,4.436045255661011,569.3468017578125,1472.576416015625,6.5634826669993345
770,single_training,mps,4,18.803903709481702,0,True,1.1145218461751938,0.1997588574886322,0.0012715203338302672,2.1152039766311646,31.296722412109375,21.92605972290039,0.18022187499445863
771,single_training,mps,6,46.46432054000573,0,True,1.0764953543742497,0.19686557725071907,0.001351161035321032,2.147849996884664,45.87565612792969,39.1887321472168,0.253663042007247
772,single_training,mps,4,18.803903709481702,0,True,0.9228856638073921,0.11914424039423466,0.0011217663995921612,2.0262176394462585,24.824325561523438,19.165359497070312,0.17493654100690037
773,single_training,mps,4,10.209886752759875,0,True,0.3545329235494137,0.07229010667651892,0.001186628025607206,1.9580499827861786,19.596830368041992,14.837894439697266,0.17226541601121426
774,stone_canyon,mps,150,-114572.57138002754,392,False,0.7440696849611899,0.40424666074513577,0.08064422225928865,4.318364810148875,225.63681030273438,787.2800903320312,6.482322875002865
775,sullivan_canyon,mps,150,-77483.46255944518,280,False,-4.934726353486379,2.3016430651404276,0.15122701663097057,4.2770033701260886,1529.5189208984375,3637.1064453125,6.592849666980328
776,single_training,mps,5,8.803903709481702,0,True,0.08896137699484825,0.008315094112185761,0.0013337758951820432,1.716232967376709,4.69235897064209,5.533589839935303,0.21929758400074206
777,single_training,mps,5,58.8039037094817,0,True,0.04952421523630619,0.005311580776469782,0.0015438185888342558,1.7329219579696655,0.4209631383419037,2.772273063659668,0.21701375002157874
778,single_training,mps,5,-1.1179639821451133,0,True,-0.172647497151047,0.007100738861481659,0.0015028525143861771,1.8010748386383058,4.388590335845947,4.187658786773682,0.2165824999974575
779,topanga_ridge,mps,150,-19949.340533315444,68,False,-4.484723424116771,2.0900423589472967,0.17930396094957057,4.26324081103007,1612.6893310546875,2694.59765625,6.547556459001498
780,single_training,mps,150,-98023.88695077418,323,False,0.24592773040446142,0.24531948663866118,0.08203829919802956,4.274806756178538,239.09292602539062,1006.5631713867188,6.538270667020697
781,topanga_ridge,mps,150,-11333.14794607663,37,False,0.9594881820616623,0.513570502451909,0.10499990426974061,4.322964060306549,333.727294921875,962.820556640625,6.558849249995546
782,single_training,mps,150,-107019.23454251968,352,False,-0.04254896779855093,0.3685808659251779,0.05427532620068329,4.342043178876241,325.7936096191406,1190.3607177734375,6.580720124999061
783,single_training,mps,4,11.179301448228241,0,True,-0.014729880727827549,0.003473809571005404,0.0012877084373030812,2.060479462146759,0.6655088663101196,2.0511391162872314,0.17380183297791518
784,single_training,mps,150,-106936.34173712292,352,False,0.042884506086508435,0.4093687205323173,0.02390442229496936,4.4141986417770385,260.27978515625,779.8094482421875,6.621101124997949
785,single_training,mps,5,58.8039037094817,0,True,0.38940851017832756,0.02260414173360914,0.021507420763373374,2.2744115352630616,12.596986770629883,43.08149719238281,0.21729779199813493
786,single_training,mps,150,-83654.31948574883,274,False,1.430955124932031,0.2454414061964053,0.1441154733300209,4.4482813135782875,195.1775665283203,7713.03515625,6.552274166984716
787,single_training,mps,5,49.9489842466589,0,True,0.27635212764143946,0.026658295281231405,0.29894512295722964,2.357429265975952,14.173136711120605,432.49114990234375,0.21661437500733882
788,single_training,mps,5,8.803903709481702,0,True,0.2437656730413437,0.027641570940613747,0.3241273045539856,2.3813459396362306,14.023926734924316,452.67816162109375,0.2109794160060119
789,sullivan_canyon,mps,150,-39243.17441957562,145,False,2.032173765699069,0.36952294305937056,0.2114442761739095,4.479415863355001,288.4995422363281,10365.822265625,6.577197042002808
790,single_training,mps,150,-94020.04443291618,307,False,1.1075709554801385,0.3573466392466177,0.07838587164878845,4.481343048413595,244.58470153808594,4253.7021484375,6.587922042002901
791,sullivan_canyon,mps,150,-34917.53123800473,127,False,3.0880996196468673,0.6779436740186066,0.028677862025797366,4.495763184229533,486.9481201171875,1289.998779296875,6.566983125027036
792,single_training,mps,4,10.387401969821614,0,True,0.3264719620347023,0.035027693724259734,0.006190366228111088,2.4886823296546936,13.204496383666992,13.245158195495605,0.1811910840042401
793,topanga_ridge,mps,150,-19118.174937683747,68,False,-4.233660179004073,1.8936030575018958,0.032741650302583976,4.487685372034709,1178.4810791015625,2318.427490234375,6.576543166011106
794,single_training,mps,5,-6.011278997188761,0,True,0.5132233649492264,0.01955470279790461,0.0018568571424111724,2.5076968669891357,11.42941665649414,11.356541633605957,0.21227029198780656
795,single_training,mps,150,-75695.6847103851,247,False,1.7219101420789957,0.30260115377106556,0.036193581374827775,4.470767806371053,213.8069305419922,486.1282043457031,6.562470624980051
796,single_training,mps,6,31.31141732538027,0,True,0.08440878087033828,0.009127700599492528,0.0012701980497998495,2.600863258043925,6.644452095031738,8.65787410736084,0.2525256249937229
797,stone_canyon,mps,150,-185247.3158503671,628,False,-7.6045476603508,3.9747042081536104,0.06878191269468516,4.466656691233317,1929.3172607421875,4223.20947265625,6.561382084008073
798,sullivan_canyon,mps,150,-88355.40865590626,317,False,-9.258717938065528,5.0864033240731805,0.09144557672009493,4.46953796227773,2168.01416015625,4546.8037109375,6.520497374993283
799,single_training,mps,4,10.960691230589056,0,True,-0.09353829734027386,0.006487690676294733,0.001052641702699475,2.665196180343628,4.51809024810791,4.656424045562744,0.17854449999867938
800,single_training,mps,150,-102218.61021183067,337,False,-0.9743621800156931,0.2513950648048558,0.07797780439878503,4.478052283922831,406.62451171875,1082.258056640625,6.585122666991083
801,sullivan_canyon,mps,150,-39722.78085215214,151,False,0.9214910164661706,0.19265637780016126,0.10348614936733308,4.497154680887858,146.07675170898438,697.0663452148438,6.669227750011487
802,single_training,mps,150,-102568.3398265429,335,False,-0.6806425135582685,0.2842537798566627,0.05578398378682323,4.505610760052999,336.6018371582031,939.0234375,6.49313320798683
803,single_training,mps,26,-239.3235187061951,0,True,3.7743238135276793,1.3527542512534865,0.002816271036863327,3.838831718151386,221.11715698242188,383.9377136230469,1.0833752499893308
804,topanga_ridge,mps,150,-18440.143825401265,64,False,-4.326303554465218,1.94241965799581,0.0739870268610927,4.533376126289368,1188.7384033203125,2558.5595703125,6.552961790992413
805,single_training,mps,150,-113301.40431456864,367,False,-1.899114958246549,0.38464341262743496,0.03405070337078844,4.538012614250183,485.09014892578125,1066.9979248046875,6.516424292000011
806,single_training,mps,150,-137958.45017906147,447,False,-3.732433262268702,1.004206682605048,0.030660212951091427,4.5404499085744225,807.0474853515625,1839.159912109375,6.49521975000971
807,sullivan_canyon,mps,150,-28607.22370920532,101,False,3.359612030958136,0.7467745926284017,0.024585047097255786,4.560915141105652,429.1123962402344,806.8408203125,6.482888208003715
808,stone_canyon,mps,150,-128288.56821241809,440,False,-1.5736698084138334,0.5734786500417461,0.02593697527423501,4.554861664772034,458.0069885253906,499.8095397949219,6.533563167002285
809,single_training,mps,150,-120715.5428728252,394,False,-2.0332477725545566,0.3686971695889952,0.03736972498397032,4.554846183458964,490.1512756347656,946.61865234375,6.557473624998238
810,stone_canyon,mps,150,-103582.86374890215,354,False,1.271466062317292,0.2953375880609383,0.04623775062461694,4.570666457811991,202.87733459472656,1586.4388427734375,6.53426162499818
811,single_training,mps,150,-101783.73780552053,335,False,-0.3174671558539073,0.11664796702385198,0.04768984769781431,4.571984950701395,216.09661865234375,1443.36376953125,6.560077917005401
812,single_training,mps,4,-0.22880090276709097,0,True,1.3424103036522865,0.14313787780702114,0.02510167844593525,2.956807017326355,26.528610229492188,31.292722702026367,0.1819867919839453
813,single_training,mps,4,-1.4004230297031768,0,True,1.0612040162086487,0.17532009072601795,0.014136640122160316,3.0117223858833313,28.760814666748047,28.198423385620117,0.17138712498126552
814,single_training,mps,150,-118488.53448911801,385,False,-1.5268854775031409,0.3094304880600733,0.02642965964352091,4.5722015126546225,371.631591796875,386.71435546875,6.60265695900307
815,sullivan_canyon,mps,150,-52994.786880109605,196,False,-0.9486043177048366,0.1618569558669454,0.027677123301352063,4.580044717788696,266.7225646972656,413.3691711425781,6.565527707978617
816,single_training,mps,4,0.8585278609966167,0,True,1.1957100927829742,0.2097555249929428,0.004871303914114833,3.0472156405448914,31.361059188842773,19.764188766479492,0.17770754199591465
817,stone_canyon,mps,150,-114092.64466922218,394,False,0.4699928970603893,0.2726866704089298,0.027731543065359195,4.579441912968954,212.79116821289062,497.9394836425781,6.59042066699476
818,single_training,mps,6,-6.627342142680746,0,True,1.6001202861467998,0.2613384972016017,0.0037890898529440165,3.090143402417501,50.98130416870117,32.448951721191406,0.2732893749780487
819,single_training,mps,5,-8.26602206557481,0,True,1.4305126786231994,0.21768190562725068,0.002743058279156685,3.035016679763794,40.04795837402344,21.856287002563477,0.21271449999767356
820,single_training,mps,13,-89.71476139977082,0,True,2.0564021376463084,0.562409011217264,0.002427227759303955,3.370426746515127,127.51960754394531,94.1755142211914,0.5439067090046592
821,sullivan_canyon,mps,150,-44207.925212597635,167,False,1.0501004085317254,0.23919121516481634,0.04619392423890531,4.567192209561666,176.9912567138672,887.998291015625,6.695625416992698
822,single_training,mps,150,-98686.20469928828,326,False,-0.04878370576305315,0.11704747016831646,0.041009386049893994,4.55623354434967,165.7172088623047,535.2304077148438,6.565293374995235
823,single_training,mps,5,58.8039037094817,0,True,0.5786246359348297,0.1553480237722397,0.0017183003714308144,2.9865064144134523,34.56247329711914,29.111572265625,0.21886845800327137
824,sullivan_canyon,mps,150,-65245.03455834591,239,False,-4.376298273305098,1.4374657382338774,0.04753808329425131,4.545455156962077,984.8934936523438,2242.419189453125,6.6638065420265775
825,single_training,mps,7,-24.3256173672564,0,True,0.8173670257840838,0.14340686106256076,0.0017087000887840986,2.938805341720581,46.061649322509766,30.849159240722656,0.30294283299008384
826,single_training,mps,150,-143117.40456034782,472,False,-4.192740319271882,1.1063933970034123,0.039614719414773084,4.528113260269165,861.2298583984375,1466.2613525390625,6.623052125010872
827,single_training,mps,4,10.387401969821614,0,True,0.5212136879563332,0.07174262218177319,0.0016960847424343228,2.7371585965156555,19.702068328857422,13.32470417022705,0.18507829200825654
828,single_training,mps,4,10.562339885928505,0,True,0.741912592202425,0.05469893990084529,0.0018384879222139716,2.6617960333824158,17.283979415893555,11.314281463623047,0.18111145900911652
829,stone_canyon,mps,150,-103999.99630862665,356,False,0.7144232808363934,0.2738867186939672,0.023094513174922515,4.4994599215189615,248.80332946777344,259.5814514160156,6.596907541999826
830,sullivan_canyon,mps,150,-50814.04167994059,193,False,-0.8110567716074487,0.23507213306067465,0.025115434428056083,4.49615255355835,341.459228515625,548.4517211914062,6.542986499989638
831,single_training,mps,8,-31.226025962793216,0,True,0.66430888697505,0.06748822567169555,0.00332532508764416,2.6004163324832916,34.70003890991211,22.090707778930664,0.33569800000987016
832,single_training,mps,4,0.08079861123086829,0,True,0.6842073169536889,0.01436132550588809,0.00414994964376092,2.3953182697296143,8.364617347717285,10.20448112487793,0.17483208299381658
833,topanga_ridge,mps,150,-16568.860231838134,57,False,-3.232614837413033,1.8523488019527818,0.018806226787467798,4.4798324616750085,1136.7950439453125,2057.7177734375,6.52508241601754
834,topanga_ridge,mps,150,-24470.92480471793,88,False,-7.975884383519491,4.626878400991361,0.021382314718017974,4.483691083590189,1931.850341796875,3655.992431640625,6.608964334009215
835,single_training,mps,4,9.611237203076392,0,True,0.052991822361946106,0.005803481435577851,0.008900652173906565,2.3617411851882935,3.6421947479248047,10.44411849975586,0.18081300001358613
836,sullivan_canyon,mps,150,-58035.62336931314,214,False,-2.5034544030576944,0.5426591490572901,0.020930563745399314,4.474553844134013,675.5353393554688,1110.4896240234375,6.561369041999569
837,stone_canyon,mps,150,-120993.26854506122,414,False,-0.9679870214437445,0.3537532148005994,0.018329884928340714,4.476058233579,491.2246398925781,364.6164855957031,6.519428208004683
838,sullivan_canyon,mps,150,-78859.7780442069,282,False,-6.794450752735138,2.7774747489998117,0.01874081057185928,4.480812997817993,1488.2904052734375,2753.370849609375,6.494171250000363
839,topanga_ridge,mps,150,-7051.498520042578,19,False,3.5149642763535183,1.2907192268657188,0.018068631095811725,4.478246246973674,537.6370239257812,1069.3885498046875,6.520033125008922
840,single_training,mps,5,-2.2840932269866556,0,True,0.04087805859744549,0.01054587565595284,0.00311728254891932,2.3845271110534667,7.140321254730225,5.955621719360352,0.2204472080047708
841,single_training,mps,4,18.803903709481702,0,True,0.06961571308784187,0.005274428069242276,0.0021769649465568364,2.3332351446151733,3.146376132965088,3.3516829013824463,0.17325291701126844
842,stone_canyon,mps,150,-91578.24636207217,316,False,3.680821330434022,1.2167534936013245,0.024073420336159567,4.481299737294515,598.864501953125,1435.6944580078125,6.559636332996888
843,stone_canyon,mps,150,-126681.36525511803,440,False,-0.9706329753125708,0.4638994680563034,0.03434697298759905,4.474922575950623,548.2869262695312,699.8056030273438,6.466685542021878
844,single_training,mps,4,18.803903709481702,0,True,0.04253981076180935,0.003962967908591963,0.0011512230994412675,2.317448854446411,1.3367490768432617,3.2763679027557373,0.17366550001315773
845,stone_canyon,mps,150,-116434.53680091532,400,False,0.47887657236307857,0.4905526452355237,0.02948253569852871,4.477562096913656,373.8448791503906,814.0716552734375,6.5003271250170656
846,stone_canyon,mps,150,-155444.04778334027,534,False,-3.5943085196614266,1.5005822458221034,0.03274840062716976,4.487347170511882,926.21044921875,1170.6866455078125,6.5747595420107245
847,single_training,mps,4,10.387401969821614,0,True,0.04174445057287812,0.005187016580748605,0.0012511317036114633,2.4109654426574707,3.1753039360046387,2.0125064849853516,0.1750189590093214
848,single_training,mps,150,-96508.52977134965,317,False,0.3803298961122831,0.17570102068504145,0.022168639942537992,4.485560671488444,206.1709442138672,283.0321044921875,6.617326417006552
849,single_training,mps,5,-1.3123111522152868,0,True,0.2159557305276394,0.013401156591135078,0.001993222744204104,2.4434012889862062,9.03521728515625,8.861513137817383,0.21880345899262466
850,single_training,mps,14,-90.9203734894308,0,True,1.2498744960342134,0.3713887526267042,0.0024372046547276633,2.9093206439699446,85.69966888427734,69.44686889648438,0.5951759169984143
851,sullivan_canyon,mps,150,-48364.944929623416,181,False,0.5722631378487374,0.3114865841476404,0.019610418104566634,4.491919113794963,226.00892639160156,797.6420288085938,6.503410415985854
852,single_training,mps,150,-124906.34843552377,411,False,-2.332263674189647,0.46395850577042436,0.021371386637911202,4.477208255132039,654.8126220703125,595.6107788085938,6.508964708977146
853,sullivan_canyon,mps,150,-36941.652687160866,135,False,2.854132795416905,0.6841404277058352,0.017770877160752815,4.483631348609924,457.256103515625,1427.344482421875,6.537470790994121
854,single_training,mps,5,0.20988675275987134,0,True,0.06412512324750423,0.011541980394395069,0.004774841386824847,2.3838578701019286,8.18061351776123,8.580190658569336,0.2168806669942569
855,sullivan_canyon,mps,150,-42875.25059957809,161,False,1.0525907131284475,0.2185536492759517,0.015091300280764698,4.4763084983825685,200.22164916992188,572.252685546875,6.494337500014808
856,single_training,mps,4,8.701740339889263,0,True,0.0452381893992424,0.004559724053251557,0.004060149658471346,2.27410888671875,2.960693597793579,3.937168598175049,0.1816065000020899
857,topanga_ridge,mps,150,-3136.994336242265,3,False,5.594097561227779,2.016688259980474,0.02392070755517731,4.465975368817647,823.029052734375,1717.2554931640625,6.523348250018898
858,sullivan_canyon,mps,150,-38646.98442679852,139,False,1.013620205571254,0.4057211881134814,0.016863152195389072,4.459673579533895,227.1819610595703,469.4661560058594,6.547215666010743
859,single_training,mps,5,-1.9521811996543548,0,True,-0.05927266366779804,0.005751587077975273,0.001631791889667511,2.2000731468200683,0.35715723037719727,4.880510330200195,0.217893292021472
860,single_training,mps,4,11.206849884246928,0,True,-0.04246315636555664,0.004425748853805089,0.0012814497167710215,2.1599373817443848,2.922888994216919,2.738279104232788,0.1750034169817809
861,topanga_ridge,mps,150,-19206.377673877847,67,False,-4.961604446594913,2.5382791730153866,0.033685919602867216,4.442921309471131,1536.4617919921875,2792.93798828125,6.513898040982895
862,single_training,mps,7,-19.61259803017839,0,True,0.13769180281087756,0.010700548228572058,0.0012406273079769953,2.288515669958932,4.602460861206055,5.753640651702881,0.3036046249908395
863,sullivan_canyon,mps,150,-42330.51666830664,159,False,0.27552635451157886,0.20481103835608033,0.03253787598960722,4.443382970492045,203.63475036621094,615.628173828125,6.500063082989072
864,single_training,mps,5,0.3874019698216138,0,True,0.0208972979336977,0.004456993753592542,0.0012788482359610497,2.247341680526733,1.1838514804840088,3.3381054401397705,0.2205795829941053
865,single_training,mps,6,40.327994891147014,0,True,-0.013770184790094694,0.005324555075882624,0.0013393610327815015,2.2928271293640137,1.6247795820236206,2.194572925567627,0.2605720419960562
866,stone_canyon,mps,150,-144346.7006678106,495,False,-2.9773119890193143,1.2941647439767863,0.02279372728507345,4.448461667696635,953.0963745117188,1095.4676513671875,6.601124500011792
867,single_training,mps,4,18.803903709481702,0,True,0.04419852385763079,0.0031554480283375597,0.0012402940774336457,2.2507514357566833,1.2105470895767212,1.6935622692108154,0.18200450000585988
868,sullivan_canyon,mps,150,-48522.52019594413,180,False,-1.223424779040118,0.28408217878547776,0.022434782904262342,4.452988513310751,497.3214111328125,817.5931396484375,6.514815417001955
869,single_training,mps,4,18.803903709481702,0,True,0.0380485700443387,0.004770041748997755,0.0014883031544741243,2.2996662259101868,3.75596284866333,2.405565023422241,0.17685958297806792
870,sullivan_canyon,mps,150,-45674.01463598478,169,False,0.2711638897533218,0.3371943012556949,0.024701026748710622,4.4647054783503215,276.89007568359375,763.0442504882812,6.528640041011386
871,single_training,mps,150,-116578.92004165355,382,False,-2.4478925194342933,0.5008521652033475,0.016188329202899088,4.455954047838847,701.7843627929688,862.3890380859375,6.470839666988468
872,stone_canyon,mps,150,-119334.76599468876,411,False,-1.4012749933699766,0.4009982422240561,0.015153865587587158,4.456195680300395,570.516357421875,555.0625610351562,6.512001124996459
873,single_training,mps,150,-151347.52274389382,498,False,-5.508874803185463,1.8849500458846644,0.0213907175247247,4.462842702865601,1242.402099609375,1721.4078369140625,6.597801707976032
874,topanga_ridge,mps,150,-17240.619398262595,59,False,-3.537200563068812,1.6301284411346606,0.01930927776110669,4.474111402829488,1144.6063232421875,2098.46240234375,6.58345270800055
875,stone_canyon,mps,3,31.194735463416304,0,True,1.3765547474225361,0.46950966119766235,0.004601541751374801,2.309225559234619,42.166526794433594,26.479084014892578,0.13783187497756444
876,single_training,mps,4,1.9114931514869298,0,True,0.44993731938302517,0.0360308934468776,0.006174132111482322,2.285346806049347,15.232218742370605,10.089986801147461,0.17865533399162814
877,sullivan_canyon,mps,3,30.209886752759875,0,True,0.8824619849522909,0.06701729943354924,0.006277470228572686,2.3336668014526367,15.718122482299805,10.879828453063965,0.14141745900269598
878,single_training,mps,150,-114202.82150055715,379,False,-1.2690900643666585,0.31533882115438855,0.019938860200345517,4.478485140800476,427.087890625,387.5180969238281,6.677753416006453
879,single_training,mps,150,-165887.94589509812,544,False,-5.43235754703482,2.0791310257722793,0.02239486205081145,4.481067132949829,1174.57763671875,939.184814453125,6.543757416016888
880,topanga_ridge,mps,150,-16979.657361703063,59,False,-2.599025454223156,1.2278440068310132,0.024566472894512116,4.497108831405639,884.06787109375,1872.29296875,6.6180627919966355
881,single_training,mps,4,9.611237203076392,0,True,0.4589021597057581,0.04868896910920739,0.0019946568936575204,2.349364936351776,17.69247055053711,10.225068092346191,0.1782649160013534
882,stone_canyon,mps,150,-131427.23836982105,453,False,-0.5025191657741864,0.6341055601151553,0.020684755157368877,4.498524772326151,519.092529296875,702.0072631835938,6.543212165997829
883,single_training,mps,150,-126901.04979238675,412,False,-1.5843108145147562,0.4630466139486331,0.02363627921867495,4.495975818634033,485.05401611328125,508.9935607910156,6.475795375008602
884,stone_canyon,mps,150,-112309.14347096531,383,False,0.48739724821100633,0.2962183725329063,0.017236477722569057,4.495754033724467,229.72421264648438,622.8646850585938,6.517626832996029
885,topanga_ridge,mps,150,-14271.516290147289,47,False,-0.23600441900392374,0.7453935434638455,0.018938038063546023,4.507040489514669,485.0595703125,1345.9940185546875,6.567730082984781
886,topanga_ridge,mps,150,-14805.0707506763,50,False,-0.3642535864189267,0.6604081906804034,0.02235159733177473,4.5116204833984375,462.5180358886719,1196.2313232421875,6.5097118339908775
887,topanga_ridge,mps,150,-4287.023721024289,8,False,6.1023794877529145,2.287627319832876,0.020199651739870508,4.511741086641948,987.5233764648438,1585.1702880859375,6.551018458005274
888,single_training,mps,150,-94375.64582312852,309,False,1.521291041870912,0.2663116833886791,0.019967148263628283,4.506045630772909,247.59962463378906,1007.4281005859375,6.498248416988645
889,single_training,mps,150,-117083.44512326157,382,False,-0.189542867342631,0.4259645943203941,0.021270163444181284,4.504469397862752,298.8652648925781,1791.9112548828125,6.503962582995882
890,single_training,mps,150,-116085.11145737866,383,False,-0.2070760175585747,0.3409753589875375,0.020002659289166332,4.511383104324341,253.31898498535156,860.2796630859375,6.586416083999211
891,topanga_ridge,mps,150,-14915.976008878908,51,False,-0.5460818737993638,0.556984830203825,0.023193351660544672,4.520712877909342,428.0497131347656,1169.4361572265625,6.596918832976371
892,sullivan_canyon,mps,150,-52870.326957651705,196,False,-0.3010661744947235,0.2126314291072534,0.019304603183021147,4.520197747548421,224.9302978515625,416.91900634765625,6.507186292001279
893,single_training,mps,150,-140201.00532110617,466,False,-2.933225747557978,0.6050366415230141,0.0195346872555092,4.511661895116171,629.5322265625,669.71630859375,5.941627458028961
894,single_training,mps,150,-125834.1917893979,411,False,-1.004498900299271,0.33118824482963344,0.021222372422926128,4.514013873736063,315.70904541015625,372.09307861328125,6.100124582997523
895,topanga_ridge,mps,150,-9128.65744727438,28,False,3.1360460805209973,0.9337865951818155,0.02424609782019009,4.5167368268966674,462.7117614746094,668.0398559570312,5.991837791982107
896,sullivan_canyon,mps,150,-32192.583868048678,117,False,3.826890729367733,0.7723767597217617,0.016084159850142898,4.523716681798299,552.1181030273438,822.8169555664062,6.249636291991919
897,stone_canyon,mps,150,-78029.94218723693,268,False,4.663166455427805,1.2800380609929563,0.017853790586814286,4.522625830968221,694.857666015625,1184.346435546875,6.131822290975833
898,single_training,mps,150,-110215.64831738739,365,False,0.36715202264487745,0.20090221875264735,0.019095539848009744,4.517700921694438,194.23724365234375,566.5020141601562,6.105206375010312
899,sullivan_canyon,mps,150,-57077.66670300889,211,False,-1.6072163398501773,0.36234189672670464,0.021506017111241817,4.522605311075846,428.96197509765625,1101.9522705078125,6.027444874984212
900,single_training,mps,150,-112340.71904755513,372,False,-0.05380626072951903,0.18357690822467893,0.02044000513230761,4.51298929532369,167.20999145507812,423.51629638671875,6.781388790986966
901,single_training,mps,4,18.803903709481702,0,True,1.9518739879131317,0.7123885154724121,0.00548865960445255,2.3279489278793335,64.72612762451172,33.64878845214844,0.16870879102498293
902,stone_canyon,mps,150,-106362.5383860159,365,False,1.5829506159822146,0.26699932364106643,0.019901371439918877,4.5200152571996055,185.99461364746094,324.65087890625,6.174646750005195
903,single_training,mps,4,6.297322548387569,0,True,2.604512542486191,0.7576492577791214,0.005289704538881779,2.293837070465088,66.89669036865234,40.44333267211914,0.16318054098519497
904,single_training,mps,6,-17.894228232233743,0,True,3.46780863404274,0.8197652101516724,0.004852276373033722,2.372199535369873,102.00149536132812,66.80408477783203,0.2137921660032589
905,topanga_ridge,mps,150,-4081.22767956358,7,False,5.328202848012249,1.7010114220222627,0.022224844445784885,4.5188009723027545,756.5494995117188,1376.8494873046875,7.421504208992701
906,single_training,mps,6,48.8039037094817,0,True,2.596438407897949,0.8241778612136841,0.0037369735849400363,2.4555334647496543,100.9864273071289,41.85165786743164,0.4655156660010107
907,stone_canyon,mps,150,-171413.5833732929,586,False,-5.736216837489822,2.101211834816404,0.01939864389132708,4.51864463965098,1186.9503173828125,1619.041015625,7.493022791022668
908,stone_canyon,mps,150,-82574.54267304335,286,False,2.4072172059491277,0.4873261023359676,0.016651404616422952,4.518871582349141,265.1623840332031,344.97320556640625,6.447662833001232
909,topanga_ridge,mps,150,-3967.913414160461,6,False,4.529318546179372,1.4104095600196631,0.02098434580489993,4.51547921816508,594.1402587890625,1001.341796875,5.753271667024819
910,stone_canyon,mps,150,-137863.69504813137,472,False,-3.3427814850459496,0.9301000698520026,0.022648445315038165,4.510533294677734,891.2113037109375,1506.0517578125,6.370454999996582
911,sullivan_canyon,mps,150,-41998.44242132107,159,False,-0.054451757768789924,0.2351526253684036,0.021082183017084997,4.518683950106303,267.3966064453125,635.3956298828125,6.8441497910243925
912,stone_canyon,mps,150,-117061.37571636631,402,False,-2.252643681207361,0.6796097601772106,0.025830492310536406,4.514111776351928,718.0859985351562,1306.473876953125,6.4916572499787435
913,sullivan_canyon,mps,150,-75772.24387949046,274,False,-7.161035181681315,3.034008797854185,0.02673053236367802,4.520604577064514,1477.325927734375,2860.425048828125,6.156836125010159
914,single_training,mps,5,0.20988675275987134,0,True,1.3034072995185852,0.6254983186721802,0.0015008656540885569,2.482192850112915,74.94024658203125,41.070030212402344,0.1908349159930367
915,stone_canyon,mps,150,-119368.98394847526,411,False,-1.6901723228643337,0.33831578979137705,0.025197968702608098,4.516456723213196,504.3174743652344,884.4083251953125,5.871943917009048
916,stone_canyon,mps,150,-120357.11649967579,415,False,-1.6608085657159488,0.388886479260788,0.025034432185348125,4.5100400924682615,346.814453125,393.4762878417969,6.186089791008271
917,sullivan_canyon,mps,150,-44521.367858448015,158,False,-0.795146908784906,0.5056851786911526,0.025887369969083616,4.516339373588562,436.62689208984375,1013.1751098632812,5.931722499983152
918,sullivan_canyon,mps,3,30.209886752759875,0,True,1.7930369973182678,0.6554356217384338,0.0015850351968159278,2.4046619733174643,47.054141998291016,29.747861862182617,0.11636870799702592
919,single_training,mps,150,-121078.03007395733,400,False,-2.209088551426927,0.459507921635377,0.02929239172876502,4.5144467433293665,417.9217529296875,410.301513671875,6.146057249978185
920,single_training,mps,150,-100539.7373892692,326,False,-0.2328065838928645,0.08831083900929779,0.026975884987041353,4.513396452267965,181.9093780517578,322.59912109375,6.243992292002076
921,stone_canyon,mps,15,-1990.799336873126,7,True,4.5187733968098955,2.52766535282135,0.0024681394919753076,3.061192178726196,338.4284362792969,171.36553955078125,0.6217272079957183
922,single_training,mps,150,-123979.68247046531,398,False,-1.8944558612505595,0.3367578478940686,0.020238175843842326,4.507071064313252,408.81964111328125,248.78672790527344,6.098762583016651
923,single_training,mps,5,-6.122311608154462,0,True,1.3956389546394348,0.5544002115726471,0.0042831930331885815,2.309976577758789,74.08184051513672,37.298587799072266,0.19737241600523703
924,single_training,mps,8,-54.59377011059624,0,True,2.012048877775669,0.6619384735822678,0.0062408578814938664,2.43793123960495,122.44837188720703,53.30195999145508,0.35579779199906625
925,single_training,mps,4,18.803903709481702,0,True,1.5752942860126495,0.4917207583785057,0.008063655579462647,2.222968876361847,56.97383117675781,29.464189529418945,0.15578766699763946
926,topanga_ridge,mps,150,-12998.91844803291,43,False,-0.10171367244251693,0.583841639603302,0.021740918991466362,4.494023391405741,408.17852783203125,1305.1397705078125,5.943555915990146
927,single_training,mps,5,0.20988675275987134,0,True,1.3638762712478638,0.42734835743904115,0.015375527925789357,2.172194480895996,67.07591247558594,39.55183792114258,0.2366326249903068
928,single_training,mps,5,58.8039037094817,0,True,1.1279260277748109,0.38154699802398684,0.026608799397945405,2.1271500825881957,64.37103271484375,38.35481262207031,0.19837595900753513
929,topanga_ridge,mps,150,-25139.605586344078,90,False,-7.451873192191124,3.7042191554171344,0.0886693952480952,4.442639484405517,1791.6025390625,5249.98974609375,6.030500667024171
930,single_training,mps,150,-109937.30772902645,362,False,0.8309138674785693,0.4984703937729743,0.3976345984141032,4.358905846277873,266.653076171875,29810.11328125,6.152470000000903
931,single_training,mps,17,-127.11090735200955,0,True,2.371765864246032,0.9774522684952792,0.669305310529821,2.5742043677498314,252.5641326904297,3337.719970703125,0.7016575830057263
932,single_training,mps,4,18.803903709481702,0,True,0.5308591723442078,0.1367612313479185,0.6191818416118622,1.7893646955490112,36.3445930480957,714.7446899414062,0.1889232920075301
933,sullivan_canyon,mps,3,30.209886752759875,0,True,0.8592100242773691,0.16130401442448297,0.3120294014612834,1.7868470350901287,29.410579681396484,287.8704528808594,0.12531795800896361
934,sullivan_canyon,mps,150,-87755.80133233355,318,False,-6.73818874526148,3.522930064395332,0.07221851776043574,4.319515836238861,1971.8623046875,6640.609375,5.872807333013043
935,topanga_ridge,mps,150,-17436.692207236934,61,False,-2.1102805688635757,0.8275116707973241,0.021465517211084563,4.363326950073242,844.9116821289062,1170.6090087890625,6.026224291010294
936,stone_canyon,mps,150,-117392.18463979324,403,False,0.9959022191166877,0.4373956266299744,0.016054350188933312,4.40836266597112,308.0148010253906,4893.83447265625,6.044425375002902
937,single_training,mps,4,9.611237203076392,0,True,0.37020166777074337,0.1107744500041008,0.0014563731383532286,1.8163679540157318,30.51338005065918,16.86353302001953,0.18413695800700225
938,single_training,mps,4,18.803903709481702,0,True,0.4068535082042217,0.0944441519677639,0.0009795922960620373,1.7866138815879822,28.347017288208008,15.59593391418457,0.19487470801686868
939,sullivan_canyon,mps,150,-43988.22522536341,161,False,1.289232626532515,0.21669821683979534,0.0270590823275658,4.404571092128753,162.26332092285156,366.0126647949219,6.314719582995167
940,stone_canyon,mps,150,-118874.94679018743,411,False,0.39630077908281236,0.41165521113141795,0.026139961884279424,4.390630428791046,360.1588439941406,589.0211791992188,6.515752458013594
941,topanga_ridge,mps,150,-12223.00354252885,41,False,0.9356655479222536,0.4246228827569818,0.05402682280478378,4.36085817972819,318.7001647949219,2228.633544921875,6.525202291988535
942,single_training,mps,4,18.803903709481702,0,True,0.3921044943854213,0.041717338375747204,0.0010665408335626125,1.6420515477657318,19.066490173339844,10.549896240234375,0.19683145798626356
943,single_training,mps,4,10.960691230589056,0,True,0.36571434512734413,0.03247044840827584,0.000935983654926531,1.6026764214038849,16.755329132080078,8.642342567443848,0.17908366699703038
944,single_training,mps,4,18.803903709481702,0,True,0.05826843623071909,0.021709790569730103,0.0008194158581318334,1.5722674131393433,13.458118438720703,6.213139057159424,0.16917808298603632
945,stone_canyon,mps,150,-133200.0527404073,458,False,-1.2940131505206227,0.6638997167226444,0.022411033138632776,4.343395499388377,683.0367431640625,573.8043823242188,6.43311520802672
946,single_training,mps,4,18.803903709481702,0,True,0.15981787536293268,0.0058624920129659586,0.0008801176736596972,1.4587958753108978,5.377772331237793,4.1713361740112305,0.1905590420064982
947,single_training,mps,4,18.803903709481702,0,True,0.007638855022378266,0.0032679405098861025,0.0009449793142266572,1.4382867813110352,1.6233892440795898,0.45184338092803955,0.19086925001465715
948,single_training,mps,5,8.803903709481702,0,True,-0.039524254947900773,0.005820080800913274,0.0008655929355882108,1.4376500368118286,4.096999645233154,5.665203094482422,0.23772279199329205
949,stone_canyon,mps,150,-135608.67527249886,465,False,-1.7723608423769475,0.8510591397880731,0.025064989417248097,4.321836164792379,835.765625,627.2584838867188,6.469213000003947
950,topanga_ridge,mps,150,-11589.269257996039,38,False,0.9756708813024064,0.5016887020414288,0.03279299735402068,4.277148152192433,428.8065185546875,2152.17822265625,6.225966208992759
951,single_training,mps,4,6.178420736361467,0,True,-0.4140943344682455,0.019812452723272145,0.0010195720969932154,1.4089239239692688,13.904096603393555,6.796042442321777,0.18750458300928585
952,topanga_ridge,mps,150,-12567.381888766093,41,False,0.6282117254038652,0.5009775604628763,0.02375848214685296,4.2590318592389425,508.30328369140625,1217.6383056640625,6.1473188329837285
953,single_training,mps,4,18.803903709481702,0,True,-0.03897053329274058,0.01927585172234103,0.001638802292291075,1.3219058513641357,13.55187702178955,13.940104484558105,0.21365587500622496
954,sullivan_canyon,mps,150,-63241.852032286915,232,False,-2.558153270284335,0.7944992449196676,0.014544888387123743,4.217481158574422,981.7215576171875,1759.2646484375,6.165153374982765
955,topanga_ridge,mps,150,-18068.48243662911,63,False,-1.964713094662875,0.9165764939898144,0.0222495180554688,3.961715012391408,1269.90673828125,5998.5126953125,5.859727165981894
956,single_training,mps,4,18.803903709481702,0,True,0.0783173172021634,0.004384799539877804,0.041019342839717865,1.042722463607788,2.971255302429199,116.41356658935547,0.1788550000055693
957,single_training,mps,10,8.803903709481702,0,True,0.10807111691683531,0.16189967673271893,0.12898366898298264,1.1269436955451966,105.2430191040039,1095.3514404296875,0.4564353339956142
958,sullivan_canyon,mps,3,30.209886752759875,0,True,0.2935766006509463,0.10226421803236008,0.1470496654510498,1.0070098042488098,29.581205368041992,356.8572998046875,0.1252488330064807
959,single_training,mps,5,58.8039037094817,0,True,0.0653054092079401,0.06628460809588432,0.06958887130022048,1.0719966530799865,37.18161392211914,361.20074462890625,0.21676866701454856
960,topanga_ridge,mps,150,-4655.965361715302,10,False,6.351261634627978,2.8884802345434824,0.028222911277165016,3.7540206321080527,2815.136962890625,41474.01953125,6.049309207999613
961,single_training,mps,5,0.960691230589056,0,True,0.10850175451487303,0.011648778471862898,0.002784744091331959,1.30944766998291,11.23437213897705,14.909122467041016,0.23229179199552163
962,single_training,mps,4,18.803903709481702,0,True,0.02685809787362814,0.00327098176421714,0.0010984030668623745,1.4412748515605927,2.326699733734131,11.773225784301758,0.17595874998369254
963,single_training,mps,150,-127685.31118690642,418,False,-1.9521569455663363,0.7222875705064993,0.03142385974371185,4.33405942440033,726.1881713867188,603.7528686523438,6.197356416989351
964,single_training,mps,4,13.936900298500504,0,True,0.07031772460322827,0.003046463149075862,0.000784046613262035,1.497319906949997,1.7527340650558472,3.8999111652374268,0.16757554101059213
965,single_training,mps,5,0.20988675275987134,0,True,-0.029782789573073388,0.00472406666376628,0.0011389515595510602,1.5815659523010255,2.629746437072754,3.2244646549224854,0.2073390840087086
966,single_training,mps,5,8.803903709481702,0,True,0.07936146887950599,0.004928745454526507,0.0007377543719485402,1.5837669849395752,1.592329978942871,5.269192218780518,0.2463934590050485
967,sullivan_canyon,mps,150,-44815.45124897386,167,False,0.7110153155960143,0.18375552327158706,0.09679059843261105,4.367900385856628,243.55255126953125,751.6813354492188,6.411843667010544
968,topanga_ridge,mps,150,-3365.417751556546,4,False,5.6469763794417185,2.1001538390959227,0.1383607390290126,4.370147727330526,998.9561157226562,1614.3818359375,5.881415667012334
969,single_training,mps,5,0.38740196982161024,0,True,-0.027398290019482373,0.004864785680547356,0.001397354551590979,1.696747636795044,2.9858245849609375,3.2996485233306885,0.23785329100792296
970,single_training,mps,150,-118678.0513777327,384,False,-0.7907032069315513,0.5685144719638143,0.1017095956314976,4.3576341199874875,581.9199829101562,991.4732666015625,6.167204124998534
971,single_training,mps,5,8.803903709481702,0,True,-0.018891042005270718,0.0047222731170222685,0.0011699285241775215,1.6746108055114746,0.3095724880695343,3.8119375705718994,0.2555764580029063
972,single_training,mps,4,6.870611809155008,0,True,-0.05307972175069153,0.0030903752372068993,0.0012197684845887125,1.6586901247501373,1.679337978363037,1.297101616859436,0.19067216702387668
973,sullivan_canyon,mps,150,-44740.88124239851,171,False,0.38023025981538616,0.16051888487907776,0.09713085387949832,4.359271376927694,251.70237731933594,795.6064453125,6.014014167012647
974,single_training,mps,5,58.8039037094817,0,True,0.04391677640378475,0.005072070578171406,0.001094235375057906,1.7072474718093873,3.958252191543579,1.9285341501235962,0.22539033301291056
975,stone_canyon,mps,150,-142532.0453631472,487,False,-2.380990485375126,0.910832456885643,0.056105380350879086,4.346184367338816,965.2411499023438,709.3375854492188,5.927175417018589
976,sullivan_canyon,mps,150,-50795.02747663463,190,False,-0.4883270779455779,0.29128662742029954,0.06753442167808922,4.349893967310588,395.71307373046875,968.1336669921875,6.007939125003759
977,topanga_ridge,mps,150,-8251.175770566046,25,False,2.5098894933238625,0.7442408089809518,0.05799218270578422,4.334644137223561,382.2969970703125,1920.868896484375,6.109351917024469
978,sullivan_canyon,mps,150,-44367.639416707454,168,False,0.3561066898082693,0.17292976835829904,0.029485658161574974,4.353861982822418,230.58482360839844,442.52410888671875,5.987172958004521
979,stone_canyon,mps,150,-95108.82081276653,327,False,2.1476590031385423,0.532590542313798,0.019115168911715347,4.344154048760732,351.2850341796875,702.5985717773438,5.8192239589989185
980,single_training,mps,4,18.803903709481702,0,True,0.11431290535256267,0.011281952742137946,0.005563678685575724,1.6635872721672058,9.233439445495605,5.391479969024658,0.17564858400146477
981,single_training,mps,4,18.803903709481702,0,True,0.039720339234918356,0.011359315161826089,0.03506291937083006,1.5474759638309479,9.857377052307129,46.63668441772461,0.19614237500354648
982,single_training,mps,4,18.803903709481702,0,True,0.1439561687875539,0.004332924087066203,0.11934859864413738,1.5009177029132843,4.584844589233398,245.2391357421875,0.17160529099055566
983,single_training,mps,5,-8.760712629752348,0,True,0.1938018102198839,0.005100356582261156,0.16119928061962127,1.5159014225006104,4.490131378173828,408.4029541015625,0.23907020801561885
984,stone_canyon,mps,150,-93427.06410152392,321,False,2.2668270120490344,0.6392746690074894,0.10713494439919789,3.9487113897005717,680.1636352539062,25089.76953125,6.275041124987183
985,single_training,mps,4,18.803903709481702,0,True,0.046617590938694775,0.003501797291391995,0.02916782395914197,1.5755329728126526,3.3848397731781006,46.34623336791992,0.1959237499977462
986,single_training,mps,5,-1.3123111522152868,0,True,0.036179938539862636,0.007088076451327652,0.00635646702721715,1.7249361753463746,6.961610317230225,5.4766764640808105,0.27603483299026266
987,single_training,mps,4,18.803903709481702,0,True,0.01915722992271185,0.0038047183043090627,0.0020824960083700716,1.7403066158294678,3.54502010345459,1.4145545959472656,0.21909308299655095
988,topanga_ridge,mps,150,-14731.039812477631,50,False,-1.68652343942939,0.9304330237685069,0.022460194794305912,4.262338219483693,1068.6065673828125,6270.52294921875,5.9007082500029355
989,stone_canyon,mps,150,-111052.69376516175,383,False,-0.6913001866941341,0.34742400455715594,0.02297229161990496,4.297562161286672,539.18994140625,364.0574645996094,5.986393041006522
990,single_training,mps,4,18.803903709481702,0,True,-0.011458015535026789,0.005559569984143309,0.000862640212289989,1.6550540328025818,5.589170455932617,3.668753147125244,0.1735971250163857
991,single_training,mps,4,18.803903709481702,0,True,-0.017458889167755842,0.005571018113187165,0.0008487333107041195,1.669843703508377,5.600950717926025,3.670057535171509,0.19372229097643867
992,stone_canyon,mps,150,-128902.87533877968,444,False,-2.649092445522547,0.7485975736111868,0.032823101974790915,4.3031606554985045,1083.5177001953125,779.6775512695312,6.171361041982891
993,single_training,mps,4,18.803903709481702,0,True,0.03604097105562687,0.002687610423890874,0.0008296474843518808,1.7732623517513275,1.515658974647522,2.9432830810546875,0.1979577500023879
994,single_training,mps,4,19.46971018378329,0,True,0.04372885683551431,0.0027355857434940845,0.0009856757533270866,1.8553988933563232,1.6649017333984375,1.886265754699707,0.1959728749934584
995,single_training,mps,4,18.803903709481702,0,True,0.07338844356127083,0.004011523902590852,0.000965957369771786,1.943160206079483,3.859797716140747,2.7071306705474854,0.16911037501995452
996,stone_canyon,mps,150,-127505.21624223856,437,False,-2.7358899039030073,0.6836323675955646,0.03537564700003713,4.357243831952413,999.5143432617188,979.9442749023438,5.850023917009821
997,sullivan_canyon,mps,3,30.209886752759875,0,True,0.3881118670105934,0.022653980180621147,0.0010629405539172392,2.1261492570241294,10.32916259765625,6.744999885559082,0.12956612498965114
998,single_training,mps,4,18.803903709481702,0,True,0.12769129610387608,0.007603663554618834,0.0009712422761367634,2.1653700470924377,6.896164894104004,3.7512173652648926,0.17344291700283065
999,single_training,mps,150,-91087.55764564844,302,False,0.36725690592449,0.2425164268600322,0.036500710844993595,4.394151768684387,265.5548095703125,704.196533203125,5.9175321249931585
1000,stone_canyon,mps,150,-123754.14568842776,424,False,-2.273131193065395,0.6313950132703364,0.03795634251825201,4.404122082392375,879.2684936523438,962.9799194335938,6.162066832999699
