{"type": "FeatureCollection", "features": [{"type": "Feature", "geometry": {"type": "LineString", "coordinates": [[-118.528849, 34.042724], [-118.528246, 34.0426122]]}, "properties": {"id": "122418425-529803018-0", "highway": "residential"}}, {"type": "Feature", "geometry": {"type": "LineString", "coordinates": [[-118.5308831, 34.0359073], [-118.5306235, 34.0372211]]}, "properties": {"id": "122423172-123125664-0", "highway": "residential"}}, {"type": "Feature", "geometry": {"type": "LineString", "coordinates": [[-118.4938638, 34.0699414], [-118.494214, 34.068108]]}, "properties": {"id": "122462997-123146776-0", "highway": "residential"}}, {"type": "Feature", "geometry": {"type": "LineString", "coordinates": [[-118.5360698, 34.0394624], [-118.536168, 34.0390474]]}, "properties": {"id": "122465917-122614335-0", "highway": "residential"}}, {"type": "Feature", "geometry": {"type": "LineString", "coordinates": [[-118.4933598, 34.0681082], [-118.493614, 34.067408]]}, "properties": {"id": "122468742-123146773-0", "highway": "residential"}}, {"type": "Feature", "geometry": {"type": "LineString", "coordinates": [[-118.4851166, 34.076986], [-118.4848762, 34.0772491]]}, "properties": {"id": "122482465-123091995-0", "highway": "residential"}}, {"type": "Feature", "geometry": {"type": "LineString", "coordinates": [[-118.4851166, 34.076986], [-118.4853763, 34.0768304]]}, "properties": {"id": "122482465-123751696-0", "highway": "residential"}}, {"type": "Feature", "geometry": {"type": "LineString", "coordinates": [[-118.4851166, 34.076986], [-118.4849005, 34.0749513]]}, "properties": {"id": "122482465-271822090-0", "highway": "residential"}}, {"type": "Feature", "geometry": {"type": "LineString", "coordinates": [[-118.4977527, 34.0515665], [-118.4976241, 34.0519987]]}, "properties": {"id": "122485539-123051089-0", "highway": "residential"}}, {"type": "Feature", "geometry": {"type": "LineString", "coordinates": [[-118.5283322, 34.0449125], [-118.5277243, 34.0447895]]}, "properties": {"id": "122503048-122648040-0", "highway": "residential"}}, {"type": "Feature", "geometry": {"type": "LineString", "coordinates": [[-118.5271474, 34.0377901], [-118.5267011, 34.0376763]]}, "properties": {"id": "122518649-122696051-0", "highway": "residential"}}, {"type": "Feature", "geometry": {"type": "LineString", "coordinates": [[-118.5271474, 34.0377901], [-118.528263, 34.037975]]}, "properties": {"id": "122518649-123008146-0", "highway": "residential"}}, {"type": "Feature", "geometry": {"type": "LineString", "coordinates": [[-118.5271474, 34.0377901], [-118.5268468, 34.0379639]]}, "properties": {"id": "122518649-8900713185-0", "highway": "residential"}}, {"type": "Feature", "geometry": {"type": "LineString", "coordinates": [[-118.4889037, 34.0604216], [-118.4868216, 34.0610159]]}, "properties": {"id": "122520969-122944664-0", "highway": "residential"}}, {"type": "Feature", "geometry": {"type": "LineString", "coordinates": [[-118.4889037, 34.0604216], [-118.4915038, 34.0601142]]}, "properties": {"id": "122520969-9188662120-0", "highway": "residential"}}, {"type": "Feature", "geometry": {"type": "LineString", "coordinates": [[-118.4889037, 34.0604216], [-118.4886867, 34.0623419]]}, "properties": {"id": "122520969-123108820-0", "highway": "residential"}}, {"type": "Feature", "geometry": {"type": "LineString", "coordinates": [[-118.4889037, 34.0604216], [-118.4886326, 34.058564]]}, "properties": {"id": "122520969-123346876-0", "highway": "residential"}}, {"type": "Feature", "geometry": {"type": "LineString", "coordinates": [[-118.5072984, 34.0359754], [-118.5064225, 34.0354593]]}, "properties": {"id": "122532330-122887149-0", "highway": "residential"}}, {"type": "Feature", "geometry": {"type": "LineString", "coordinates": [[-118.5482918, 34.0566259], [-118.5483202, 34.0577659]]}, "properties": {"id": "122556570-122556576-0", "highway": "residential"}}, {"type": "Feature", "geometry": {"type": "LineString", "coordinates": [[-118.5483202, 34.0577659], [-118.5482918, 34.0566259]]}, "properties": {"id": "122556576-122556570-0", "highway": "residential"}}, {"type": "Feature", "geometry": {"type": "LineString", "coordinates": [[-118.5483202, 34.0577659], [-118.5498696, 34.0583773]]}, "properties": {"id": "122556576-123150783-0", "highway": "residential"}}, {"type": "Feature", "geometry": {"type": "LineString", "coordinates": [[-118.5483202, 34.0577659], [-118.5458541, 34.0588821]]}, "properties": {"id": "122556576-122954053-0", "highway": "residential"}}, {"type": "Feature", "geometry": {"type": "LineString", "coordinates": [[-118.5180791, 34.0338557], [-118.5179044, 34.0325873]]}, "properties": {"id": "122558990-7237577621-0", "highway": "residential"}}, {"type": "Feature", "geometry": {"type": "LineString", "coordinates": [[-118.5180791, 34.0338557], [-118.5179044, 34.0325873]]}, "properties": {"id": "122558990-7237577621-1", "highway": "residential"}}, {"type": "Feature", "geometry": {"type": "LineString", "coordinates": [[-118.5180791, 34.0338557], [-118.5178614, 34.0339876]]}, "properties": {"id": "122558990-122697555-0", "highway": "residential"}}, {"type": "Feature", "geometry": {"type": "LineString", "coordinates": [[-118.5469389, 34.0402487], [-118.5461999, 34.04148]]}, "properties": {"id": "122565457-122565460-0", "highway": "residential"}}, {"type": "Feature", "geometry": {"type": "LineString", "coordinates": [[-118.5461999, 34.04148], [-118.5469389, 34.0402487]]}, "properties": {"id": "122565460-122565457-0", "highway": "residential"}}, {"type": "Feature", "geometry": {"type": "LineString", "coordinates": [[-118.5461999, 34.04148], [-118.5456813, 34.041099]]}, "properties": {"id": "122565460-122628829-0", "highway": "residential"}}, {"type": "Feature", "geometry": {"type": "LineString", "coordinates": [[-118.5461999, 34.04148], [-118.54486, 34.0428684]]}, "properties": {"id": "122565460-123075991-0", "highway": "residential"}}, {"type": "Feature", "geometry": {"type": "LineString", "coordinates": [[-118.6049745, 34.083572], [-118.6040349, 34.0831504]]}, "properties": {"id": "122567048-122567119-0", "highway": "residential"}}, {"type": "Feature", "geometry": {"type": "LineString", "coordinates": [[-118.6049745, 34.083572], [-118.604591, 34.0827903]]}, "properties": {"id": "122567048-123443682-0", "highway": "residential"}}, {"type": "Feature", "geometry": {"type": "LineString", "coordinates": [[-118.6010874, 34.082116], [-118.6015576, 34.0826953]]}, "properties": {"id": "122567078-122567086-0", "highway": "residential"}}, {"type": "Feature", "geometry": {"type": "LineString", "coordinates": [[-118.6015576, 34.0826953], [-118.6040349, 34.0831504]]}, "properties": {"id": "122567086-122567119-0", "highway": "residential"}}, {"type": "Feature", "geometry": {"type": "LineString", "coordinates": [[-118.6015576, 34.0826953], [-118.6010874, 34.082116]]}, "properties": {"id": "122567086-122567078-0", "highway": "residential"}}, {"type": "Feature", "geometry": {"type": "LineString", "coordinates": [[-118.6015576, 34.0826953], [-118.601489, 34.0817706]]}, "properties": {"id": "122567086-9096682061-0", "highway": "residential"}}, {"type": "Feature", "geometry": {"type": "LineString", "coordinates": [[-118.6040349, 34.0831504], [-118.6049745, 34.083572]]}, "properties": {"id": "122567119-122567048-0", "highway": "residential"}}, {"type": "Feature", "geometry": {"type": "LineString", "coordinates": [[-118.6040349, 34.0831504], [-118.6015576, 34.0826953]]}, "properties": {"id": "122567119-122567086-0", "highway": "residential"}}, {"type": "Feature", "geometry": {"type": "LineString", "coordinates": [[-118.6040349, 34.0831504], [-118.6032354, 34.0809265]]}, "properties": {"id": "122567119-123055781-0", "highway": "residential"}}, {"type": "Feature", "geometry": {"type": "LineString", "coordinates": [[-118.6044204, 34.0846093], [-118.6034505, 34.0845556]]}, "properties": {"id": "122567152-122567181-0", "highway": "residential"}}, {"type": "Feature", "geometry": {"type": "LineString", "coordinates": [[-118.6044204, 34.0846093], [-118.6041661, 34.0845225]]}, "properties": {"id": "122567152-122942168-0", "highway": "residential"}}, {"type": "Feature", "geometry": {"type": "LineString", "coordinates": [[-118.6034505, 34.0845556], [-118.6011705, 34.0850229]]}, "properties": {"id": "122567181-122567253-0", "highway": "residential"}}, {"type": "Feature", "geometry": {"type": "LineString", "coordinates": [[-118.6034505, 34.0845556], [-118.6044204, 34.0846093]]}, "properties": {"id": "122567181-122567152-0", "highway": "residential"}}, {"type": "Feature", "geometry": {"type": "LineString", "coordinates": [[-118.6034505, 34.0845556], [-118.6037163, 34.0839135]]}, "properties": {"id": "122567181-6782375038-0", "highway": "residential"}}, {"type": "Feature", "geometry": {"type": "LineString", "coordinates": [[-118.6011705, 34.0850229], [-118.6034505, 34.0845556]]}, "properties": {"id": "122567253-122567181-0", "highway": "residential"}}, {"type": "Feature", "geometry": {"type": "LineString", "coordinates": [[-118.6011705, 34.0850229], [-118.6005533, 34.0851596]]}, "properties": {"id": "122567253-123170748-0", "highway": "residential"}}, {"type": "Feature", "geometry": {"type": "LineString", "coordinates": [[-118.6011705, 34.0850229], [-118.6007524, 34.0840862]]}, "properties": {"id": "122567253-6933726889-0", "highway": "tertiary"}}, {"type": "Feature", "geometry": {"type": "LineString", "coordinates": [[-118.6011705, 34.0850229], [-118.601615, 34.0834954]]}, "properties": {"id": "122567253-123370296-0", "highway": "tertiary"}}, {"type": "Feature", "geometry": {"type": "LineString", "coordinates": [[-118.5651421, 34.0435856], [-118.5657465, 34.0432013]]}, "properties": {"id": "122569518-122569520-0", "highway": "residential"}}, {"type": "Feature", "geometry": {"type": "LineString", "coordinates": [[-118.5651421, 34.0435856], [-118.5643203, 34.0437354]]}, "properties": {"id": "122569518-534745884-0", "highway": "residential"}}, {"type": "Feature", "geometry": {"type": "LineString", "coordinates": [[-118.5651421, 34.0435856], [-118.5637145, 34.0430653]]}, "properties": {"id": "122569518-122569537-0", "highway": "residential"}}, {"type": "Feature", "geometry": {"type": "LineString", "coordinates": [[-118.5657465, 34.0432013], [-118.5651421, 34.0435856]]}, "properties": {"id": "122569520-122569518-0", "highway": "residential"}}, {"type": "Feature", "geometry": {"type": "LineString", "coordinates": [[-118.5657465, 34.0432013], [-118.5625004, 34.0418686]]}, "properties": {"id": "122569520-123403046-0", "highway": "residential"}}, {"type": "Feature", "geometry": {"type": "LineString", "coordinates": [[-118.5657465, 34.0432013], [-118.5648367, 34.0418466]]}, "properties": {"id": "122569520-7339765980-0", "highway": "residential"}}, {"type": "Feature", "geometry": {"type": "LineString", "coordinates": [[-118.5576853, 34.041428], [-118.5587979, 34.0417094]]}, "properties": {"id": "122569526-122569528-0", "highway": "residential"}}, {"type": "Feature", "geometry": {"type": "LineString", "coordinates": [[-118.5576853, 34.041428], [-118.5551314, 34.0415184]]}, "properties": {"id": "122569526-4626497869-0", "highway": "residential"}}, {"type": "Feature", "geometry": {"type": "LineString", "coordinates": [[-118.5576853, 34.041428], [-118.5586042, 34.040645]]}, "properties": {"id": "122569526-273291761-0", "highway": "residential"}}, {"type": "Feature", "geometry": {"type": "LineString", "coordinates": [[-118.5587979, 34.0417094], [-118.5596253, 34.0419059]]}, "properties": {"id": "122569528-122569529-0", "highway": "residential"}}, {"type": "Feature", "geometry": {"type": "LineString", "coordinates": [[-118.5587979, 34.0417094], [-118.5576853, 34.041428]]}, "properties": {"id": "122569528-122569526-0", "highway": "residential"}}, {"type": "Feature", "geometry": {"type": "LineString", "coordinates": [[-118.5587979, 34.0417094], [-118.5586197, 34.0422505]]}, "properties": {"id": "122569528-122660181-0", "highway": "residential"}}, {"type": "Feature", "geometry": {"type": "LineString", "coordinates": [[-118.5596253, 34.0419059], [-118.5601904, 34.0419589]]}, "properties": {"id": "122569529-122569530-0", "highway": "residential"}}, {"type": "Feature", "geometry": {"type": "LineString", "coordinates": [[-118.5596253, 34.0419059], [-118.5587979, 34.0417094]]}, "properties": {"id": "122569529-122569528-0", "highway": "residential"}}, {"type": "Feature", "geometry": {"type": "LineString", "coordinates": [[-118.5596253, 34.0419059], [-118.5605395, 34.0438911]]}, "properties": {"id": "122569529-122818927-0", "highway": "residential"}}, {"type": "Feature", "geometry": {"type": "LineString", "coordinates": [[-118.5601904, 34.0419589], [-118.5596253, 34.0419059]]}, "properties": {"id": "122569530-122569529-0", "highway": "residential"}}, {"type": "Feature", "geometry": {"type": "LineString", "coordinates": [[-118.5601904, 34.0419589], [-118.5605395, 34.0438911]]}, "properties": {"id": "122569530-122818927-0", "highway": "residential"}}, {"type": "Feature", "geometry": {"type": "LineString", "coordinates": [[-118.5601904, 34.0419589], [-118.5614844, 34.0427196]]}, "properties": {"id": "122569530-122569533-0", "highway": "residential"}}, {"type": "Feature", "geometry": {"type": "LineString", "coordinates": [[-118.5614844, 34.0427196], [-118.5625385, 34.042762]]}, "properties": {"id": "122569533-122569535-0", "highway": "residential"}}, {"type": "Feature", "geometry": {"type": "LineString", "coordinates": [[-118.5614844, 34.0427196], [-118.5601904, 34.0419589]]}, "properties": {"id": "122569533-122569530-0", "highway": "residential"}}, {"type": "Feature", "geometry": {"type": "LineString", "coordinates": [[-118.5614844, 34.0427196], [-118.5614584, 34.0445818]]}, "properties": {"id": "122569533-122756992-0", "highway": "residential"}}, {"type": "Feature", "geometry": {"type": "LineString", "coordinates": [[-118.5625385, 34.042762], [-118.5637145, 34.0430653]]}, "properties": {"id": "122569535-122569537-0", "highway": "residential"}}, {"type": "Feature", "geometry": {"type": "LineString", "coordinates": [[-118.5625385, 34.042762], [-118.5614844, 34.0427196]]}, "properties": {"id": "122569535-122569533-0", "highway": "residential"}}, {"type": "Feature", "geometry": {"type": "LineString", "coordinates": [[-118.5625385, 34.042762], [-118.5621485, 34.044574]]}, "properties": {"id": "122569535-122769835-0", "highway": "residential"}}, {"type": "Feature", "geometry": {"type": "LineString", "coordinates": [[-118.5637145, 34.0430653], [-118.5643203, 34.0437354]]}, "properties": {"id": "122569537-534745884-0", "highway": "residential"}}, {"type": "Feature", "geometry": {"type": "LineString", "coordinates": [[-118.5637145, 34.0430653], [-118.5625385, 34.042762]]}, "properties": {"id": "122569537-122569535-0", "highway": "residential"}}, {"type": "Feature", "geometry": {"type": "LineString", "coordinates": [[-118.5637145, 34.0430653], [-118.5651421, 34.0435856]]}, "properties": {"id": "122569537-122569518-0", "highway": "residential"}}, {"type": "Feature", "geometry": {"type": "LineString", "coordinates": [[-118.5637145, 34.0430653], [-118.562724, 34.0449597]]}, "properties": {"id": "122569537-122769837-0", "highway": "residential"}}, {"type": "Feature", "geometry": {"type": "LineString", "coordinates": [[-118.555237, 34.0423462], [-118.5551314, 34.0415184]]}, "properties": {"id": "122569559-4626497869-0", "highway": "residential"}}, {"type": "Feature", "geometry": {"type": "LineString", "coordinates": [[-118.555237, 34.0423462], [-118.5602434, 34.047351]]}, "properties": {"id": "122569559-535613863-0", "highway": "unclassified"}}, {"type": "Feature", "geometry": {"type": "LineString", "coordinates": [[-118.555237, 34.0423462], [-118.5540112, 34.0419138]]}, "properties": {"id": "122569559-123007542-0", "highway": "unclassified"}}, {"type": "Feature", "geometry": {"type": "LineString", "coordinates": [[-118.5993464, 34.097549], [-118.5998133, 34.0962611]]}, "properties": {"id": "122578943-11681720274-0", "highway": "residential"}}, {"type": "Feature", "geometry": {"type": "LineString", "coordinates": [[-118.5993464, 34.097549], [-118.5990516, 34.0980062]]}, "properties": {"id": "122578943-4989833609-0", "highway": "residential"}}, {"type": "Feature", "geometry": {"type": "LineString", "coordinates": [[-118.5993464, 34.097549], [-118.598949, 34.097446]]}, "properties": {"id": "122578943-123724488-0", "highway": "residential"}}, {"type": "Feature", "geometry": {"type": "LineString", "coordinates": [[-118.5928512, 34.1049929], [-118.5954559, 34.1046392]]}, "properties": {"id": "122579277-10863691484-0", "highway": "residential"}}, {"type": "Feature", "geometry": {"type": "LineString", "coordinates": [[-118.5928512, 34.1049929], [-118.5992624, 34.1064685]]}, "properties": {"id": "122579277-4626718242-0", "highway": "residential"}}, {"type": "Feature", "geometry": {"type": "LineString", "coordinates": [[-118.5928512, 34.1049929], [-118.5920956, 34.1048018]]}, "properties": {"id": "122579277-122777876-0", "highway": "residential"}}, {"type": "Feature", "geometry": {"type": "LineString", "coordinates": [[-118.5139537, 34.0399192], [-118.5119879, 34.0450449]]}, "properties": {"id": "122581004-367693669-0", "highway": "residential"}}, {"type": "Feature", "geometry": {"type": "LineString", "coordinates": [[-118.5139537, 34.0399192], [-118.5143647, 34.0377909]]}, "properties": {"id": "122581004-122798587-0", "highway": "residential"}}, {"type": "Feature", "geometry": {"type": "LineString", "coordinates": [[-118.5139537, 34.0399192], [-118.5144979, 34.0402313]]}, "properties": {"id": "122581004-122581008-0", "highway": "residential"}}, {"type": "Feature", "geometry": {"type": "LineString", "coordinates": [[-118.5144979, 34.0402313], [-118.5159371, 34.0384376]]}, "properties": {"id": "122581008-4789229743-0", "highway": "residential"}}, {"type": "Feature", "geometry": {"type": "LineString", "coordinates": [[-118.5144979, 34.0402313], [-118.514246, 34.0434167]]}, "properties": {"id": "122581008-122581022-0", "highway": "residential"}}, {"type": "Feature", "geometry": {"type": "LineString", "coordinates": [[-118.5144979, 34.0402313], [-118.5139537, 34.0399192]]}, "properties": {"id": "122581008-122581004-0", "highway": "residential"}}, {"type": "Feature", "geometry": {"type": "LineString", "coordinates": [[-118.514246, 34.0434167], [-118.5158654, 34.0431117]]}, "properties": {"id": "122581022-123144877-0", "highway": "residential"}}, {"type": "Feature", "geometry": {"type": "LineString", "coordinates": [[-118.514246, 34.0434167], [-118.5143924, 34.0449543]]}, "properties": {"id": "122581022-122581026-0", "highway": "residential"}}, {"type": "Feature", "geometry": {"type": "LineString", "coordinates": [[-118.514246, 34.0434167], [-118.5144979, 34.0402313]]}, "properties": {"id": "122581022-122581008-0", "highway": "residential"}}, {"type": "Feature", "geometry": {"type": "LineString", "coordinates": [[-118.5143924, 34.0449543], [-118.5137142, 34.0456602]]}, "properties": {"id": "122581026-2048585781-0", "highway": "residential"}}, {"type": "Feature", "geometry": {"type": "LineString", "coordinates": [[-118.5143924, 34.0449543], [-118.5158654, 34.0431117]]}, "properties": {"id": "122581026-123144877-0", "highway": "residential"}}, {"type": "Feature", "geometry": {"type": "LineString", "coordinates": [[-118.5143924, 34.0449543], [-118.5149655, 34.0455858]]}, "properties": {"id": "122581026-122581030-0", "highway": "residential"}}, {"type": "Feature", "geometry": {"type": "LineString", "coordinates": [[-118.5143924, 34.0449543], [-118.514246, 34.0434167]]}, "properties": {"id": "122581026-122581022-0", "highway": "residential"}}, {"type": "Feature", "geometry": {"type": "LineString", "coordinates": [[-118.5149655, 34.0455858], [-118.5143924, 34.0449543]]}, "properties": {"id": "122581030-122581026-0", "highway": "residential"}}, {"type": "Feature", "geometry": {"type": "LineString", "coordinates": [[-118.5149655, 34.0455858], [-118.517105, 34.0422972]]}, "properties": {"id": "122581030-123082625-0", "highway": "secondary"}}, {"type": "Feature", "geometry": {"type": "LineString", "coordinates": [[-118.5149655, 34.0455858], [-118.5140054, 34.0460855]]}, "properties": {"id": "122581030-122724924-0", "highway": "secondary"}}, {"type": "Feature", "geometry": {"type": "LineString", "coordinates": [[-118.5148368, 34.0321324], [-118.5130376, 34.0335607]]}, "properties": {"id": "122582418-122582427-0", "highway": "residential"}}, {"type": "Feature", "geometry": {"type": "LineString", "coordinates": [[-118.5148368, 34.0321324], [-118.5130376, 34.0335607]]}, "properties": {"id": "122582418-122582427-1", "highway": "residential"}}, {"type": "Feature", "geometry": {"type": "LineString", "coordinates": [[-118.5148368, 34.0321324], [-118.5125818, 34.0332082]]}, "properties": {"id": "122582418-123234383-0", "highway": "residential"}}, {"type": "Feature", "geometry": {"type": "LineString", "coordinates": [[-118.5130376, 34.0335607], [-118.5148368, 34.0321324]]}, "properties": {"id": "122582427-122582418-0", "highway": "residential"}}, {"type": "Feature", "geometry": {"type": "LineString", "coordinates": [[-118.5130376, 34.0335607], [-118.5148368, 34.0321324]]}, "properties": {"id": "122582427-122582418-1", "highway": "residential"}}, {"type": "Feature", "geometry": {"type": "LineString", "coordinates": [[-118.5130376, 34.0335607], [-118.5151654, 34.0331328]]}, "properties": {"id": "122582427-122840966-0", "highway": "residential"}}, {"type": "Feature", "geometry": {"type": "LineString", "coordinates": [[-118.5981447, 34.098657], [-118.597699, 34.0986788]]}, "properties": {"id": "122584540-4989833603-0", "highway": "residential"}}, {"type": "Feature", "geometry": {"type": "LineString", "coordinates": [[-118.5981447, 34.098657], [-118.5981866, 34.0992478]]}, "properties": {"id": "122584540-11680840895-0", "highway": "residential"}}, {"type": "Feature", "geometry": {"type": "LineString", "coordinates": [[-118.5981447, 34.098657], [-118.5981345, 34.0981166]]}, "properties": {"id": "122584540-4989833605-0", "highway": "residential"}}, {"type": "Feature", "geometry": {"type": "LineString", "coordinates": [[-118.4881377, 34.0492306], [-118.489714, 34.048909]]}, "properties": {"id": "122588979-123121039-0", "highway": "secondary"}}, {"type": "Feature", "geometry": {"type": "LineString", "coordinates": [[-118.4881377, 34.0492306], [-118.4880877, 34.0490597]]}, "properties": {"id": "122588979-536314606-0", "highway": "residential"}}, {"type": "Feature", "geometry": {"type": "LineString", "coordinates": [[-118.487554, 34.0471568], [-118.4890652, 34.0468531]]}, "properties": {"id": "122588982-123475048-0", "highway": "residential"}}, {"type": "Feature", "geometry": {"type": "LineString", "coordinates": [[-118.487554, 34.0471568], [-118.4860631, 34.0449342]]}, "properties": {"id": "122588982-122588986-0", "highway": "residential"}}, {"type": "Feature", "geometry": {"type": "LineString", "coordinates": [[-118.487554, 34.0471568], [-118.4880877, 34.0490597]]}, "properties": {"id": "122588982-536314606-0", "highway": "residential"}}, {"type": "Feature", "geometry": {"type": "LineString", "coordinates": [[-118.487554, 34.0471568], [-118.4860489, 34.0474614]]}, "properties": {"id": "122588982-123306641-0", "highway": "residential"}}, {"type": "Feature", "geometry": {"type": "LineString", "coordinates": [[-118.4860631, 34.0449342], [-118.4851522, 34.0456745]]}, "properties": {"id": "122588986-123306643-0", "highway": "residential"}}, {"type": "Feature", "geometry": {"type": "LineString", "coordinates": [[-118.4860631, 34.0449342], [-118.4842816, 34.0433946]]}, "properties": {"id": "122588986-122588989-0", "highway": "residential"}}, {"type": "Feature", "geometry": {"type": "LineString", "coordinates": [[-118.4860631, 34.0449342], [-118.487554, 34.0471568]]}, "properties": {"id": "122588986-122588982-0", "highway": "residential"}}, {"type": "Feature", "geometry": {"type": "LineString", "coordinates": [[-118.4860631, 34.0449342], [-118.4870118, 34.0441676]]}, "properties": {"id": "122588986-123257620-0", "highway": "residential"}}, {"type": "Feature", "geometry": {"type": "LineString", "coordinates": [[-118.4842816, 34.0433946], [-118.4860631, 34.0449342]]}, "properties": {"id": "122588989-122588986-0", "highway": "residential"}}, {"type": "Feature", "geometry": {"type": "LineString", "coordinates": [[-118.4842816, 34.0433946], [-118.4852212, 34.0426352]]}, "properties": {"id": "122588989-6593941108-0", "highway": "residential"}}, {"type": "Feature", "geometry": {"type": "LineString", "coordinates": [[-118.5266324, 34.0491236], [-118.5263709, 34.0502123]]}, "properties": {"id": "122591828-123071550-0", "highway": "residential"}}, {"type": "Feature", "geometry": {"type": "LineString", "coordinates": [[-118.5266324, 34.0491236], [-118.5267092, 34.0488439]]}, "properties": {"id": "122591828-2625045416-0", "highway": "residential"}}, {"type": "Feature", "geometry": {"type": "LineString", "coordinates": [[-118.5266324, 34.0491236], [-118.5272072, 34.0509159]]}, "properties": {"id": "122591828-122591836-0", "highway": "residential"}}, {"type": "Feature", "geometry": {"type": "LineString", "coordinates": [[-118.5272072, 34.0509159], [-118.5266324, 34.0491236]]}, "properties": {"id": "122591836-122591828-0", "highway": "residential"}}, {"type": "Feature", "geometry": {"type": "LineString", "coordinates": [[-118.5175029, 34.0497882], [-118.5180741, 34.0515485]]}, "properties": {"id": "122591842-122783175-0", "highway": "residential"}}, {"type": "Feature", "geometry": {"type": "LineString", "coordinates": [[-118.5175029, 34.0497882], [-118.5168953, 34.0479995]]}, "properties": {"id": "122591842-122783173-0", "highway": "residential"}}, {"type": "Feature", "geometry": {"type": "LineString", "coordinates": [[-118.5175029, 34.0497882], [-118.518502, 34.049633]]}, "properties": {"id": "122591842-122591843-0", "highway": "residential"}}, {"type": "Feature", "geometry": {"type": "LineString", "coordinates": [[-118.518502, 34.049633], [-118.5189214, 34.0514045]]}, "properties": {"id": "122591843-123382640-0", "highway": "residential"}}, {"type": "Feature", "geometry": {"type": "LineString", "coordinates": [[-118.518502, 34.049633], [-118.5195212, 34.049473]]}, "properties": {"id": "122591843-122591844-0", "highway": "residential"}}, {"type": "Feature", "geometry": {"type": "LineString", "coordinates": [[-118.518502, 34.049633], [-118.5175029, 34.0497882]]}, "properties": {"id": "122591843-122591842-0", "highway": "residential"}}, {"type": "Feature", "geometry": {"type": "LineString", "coordinates": [[-118.518502, 34.049633], [-118.5181104, 34.0478239]]}, "properties": {"id": "122591843-122941155-0", "highway": "residential"}}, {"type": "Feature", "geometry": {"type": "LineString", "coordinates": [[-118.5195212, 34.049473], [-118.5205217, 34.0493207]]}, "properties": {"id": "122591844-122591848-0", "highway": "residential"}}, {"type": "Feature", "geometry": {"type": "LineString", "coordinates": [[-118.5195212, 34.049473], [-118.518502, 34.049633]]}, "properties": {"id": "122591844-122591843-0", "highway": "residential"}}, {"type": "Feature", "geometry": {"type": "LineString", "coordinates": [[-118.5195212, 34.049473], [-118.5199168, 34.051303]]}, "properties": {"id": "122591844-122672472-0", "highway": "residential"}}, {"type": "Feature", "geometry": {"type": "LineString", "coordinates": [[-118.5195212, 34.049473], [-118.5191162, 34.0476639]]}, "properties": {"id": "122591844-122941156-0", "highway": "residential"}}, {"type": "Feature", "geometry": {"type": "LineString", "coordinates": [[-118.5205217, 34.0493207], [-118.5209535, 34.0513297]]}, "properties": {"id": "122591848-122867878-0", "highway": "residential"}}, {"type": "Feature", "geometry": {"type": "LineString", "coordinates": [[-118.5205217, 34.0493207], [-118.520122, 34.0475084]]}, "properties": {"id": "122591848-122867876-0", "highway": "residential"}}, {"type": "Feature", "geometry": {"type": "LineString", "coordinates": [[-118.5205217, 34.0493207], [-118.5215369, 34.0491685]]}, "properties": {"id": "122591848-122591850-0", "highway": "residential"}}, {"type": "Feature", "geometry": {"type": "LineString", "coordinates": [[-118.5205217, 34.0493207], [-118.5195212, 34.049473]]}, "properties": {"id": "122591848-122591844-0", "highway": "residential"}}, {"type": "Feature", "geometry": {"type": "LineString", "coordinates": [[-118.5215369, 34.0491685], [-118.522538, 34.0490107]]}, "properties": {"id": "122591850-122591853-0", "highway": "residential"}}, {"type": "Feature", "geometry": {"type": "LineString", "coordinates": [[-118.5215369, 34.0491685], [-118.5220455, 34.0515109]]}, "properties": {"id": "122591850-123008624-0", "highway": "residential"}}, {"type": "Feature", "geometry": {"type": "LineString", "coordinates": [[-118.5215369, 34.0491685], [-118.5205217, 34.0493207]]}, "properties": {"id": "122591850-122591848-0", "highway": "residential"}}, {"type": "Feature", "geometry": {"type": "LineString", "coordinates": [[-118.5215369, 34.0491685], [-118.52113, 34.0473617]]}, "properties": {"id": "122591850-122941158-0", "highway": "residential"}}, {"type": "Feature", "geometry": {"type": "LineString", "coordinates": [[-118.522538, 34.0490107], [-118.5235472, 34.0488662]]}, "properties": {"id": "122591853-122591856-0", "highway": "residential"}}, {"type": "Feature", "geometry": {"type": "LineString", "coordinates": [[-118.522538, 34.0490107], [-118.5215369, 34.0491685]]}, "properties": {"id": "122591853-122591850-0", "highway": "residential"}}, {"type": "Feature", "geometry": {"type": "LineString", "coordinates": [[-118.522538, 34.0490107], [-118.522141, 34.0472017]]}, "properties": {"id": "122591853-122941160-0", "highway": "residential"}}, {"type": "Feature", "geometry": {"type": "LineString", "coordinates": [[-118.522538, 34.0490107], [-118.5231093, 34.0515909]]}, "properties": {"id": "122591853-123081680-0", "highway": "residential"}}, {"type": "Feature", "geometry": {"type": "LineString", "coordinates": [[-118.5235472, 34.0488662], [-118.5246054, 34.0487066]]}, "properties": {"id": "122591856-122591860-0", "highway": "residential"}}, {"type": "Feature", "geometry": {"type": "LineString", "coordinates": [[-118.5235472, 34.0488662], [-118.522538, 34.0490107]]}, "properties": {"id": "122591856-122591853-0", "highway": "residential"}}, {"type": "Feature", "geometry": {"type": "LineString", "coordinates": [[-118.5235472, 34.0488662], [-118.5241091, 34.0514419]]}, "properties": {"id": "122591856-122672480-0", "highway": "residential"}}, {"type": "Feature", "geometry": {"type": "LineString", "coordinates": [[-118.5235472, 34.0488662], [-118.5231368, 34.0470528]]}, "properties": {"id": "122591856-122787466-0", "highway": "residential"}}, {"type": "Feature", "geometry": {"type": "LineString", "coordinates": [[-118.5246054, 34.0487066], [-118.5235472, 34.0488662]]}, "properties": {"id": "122591860-122591856-0", "highway": "residential"}}, {"type": "Feature", "geometry": {"type": "LineString", "coordinates": [[-118.5246054, 34.0487066], [-118.5256423, 34.0486574]]}, "properties": {"id": "122591860-122591862-0", "highway": "residential"}}, {"type": "Feature", "geometry": {"type": "LineString", "coordinates": [[-118.5246054, 34.0487066], [-118.525119, 34.0511508]]}, "properties": {"id": "122591860-123109142-0", "highway": "tertiary"}}, {"type": "Feature", "geometry": {"type": "LineString", "coordinates": [[-118.5246054, 34.0487066], [-118.5244985, 34.0482118]]}, "properties": {"id": "122591860-122767165-0", "highway": "tertiary"}}, {"type": "Feature", "geometry": {"type": "LineString", "coordinates": [[-118.5256423, 34.0486574], [-118.5267092, 34.0488439]]}, "properties": {"id": "122591862-2625045416-0", "highway": "residential"}}, {"type": "Feature", "geometry": {"type": "LineString", "coordinates": [[-118.5256423, 34.0486574], [-118.5246054, 34.0487066]]}, "properties": {"id": "122591862-122591860-0", "highway": "residential"}}, {"type": "Feature", "geometry": {"type": "LineString", "coordinates": [[-118.5256423, 34.0486574], [-118.5263709, 34.0502123]]}, "properties": {"id": "122591862-123071550-0", "highway": "residential"}}, {"type": "Feature", "geometry": {"type": "LineString", "coordinates": [[-118.4856202, 34.0571875], [-118.4856095, 34.0549431]]}, "properties": {"id": "122592440-122592443-0", "highway": "residential"}}, {"type": "Feature", "geometry": {"type": "LineString", "coordinates": [[-118.4856202, 34.0571875], [-118.486228, 34.0594147]]}, "properties": {"id": "122592440-122944662-0", "highway": "residential"}}, {"type": "Feature", "geometry": {"type": "LineString", "coordinates": [[-118.4856202, 34.0571875], [-118.4847796, 34.0571953]]}, "properties": {"id": "122592440-123072100-0", "highway": "secondary"}}, {"type": "Feature", "geometry": {"type": "LineString", "coordinates": [[-118.4856202, 34.0571875], [-118.4875922, 34.0566617]]}, "properties": {"id": "122592440-123082385-0", "highway": "secondary"}}, {"type": "Feature", "geometry": {"type": "LineString", "coordinates": [[-118.4856095, 34.0549431], [-118.4848702, 34.0531326]]}, "properties": {"id": "122592443-122592446-0", "highway": "residential"}}, {"type": "Feature", "geometry": {"type": "LineString", "coordinates": [[-118.4856095, 34.0549431], [-118.4856202, 34.0571875]]}, "properties": {"id": "122592443-122592440-0", "highway": "residential"}}, {"type": "Feature", "geometry": {"type": "LineString", "coordinates": [[-118.4856095, 34.0549431], [-118.4878357, 34.0549267]]}, "properties": {"id": "122592443-2510858614-0", "highway": "residential"}}, {"type": "Feature", "geometry": {"type": "LineString", "coordinates": [[-118.4848702, 34.0531326], [-118.4856095, 34.0549431]]}, "properties": {"id": "122592446-122592443-0", "highway": "residential"}}, {"type": "Feature", "geometry": {"type": "LineString", "coordinates": [[-118.4848702, 34.0531326], [-118.4871621, 34.0530859]]}, "properties": {"id": "122592446-2510858610-0", "highway": "residential"}}, {"type": "Feature", "geometry": {"type": "LineString", "coordinates": [[-118.483913, 34.051509], [-118.486087, 34.0513613]]}, "properties": {"id": "122592447-2510852465-0", "highway": "residential"}}, {"type": "Feature", "geometry": {"type": "LineString", "coordinates": [[-118.4831622, 34.0502047], [-118.4852838, 34.0498066]]}, "properties": {"id": "122592452-123121028-0", "highway": "secondary"}}, {"type": "Feature", "geometry": {"type": "LineString", "coordinates": [[-118.5419707, 34.0596296], [-118.5424316, 34.0592907]]}, "properties": {"id": "122595711-122595715-0", "highway": "residential"}}, {"type": "Feature", "geometry": {"type": "LineString", "coordinates": [[-118.5424316, 34.0592907], [-118.5419707, 34.0596296]]}, "properties": {"id": "122595715-122595711-0", "highway": "residential"}}, {"type": "Feature", "geometry": {"type": "LineString", "coordinates": [[-118.5424316, 34.0592907], [-118.5417858, 34.0587835]]}, "properties": {"id": "122595715-122596582-0", "highway": "residential"}}, {"type": "Feature", "geometry": {"type": "LineString", "coordinates": [[-118.5424316, 34.0592907], [-118.5436364, 34.0606229]]}, "properties": {"id": "122595715-123408650-0", "highway": "residential"}}, {"type": "Feature", "geometry": {"type": "LineString", "coordinates": [[-118.5414826, 34.0590452], [-118.5417858, 34.0587835]]}, "properties": {"id": "122596579-122596582-0", "highway": "residential"}}, {"type": "Feature", "geometry": {"type": "LineString", "coordinates": [[-118.5417858, 34.0587835], [-118.5414826, 34.0590452]]}, "properties": {"id": "122596582-122596579-0", "highway": "residential"}}, {"type": "Feature", "geometry": {"type": "LineString", "coordinates": [[-118.5417858, 34.0587835], [-118.5424316, 34.0592907]]}, "properties": {"id": "122596582-122595715-0", "highway": "residential"}}, {"type": "Feature", "geometry": {"type": "LineString", "coordinates": [[-118.5417858, 34.0587835], [-118.5412661, 34.0566956]]}, "properties": {"id": "122596582-123408641-0", "highway": "residential"}}, {"type": "Feature", "geometry": {"type": "LineString", "coordinates": [[-118.5430024, 34.0513987], [-118.5437484, 34.0512452]]}, "properties": {"id": "122597399-122597403-0", "highway": "residential"}}, {"type": "Feature", "geometry": {"type": "LineString", "coordinates": [[-118.5437484, 34.0512452], [-118.5430024, 34.0513987]]}, "properties": {"id": "122597403-122597399-0", "highway": "residential"}}, {"type": "Feature", "geometry": {"type": "LineString", "coordinates": [[-118.5437484, 34.0512452], [-118.5430656, 34.0518692]]}, "properties": {"id": "122597403-123710078-0", "highway": "residential"}}, {"type": "Feature", "geometry": {"type": "LineString", "coordinates": [[-118.5437484, 34.0512452], [-118.5435355, 34.050481]]}, "properties": {"id": "122597403-123656111-0", "highway": "residential"}}, {"type": "Feature", "geometry": {"type": "LineString", "coordinates": [[-118.4860735, 34.0747381], [-118.4866964, 34.0762919]]}, "properties": {"id": "122598124-122598138-0", "highway": "residential"}}, {"type": "Feature", "geometry": {"type": "LineString", "coordinates": [[-118.4860735, 34.0747381], [-118.4905605, 34.078041]]}, "properties": {"id": "122598124-634488098-0", "highway": "residential"}}, {"type": "Feature", "geometry": {"type": "LineString", "coordinates": [[-118.4860735, 34.0747381], [-118.4860807, 34.0740453]]}, "properties": {"id": "122598124-123331245-0", "highway": "residential"}}, {"type": "Feature", "geometry": {"type": "LineString", "coordinates": [[-118.4866964, 34.0762919], [-118.4869389, 34.0757586]]}, "properties": {"id": "122598138-123570343-0", "highway": "residential"}}, {"type": "Feature", "geometry": {"type": "LineString", "coordinates": [[-118.4866964, 34.0762919], [-118.487193, 34.0765666]]}, "properties": {"id": "122598138-122598148-0", "highway": "residential"}}, {"type": "Feature", "geometry": {"type": "LineString", "coordinates": [[-118.4866964, 34.0762919], [-118.4860735, 34.0747381]]}, "properties": {"id": "122598138-122598124-0", "highway": "residential"}}, {"type": "Feature", "geometry": {"type": "LineString", "coordinates": [[-118.487193, 34.0765666], [-118.4866964, 34.0762919]]}, "properties": {"id": "122598148-122598138-0", "highway": "residential"}}, {"type": "Feature", "geometry": {"type": "LineString", "coordinates": [[-118.5424487, 34.0493957], [-118.5424594, 34.0499402]]}, "properties": {"id": "122602956-122602959-0", "highway": "residential"}}, {"type": "Feature", "geometry": {"type": "LineString", "coordinates": [[-118.5424487, 34.0493957], [-118.5433848, 34.0498891]]}, "properties": {"id": "122602956-123329283-0", "highway": "residential"}}, {"type": "Feature", "geometry": {"type": "LineString", "coordinates": [[-118.5424487, 34.0493957], [-118.5412336, 34.049818]]}, "properties": {"id": "122602956-122708626-0", "highway": "residential"}}, {"type": "Feature", "geometry": {"type": "LineString", "coordinates": [[-118.5424594, 34.0499402], [-118.5424487, 34.0493957]]}, "properties": {"id": "122602959-122602956-0", "highway": "residential"}}, {"type": "Feature", "geometry": {"type": "LineString", "coordinates": [[-118.5424594, 34.0499402], [-118.5433848, 34.0498891]]}, "properties": {"id": "122602959-123329283-0", "highway": "residential"}}, {"type": "Feature", "geometry": {"type": "LineString", "coordinates": [[-118.5424594, 34.0499402], [-118.5412336, 34.049818]]}, "properties": {"id": "122602959-122708626-0", "highway": "residential"}}, {"type": "Feature", "geometry": {"type": "LineString", "coordinates": [[-118.5729949, 34.0435871], [-118.5738998, 34.0432802]]}, "properties": {"id": "122604310-123132359-0", "highway": "residential"}}, {"type": "Feature", "geometry": {"type": "LineString", "coordinates": [[-118.5729949, 34.0435871], [-118.573188, 34.044554]]}, "properties": {"id": "122604310-620054588-0", "highway": "residential"}}, {"type": "Feature", "geometry": {"type": "LineString", "coordinates": [[-118.5729949, 34.0435871], [-118.5694862, 34.0443235]]}, "properties": {"id": "122604310-123132364-0", "highway": "residential"}}, {"type": "Feature", "geometry": {"type": "LineString", "coordinates": [[-118.5714097, 34.0469542], [-118.5717905, 34.0476109]]}, "properties": {"id": "122604371-122627397-0", "highway": "residential"}}, {"type": "Feature", "geometry": {"type": "LineString", "coordinates": [[-118.5714097, 34.0469542], [-118.573188, 34.044554]]}, "properties": {"id": "122604371-620054588-0", "highway": "residential"}}, {"type": "Feature", "geometry": {"type": "LineString", "coordinates": [[-118.5714097, 34.0469542], [-118.5709054, 34.0465786]]}, "properties": {"id": "122604371-122627379-0", "highway": "residential"}}, {"type": "Feature", "geometry": {"type": "LineString", "coordinates": [[-118.4926593, 34.0581887], [-118.4925324, 34.0535158]]}, "properties": {"id": "122604559-12488626913-0", "highway": "residential"}}, {"type": "Feature", "geometry": {"type": "LineString", "coordinates": [[-118.4926593, 34.0581887], [-118.4940621, 34.0604797]]}, "properties": {"id": "122604559-123082444-0", "highway": "secondary"}}, {"type": "Feature", "geometry": {"type": "LineString", "coordinates": [[-118.4926593, 34.0581887], [-118.4920083, 34.0577543]]}, "properties": {"id": "122604559-123082403-0", "highway": "secondary"}}, {"type": "Feature", "geometry": {"type": "LineString", "coordinates": [[-118.4932304, 34.0512881], [-118.4939109, 34.0500576]]}, "properties": {"id": "122604568-122604571-0", "highway": "residential"}}, {"type": "Feature", "geometry": {"type": "LineString", "coordinates": [[-118.4932304, 34.0512881], [-118.4925997, 34.0532283]]}, "properties": {"id": "122604568-12488626912-0", "highway": "residential"}}, {"type": "Feature", "geometry": {"type": "LineString", "coordinates": [[-118.4932304, 34.0512881], [-118.4929827, 34.0512772]]}, "properties": {"id": "122604568-123003141-0", "highway": "residential"}}, {"type": "Feature", "geometry": {"type": "LineString", "coordinates": [[-118.4939109, 34.0500576], [-118.4937648, 34.0499377]]}, "properties": {"id": "122604571-7866466178-0", "highway": "tertiary"}}, {"type": "Feature", "geometry": {"type": "LineString", "coordinates": [[-118.4939109, 34.0500576], [-118.4932304, 34.0512881]]}, "properties": {"id": "122604571-122604568-0", "highway": "residential"}}, {"type": "Feature", "geometry": {"type": "LineString", "coordinates": [[-118.4939109, 34.0500576], [-118.494672, 34.0517082]]}, "properties": {"id": "122604571-122857915-0", "highway": "tertiary"}}, {"type": "Feature", "geometry": {"type": "LineString", "coordinates": [[-118.5374946, 34.0414379], [-118.5373434, 34.0416109]]}, "properties": {"id": "122606363-537146734-0", "highway": "residential"}}, {"type": "Feature", "geometry": {"type": "LineString", "coordinates": [[-118.5374946, 34.0414379], [-118.5378036, 34.0416157]]}, "properties": {"id": "122606363-123043413-0", "highway": "residential"}}, {"type": "Feature", "geometry": {"type": "LineString", "coordinates": [[-118.5374946, 34.0414379], [-118.5374978, 34.0402557]]}, "properties": {"id": "122606363-122606382-0", "highway": "residential"}}, {"type": "Feature", "geometry": {"type": "LineString", "coordinates": [[-118.5371685, 34.0417864], [-118.5373434, 34.0416109]]}, "properties": {"id": "122606366-537146734-0", "highway": "residential"}}, {"type": "Feature", "geometry": {"type": "LineString", "coordinates": [[-118.5371685, 34.0417864], [-118.537486, 34.0419571]]}, "properties": {"id": "122606366-123043420-0", "highway": "residential"}}, {"type": "Feature", "geometry": {"type": "LineString", "coordinates": [[-118.5371685, 34.0417864], [-118.5359668, 34.0421563]]}, "properties": {"id": "122606366-122606369-0", "highway": "residential"}}, {"type": "Feature", "geometry": {"type": "LineString", "coordinates": [[-118.5359668, 34.0421563], [-118.5348252, 34.0418757]]}, "properties": {"id": "122606369-122606372-0", "highway": "residential"}}, {"type": "Feature", "geometry": {"type": "LineString", "coordinates": [[-118.5359668, 34.0421563], [-118.5371685, 34.0417864]]}, "properties": {"id": "122606369-122606366-0", "highway": "residential"}}, {"type": "Feature", "geometry": {"type": "LineString", "coordinates": [[-118.5359668, 34.0421563], [-118.5357554, 34.043954]]}, "properties": {"id": "122606369-123675544-0", "highway": "residential"}}, {"type": "Feature", "geometry": {"type": "LineString", "coordinates": [[-118.5359668, 34.0421563], [-118.5365333, 34.041125]]}, "properties": {"id": "122606369-123760983-0", "highway": "residential"}}, {"type": "Feature", "geometry": {"type": "LineString", "coordinates": [[-118.5348252, 34.0418757], [-118.5335978, 34.0430919]]}, "properties": {"id": "122606372-123675542-0", "highway": "residential"}}, {"type": "Feature", "geometry": {"type": "LineString", "coordinates": [[-118.5348252, 34.0418757], [-118.5359668, 34.0421563]]}, "properties": {"id": "122606372-122606369-0", "highway": "residential"}}, {"type": "Feature", "geometry": {"type": "LineString", "coordinates": [[-118.5348252, 34.0418757], [-118.5344904, 34.0432981]]}, "properties": {"id": "122606372-123477332-0", "highway": "residential"}}, {"type": "Feature", "geometry": {"type": "LineString", "coordinates": [[-118.5348252, 34.0418757], [-118.5352723, 34.0410438]]}, "properties": {"id": "122606372-123472420-0", "highway": "residential"}}, {"type": "Feature", "geometry": {"type": "LineString", "coordinates": [[-118.5374978, 34.0402557], [-118.5365434, 34.040245]]}, "properties": {"id": "122606382-122699936-0", "highway": "residential"}}, {"type": "Feature", "geometry": {"type": "LineString", "coordinates": [[-118.5374978, 34.0402557], [-118.5374946, 34.0414379]]}, "properties": {"id": "122606382-122606363-0", "highway": "residential"}}, {"type": "Feature", "geometry": {"type": "LineString", "coordinates": [[-118.5374978, 34.0402557], [-118.5378036, 34.0416157]]}, "properties": {"id": "122606382-123043413-0", "highway": "residential"}}, {"type": "Feature", "geometry": {"type": "LineString", "coordinates": [[-118.496511, 34.0754895], [-118.4972916, 34.0740058]]}, "properties": {"id": "122606849-122606856-0", "highway": "residential"}}, {"type": "Feature", "geometry": {"type": "LineString", "coordinates": [[-118.496511, 34.0754895], [-118.4971421, 34.0772724]]}, "properties": {"id": "122606849-360894291-0", "highway": "residential"}}, {"type": "Feature", "geometry": {"type": "LineString", "coordinates": [[-118.496511, 34.0754895], [-118.4948147, 34.075422]]}, "properties": {"id": "122606849-122912124-0", "highway": "residential"}}, {"type": "Feature", "geometry": {"type": "LineString", "coordinates": [[-118.4972916, 34.0740058], [-118.496511, 34.0754895]]}, "properties": {"id": "122606856-122606849-0", "highway": "residential"}}, {"type": "Feature", "geometry": {"type": "LineString", "coordinates": [[-118.4972916, 34.0740058], [-118.4993057, 34.075008]]}, "properties": {"id": "122606856-4591406810-0", "highway": "tertiary"}}, {"type": "Feature", "geometry": {"type": "LineString", "coordinates": [[-118.4972916, 34.0740058], [-118.495504, 34.0728407]]}, "properties": {"id": "122606856-123066691-0", "highway": "tertiary"}}, {"type": "Feature", "geometry": {"type": "LineString", "coordinates": [[-118.4904604, 34.0360344], [-118.4906387, 34.0358984]]}, "properties": {"id": "122610426-122610500-0", "highway": "tertiary"}}, {"type": "Feature", "geometry": {"type": "LineString", "coordinates": [[-118.4904604, 34.0360344], [-118.4889053, 34.0346988]]}, "properties": {"id": "122610426-122610428-0", "highway": "residential"}}, {"type": "Feature", "geometry": {"type": "LineString", "coordinates": [[-118.4904604, 34.0360344], [-118.489793, 34.0365743]]}, "properties": {"id": "122610426-122773768-0", "highway": "tertiary"}}, {"type": "Feature", "geometry": {"type": "LineString", "coordinates": [[-118.4889053, 34.0346988], [-118.4873367, 34.0333514]]}, "properties": {"id": "122610428-122610430-0", "highway": "residential"}}, {"type": "Feature", "geometry": {"type": "LineString", "coordinates": [[-118.4889053, 34.0346988], [-118.4904604, 34.0360344]]}, "properties": {"id": "122610428-122610426-0", "highway": "residential"}}, {"type": "Feature", "geometry": {"type": "LineString", "coordinates": [[-118.4889053, 34.0346988], [-118.487961, 34.0354514]]}, "properties": {"id": "122610428-122767060-0", "highway": "residential"}}, {"type": "Feature", "geometry": {"type": "LineString", "coordinates": [[-118.4889053, 34.0346988], [-118.4898498, 34.0339284]]}, "properties": {"id": "122610428-122767058-0", "highway": "residential"}}, {"type": "Feature", "geometry": {"type": "LineString", "coordinates": [[-118.4873367, 34.0333514], [-118.4863866, 34.0341244]]}, "properties": {"id": "122610430-122790261-0", "highway": "residential"}}, {"type": "Feature", "geometry": {"type": "LineString", "coordinates": [[-118.4873367, 34.0333514], [-118.488276, 34.0325892]]}, "properties": {"id": "122610430-122790258-0", "highway": "residential"}}, {"type": "Feature", "geometry": {"type": "LineString", "coordinates": [[-118.4873367, 34.0333514], [-118.485754, 34.0319968]]}, "properties": {"id": "122610430-122610433-0", "highway": "residential"}}, {"type": "Feature", "geometry": {"type": "LineString", "coordinates": [[-118.4873367, 34.0333514], [-118.4889053, 34.0346988]]}, "properties": {"id": "122610430-122610428-0", "highway": "residential"}}, {"type": "Feature", "geometry": {"type": "LineString", "coordinates": [[-118.485754, 34.0319968], [-118.4848157, 34.0327731]]}, "properties": {"id": "122610433-122919108-0", "highway": "residential"}}, {"type": "Feature", "geometry": {"type": "LineString", "coordinates": [[-118.485754, 34.0319968], [-118.486702, 34.0312339]]}, "properties": {"id": "122610433-122919104-0", "highway": "residential"}}, {"type": "Feature", "geometry": {"type": "LineString", "coordinates": [[-118.485754, 34.0319968], [-118.4841398, 34.0306217]]}, "properties": {"id": "122610433-122610435-0", "highway": "residential"}}, {"type": "Feature", "geometry": {"type": "LineString", "coordinates": [[-118.485754, 34.0319968], [-118.4873367, 34.0333514]]}, "properties": {"id": "122610433-122610430-0", "highway": "residential"}}, {"type": "Feature", "geometry": {"type": "LineString", "coordinates": [[-118.4841398, 34.0306217], [-118.485754, 34.0319968]]}, "properties": {"id": "122610435-122610433-0", "highway": "residential"}}, {"type": "Feature", "geometry": {"type": "LineString", "coordinates": [[-118.4994364, 34.043426], [-118.4992822, 34.0432984]]}, "properties": {"id": "122610490-536314560-0", "highway": "residential"}}, {"type": "Feature", "geometry": {"type": "LineString", "coordinates": [[-118.4994364, 34.043426], [-118.4998825, 34.0430768]]}, "properties": {"id": "122610490-6457753528-0", "highway": "secondary"}}, {"type": "Feature", "geometry": {"type": "LineString", "coordinates": [[-118.4994364, 34.043426], [-118.4970513, 34.0461952]]}, "properties": {"id": "122610490-123222012-0", "highway": "residential"}}, {"type": "Feature", "geometry": {"type": "LineString", "coordinates": [[-118.4975577, 34.0418242], [-118.4957534, 34.0402817]]}, "properties": {"id": "122610492-122610494-0", "highway": "residential"}}, {"type": "Feature", "geometry": {"type": "LineString", "coordinates": [[-118.4975577, 34.0418242], [-118.4992822, 34.0432984]]}, "properties": {"id": "122610492-536314560-0", "highway": "residential"}}, {"type": "Feature", "geometry": {"type": "LineString", "coordinates": [[-118.4975577, 34.0418242], [-118.4967245, 34.0425011]]}, "properties": {"id": "122610492-122685847-0", "highway": "residential"}}, {"type": "Feature", "geometry": {"type": "LineString", "coordinates": [[-118.4975577, 34.0418242], [-118.4984104, 34.0411322]]}, "properties": {"id": "122610492-122685845-0", "highway": "residential"}}, {"type": "Feature", "geometry": {"type": "LineString", "coordinates": [[-118.4957534, 34.0402817], [-118.493821, 34.0386298]]}, "properties": {"id": "122610494-122610497-0", "highway": "residential"}}, {"type": "Feature", "geometry": {"type": "LineString", "coordinates": [[-118.4957534, 34.0402817], [-118.4975577, 34.0418242]]}, "properties": {"id": "122610494-122610492-0", "highway": "residential"}}, {"type": "Feature", "geometry": {"type": "LineString", "coordinates": [[-118.4957534, 34.0402817], [-118.4949203, 34.0409583]]}, "properties": {"id": "122610494-123224920-0", "highway": "residential"}}, {"type": "Feature", "geometry": {"type": "LineString", "coordinates": [[-118.4957534, 34.0402817], [-118.4966053, 34.0395903]]}, "properties": {"id": "122610494-123224918-0", "highway": "residential"}}, {"type": "Feature", "geometry": {"type": "LineString", "coordinates": [[-118.493821, 34.0386298], [-118.4920561, 34.0370989]]}, "properties": {"id": "122610497-122610499-0", "highway": "residential"}}, {"type": "Feature", "geometry": {"type": "LineString", "coordinates": [[-118.493821, 34.0386298], [-118.4957534, 34.0402817]]}, "properties": {"id": "122610497-122610494-0", "highway": "residential"}}, {"type": "Feature", "geometry": {"type": "LineString", "coordinates": [[-118.493821, 34.0386298], [-118.4929872, 34.0393055]]}, "properties": {"id": "122610497-123257613-0", "highway": "residential"}}, {"type": "Feature", "geometry": {"type": "LineString", "coordinates": [[-118.493821, 34.0386298], [-118.4946729, 34.0379395]]}, "properties": {"id": "122610497-123257609-0", "highway": "residential"}}, {"type": "Feature", "geometry": {"type": "LineString", "coordinates": [[-118.4920561, 34.0370989], [-118.493821, 34.0386298]]}, "properties": {"id": "122610499-122610497-0", "highway": "residential"}}, {"type": "Feature", "geometry": {"type": "LineString", "coordinates": [[-118.4920561, 34.0370989], [-118.4929045, 34.0364082]]}, "properties": {"id": "122610499-123030859-0", "highway": "residential"}}, {"type": "Feature", "geometry": {"type": "LineString", "coordinates": [[-118.4920561, 34.0370989], [-118.4912148, 34.03779]]}, "properties": {"id": "122610499-123030860-0", "highway": "residential"}}, {"type": "Feature", "geometry": {"type": "LineString", "coordinates": [[-118.4920561, 34.0370989], [-118.4906387, 34.0358984]]}, "properties": {"id": "122610499-122610500-0", "highway": "residential"}}, {"type": "Feature", "geometry": {"type": "LineString", "coordinates": [[-118.4906387, 34.0358984], [-118.4904604, 34.0360344]]}, "properties": {"id": "122610500-122610426-0", "highway": "tertiary"}}, {"type": "Feature", "geometry": {"type": "LineString", "coordinates": [[-118.4906387, 34.0358984], [-118.4920561, 34.0370989]]}, "properties": {"id": "122610500-122610499-0", "highway": "residential"}}, {"type": "Feature", "geometry": {"type": "LineString", "coordinates": [[-118.4906387, 34.0358984], [-118.491402, 34.0352685]]}, "properties": {"id": "122610500-438155012-0", "highway": "tertiary"}}, {"type": "Feature", "geometry": {"type": "LineString", "coordinates": [[-118.536168, 34.0390474], [-118.5366815, 34.038904]]}, "properties": {"id": "122614335-122614346-0", "highway": "residential"}}, {"type": "Feature", "geometry": {"type": "LineString", "coordinates": [[-118.536168, 34.0390474], [-118.5360698, 34.0394624]]}, "properties": {"id": "122614335-122465917-0", "highway": "residential"}}, {"type": "Feature", "geometry": {"type": "LineString", "coordinates": [[-118.536168, 34.0390474], [-118.5346236, 34.0386332]]}, "properties": {"id": "122614335-123006074-0", "highway": "residential"}}, {"type": "Feature", "geometry": {"type": "LineString", "coordinates": [[-118.536168, 34.0390474], [-118.5363807, 34.0393385]]}, "properties": {"id": "122614335-123146303-0", "highway": "residential"}}, {"type": "Feature", "geometry": {"type": "LineString", "coordinates": [[-118.5366815, 34.038904], [-118.5368059, 34.0388668]]}, "properties": {"id": "122614346-11840435752-0", "highway": "residential"}}, {"type": "Feature", "geometry": {"type": "LineString", "coordinates": [[-118.5366815, 34.038904], [-118.536168, 34.0390474]]}, "properties": {"id": "122614346-122614335-0", "highway": "residential"}}, {"type": "Feature", "geometry": {"type": "LineString", "coordinates": [[-118.5366815, 34.038904], [-118.5368494, 34.039227]]}, "properties": {"id": "122614346-122681036-0", "highway": "residential"}}, {"type": "Feature", "geometry": {"type": "LineString", "coordinates": [[-118.5372047, 34.0386027], [-118.5374214, 34.0379393]]}, "properties": {"id": "122614348-122614350-0", "highway": "residential"}}, {"type": "Feature", "geometry": {"type": "LineString", "coordinates": [[-118.5372047, 34.0386027], [-118.5368059, 34.0388668]]}, "properties": {"id": "122614348-11840435752-0", "highway": "residential"}}, {"type": "Feature", "geometry": {"type": "LineString", "coordinates": [[-118.5372047, 34.0386027], [-118.5352646, 34.0374711]]}, "properties": {"id": "122614348-158289451-0", "highway": "residential"}}, {"type": "Feature", "geometry": {"type": "LineString", "coordinates": [[-118.5372047, 34.0386027], [-118.5374932, 34.0392134]]}, "properties": {"id": "122614348-123171277-0", "highway": "residential"}}, {"type": "Feature", "geometry": {"type": "LineString", "coordinates": [[-118.5374214, 34.0379393], [-118.5375468, 34.0376023]]}, "properties": {"id": "122614350-122614352-0", "highway": "residential"}}, {"type": "Feature", "geometry": {"type": "LineString", "coordinates": [[-118.5374214, 34.0379393], [-118.5372047, 34.0386027]]}, "properties": {"id": "122614350-122614348-0", "highway": "residential"}}, {"type": "Feature", "geometry": {"type": "LineString", "coordinates": [[-118.5374214, 34.0379393], [-118.5355366, 34.0371988]]}, "properties": {"id": "122614350-123328336-0", "highway": "residential"}}, {"type": "Feature", "geometry": {"type": "LineString", "coordinates": [[-118.5375468, 34.0376023], [-118.5376242, 34.0373073]]}, "properties": {"id": "122614352-122614354-0", "highway": "residential"}}, {"type": "Feature", "geometry": {"type": "LineString", "coordinates": [[-118.5375468, 34.0376023], [-118.5374214, 34.0379393]]}, "properties": {"id": "122614352-122614350-0", "highway": "residential"}}, {"type": "Feature", "geometry": {"type": "LineString", "coordinates": [[-118.5375468, 34.0376023], [-118.5358053, 34.0368838]]}, "properties": {"id": "122614352-122741420-0", "highway": "residential"}}, {"type": "Feature", "geometry": {"type": "LineString", "coordinates": [[-118.5376242, 34.0373073], [-118.5376687, 34.0367635]]}, "properties": {"id": "122614354-6585177065-0", "highway": "residential"}}, {"type": "Feature", "geometry": {"type": "LineString", "coordinates": [[-118.5376242, 34.0373073], [-118.5375468, 34.0376023]]}, "properties": {"id": "122614354-122614352-0", "highway": "residential"}}, {"type": "Feature", "geometry": {"type": "LineString", "coordinates": [[-118.5376242, 34.0373073], [-118.5359403, 34.0365206]]}, "properties": {"id": "122614354-123542694-0", "highway": "residential"}}, {"type": "Feature", "geometry": {"type": "LineString", "coordinates": [[-118.5020663, 34.0396501], [-118.4992316, 34.0372223]]}, "properties": {"id": "122614787-122614790-0", "highway": "residential"}}, {"type": "Feature", "geometry": {"type": "LineString", "coordinates": [[-118.5020663, 34.0396501], [-118.5011081, 34.0404041]]}, "properties": {"id": "122614787-122685834-0", "highway": "residential"}}, {"type": "Feature", "geometry": {"type": "LineString", "coordinates": [[-118.5020663, 34.0396501], [-118.5030439, 34.0389026]]}, "properties": {"id": "122614787-122685831-0", "highway": "residential"}}, {"type": "Feature", "geometry": {"type": "LineString", "coordinates": [[-118.4992316, 34.0372223], [-118.497745, 34.0359472]]}, "properties": {"id": "122614790-9890849405-0", "highway": "residential"}}, {"type": "Feature", "geometry": {"type": "LineString", "coordinates": [[-118.4992316, 34.0372223], [-118.5020663, 34.0396501]]}, "properties": {"id": "122614790-122614787-0", "highway": "residential"}}, {"type": "Feature", "geometry": {"type": "LineString", "coordinates": [[-118.4992316, 34.0372223], [-118.4984203, 34.038112]]}, "properties": {"id": "122614790-122990187-0", "highway": "residential"}}, {"type": "Feature", "geometry": {"type": "LineString", "coordinates": [[-118.4992316, 34.0372223], [-118.500168, 34.0364352]]}, "properties": {"id": "122614790-123224912-0", "highway": "residential"}}, {"type": "Feature", "geometry": {"type": "LineString", "coordinates": [[-118.4961714, 34.0346029], [-118.497745, 34.0359472]]}, "properties": {"id": "122614797-9890849405-0", "highway": "residential"}}, {"type": "Feature", "geometry": {"type": "LineString", "coordinates": [[-118.4961714, 34.0346029], [-118.4942322, 34.0329716]]}, "properties": {"id": "122614797-122614800-0", "highway": "residential"}}, {"type": "Feature", "geometry": {"type": "LineString", "coordinates": [[-118.4961714, 34.0346029], [-118.4948359, 34.0350391]]}, "properties": {"id": "122614797-122990191-0", "highway": "residential"}}, {"type": "Feature", "geometry": {"type": "LineString", "coordinates": [[-118.4961714, 34.0346029], [-118.4972428, 34.0339435]]}, "properties": {"id": "122614797-123030857-0", "highway": "residential"}}, {"type": "Feature", "geometry": {"type": "LineString", "coordinates": [[-118.4942322, 34.0329716], [-118.492677, 34.0316284]]}, "properties": {"id": "122614800-122614804-0", "highway": "residential"}}, {"type": "Feature", "geometry": {"type": "LineString", "coordinates": [[-118.4942322, 34.0329716], [-118.4961714, 34.0346029]]}, "properties": {"id": "122614800-122614797-0", "highway": "residential"}}, {"type": "Feature", "geometry": {"type": "LineString", "coordinates": [[-118.4942322, 34.0329716], [-118.493305, 34.0337308]]}, "properties": {"id": "122614800-122773775-0", "highway": "tertiary"}}, {"type": "Feature", "geometry": {"type": "LineString", "coordinates": [[-118.4942322, 34.0329716], [-118.4951962, 34.0321888]]}, "properties": {"id": "122614800-122773778-0", "highway": "tertiary"}}, {"type": "Feature", "geometry": {"type": "LineString", "coordinates": [[-118.492677, 34.0316284], [-118.4911146, 34.0302863]]}, "properties": {"id": "122614804-122614808-0", "highway": "residential"}}, {"type": "Feature", "geometry": {"type": "LineString", "coordinates": [[-118.492677, 34.0316284], [-118.4942322, 34.0329716]]}, "properties": {"id": "122614804-122614800-0", "highway": "residential"}}, {"type": "Feature", "geometry": {"type": "LineString", "coordinates": [[-118.492677, 34.0316284], [-118.4917366, 34.0323907]]}, "properties": {"id": "122614804-122767055-0", "highway": "residential"}}, {"type": "Feature", "geometry": {"type": "LineString", "coordinates": [[-118.492677, 34.0316284], [-118.493648, 34.0308537]]}, "properties": {"id": "122614804-122767054-0", "highway": "residential"}}, {"type": "Feature", "geometry": {"type": "LineString", "coordinates": [[-118.4911146, 34.0302863], [-118.492677, 34.0316284]]}, "properties": {"id": "122614808-122614804-0", "highway": "residential"}}, {"type": "Feature", "geometry": {"type": "LineString", "coordinates": [[-118.4911146, 34.0302863], [-118.4901773, 34.0310589]]}, "properties": {"id": "122614808-122790253-0", "highway": "residential"}}, {"type": "Feature", "geometry": {"type": "LineString", "coordinates": [[-118.5463915, 34.0467155], [-118.5465551, 34.0468222]]}, "properties": {"id": "122627130-122627134-0", "highway": "residential"}}, {"type": "Feature", "geometry": {"type": "LineString", "coordinates": [[-118.5463915, 34.0467155], [-118.5469226, 34.0461355]]}, "properties": {"id": "122627130-122828982-0", "highway": "residential"}}, {"type": "Feature", "geometry": {"type": "LineString", "coordinates": [[-118.5463915, 34.0467155], [-118.5457719, 34.0473067]]}, "properties": {"id": "122627130-122828979-0", "highway": "residential"}}, {"type": "Feature", "geometry": {"type": "LineString", "coordinates": [[-118.5465551, 34.0468222], [-118.5472766, 34.0473222]]}, "properties": {"id": "122627134-122627138-0", "highway": "residential"}}, {"type": "Feature", "geometry": {"type": "LineString", "coordinates": [[-118.5465551, 34.0468222], [-118.5463915, 34.0467155]]}, "properties": {"id": "122627134-122627130-0", "highway": "residential"}}, {"type": "Feature", "geometry": {"type": "LineString", "coordinates": [[-118.5465551, 34.0468222], [-118.5441304, 34.0484801]]}, "properties": {"id": "122627134-123441298-0", "highway": "residential"}}, {"type": "Feature", "geometry": {"type": "LineString", "coordinates": [[-118.5472766, 34.0473222], [-118.5465551, 34.0468222]]}, "properties": {"id": "122627138-122627134-0", "highway": "residential"}}, {"type": "Feature", "geometry": {"type": "LineString", "coordinates": [[-118.5472766, 34.0473222], [-118.5469977, 34.0528403]]}, "properties": {"id": "122627138-122627147-0", "highway": "residential"}}, {"type": "Feature", "geometry": {"type": "LineString", "coordinates": [[-118.5472766, 34.0473222], [-118.546193, 34.0487801]]}, "properties": {"id": "122627138-122851040-0", "highway": "residential"}}, {"type": "Feature", "geometry": {"type": "LineString", "coordinates": [[-118.5472766, 34.0473222], [-118.5490319, 34.0475121]]}, "properties": {"id": "122627138-122822850-0", "highway": "residential"}}, {"type": "Feature", "geometry": {"type": "LineString", "coordinates": [[-118.5469977, 34.0528403], [-118.5482883, 34.054608]]}, "properties": {"id": "122627147-122627150-0", "highway": "residential"}}, {"type": "Feature", "geometry": {"type": "LineString", "coordinates": [[-118.5469977, 34.0528403], [-118.5472766, 34.0473222]]}, "properties": {"id": "122627147-122627138-0", "highway": "residential"}}, {"type": "Feature", "geometry": {"type": "LineString", "coordinates": [[-118.5469977, 34.0528403], [-118.5489101, 34.050698]]}, "properties": {"id": "122627147-122933055-0", "highway": "residential"}}, {"type": "Feature", "geometry": {"type": "LineString", "coordinates": [[-118.5482883, 34.054608], [-118.5469977, 34.0528403]]}, "properties": {"id": "122627150-122627147-0", "highway": "residential"}}, {"type": "Feature", "geometry": {"type": "LineString", "coordinates": [[-118.5709054, 34.0465786], [-118.5696834, 34.0452909]]}, "properties": {"id": "122627379-122627381-0", "highway": "residential"}}, {"type": "Feature", "geometry": {"type": "LineString", "coordinates": [[-118.5709054, 34.0465786], [-118.5714097, 34.0469542]]}, "properties": {"id": "122627379-122604371-0", "highway": "residential"}}, {"type": "Feature", "geometry": {"type": "LineString", "coordinates": [[-118.5709054, 34.0465786], [-118.5721017, 34.0446695]]}, "properties": {"id": "122627379-122978861-0", "highway": "residential"}}, {"type": "Feature", "geometry": {"type": "LineString", "coordinates": [[-118.5696834, 34.0452909], [-118.5694862, 34.0443235]]}, "properties": {"id": "122627381-123132364-0", "highway": "residential"}}, {"type": "Feature", "geometry": {"type": "LineString", "coordinates": [[-118.5696834, 34.0452909], [-118.5709054, 34.0465786]]}, "properties": {"id": "122627381-122627379-0", "highway": "residential"}}, {"type": "Feature", "geometry": {"type": "LineString", "coordinates": [[-118.5696834, 34.0452909], [-118.5721017, 34.0446695]]}, "properties": {"id": "122627381-122978861-0", "highway": "residential"}}, {"type": "Feature", "geometry": {"type": "LineString", "coordinates": [[-118.5717905, 34.0476109], [-118.572566, 34.0478603]]}, "properties": {"id": "122627397-122627401-0", "highway": "residential"}}, {"type": "Feature", "geometry": {"type": "LineString", "coordinates": [[-118.5717905, 34.0476109], [-118.5714097, 34.0469542]]}, "properties": {"id": "122627397-122604371-0", "highway": "residential"}}, {"type": "Feature", "geometry": {"type": "LineString", "coordinates": [[-118.5717905, 34.0476109], [-118.571097, 34.0484247]]}, "properties": {"id": "122627397-123488897-0", "highway": "residential"}}, {"type": "Feature", "geometry": {"type": "LineString", "coordinates": [[-118.572566, 34.0478603], [-118.5717905, 34.0476109]]}, "properties": {"id": "122627401-122627397-0", "highway": "residential"}}, {"type": "Feature", "geometry": {"type": "LineString", "coordinates": [[-118.572566, 34.0478603], [-118.5723553, 34.0490297]]}, "properties": {"id": "122627401-122922874-0", "highway": "residential"}}, {"type": "Feature", "geometry": {"type": "LineString", "coordinates": [[-118.572566, 34.0478603], [-118.5741295, 34.0458741]]}, "properties": {"id": "122627401-122634557-0", "highway": "residential"}}, {"type": "Feature", "geometry": {"type": "LineString", "coordinates": [[-118.604661, 34.0732877], [-118.603116, 34.0744933]]}, "properties": {"id": "122628125-123019774-0", "highway": "residential"}}, {"type": "Feature", "geometry": {"type": "LineString", "coordinates": [[-118.5456813, 34.041099], [-118.5443873, 34.0411067]]}, "properties": {"id": "122628829-122628831-0", "highway": "residential"}}, {"type": "Feature", "geometry": {"type": "LineString", "coordinates": [[-118.5456813, 34.041099], [-118.5443898, 34.040332]]}, "properties": {"id": "122628829-123079547-0", "highway": "residential"}}, {"type": "Feature", "geometry": {"type": "LineString", "coordinates": [[-118.5456813, 34.041099], [-118.5461999, 34.04148]]}, "properties": {"id": "122628829-122565460-0", "highway": "residential"}}, {"type": "Feature", "geometry": {"type": "LineString", "coordinates": [[-118.5443873, 34.0411067], [-118.5456813, 34.041099]]}, "properties": {"id": "122628831-122628829-0", "highway": "residential"}}, {"type": "Feature", "geometry": {"type": "LineString", "coordinates": [[-118.5498932, 34.0628274], [-118.5502664, 34.0640656]]}, "properties": {"id": "122629375-122629387-0", "highway": "residential"}}, {"type": "Feature", "geometry": {"type": "LineString", "coordinates": [[-118.5498932, 34.0628274], [-118.550089, 34.061079]]}, "properties": {"id": "122629375-122954068-0", "highway": "residential"}}, {"type": "Feature", "geometry": {"type": "LineString", "coordinates": [[-118.5498932, 34.0628274], [-118.5516316, 34.0628135]]}, "properties": {"id": "122629375-122848948-0", "highway": "residential"}}, {"type": "Feature", "geometry": {"type": "LineString", "coordinates": [[-118.5502664, 34.0640656], [-118.5498932, 34.0628274]]}, "properties": {"id": "122629387-122629375-0", "highway": "residential"}}, {"type": "Feature", "geometry": {"type": "LineString", "coordinates": [[-118.5054658, 34.061037], [-118.503614, 34.061008]]}, "properties": {"id": "122630232-122830865-0", "highway": "residential"}}, {"type": "Feature", "geometry": {"type": "LineString", "coordinates": [[-118.5741295, 34.0458741], [-118.575395, 34.0454617]]}, "properties": {"id": "122634557-122634570-0", "highway": "residential"}}, {"type": "Feature", "geometry": {"type": "LineString", "coordinates": [[-118.5741295, 34.0458741], [-118.572566, 34.0478603]]}, "properties": {"id": "122634557-122627401-0", "highway": "residential"}}, {"type": "Feature", "geometry": {"type": "LineString", "coordinates": [[-118.5741295, 34.0458741], [-118.5738998, 34.0432802]]}, "properties": {"id": "122634557-123132359-0", "highway": "residential"}}, {"type": "Feature", "geometry": {"type": "LineString", "coordinates": [[-118.575395, 34.0454617], [-118.5778187, 34.0442844]]}, "properties": {"id": "122634570-122634580-0", "highway": "residential"}}, {"type": "Feature", "geometry": {"type": "LineString", "coordinates": [[-118.575395, 34.0454617], [-118.5741295, 34.0458741]]}, "properties": {"id": "122634570-122634557-0", "highway": "residential"}}, {"type": "Feature", "geometry": {"type": "LineString", "coordinates": [[-118.575395, 34.0454617], [-118.5773531, 34.0429013]]}, "properties": {"id": "122634570-123292433-0", "highway": "residential"}}, {"type": "Feature", "geometry": {"type": "LineString", "coordinates": [[-118.5778187, 34.0442844], [-118.575395, 34.0454617]]}, "properties": {"id": "122634580-122634570-0", "highway": "residential"}}, {"type": "Feature", "geometry": {"type": "LineString", "coordinates": [[-118.528938, 34.0449959], [-118.5299794, 34.0456232]]}, "properties": {"id": "122648020-540018221-0", "highway": "residential"}}, {"type": "Feature", "geometry": {"type": "LineString", "coordinates": [[-118.528938, 34.0449959], [-118.5286368, 34.0472808]]}, "properties": {"id": "122648020-122938636-0", "highway": "residential"}}, {"type": "Feature", "geometry": {"type": "LineString", "coordinates": [[-118.528938, 34.0449959], [-118.5294706, 34.0428765]]}, "properties": {"id": "122648020-122838590-0", "highway": "residential"}}, {"type": "Feature", "geometry": {"type": "LineString", "coordinates": [[-118.5298975, 34.045931], [-118.5286368, 34.0472808]]}, "properties": {"id": "122648022-122938636-0", "highway": "residential"}}, {"type": "Feature", "geometry": {"type": "LineString", "coordinates": [[-118.5298975, 34.045931], [-118.5299794, 34.0456232]]}, "properties": {"id": "122648022-540018221-0", "highway": "residential"}}, {"type": "Feature", "geometry": {"type": "LineString", "coordinates": [[-118.5298975, 34.045931], [-118.5304933, 34.0462556]]}, "properties": {"id": "122648022-122648024-0", "highway": "residential"}}, {"type": "Feature", "geometry": {"type": "LineString", "coordinates": [[-118.5304933, 34.0462556], [-118.5357544, 34.0358157]]}, "properties": {"id": "122648024-6585208323-0", "highway": "secondary"}}, {"type": "Feature", "geometry": {"type": "LineString", "coordinates": [[-118.5304933, 34.0462556], [-118.5308508, 34.0464586]]}, "properties": {"id": "122648024-7929859198-0", "highway": "residential"}}, {"type": "Feature", "geometry": {"type": "LineString", "coordinates": [[-118.5304933, 34.0462556], [-118.5295025, 34.0491103]]}, "properties": {"id": "122648024-6878883842-0", "highway": "secondary"}}, {"type": "Feature", "geometry": {"type": "LineString", "coordinates": [[-118.5265164, 34.0446891], [-118.5277243, 34.0447895]]}, "properties": {"id": "122648037-122648040-0", "highway": "residential"}}, {"type": "Feature", "geometry": {"type": "LineString", "coordinates": [[-118.5265164, 34.0446891], [-118.526289, 34.0455882]]}, "properties": {"id": "122648037-122767171-0", "highway": "residential"}}, {"type": "Feature", "geometry": {"type": "LineString", "coordinates": [[-118.5265164, 34.0446891], [-118.5268857, 34.0431735]]}, "properties": {"id": "122648037-122651953-0", "highway": "residential"}}, {"type": "Feature", "geometry": {"type": "LineString", "coordinates": [[-118.5277243, 34.0447895], [-118.5265164, 34.0446891]]}, "properties": {"id": "122648040-122648037-0", "highway": "residential"}}, {"type": "Feature", "geometry": {"type": "LineString", "coordinates": [[-118.5277243, 34.0447895], [-118.528235, 34.0426543]]}, "properties": {"id": "122648040-529803016-0", "highway": "tertiary"}}, {"type": "Feature", "geometry": {"type": "LineString", "coordinates": [[-118.5277243, 34.0447895], [-118.5283322, 34.0449125]]}, "properties": {"id": "122648040-122503048-0", "highway": "residential"}}, {"type": "Feature", "geometry": {"type": "LineString", "coordinates": [[-118.5277243, 34.0447895], [-118.5271274, 34.0471499]]}, "properties": {"id": "122648040-123071547-0", "highway": "tertiary"}}, {"type": "Feature", "geometry": {"type": "LineString", "coordinates": [[-118.5608075, 34.072119], [-118.5607461, 34.0725403]]}, "properties": {"id": "122648180-122648182-0", "highway": "residential"}}, {"type": "Feature", "geometry": {"type": "LineString", "coordinates": [[-118.5608075, 34.072119], [-118.5611133, 34.0721168]]}, "properties": {"id": "122648180-122719897-0", "highway": "residential"}}, {"type": "Feature", "geometry": {"type": "LineString", "coordinates": [[-118.5608075, 34.072119], [-118.5600994, 34.0719457]]}, "properties": {"id": "122648180-122719894-0", "highway": "residential"}}, {"type": "Feature", "geometry": {"type": "LineString", "coordinates": [[-118.5607461, 34.0725403], [-118.5608075, 34.072119]]}, "properties": {"id": "122648182-122648180-0", "highway": "residential"}}, {"type": "Feature", "geometry": {"type": "LineString", "coordinates": [[-118.5140167, 34.0481701], [-118.5138263, 34.0487735]]}, "properties": {"id": "122648195-122648196-0", "highway": "residential"}}, {"type": "Feature", "geometry": {"type": "LineString", "coordinates": [[-118.5138263, 34.0487735], [-118.5134937, 34.0505988]]}, "properties": {"id": "122648196-122648199-0", "highway": "residential"}}, {"type": "Feature", "geometry": {"type": "LineString", "coordinates": [[-118.5138263, 34.0487735], [-118.5134937, 34.0505988]]}, "properties": {"id": "122648196-122648199-1", "highway": "residential"}}, {"type": "Feature", "geometry": {"type": "LineString", "coordinates": [[-118.5138263, 34.0487735], [-118.5140167, 34.0481701]]}, "properties": {"id": "122648196-122648195-0", "highway": "residential"}}, {"type": "Feature", "geometry": {"type": "LineString", "coordinates": [[-118.5134937, 34.0505988], [-118.5138263, 34.0487735]]}, "properties": {"id": "122648199-122648196-0", "highway": "residential"}}, {"type": "Feature", "geometry": {"type": "LineString", "coordinates": [[-118.5134937, 34.0505988], [-118.5138263, 34.0487735]]}, "properties": {"id": "122648199-122648196-1", "highway": "residential"}}, {"type": "Feature", "geometry": {"type": "LineString", "coordinates": [[-118.5134937, 34.0505988], [-118.512933, 34.0506058]]}, "properties": {"id": "122648199-122918280-0", "highway": "residential"}}, {"type": "Feature", "geometry": {"type": "LineString", "coordinates": [[-118.5033814, 34.0778366], [-118.5041486, 34.0776322]]}, "properties": {"id": "122648202-122648204-0", "highway": "residential"}}, {"type": "Feature", "geometry": {"type": "LineString", "coordinates": [[-118.5041486, 34.0776322], [-118.5033814, 34.0778366]]}, "properties": {"id": "122648204-122648202-0", "highway": "residential"}}, {"type": "Feature", "geometry": {"type": "LineString", "coordinates": [[-118.5041486, 34.0776322], [-118.5044691, 34.0791398]]}, "properties": {"id": "122648204-123376823-0", "highway": "residential"}}, {"type": "Feature", "geometry": {"type": "LineString", "coordinates": [[-118.5041486, 34.0776322], [-118.5016645, 34.0735532]]}, "properties": {"id": "122648204-271824439-0", "highway": "residential"}}, {"type": "Feature", "geometry": {"type": "LineString", "coordinates": [[-118.5221442, 34.03816], [-118.5215033, 34.0376066]]}, "properties": {"id": "122649272-2625042530-0", "highway": "residential"}}, {"type": "Feature", "geometry": {"type": "LineString", "coordinates": [[-118.5221442, 34.03816], [-118.5220565, 34.0396378]]}, "properties": {"id": "122649272-951006819-0", "highway": "residential"}}, {"type": "Feature", "geometry": {"type": "LineString", "coordinates": [[-118.5221442, 34.03816], [-118.5228482, 34.0387087]]}, "properties": {"id": "122649272-122694446-0", "highway": "residential"}}, {"type": "Feature", "geometry": {"type": "LineString", "coordinates": [[-118.5221203, 34.039764], [-118.5220565, 34.0396378]]}, "properties": {"id": "122649274-951006819-0", "highway": "residential"}}, {"type": "Feature", "geometry": {"type": "LineString", "coordinates": [[-118.5221203, 34.039764], [-118.523367, 34.0406133]]}, "properties": {"id": "122649274-529744193-0", "highway": "residential"}}, {"type": "Feature", "geometry": {"type": "LineString", "coordinates": [[-118.5221203, 34.039764], [-118.5229146, 34.0394691]]}, "properties": {"id": "122649274-122694452-0", "highway": "residential"}}, {"type": "Feature", "geometry": {"type": "LineString", "coordinates": [[-118.5273505, 34.0419804], [-118.527138, 34.0424558]]}, "properties": {"id": "122651941-122838598-0", "highway": "residential"}}, {"type": "Feature", "geometry": {"type": "LineString", "coordinates": [[-118.5273505, 34.0419804], [-118.5276595, 34.0402307]]}, "properties": {"id": "122651941-529803511-0", "highway": "residential"}}, {"type": "Feature", "geometry": {"type": "LineString", "coordinates": [[-118.5268857, 34.0431735], [-118.5273505, 34.0419804]]}, "properties": {"id": "122651953-122651941-0", "highway": "residential"}}, {"type": "Feature", "geometry": {"type": "LineString", "coordinates": [[-118.5268857, 34.0431735], [-118.5265164, 34.0446891]]}, "properties": {"id": "122651953-122648037-0", "highway": "residential"}}, {"type": "Feature", "geometry": {"type": "LineString", "coordinates": [[-118.5268857, 34.0431735], [-118.527138, 34.0424558]]}, "properties": {"id": "122651953-122838598-0", "highway": "residential"}}, {"type": "Feature", "geometry": {"type": "LineString", "coordinates": [[-118.5436362, 34.0600528], [-118.5436364, 34.0606229]]}, "properties": {"id": "122658428-123408650-0", "highway": "residential"}}, {"type": "Feature", "geometry": {"type": "LineString", "coordinates": [[-118.5436362, 34.0600528], [-118.5454174, 34.0603318]]}, "properties": {"id": "122658428-122658431-0", "highway": "residential"}}, {"type": "Feature", "geometry": {"type": "LineString", "coordinates": [[-118.5436362, 34.0600528], [-118.5412661, 34.0566956]]}, "properties": {"id": "122658428-123408641-0", "highway": "residential"}}, {"type": "Feature", "geometry": {"type": "LineString", "coordinates": [[-118.5454174, 34.0603318], [-118.5436362, 34.0600528]]}, "properties": {"id": "122658431-122658428-0", "highway": "residential"}}, {"type": "Feature", "geometry": {"type": "LineString", "coordinates": [[-118.4804963, 34.0766519], [-118.485121, 34.0845441]]}, "properties": {"id": "122658627-2136454062-0", "highway": "residential"}}, {"type": "Feature", "geometry": {"type": "LineString", "coordinates": [[-118.562905, 34.0731299], [-118.5633556, 34.0729588]]}, "properties": {"id": "122660160-122660163-0", "highway": "residential"}}, {"type": "Feature", "geometry": {"type": "LineString", "coordinates": [[-118.562905, 34.0731299], [-118.5632215, 34.0737053]]}, "properties": {"id": "122660160-122719912-0", "highway": "residential"}}, {"type": "Feature", "geometry": {"type": "LineString", "coordinates": [[-118.562905, 34.0731299], [-118.5626582, 34.0727677]]}, "properties": {"id": "122660160-122719909-0", "highway": "residential"}}, {"type": "Feature", "geometry": {"type": "LineString", "coordinates": [[-118.5633556, 34.0729588], [-118.562905, 34.0731299]]}, "properties": {"id": "122660163-122660160-0", "highway": "residential"}}, {"type": "Feature", "geometry": {"type": "LineString", "coordinates": [[-118.5586197, 34.0422505], [-118.5587979, 34.0417094]]}, "properties": {"id": "122660181-122569528-0", "highway": "residential"}}, {"type": "Feature", "geometry": {"type": "LineString", "coordinates": [[-118.4872366, 34.0713696], [-118.4871891, 34.072436]]}, "properties": {"id": "122662092-122662095-0", "highway": "residential"}}, {"type": "Feature", "geometry": {"type": "LineString", "coordinates": [[-118.4871891, 34.072436], [-118.4872366, 34.0713696]]}, "properties": {"id": "122662095-122662092-0", "highway": "residential"}}, {"type": "Feature", "geometry": {"type": "LineString", "coordinates": [[-118.4871891, 34.072436], [-118.4876727, 34.0723556]]}, "properties": {"id": "122662095-123225541-0", "highway": "residential"}}, {"type": "Feature", "geometry": {"type": "LineString", "coordinates": [[-118.4871891, 34.072436], [-118.4856659, 34.0730202]]}, "properties": {"id": "122662095-122873800-0", "highway": "residential"}}, {"type": "Feature", "geometry": {"type": "LineString", "coordinates": [[-118.5336457, 34.0450347], [-118.5349331, 34.0456321]]}, "properties": {"id": "122672237-122672240-0", "highway": "residential"}}, {"type": "Feature", "geometry": {"type": "LineString", "coordinates": [[-118.5336457, 34.0450347], [-118.5331047, 34.0449178]]}, "properties": {"id": "122672237-7344877070-0", "highway": "residential"}}, {"type": "Feature", "geometry": {"type": "LineString", "coordinates": [[-118.5336457, 34.0450347], [-118.5333409, 34.0469839]]}, "properties": {"id": "122672237-6878832165-0", "highway": "residential"}}, {"type": "Feature", "geometry": {"type": "LineString", "coordinates": [[-118.5336457, 34.0450347], [-118.5340491, 34.0441528]]}, "properties": {"id": "122672237-123411731-0", "highway": "residential"}}, {"type": "Feature", "geometry": {"type": "LineString", "coordinates": [[-118.5349331, 34.0456321], [-118.536215, 34.046908]]}, "properties": {"id": "122672240-122672243-0", "highway": "residential"}}, {"type": "Feature", "geometry": {"type": "LineString", "coordinates": [[-118.5349331, 34.0456321], [-118.5356267, 34.0450848]]}, "properties": {"id": "122672240-123334863-0", "highway": "residential"}}, {"type": "Feature", "geometry": {"type": "LineString", "coordinates": [[-118.5349331, 34.0456321], [-118.5336457, 34.0450347]]}, "properties": {"id": "122672240-122672237-0", "highway": "residential"}}, {"type": "Feature", "geometry": {"type": "LineString", "coordinates": [[-118.5349331, 34.0456321], [-118.5342682, 34.0469976]]}, "properties": {"id": "122672240-123334864-0", "highway": "residential"}}, {"type": "Feature", "geometry": {"type": "LineString", "coordinates": [[-118.536215, 34.046908], [-118.5349331, 34.0456321]]}, "properties": {"id": "122672243-122672240-0", "highway": "residential"}}, {"type": "Feature", "geometry": {"type": "LineString", "coordinates": [[-118.536215, 34.046908], [-118.5356884, 34.0473745]]}, "properties": {"id": "122672243-122795686-0", "highway": "residential"}}, {"type": "Feature", "geometry": {"type": "LineString", "coordinates": [[-118.536215, 34.046908], [-118.5369496, 34.0464148]]}, "properties": {"id": "122672243-122795684-0", "highway": "residential"}}, {"type": "Feature", "geometry": {"type": "LineString", "coordinates": [[-118.536215, 34.046908], [-118.5367699, 34.0473603]]}, "properties": {"id": "122672243-122672246-0", "highway": "residential"}}, {"type": "Feature", "geometry": {"type": "LineString", "coordinates": [[-118.5367699, 34.0473603], [-118.5380059, 34.0480999]]}, "properties": {"id": "122672246-122672248-0", "highway": "residential"}}, {"type": "Feature", "geometry": {"type": "LineString", "coordinates": [[-118.5367699, 34.0473603], [-118.536215, 34.046908]]}, "properties": {"id": "122672246-122672243-0", "highway": "residential"}}, {"type": "Feature", "geometry": {"type": "LineString", "coordinates": [[-118.5367699, 34.0473603], [-118.5356964, 34.0489183]]}, "properties": {"id": "122672246-6879043201-0", "highway": "residential"}}, {"type": "Feature", "geometry": {"type": "LineString", "coordinates": [[-118.5367699, 34.0473603], [-118.5369496, 34.0464148]]}, "properties": {"id": "122672246-122795684-0", "highway": "residential"}}, {"type": "Feature", "geometry": {"type": "LineString", "coordinates": [[-118.5380059, 34.0480999], [-118.5367699, 34.0473603]]}, "properties": {"id": "122672248-122672246-0", "highway": "residential"}}, {"type": "Feature", "geometry": {"type": "LineString", "coordinates": [[-118.5380059, 34.0480999], [-118.53945, 34.0458866]]}, "properties": {"id": "122672248-123097890-0", "highway": "residential"}}, {"type": "Feature", "geometry": {"type": "LineString", "coordinates": [[-118.5380059, 34.0480999], [-118.5383234, 34.0484697]]}, "properties": {"id": "122672248-122672251-0", "highway": "residential"}}, {"type": "Feature", "geometry": {"type": "LineString", "coordinates": [[-118.5383234, 34.0484697], [-118.5356964, 34.0489183]]}, "properties": {"id": "122672251-6879043201-0", "highway": "secondary"}}, {"type": "Feature", "geometry": {"type": "LineString", "coordinates": [[-118.5383234, 34.0484697], [-118.5387097, 34.0484697]]}, "properties": {"id": "122672251-123082702-0", "highway": "secondary"}}, {"type": "Feature", "geometry": {"type": "LineString", "coordinates": [[-118.5248029, 34.0527109], [-118.5262992, 34.0527442]]}, "properties": {"id": "122672462-122672466-0", "highway": "residential"}}, {"type": "Feature", "geometry": {"type": "LineString", "coordinates": [[-118.5248029, 34.0527109], [-118.524953, 34.0519504]]}, "properties": {"id": "122672462-123109126-0", "highway": "residential"}}, {"type": "Feature", "geometry": {"type": "LineString", "coordinates": [[-118.5248029, 34.0527109], [-118.5256256, 34.0534994]]}, "properties": {"id": "122672462-1614335387-0", "highway": "residential"}}, {"type": "Feature", "geometry": {"type": "LineString", "coordinates": [[-118.5262992, 34.0527442], [-118.5248029, 34.0527109]]}, "properties": {"id": "122672466-122672462-0", "highway": "residential"}}, {"type": "Feature", "geometry": {"type": "LineString", "coordinates": [[-118.5262992, 34.0527442], [-118.5262024, 34.0532198]]}, "properties": {"id": "122672466-12228535484-0", "highway": "residential"}}, {"type": "Feature", "geometry": {"type": "LineString", "coordinates": [[-118.5262992, 34.0527442], [-118.526967, 34.0520542]]}, "properties": {"id": "122672466-123489355-0", "highway": "residential"}}, {"type": "Feature", "geometry": {"type": "LineString", "coordinates": [[-118.5199168, 34.051303], [-118.5200904, 34.0517934]]}, "properties": {"id": "122672472-122672474-0", "highway": "residential"}}, {"type": "Feature", "geometry": {"type": "LineString", "coordinates": [[-118.5199168, 34.051303], [-118.5195212, 34.049473]]}, "properties": {"id": "122672472-122591844-0", "highway": "residential"}}, {"type": "Feature", "geometry": {"type": "LineString", "coordinates": [[-118.5199168, 34.051303], [-118.5209535, 34.0513297]]}, "properties": {"id": "122672472-122867878-0", "highway": "residential"}}, {"type": "Feature", "geometry": {"type": "LineString", "coordinates": [[-118.5199168, 34.051303], [-118.5189214, 34.0514045]]}, "properties": {"id": "122672472-123382640-0", "highway": "residential"}}, {"type": "Feature", "geometry": {"type": "LineString", "coordinates": [[-118.5200904, 34.0517934], [-118.5199168, 34.051303]]}, "properties": {"id": "122672474-122672472-0", "highway": "residential"}}, {"type": "Feature", "geometry": {"type": "LineString", "coordinates": [[-118.5200904, 34.0517934], [-118.5212538, 34.0523773]]}, "properties": {"id": "122672474-122672476-0", "highway": "residential"}}, {"type": "Feature", "geometry": {"type": "LineString", "coordinates": [[-118.5200904, 34.0517934], [-118.5231093, 34.0515909]]}, "properties": {"id": "122672474-123081680-0", "highway": "residential"}}, {"type": "Feature", "geometry": {"type": "LineString", "coordinates": [[-118.5200904, 34.0517934], [-118.5182766, 34.0520108]]}, "properties": {"id": "122672474-122783178-0", "highway": "residential"}}, {"type": "Feature", "geometry": {"type": "LineString", "coordinates": [[-118.5212538, 34.0523773], [-118.5241091, 34.0514419]]}, "properties": {"id": "122672476-122672480-0", "highway": "residential"}}, {"type": "Feature", "geometry": {"type": "LineString", "coordinates": [[-118.5212538, 34.0523773], [-118.5200904, 34.0517934]]}, "properties": {"id": "122672476-122672474-0", "highway": "residential"}}, {"type": "Feature", "geometry": {"type": "LineString", "coordinates": [[-118.5212538, 34.0523773], [-118.5225673, 34.0544319]]}, "properties": {"id": "122672476-123449333-0", "highway": "residential"}}, {"type": "Feature", "geometry": {"type": "LineString", "coordinates": [[-118.5241091, 34.0514419], [-118.5247783, 34.0512253]]}, "properties": {"id": "122672480-123109122-0", "highway": "residential"}}, {"type": "Feature", "geometry": {"type": "LineString", "coordinates": [[-118.5241091, 34.0514419], [-118.5212538, 34.0523773]]}, "properties": {"id": "122672480-122672476-0", "highway": "residential"}}, {"type": "Feature", "geometry": {"type": "LineString", "coordinates": [[-118.5241091, 34.0514419], [-118.5235472, 34.0488662]]}, "properties": {"id": "122672480-122591856-0", "highway": "residential"}}, {"type": "Feature", "geometry": {"type": "LineString", "coordinates": [[-118.5241091, 34.0514419], [-118.5231093, 34.0515909]]}, "properties": {"id": "122672480-123081680-0", "highway": "residential"}}, {"type": "Feature", "geometry": {"type": "LineString", "coordinates": [[-118.5040374, 34.039816], [-118.5039301, 34.0396759]]}, "properties": {"id": "122672892-536314574-0", "highway": "tertiary"}}, {"type": "Feature", "geometry": {"type": "LineString", "coordinates": [[-118.5040374, 34.039816], [-118.506845, 34.0396468]]}, "properties": {"id": "122672892-526333208-0", "highway": "residential"}}, {"type": "Feature", "geometry": {"type": "LineString", "coordinates": [[-118.5040374, 34.039816], [-118.5057314, 34.0376189]]}, "properties": {"id": "122672892-123179592-0", "highway": "secondary"}}, {"type": "Feature", "geometry": {"type": "LineString", "coordinates": [[-118.5368494, 34.039227], [-118.5366815, 34.038904]]}, "properties": {"id": "122681036-122614346-0", "highway": "residential"}}, {"type": "Feature", "geometry": {"type": "LineString", "coordinates": [[-118.520291, 34.0362333], [-118.5200947, 34.0364367]]}, "properties": {"id": "122685532-122742214-0", "highway": "residential"}}, {"type": "Feature", "geometry": {"type": "LineString", "coordinates": [[-118.520291, 34.0362333], [-118.520471, 34.0356775]]}, "properties": {"id": "122685532-529698670-0", "highway": "residential"}}, {"type": "Feature", "geometry": {"type": "LineString", "coordinates": [[-118.520291, 34.0362333], [-118.520809, 34.0358912]]}, "properties": {"id": "122685532-529698457-0", "highway": "residential"}}, {"type": "Feature", "geometry": {"type": "LineString", "coordinates": [[-118.5228944, 34.0355545], [-118.520809, 34.0358912]]}, "properties": {"id": "122685535-529698457-0", "highway": "residential"}}, {"type": "Feature", "geometry": {"type": "LineString", "coordinates": [[-118.5228944, 34.0355545], [-118.52254, 34.0363176]]}, "properties": {"id": "122685535-122745409-0", "highway": "tertiary"}}, {"type": "Feature", "geometry": {"type": "LineString", "coordinates": [[-118.5228944, 34.0355545], [-118.5236896, 34.0347982]]}, "properties": {"id": "122685535-122745408-0", "highway": "tertiary"}}, {"type": "Feature", "geometry": {"type": "LineString", "coordinates": [[-118.4955866, 34.0443548], [-118.4950402, 34.0438832]]}, "properties": {"id": "122685796-122685849-0", "highway": "residential"}}, {"type": "Feature", "geometry": {"type": "LineString", "coordinates": [[-118.4955866, 34.0443548], [-118.4943832, 34.0448332]]}, "properties": {"id": "122685796-122685798-0", "highway": "residential"}}, {"type": "Feature", "geometry": {"type": "LineString", "coordinates": [[-118.4955866, 34.0443548], [-118.496705, 34.0453166]]}, "properties": {"id": "122685796-536314578-0", "highway": "residential"}}, {"type": "Feature", "geometry": {"type": "LineString", "coordinates": [[-118.4943832, 34.0448332], [-118.4923414, 34.0430971]]}, "properties": {"id": "122685798-123130691-0", "highway": "residential"}}, {"type": "Feature", "geometry": {"type": "LineString", "coordinates": [[-118.4943832, 34.0448332], [-118.4957793, 34.0460444]]}, "properties": {"id": "122685798-536314581-0", "highway": "residential"}}, {"type": "Feature", "geometry": {"type": "LineString", "coordinates": [[-118.4943832, 34.0448332], [-118.4934073, 34.0454871]]}, "properties": {"id": "122685798-122685800-0", "highway": "residential"}}, {"type": "Feature", "geometry": {"type": "LineString", "coordinates": [[-118.4943832, 34.0448332], [-118.4955866, 34.0443548]]}, "properties": {"id": "122685798-122685796-0", "highway": "residential"}}, {"type": "Feature", "geometry": {"type": "LineString", "coordinates": [[-118.4934073, 34.0454871], [-118.4914386, 34.043806]]}, "properties": {"id": "122685800-122702471-0", "highway": "residential"}}, {"type": "Feature", "geometry": {"type": "LineString", "coordinates": [[-118.4934073, 34.0454871], [-118.492578, 34.0461621]]}, "properties": {"id": "122685800-122685802-0", "highway": "residential"}}, {"type": "Feature", "geometry": {"type": "LineString", "coordinates": [[-118.4934073, 34.0454871], [-118.4943832, 34.0448332]]}, "properties": {"id": "122685800-122685798-0", "highway": "residential"}}, {"type": "Feature", "geometry": {"type": "LineString", "coordinates": [[-118.4934073, 34.0454871], [-118.4948609, 34.046763]]}, "properties": {"id": "122685800-536314583-0", "highway": "residential"}}, {"type": "Feature", "geometry": {"type": "LineString", "coordinates": [[-118.492578, 34.0461621], [-118.4905975, 34.0444832]]}, "properties": {"id": "122685802-122785582-0", "highway": "residential"}}, {"type": "Feature", "geometry": {"type": "LineString", "coordinates": [[-118.492578, 34.0461621], [-118.4940083, 34.0474086]]}, "properties": {"id": "122685802-536310035-0", "highway": "residential"}}, {"type": "Feature", "geometry": {"type": "LineString", "coordinates": [[-118.492578, 34.0461621], [-118.491498, 34.0466177]]}, "properties": {"id": "122685802-122685804-0", "highway": "residential"}}, {"type": "Feature", "geometry": {"type": "LineString", "coordinates": [[-118.492578, 34.0461621], [-118.4934073, 34.0454871]]}, "properties": {"id": "122685802-122685800-0", "highway": "residential"}}, {"type": "Feature", "geometry": {"type": "LineString", "coordinates": [[-118.491498, 34.0466177], [-118.4897649, 34.0451518]]}, "properties": {"id": "122685804-123147448-0", "highway": "residential"}}, {"type": "Feature", "geometry": {"type": "LineString", "coordinates": [[-118.491498, 34.0466177], [-118.4900014, 34.0467196]]}, "properties": {"id": "122685804-122685807-0", "highway": "residential"}}, {"type": "Feature", "geometry": {"type": "LineString", "coordinates": [[-118.491498, 34.0466177], [-118.492578, 34.0461621]]}, "properties": {"id": "122685804-122685802-0", "highway": "residential"}}, {"type": "Feature", "geometry": {"type": "LineString", "coordinates": [[-118.491498, 34.0466177], [-118.4930251, 34.0479273]]}, "properties": {"id": "122685804-536310032-0", "highway": "residential"}}, {"type": "Feature", "geometry": {"type": "LineString", "coordinates": [[-118.4900014, 34.0467196], [-118.4896608, 34.0464327]]}, "properties": {"id": "122685807-123530053-0", "highway": "tertiary"}}, {"type": "Feature", "geometry": {"type": "LineString", "coordinates": [[-118.4900014, 34.0467196], [-118.491498, 34.0466177]]}, "properties": {"id": "122685807-122685804-0", "highway": "residential"}}, {"type": "Feature", "geometry": {"type": "LineString", "coordinates": [[-118.4900014, 34.0467196], [-118.4918571, 34.0483152]]}, "properties": {"id": "122685807-13418528924-0", "highway": "tertiary"}}, {"type": "Feature", "geometry": {"type": "LineString", "coordinates": [[-118.5069358, 34.0311799], [-118.5065362, 34.0308425]]}, "properties": {"id": "122685813-122685859-0", "highway": "residential"}}, {"type": "Feature", "geometry": {"type": "LineString", "coordinates": [[-118.5069358, 34.0311799], [-118.5061391, 34.0321183]]}, "properties": {"id": "122685813-122685816-0", "highway": "residential"}}, {"type": "Feature", "geometry": {"type": "LineString", "coordinates": [[-118.5069358, 34.0311799], [-118.5078419, 34.0319552]]}, "properties": {"id": "122685813-536314554-0", "highway": "residential"}}, {"type": "Feature", "geometry": {"type": "LineString", "coordinates": [[-118.5061391, 34.0321183], [-118.5044201, 34.0306411]]}, "properties": {"id": "122685816-122925006-0", "highway": "residential"}}, {"type": "Feature", "geometry": {"type": "LineString", "coordinates": [[-118.5061391, 34.0321183], [-118.50558, 34.0331927]]}, "properties": {"id": "122685816-122685819-0", "highway": "residential"}}, {"type": "Feature", "geometry": {"type": "LineString", "coordinates": [[-118.5061391, 34.0321183], [-118.5069358, 34.0311799]]}, "properties": {"id": "122685816-122685813-0", "highway": "residential"}}, {"type": "Feature", "geometry": {"type": "LineString", "coordinates": [[-118.5061391, 34.0321183], [-118.5070918, 34.0329291]]}, "properties": {"id": "122685816-536314557-0", "highway": "residential"}}, {"type": "Feature", "geometry": {"type": "LineString", "coordinates": [[-118.50558, 34.0331927], [-118.5048945, 34.0326068]]}, "properties": {"id": "122685819-123224908-0", "highway": "residential"}}, {"type": "Feature", "geometry": {"type": "LineString", "coordinates": [[-118.50558, 34.0331927], [-118.5051769, 34.0344481]]}, "properties": {"id": "122685819-122685821-0", "highway": "residential"}}, {"type": "Feature", "geometry": {"type": "LineString", "coordinates": [[-118.50558, 34.0331927], [-118.5061391, 34.0321183]]}, "properties": {"id": "122685819-122685816-0", "highway": "residential"}}, {"type": "Feature", "geometry": {"type": "LineString", "coordinates": [[-118.50558, 34.0331927], [-118.5066198, 34.0340814]]}, "properties": {"id": "122685819-536314549-0", "highway": "residential"}}, {"type": "Feature", "geometry": {"type": "LineString", "coordinates": [[-118.5051769, 34.0344481], [-118.5047906, 34.0356859]]}, "properties": {"id": "122685821-122685823-0", "highway": "residential"}}, {"type": "Feature", "geometry": {"type": "LineString", "coordinates": [[-118.5051769, 34.0344481], [-118.50558, 34.0331927]]}, "properties": {"id": "122685821-122685819-0", "highway": "residential"}}, {"type": "Feature", "geometry": {"type": "LineString", "coordinates": [[-118.5051769, 34.0344481], [-118.5039325, 34.0333775]]}, "properties": {"id": "122685821-122887151-0", "highway": "residential"}}, {"type": "Feature", "geometry": {"type": "LineString", "coordinates": [[-118.5051769, 34.0344481], [-118.5062527, 34.0353004]]}, "properties": {"id": "122685821-536314551-0", "highway": "residential"}}, {"type": "Feature", "geometry": {"type": "LineString", "coordinates": [[-118.5047906, 34.0356859], [-118.502978, 34.0341421]]}, "properties": {"id": "122685823-123224910-0", "highway": "residential"}}, {"type": "Feature", "geometry": {"type": "LineString", "coordinates": [[-118.5047906, 34.0356859], [-118.5044084, 34.0369596]]}, "properties": {"id": "122685823-122685825-0", "highway": "residential"}}, {"type": "Feature", "geometry": {"type": "LineString", "coordinates": [[-118.5047906, 34.0356859], [-118.5051769, 34.0344481]]}, "properties": {"id": "122685823-122685821-0", "highway": "residential"}}, {"type": "Feature", "geometry": {"type": "LineString", "coordinates": [[-118.5047906, 34.0356859], [-118.5058454, 34.0365501]]}, "properties": {"id": "122685823-536314546-0", "highway": "residential"}}, {"type": "Feature", "geometry": {"type": "LineString", "coordinates": [[-118.5044084, 34.0369596], [-118.5034652, 34.0361244]]}, "properties": {"id": "122685825-122774855-0", "highway": "residential"}}, {"type": "Feature", "geometry": {"type": "LineString", "coordinates": [[-118.5044084, 34.0369596], [-118.5038429, 34.0380306]]}, "properties": {"id": "122685825-122685828-0", "highway": "residential"}}, {"type": "Feature", "geometry": {"type": "LineString", "coordinates": [[-118.5044084, 34.0369596], [-118.5047906, 34.0356859]]}, "properties": {"id": "122685825-122685823-0", "highway": "residential"}}, {"type": "Feature", "geometry": {"type": "LineString", "coordinates": [[-118.5038429, 34.0380306], [-118.5025103, 34.0368769]]}, "properties": {"id": "122685828-122937952-0", "highway": "residential"}}, {"type": "Feature", "geometry": {"type": "LineString", "coordinates": [[-118.5038429, 34.0380306], [-118.5030439, 34.0389026]]}, "properties": {"id": "122685828-122685831-0", "highway": "residential"}}, {"type": "Feature", "geometry": {"type": "LineString", "coordinates": [[-118.5038429, 34.0380306], [-118.5044084, 34.0369596]]}, "properties": {"id": "122685828-122685825-0", "highway": "residential"}}, {"type": "Feature", "geometry": {"type": "LineString", "coordinates": [[-118.5030439, 34.0389026], [-118.5015834, 34.0376439]]}, "properties": {"id": "122685831-123520350-0", "highway": "tertiary"}}, {"type": "Feature", "geometry": {"type": "LineString", "coordinates": [[-118.5030439, 34.0389026], [-118.5020663, 34.0396501]]}, "properties": {"id": "122685831-122614787-0", "highway": "residential"}}, {"type": "Feature", "geometry": {"type": "LineString", "coordinates": [[-118.5030439, 34.0389026], [-118.5038429, 34.0380306]]}, "properties": {"id": "122685831-122685828-0", "highway": "residential"}}, {"type": "Feature", "geometry": {"type": "LineString", "coordinates": [[-118.5030439, 34.0389026], [-118.5039301, 34.0396759]]}, "properties": {"id": "122685831-536314574-0", "highway": "tertiary"}}, {"type": "Feature", "geometry": {"type": "LineString", "coordinates": [[-118.5011081, 34.0404041], [-118.5001565, 34.0411661]]}, "properties": {"id": "122685834-122685835-0", "highway": "residential"}}, {"type": "Feature", "geometry": {"type": "LineString", "coordinates": [[-118.5011081, 34.0404041], [-118.5020663, 34.0396501]]}, "properties": {"id": "122685834-122614787-0", "highway": "residential"}}, {"type": "Feature", "geometry": {"type": "LineString", "coordinates": [[-118.5011081, 34.0404041], [-118.4984203, 34.038112]]}, "properties": {"id": "122685834-122990187-0", "highway": "residential"}}, {"type": "Feature", "geometry": {"type": "LineString", "coordinates": [[-118.5011081, 34.0404041], [-118.502001, 34.0411715]]}, "properties": {"id": "122685834-536314570-0", "highway": "residential"}}, {"type": "Feature", "geometry": {"type": "LineString", "coordinates": [[-118.5001565, 34.0411661], [-118.4992792, 34.040427]]}, "properties": {"id": "122685835-122685843-0", "highway": "tertiary"}}, {"type": "Feature", "geometry": {"type": "LineString", "coordinates": [[-118.5001565, 34.0411661], [-118.5011081, 34.0404041]]}, "properties": {"id": "122685835-122685834-0", "highway": "residential"}}, {"type": "Feature", "geometry": {"type": "LineString", "coordinates": [[-118.5001565, 34.0411661], [-118.5010463, 34.0419249]]}, "properties": {"id": "122685835-536314565-0", "highway": "tertiary"}}, {"type": "Feature", "geometry": {"type": "LineString", "coordinates": [[-118.4992792, 34.040427], [-118.4984104, 34.0411322]]}, "properties": {"id": "122685843-122685845-0", "highway": "residential"}}, {"type": "Feature", "geometry": {"type": "LineString", "coordinates": [[-118.4992792, 34.040427], [-118.5001565, 34.0411661]]}, "properties": {"id": "122685843-122685835-0", "highway": "tertiary"}}, {"type": "Feature", "geometry": {"type": "LineString", "coordinates": [[-118.4992792, 34.040427], [-118.4974974, 34.0389027]]}, "properties": {"id": "122685843-123224915-0", "highway": "tertiary"}}, {"type": "Feature", "geometry": {"type": "LineString", "coordinates": [[-118.4984104, 34.0411322], [-118.4975577, 34.0418242]]}, "properties": {"id": "122685845-122610492-0", "highway": "residential"}}, {"type": "Feature", "geometry": {"type": "LineString", "coordinates": [[-118.4984104, 34.0411322], [-118.4992792, 34.040427]]}, "properties": {"id": "122685845-122685843-0", "highway": "residential"}}, {"type": "Feature", "geometry": {"type": "LineString", "coordinates": [[-118.4984104, 34.0411322], [-118.4966053, 34.0395903]]}, "properties": {"id": "122685845-123224918-0", "highway": "residential"}}, {"type": "Feature", "geometry": {"type": "LineString", "coordinates": [[-118.4984104, 34.0411322], [-118.5001481, 34.0426164]]}, "properties": {"id": "122685845-536314568-0", "highway": "residential"}}, {"type": "Feature", "geometry": {"type": "LineString", "coordinates": [[-118.4967245, 34.0425011], [-118.4958717, 34.0431928]]}, "properties": {"id": "122685847-122685848-0", "highway": "residential"}}, {"type": "Feature", "geometry": {"type": "LineString", "coordinates": [[-118.4967245, 34.0425011], [-118.4975577, 34.0418242]]}, "properties": {"id": "122685847-122610492-0", "highway": "residential"}}, {"type": "Feature", "geometry": {"type": "LineString", "coordinates": [[-118.4967245, 34.0425011], [-118.4949203, 34.0409583]]}, "properties": {"id": "122685847-123224920-0", "highway": "residential"}}, {"type": "Feature", "geometry": {"type": "LineString", "coordinates": [[-118.4967245, 34.0425011], [-118.4984315, 34.0439606]]}, "properties": {"id": "122685847-536314599-0", "highway": "residential"}}, {"type": "Feature", "geometry": {"type": "LineString", "coordinates": [[-118.4958717, 34.0431928], [-118.4967245, 34.0425011]]}, "properties": {"id": "122685848-122685847-0", "highway": "residential"}}, {"type": "Feature", "geometry": {"type": "LineString", "coordinates": [[-118.4958717, 34.0431928], [-118.4940824, 34.0416598]]}, "properties": {"id": "122685848-123221963-0", "highway": "residential"}}, {"type": "Feature", "geometry": {"type": "LineString", "coordinates": [[-118.4958717, 34.0431928], [-118.4975646, 34.0446433]]}, "properties": {"id": "122685848-536314595-0", "highway": "residential"}}, {"type": "Feature", "geometry": {"type": "LineString", "coordinates": [[-118.4958717, 34.0431928], [-118.4950402, 34.0438832]]}, "properties": {"id": "122685848-122685849-0", "highway": "residential"}}, {"type": "Feature", "geometry": {"type": "LineString", "coordinates": [[-118.4950402, 34.0438832], [-118.493239, 34.0423584]]}, "properties": {"id": "122685849-123224922-0", "highway": "residential"}}, {"type": "Feature", "geometry": {"type": "LineString", "coordinates": [[-118.4950402, 34.0438832], [-118.4955866, 34.0443548]]}, "properties": {"id": "122685849-122685796-0", "highway": "residential"}}, {"type": "Feature", "geometry": {"type": "LineString", "coordinates": [[-118.4950402, 34.0438832], [-118.4958717, 34.0431928]]}, "properties": {"id": "122685849-122685848-0", "highway": "residential"}}, {"type": "Feature", "geometry": {"type": "LineString", "coordinates": [[-118.5065362, 34.0308425], [-118.5069358, 34.0311799]]}, "properties": {"id": "122685859-122685813-0", "highway": "residential"}}, {"type": "Feature", "geometry": {"type": "LineString", "coordinates": [[-118.5225163, 34.0370953], [-118.5215033, 34.0376066]]}, "properties": {"id": "122688431-2625042530-0", "highway": "residential"}}, {"type": "Feature", "geometry": {"type": "LineString", "coordinates": [[-118.5225163, 34.0370953], [-118.5232612, 34.0384373]]}, "properties": {"id": "122688431-122694440-0", "highway": "tertiary"}}, {"type": "Feature", "geometry": {"type": "LineString", "coordinates": [[-118.5225163, 34.0370953], [-118.52254, 34.0363176]]}, "properties": {"id": "122688431-122745409-0", "highway": "tertiary"}}, {"type": "Feature", "geometry": {"type": "LineString", "coordinates": [[-118.5213491, 34.0400574], [-118.521285, 34.0399434]]}, "properties": {"id": "122688435-951006825-0", "highway": "residential"}}, {"type": "Feature", "geometry": {"type": "LineString", "coordinates": [[-118.5213491, 34.0400574], [-118.5221203, 34.039764]]}, "properties": {"id": "122688435-122649274-0", "highway": "residential"}}, {"type": "Feature", "geometry": {"type": "LineString", "coordinates": [[-118.5213491, 34.0400574], [-118.5230742, 34.0414378]]}, "properties": {"id": "122688435-122688441-0", "highway": "residential"}}, {"type": "Feature", "geometry": {"type": "LineString", "coordinates": [[-118.5230742, 34.0414378], [-118.5213491, 34.0400574]]}, "properties": {"id": "122688441-122688435-0", "highway": "residential"}}, {"type": "Feature", "geometry": {"type": "LineString", "coordinates": [[-118.5230742, 34.0414378], [-118.5230507, 34.0425071]]}, "properties": {"id": "122688441-2985144440-0", "highway": "tertiary"}}, {"type": "Feature", "geometry": {"type": "LineString", "coordinates": [[-118.5230742, 34.0414378], [-118.523367, 34.0406133]]}, "properties": {"id": "122688441-529744193-0", "highway": "tertiary"}}, {"type": "Feature", "geometry": {"type": "LineString", "coordinates": [[-118.518256, 34.0384947], [-118.5190937, 34.0385626]]}, "properties": {"id": "122694419-122694420-0", "highway": "residential"}}, {"type": "Feature", "geometry": {"type": "LineString", "coordinates": [[-118.518256, 34.0384947], [-118.5181919, 34.040884]]}, "properties": {"id": "122694419-529744224-0", "highway": "tertiary"}}, {"type": "Feature", "geometry": {"type": "LineString", "coordinates": [[-118.518256, 34.0384947], [-118.5192096, 34.0360935]]}, "properties": {"id": "122694419-122783218-0", "highway": "tertiary"}}, {"type": "Feature", "geometry": {"type": "LineString", "coordinates": [[-118.5190937, 34.0385626], [-118.518256, 34.0384947]]}, "properties": {"id": "122694420-122694419-0", "highway": "residential"}}, {"type": "Feature", "geometry": {"type": "LineString", "coordinates": [[-118.5190937, 34.0385626], [-118.5195201, 34.0406403]]}, "properties": {"id": "122694420-951006827-0", "highway": "residential"}}, {"type": "Feature", "geometry": {"type": "LineString", "coordinates": [[-118.5190937, 34.0385626], [-118.5200947, 34.0364367]]}, "properties": {"id": "122694420-122742214-0", "highway": "residential"}}, {"type": "Feature", "geometry": {"type": "LineString", "coordinates": [[-118.5232612, 34.0384373], [-118.5228482, 34.0387087]]}, "properties": {"id": "122694440-122694446-0", "highway": "residential"}}, {"type": "Feature", "geometry": {"type": "LineString", "coordinates": [[-118.5232612, 34.0384373], [-118.5237566, 34.0399637]]}, "properties": {"id": "122694440-122694456-0", "highway": "tertiary"}}, {"type": "Feature", "geometry": {"type": "LineString", "coordinates": [[-118.5232612, 34.0384373], [-118.5225163, 34.0370953]]}, "properties": {"id": "122694440-122688431-0", "highway": "tertiary"}}, {"type": "Feature", "geometry": {"type": "LineString", "coordinates": [[-118.5228482, 34.0387087], [-118.5228412, 34.0393562]]}, "properties": {"id": "122694446-951006823-0", "highway": "residential"}}, {"type": "Feature", "geometry": {"type": "LineString", "coordinates": [[-118.5228482, 34.0387087], [-118.5232612, 34.0384373]]}, "properties": {"id": "122694446-122694440-0", "highway": "residential"}}, {"type": "Feature", "geometry": {"type": "LineString", "coordinates": [[-118.5228482, 34.0387087], [-118.5221442, 34.03816]]}, "properties": {"id": "122694446-122649272-0", "highway": "residential"}}, {"type": "Feature", "geometry": {"type": "LineString", "coordinates": [[-118.5229146, 34.0394691], [-118.5228412, 34.0393562]]}, "properties": {"id": "122694452-951006823-0", "highway": "residential"}}, {"type": "Feature", "geometry": {"type": "LineString", "coordinates": [[-118.5229146, 34.0394691], [-118.5237566, 34.0399637]]}, "properties": {"id": "122694452-122694456-0", "highway": "residential"}}, {"type": "Feature", "geometry": {"type": "LineString", "coordinates": [[-118.5237566, 34.0399637], [-118.5229146, 34.0394691]]}, "properties": {"id": "122694456-122694452-0", "highway": "residential"}}, {"type": "Feature", "geometry": {"type": "LineString", "coordinates": [[-118.5237566, 34.0399637], [-118.523367, 34.0406133]]}, "properties": {"id": "122694456-529744193-0", "highway": "tertiary"}}, {"type": "Feature", "geometry": {"type": "LineString", "coordinates": [[-118.5237566, 34.0399637], [-118.5232612, 34.0384373]]}, "properties": {"id": "122694456-122694440-0", "highway": "tertiary"}}, {"type": "Feature", "geometry": {"type": "LineString", "coordinates": [[-118.5267011, 34.0376763], [-118.5268468, 34.0379639]]}, "properties": {"id": "122696051-8900713185-0", "highway": "residential"}}, {"type": "Feature", "geometry": {"type": "LineString", "coordinates": [[-118.5267011, 34.0376763], [-118.5271474, 34.0377901]]}, "properties": {"id": "122696051-122518649-0", "highway": "residential"}}, {"type": "Feature", "geometry": {"type": "LineString", "coordinates": [[-118.5267011, 34.0376763], [-118.5264286, 34.0372911]]}, "properties": {"id": "122696051-529804812-0", "highway": "residential"}}, {"type": "Feature", "geometry": {"type": "LineString", "coordinates": [[-118.5262204, 34.0389565], [-118.5268468, 34.0379639]]}, "properties": {"id": "122696054-8900713185-0", "highway": "residential"}}, {"type": "Feature", "geometry": {"type": "LineString", "coordinates": [[-118.5262204, 34.0389565], [-118.5275556, 34.0401252]]}, "properties": {"id": "122696054-7344877044-0", "highway": "residential"}}, {"type": "Feature", "geometry": {"type": "LineString", "coordinates": [[-118.5262204, 34.0389565], [-118.526126, 34.0368299]]}, "properties": {"id": "122696054-122854624-0", "highway": "residential"}}, {"type": "Feature", "geometry": {"type": "LineString", "coordinates": [[-118.5163768, 34.0302295], [-118.5175151, 34.0321058]]}, "properties": {"id": "122697551-122697553-0", "highway": "residential"}}, {"type": "Feature", "geometry": {"type": "LineString", "coordinates": [[-118.5163768, 34.0302295], [-118.5158439, 34.0302329]]}, "properties": {"id": "122697551-527718643-0", "highway": "tertiary"}}, {"type": "Feature", "geometry": {"type": "LineString", "coordinates": [[-118.5163768, 34.0302295], [-118.516572, 34.0301724]]}, "properties": {"id": "122697551-122847223-0", "highway": "tertiary"}}, {"type": "Feature", "geometry": {"type": "LineString", "coordinates": [[-118.5175151, 34.0321058], [-118.5178614, 34.0339876]]}, "properties": {"id": "122697553-122697555-0", "highway": "residential"}}, {"type": "Feature", "geometry": {"type": "LineString", "coordinates": [[-118.5175151, 34.0321058], [-118.5163768, 34.0302295]]}, "properties": {"id": "122697553-122697551-0", "highway": "residential"}}, {"type": "Feature", "geometry": {"type": "LineString", "coordinates": [[-118.5175151, 34.0321058], [-118.5179044, 34.0325873]]}, "properties": {"id": "122697553-7237577621-0", "highway": "residential"}}, {"type": "Feature", "geometry": {"type": "LineString", "coordinates": [[-118.5178614, 34.0339876], [-118.5180791, 34.0338557]]}, "properties": {"id": "122697555-122558990-0", "highway": "residential"}}, {"type": "Feature", "geometry": {"type": "LineString", "coordinates": [[-118.5178614, 34.0339876], [-118.5175151, 34.0321058]]}, "properties": {"id": "122697555-122697553-0", "highway": "residential"}}, {"type": "Feature", "geometry": {"type": "LineString", "coordinates": [[-118.5178614, 34.0339876], [-118.5155069, 34.0311369]]}, "properties": {"id": "122697555-527724156-0", "highway": "residential"}}, {"type": "Feature", "geometry": {"type": "LineString", "coordinates": [[-118.5349384, 34.0397329], [-118.535934, 34.0402094]]}, "properties": {"id": "122699934-122699935-0", "highway": "residential"}}, {"type": "Feature", "geometry": {"type": "LineString", "coordinates": [[-118.535934, 34.0402094], [-118.5365434, 34.040245]]}, "properties": {"id": "122699935-122699936-0", "highway": "residential"}}, {"type": "Feature", "geometry": {"type": "LineString", "coordinates": [[-118.535934, 34.0402094], [-118.5349384, 34.0397329]]}, "properties": {"id": "122699935-122699934-0", "highway": "residential"}}, {"type": "Feature", "geometry": {"type": "LineString", "coordinates": [[-118.535934, 34.0402094], [-118.5352723, 34.0410438]]}, "properties": {"id": "122699935-123472420-0", "highway": "residential"}}, {"type": "Feature", "geometry": {"type": "LineString", "coordinates": [[-118.5365434, 34.040245], [-118.5374978, 34.0402557]]}, "properties": {"id": "122699936-122606382-0", "highway": "residential"}}, {"type": "Feature", "geometry": {"type": "LineString", "coordinates": [[-118.5365434, 34.040245], [-118.535934, 34.0402094]]}, "properties": {"id": "122699936-122699935-0", "highway": "residential"}}, {"type": "Feature", "geometry": {"type": "LineString", "coordinates": [[-118.5365434, 34.040245], [-118.5365333, 34.041125]]}, "properties": {"id": "122699936-123760983-0", "highway": "residential"}}, {"type": "Feature", "geometry": {"type": "LineString", "coordinates": [[-118.4851149, 34.0377684], [-118.4866826, 34.0390991]]}, "properties": {"id": "122702387-528517224-0", "highway": "residential"}}, {"type": "Feature", "geometry": {"type": "LineString", "coordinates": [[-118.4851149, 34.0377684], [-118.4835604, 34.0364218]]}, "properties": {"id": "122702387-9888843369-0", "highway": "residential"}}, {"type": "Feature", "geometry": {"type": "LineString", "coordinates": [[-118.4851149, 34.0377684], [-118.4841717, 34.0385373]]}, "properties": {"id": "122702387-9888821667-0", "highway": "residential"}}, {"type": "Feature", "geometry": {"type": "LineString", "coordinates": [[-118.4851149, 34.0377684], [-118.4860702, 34.0369969]]}, "properties": {"id": "122702387-122767066-0", "highway": "residential"}}, {"type": "Feature", "geometry": {"type": "LineString", "coordinates": [[-118.4950196, 34.0468913], [-118.4948609, 34.046763]]}, "properties": {"id": "122702468-536314583-0", "highway": "residential"}}, {"type": "Feature", "geometry": {"type": "LineString", "coordinates": [[-118.4950196, 34.0468913], [-118.4965115, 34.0457197]]}, "properties": {"id": "122702468-123222016-0", "highway": "secondary"}}, {"type": "Feature", "geometry": {"type": "LineString", "coordinates": [[-118.4914386, 34.043806], [-118.4895033, 34.0421285]]}, "properties": {"id": "122702471-122702474-0", "highway": "residential"}}, {"type": "Feature", "geometry": {"type": "LineString", "coordinates": [[-118.4914386, 34.043806], [-118.4934073, 34.0454871]]}, "properties": {"id": "122702471-122685800-0", "highway": "residential"}}, {"type": "Feature", "geometry": {"type": "LineString", "coordinates": [[-118.4914386, 34.043806], [-118.4905975, 34.0444832]]}, "properties": {"id": "122702471-122785582-0", "highway": "residential"}}, {"type": "Feature", "geometry": {"type": "LineString", "coordinates": [[-118.4914386, 34.043806], [-118.4923414, 34.0430971]]}, "properties": {"id": "122702471-123130691-0", "highway": "residential"}}, {"type": "Feature", "geometry": {"type": "LineString", "coordinates": [[-118.4895033, 34.0421285], [-118.487711, 34.0406185]]}, "properties": {"id": "122702474-122702478-0", "highway": "residential"}}, {"type": "Feature", "geometry": {"type": "LineString", "coordinates": [[-118.4895033, 34.0421285], [-118.4914386, 34.043806]]}, "properties": {"id": "122702474-122702471-0", "highway": "residential"}}, {"type": "Feature", "geometry": {"type": "LineString", "coordinates": [[-118.4895033, 34.0421285], [-118.4886776, 34.0427975]]}, "properties": {"id": "122702474-122785583-0", "highway": "residential"}}, {"type": "Feature", "geometry": {"type": "LineString", "coordinates": [[-118.4895033, 34.0421285], [-118.4903773, 34.0414202]]}, "properties": {"id": "122702474-123130694-0", "highway": "residential"}}, {"type": "Feature", "geometry": {"type": "LineString", "coordinates": [[-118.487711, 34.0406185], [-118.4895033, 34.0421285]]}, "properties": {"id": "122702478-122702474-0", "highway": "residential"}}, {"type": "Feature", "geometry": {"type": "LineString", "coordinates": [[-118.487711, 34.0406185], [-118.4868835, 34.0412827]]}, "properties": {"id": "122702478-122785585-0", "highway": "residential"}}, {"type": "Feature", "geometry": {"type": "LineString", "coordinates": [[-118.487711, 34.0406185], [-118.4862961, 34.0394125]]}, "properties": {"id": "122702478-122702481-0", "highway": "residential"}}, {"type": "Feature", "geometry": {"type": "LineString", "coordinates": [[-118.487711, 34.0406185], [-118.4886057, 34.0398889]]}, "properties": {"id": "122702478-123030866-0", "highway": "residential"}}, {"type": "Feature", "geometry": {"type": "LineString", "coordinates": [[-118.4862961, 34.0394125], [-118.4866826, 34.0390991]]}, "properties": {"id": "122702481-528517224-0", "highway": "tertiary"}}, {"type": "Feature", "geometry": {"type": "LineString", "coordinates": [[-118.4862961, 34.0394125], [-118.487711, 34.0406185]]}, "properties": {"id": "122702481-122702478-0", "highway": "residential"}}, {"type": "Feature", "geometry": {"type": "LineString", "coordinates": [[-118.4862961, 34.0394125], [-118.4854704, 34.0400895]]}, "properties": {"id": "122702481-122773758-0", "highway": "tertiary"}}, {"type": "Feature", "geometry": {"type": "LineString", "coordinates": [[-118.5412336, 34.049818], [-118.5416816, 34.0484979]]}, "properties": {"id": "122708626-123082719-0", "highway": "residential"}}, {"type": "Feature", "geometry": {"type": "LineString", "coordinates": [[-118.5412336, 34.049818], [-118.5424594, 34.0499402]]}, "properties": {"id": "122708626-122602959-0", "highway": "residential"}}, {"type": "Feature", "geometry": {"type": "LineString", "coordinates": [[-118.5412336, 34.049818], [-118.5424487, 34.0493957]]}, "properties": {"id": "122708626-122602956-0", "highway": "residential"}}, {"type": "Feature", "geometry": {"type": "LineString", "coordinates": [[-118.601722, 34.0817834], [-118.601489, 34.0817706]]}, "properties": {"id": "122717089-9096682061-0", "highway": "tertiary"}}, {"type": "Feature", "geometry": {"type": "LineString", "coordinates": [[-118.601722, 34.0817834], [-118.5996825, 34.083319]]}, "properties": {"id": "122717089-122717121-0", "highway": "residential"}}, {"type": "Feature", "geometry": {"type": "LineString", "coordinates": [[-118.601722, 34.0817834], [-118.6032354, 34.0809265]]}, "properties": {"id": "122717089-123055781-0", "highway": "tertiary"}}, {"type": "Feature", "geometry": {"type": "LineString", "coordinates": [[-118.5996825, 34.083319], [-118.601722, 34.0817834]]}, "properties": {"id": "122717121-122717089-0", "highway": "residential"}}, {"type": "Feature", "geometry": {"type": "LineString", "coordinates": [[-118.5432319, 34.0437796], [-118.5433821, 34.0441641]]}, "properties": {"id": "122719695-122719697-0", "highway": "residential"}}, {"type": "Feature", "geometry": {"type": "LineString", "coordinates": [[-118.5432319, 34.0437796], [-118.5433904, 34.0437262]]}, "properties": {"id": "122719695-535671525-0", "highway": "residential"}}, {"type": "Feature", "geometry": {"type": "LineString", "coordinates": [[-118.5432319, 34.0437796], [-118.5428725, 34.0433207]]}, "properties": {"id": "122719695-122827120-0", "highway": "residential"}}, {"type": "Feature", "geometry": {"type": "LineString", "coordinates": [[-118.5432319, 34.0437796], [-118.5414134, 34.0463717]]}, "properties": {"id": "122719695-535671758-0", "highway": "residential"}}, {"type": "Feature", "geometry": {"type": "LineString", "coordinates": [[-118.5433821, 34.0441641], [-118.5432319, 34.0437796]]}, "properties": {"id": "122719697-122719695-0", "highway": "residential"}}, {"type": "Feature", "geometry": {"type": "LineString", "coordinates": [[-118.5433821, 34.0441641], [-118.5433904, 34.0437262]]}, "properties": {"id": "122719697-535671525-0", "highway": "residential"}}, {"type": "Feature", "geometry": {"type": "LineString", "coordinates": [[-118.5433821, 34.0441641], [-118.5430634, 34.0460891]]}, "properties": {"id": "122719697-122822142-0", "highway": "residential"}}, {"type": "Feature", "geometry": {"type": "LineString", "coordinates": [[-118.558356, 34.0708215], [-118.5588012, 34.0710303]]}, "properties": {"id": "122719882-122719884-0", "highway": "residential"}}, {"type": "Feature", "geometry": {"type": "LineString", "coordinates": [[-118.558356, 34.0708215], [-118.5592733, 34.0696461]]}, "properties": {"id": "122719882-123185542-0", "highway": "residential"}}, {"type": "Feature", "geometry": {"type": "LineString", "coordinates": [[-118.558356, 34.0708215], [-118.5580019, 34.0714747]]}, "properties": {"id": "122719882-123534020-0", "highway": "residential"}}, {"type": "Feature", "geometry": {"type": "LineString", "coordinates": [[-118.5588012, 34.0710303], [-118.5589782, 34.0711459]]}, "properties": {"id": "122719884-122719886-0", "highway": "residential"}}, {"type": "Feature", "geometry": {"type": "LineString", "coordinates": [[-118.5588012, 34.0710303], [-118.5591284, 34.0707237]]}, "properties": {"id": "122719884-123385839-0", "highway": "residential"}}, {"type": "Feature", "geometry": {"type": "LineString", "coordinates": [[-118.5588012, 34.0710303], [-118.558356, 34.0708215]]}, "properties": {"id": "122719884-122719882-0", "highway": "residential"}}, {"type": "Feature", "geometry": {"type": "LineString", "coordinates": [[-118.5589782, 34.0711459], [-118.5593806, 34.071448]]}, "properties": {"id": "122719886-122719889-0", "highway": "residential"}}, {"type": "Feature", "geometry": {"type": "LineString", "coordinates": [[-118.5589782, 34.0711459], [-118.5588012, 34.0710303]]}, "properties": {"id": "122719886-122719884-0", "highway": "residential"}}, {"type": "Feature", "geometry": {"type": "LineString", "coordinates": [[-118.5589782, 34.0711459], [-118.5586296, 34.0714747]]}, "properties": {"id": "122719886-123768616-0", "highway": "residential"}}, {"type": "Feature", "geometry": {"type": "LineString", "coordinates": [[-118.5593806, 34.071448], [-118.5595361, 34.071568]]}, "properties": {"id": "122719889-122719892-0", "highway": "residential"}}, {"type": "Feature", "geometry": {"type": "LineString", "coordinates": [[-118.5593806, 34.071448], [-118.5589782, 34.0711459]]}, "properties": {"id": "122719889-122719886-0", "highway": "residential"}}, {"type": "Feature", "geometry": {"type": "LineString", "coordinates": [[-118.5593806, 34.071448], [-118.5596917, 34.0711325]]}, "properties": {"id": "122719889-122843078-0", "highway": "residential"}}, {"type": "Feature", "geometry": {"type": "LineString", "coordinates": [[-118.5595361, 34.071568], [-118.5600375, 34.0719042]]}, "properties": {"id": "122719892-1085974813-0", "highway": "residential"}}, {"type": "Feature", "geometry": {"type": "LineString", "coordinates": [[-118.5595361, 34.071568], [-118.5593806, 34.071448]]}, "properties": {"id": "122719892-122719889-0", "highway": "residential"}}, {"type": "Feature", "geometry": {"type": "LineString", "coordinates": [[-118.5595361, 34.071568], [-118.5591926, 34.0718791]]}, "properties": {"id": "122719892-122842209-0", "highway": "residential"}}, {"type": "Feature", "geometry": {"type": "LineString", "coordinates": [[-118.5600994, 34.0719457], [-118.5600375, 34.0719042]]}, "properties": {"id": "122719894-1085974813-0", "highway": "residential"}}, {"type": "Feature", "geometry": {"type": "LineString", "coordinates": [[-118.5600994, 34.0719457], [-118.5598792, 34.0722985]]}, "properties": {"id": "122719894-123724931-0", "highway": "residential"}}, {"type": "Feature", "geometry": {"type": "LineString", "coordinates": [[-118.5600994, 34.0719457], [-118.5608075, 34.072119]]}, "properties": {"id": "122719894-122648180-0", "highway": "residential"}}, {"type": "Feature", "geometry": {"type": "LineString", "coordinates": [[-118.5611133, 34.0721168], [-118.5615263, 34.0720701]]}, "properties": {"id": "122719897-122719899-0", "highway": "residential"}}, {"type": "Feature", "geometry": {"type": "LineString", "coordinates": [[-118.5611133, 34.0721168], [-118.5608075, 34.072119]]}, "properties": {"id": "122719897-122648180-0", "highway": "residential"}}, {"type": "Feature", "geometry": {"type": "LineString", "coordinates": [[-118.5611133, 34.0721168], [-118.5610838, 34.071748]]}, "properties": {"id": "122719897-123083705-0", "highway": "residential"}}, {"type": "Feature", "geometry": {"type": "LineString", "coordinates": [[-118.5615263, 34.0720701], [-118.5611133, 34.0721168]]}, "properties": {"id": "122719899-122719897-0", "highway": "residential"}}, {"type": "Feature", "geometry": {"type": "LineString", "coordinates": [[-118.5615263, 34.0720701], [-118.5616014, 34.0724256]]}, "properties": {"id": "122719899-122792636-0", "highway": "residential"}}, {"type": "Feature", "geometry": {"type": "LineString", "coordinates": [[-118.5615263, 34.0720701], [-118.5619045, 34.0720368]]}, "properties": {"id": "122719899-122719902-0", "highway": "residential"}}, {"type": "Feature", "geometry": {"type": "LineString", "coordinates": [[-118.5619045, 34.0720368], [-118.5619984, 34.0715769]]}, "properties": {"id": "122719902-122983464-0", "highway": "residential"}}, {"type": "Feature", "geometry": {"type": "LineString", "coordinates": [[-118.5619045, 34.0720368], [-118.5623846, 34.0723967]]}, "properties": {"id": "122719902-122719905-0", "highway": "residential"}}, {"type": "Feature", "geometry": {"type": "LineString", "coordinates": [[-118.5619045, 34.0720368], [-118.5615263, 34.0720701]]}, "properties": {"id": "122719902-122719899-0", "highway": "residential"}}, {"type": "Feature", "geometry": {"type": "LineString", "coordinates": [[-118.5623846, 34.0723967], [-118.5626582, 34.0727677]]}, "properties": {"id": "122719905-122719909-0", "highway": "residential"}}, {"type": "Feature", "geometry": {"type": "LineString", "coordinates": [[-118.5623846, 34.0723967], [-118.5627843, 34.0721656]]}, "properties": {"id": "122719905-122808833-0", "highway": "residential"}}, {"type": "Feature", "geometry": {"type": "LineString", "coordinates": [[-118.5623846, 34.0723967], [-118.5620765, 34.0726114]]}, "properties": {"id": "122719905-123066616-0", "highway": "residential"}}, {"type": "Feature", "geometry": {"type": "LineString", "coordinates": [[-118.5623846, 34.0723967], [-118.5619045, 34.0720368]]}, "properties": {"id": "122719905-122719902-0", "highway": "residential"}}, {"type": "Feature", "geometry": {"type": "LineString", "coordinates": [[-118.5626582, 34.0727677], [-118.562905, 34.0731299]]}, "properties": {"id": "122719909-122660160-0", "highway": "residential"}}, {"type": "Feature", "geometry": {"type": "LineString", "coordinates": [[-118.5626582, 34.0727677], [-118.5623846, 34.0723967]]}, "properties": {"id": "122719909-122719905-0", "highway": "residential"}}, {"type": "Feature", "geometry": {"type": "LineString", "coordinates": [[-118.5626582, 34.0727677], [-118.5617034, 34.0738964]]}, "properties": {"id": "122719909-123430703-0", "highway": "residential"}}, {"type": "Feature", "geometry": {"type": "LineString", "coordinates": [[-118.5626582, 34.0727677], [-118.563376, 34.0724321]]}, "properties": {"id": "122719909-540421374-0", "highway": "residential"}}, {"type": "Feature", "geometry": {"type": "LineString", "coordinates": [[-118.5632215, 34.0737053], [-118.562905, 34.0731299]]}, "properties": {"id": "122719912-122660160-0", "highway": "residential"}}, {"type": "Feature", "geometry": {"type": "LineString", "coordinates": [[-118.5632215, 34.0737053], [-118.5636721, 34.0735298]]}, "properties": {"id": "122719912-122996362-0", "highway": "residential"}}, {"type": "Feature", "geometry": {"type": "LineString", "coordinates": [[-118.5632215, 34.0737053], [-118.5635273, 34.0741097]]}, "properties": {"id": "122719912-1085932272-0", "highway": "residential"}}, {"type": "Feature", "geometry": {"type": "LineString", "coordinates": [[-118.5140054, 34.0460855], [-118.5164354, 34.0517758]]}, "properties": {"id": "122724924-848817853-0", "highway": "residential"}}, {"type": "Feature", "geometry": {"type": "LineString", "coordinates": [[-118.5140054, 34.0460855], [-118.5149655, 34.0455858]]}, "properties": {"id": "122724924-122581030-0", "highway": "secondary"}}, {"type": "Feature", "geometry": {"type": "LineString", "coordinates": [[-118.5140054, 34.0460855], [-118.5136339, 34.0462777]]}, "properties": {"id": "122724924-367691027-0", "highway": "secondary"}}, {"type": "Feature", "geometry": {"type": "LineString", "coordinates": [[-118.5602818, 34.0715724], [-118.5600375, 34.0719042]]}, "properties": {"id": "122726658-1085974813-0", "highway": "residential"}}, {"type": "Feature", "geometry": {"type": "LineString", "coordinates": [[-118.5896791, 34.1046017], [-118.5893329, 34.1046099]]}, "properties": {"id": "122726690-122726693-0", "highway": "residential"}}, {"type": "Feature", "geometry": {"type": "LineString", "coordinates": [[-118.5893329, 34.1046099], [-118.5893313, 34.1047693]]}, "properties": {"id": "122726693-122981199-0", "highway": "residential"}}, {"type": "Feature", "geometry": {"type": "LineString", "coordinates": [[-118.5893329, 34.1046099], [-118.5896791, 34.1046017]]}, "properties": {"id": "122726693-122726690-0", "highway": "residential"}}, {"type": "Feature", "geometry": {"type": "LineString", "coordinates": [[-118.5893329, 34.1046099], [-118.589154, 34.1040243]]}, "properties": {"id": "122726693-122777935-0", "highway": "residential"}}, {"type": "Feature", "geometry": {"type": "LineString", "coordinates": [[-118.4986965, 34.0560037], [-118.5011346, 34.056287]]}, "properties": {"id": "122729216-122729218-0", "highway": "residential"}}, {"type": "Feature", "geometry": {"type": "LineString", "coordinates": [[-118.4986965, 34.0560037], [-118.4977067, 34.0569825]]}, "properties": {"id": "122729216-1358243506-0", "highway": "residential"}}, {"type": "Feature", "geometry": {"type": "LineString", "coordinates": [[-118.4986965, 34.0560037], [-118.4995141, 34.0549005]]}, "properties": {"id": "122729216-123063211-0", "highway": "residential"}}, {"type": "Feature", "geometry": {"type": "LineString", "coordinates": [[-118.5011346, 34.056287], [-118.4986965, 34.0560037]]}, "properties": {"id": "122729218-122729216-0", "highway": "residential"}}, {"type": "Feature", "geometry": {"type": "LineString", "coordinates": [[-118.5011346, 34.056287], [-118.5015821, 34.0576092]]}, "properties": {"id": "122729218-1358243543-0", "highway": "residential"}}, {"type": "Feature", "geometry": {"type": "LineString", "coordinates": [[-118.5011346, 34.056287], [-118.5009844, 34.0551137]]}, "properties": {"id": "122729218-123116649-0", "highway": "residential"}}, {"type": "Feature", "geometry": {"type": "LineString", "coordinates": [[-118.5358053, 34.0368838], [-118.5375468, 34.0376023]]}, "properties": {"id": "122741420-122614352-0", "highway": "residential"}}, {"type": "Feature", "geometry": {"type": "LineString", "coordinates": [[-118.5205252, 34.0303527], [-118.5200769, 34.0329748]]}, "properties": {"id": "122742207-122742208-0", "highway": "residential"}}, {"type": "Feature", "geometry": {"type": "LineString", "coordinates": [[-118.5205252, 34.0303527], [-118.5208764, 34.0306013]]}, "properties": {"id": "122742207-122950114-0", "highway": "residential"}}, {"type": "Feature", "geometry": {"type": "LineString", "coordinates": [[-118.5205252, 34.0303527], [-118.5189198, 34.0313855]]}, "properties": {"id": "122742207-122783213-0", "highway": "residential"}}, {"type": "Feature", "geometry": {"type": "LineString", "coordinates": [[-118.5200769, 34.0329748], [-118.5204535, 34.0339093]]}, "properties": {"id": "122742208-122742209-0", "highway": "residential"}}, {"type": "Feature", "geometry": {"type": "LineString", "coordinates": [[-118.5200769, 34.0329748], [-118.5205252, 34.0303527]]}, "properties": {"id": "122742208-122742207-0", "highway": "residential"}}, {"type": "Feature", "geometry": {"type": "LineString", "coordinates": [[-118.5200769, 34.0329748], [-118.5217584, 34.0326599]]}, "properties": {"id": "122742208-529747429-0", "highway": "residential"}}, {"type": "Feature", "geometry": {"type": "LineString", "coordinates": [[-118.5204535, 34.0339093], [-118.5200769, 34.0329748]]}, "properties": {"id": "122742209-122742208-0", "highway": "residential"}}, {"type": "Feature", "geometry": {"type": "LineString", "coordinates": [[-118.5204535, 34.0339093], [-118.5206202, 34.0348083]]}, "properties": {"id": "122742209-122742212-0", "highway": "residential"}}, {"type": "Feature", "geometry": {"type": "LineString", "coordinates": [[-118.5204535, 34.0339093], [-118.5241613, 34.0336816]]}, "properties": {"id": "122742209-122745407-0", "highway": "residential"}}, {"type": "Feature", "geometry": {"type": "LineString", "coordinates": [[-118.5204535, 34.0339093], [-118.5196158, 34.0340322]]}, "properties": {"id": "122742209-122783215-0", "highway": "residential"}}, {"type": "Feature", "geometry": {"type": "LineString", "coordinates": [[-118.5206202, 34.0348083], [-118.520471, 34.0356775]]}, "properties": {"id": "122742212-529698670-0", "highway": "residential"}}, {"type": "Feature", "geometry": {"type": "LineString", "coordinates": [[-118.5206202, 34.0348083], [-118.5204535, 34.0339093]]}, "properties": {"id": "122742212-122742209-0", "highway": "residential"}}, {"type": "Feature", "geometry": {"type": "LineString", "coordinates": [[-118.5206202, 34.0348083], [-118.5236896, 34.0347982]]}, "properties": {"id": "122742212-122745408-0", "highway": "residential"}}, {"type": "Feature", "geometry": {"type": "LineString", "coordinates": [[-118.5200947, 34.0364367], [-118.520291, 34.0362333]]}, "properties": {"id": "122742214-122685532-0", "highway": "residential"}}, {"type": "Feature", "geometry": {"type": "LineString", "coordinates": [[-118.5200947, 34.0364367], [-118.5190937, 34.0385626]]}, "properties": {"id": "122742214-122694420-0", "highway": "residential"}}, {"type": "Feature", "geometry": {"type": "LineString", "coordinates": [[-118.5200947, 34.0364367], [-118.5208101, 34.0370212]]}, "properties": {"id": "122742214-123139472-0", "highway": "residential"}}, {"type": "Feature", "geometry": {"type": "LineString", "coordinates": [[-118.5200947, 34.0364367], [-118.5192096, 34.0360935]]}, "properties": {"id": "122742214-122783218-0", "highway": "residential"}}, {"type": "Feature", "geometry": {"type": "LineString", "coordinates": [[-118.5195856, 34.0407686], [-118.5195201, 34.0406403]]}, "properties": {"id": "122742215-951006827-0", "highway": "residential"}}, {"type": "Feature", "geometry": {"type": "LineString", "coordinates": [[-118.5195856, 34.0407686], [-118.5204613, 34.0404197]]}, "properties": {"id": "122742215-123063137-0", "highway": "residential"}}, {"type": "Feature", "geometry": {"type": "LineString", "coordinates": [[-118.5195856, 34.0407686], [-118.5212203, 34.0424249]]}, "properties": {"id": "122742215-122742219-0", "highway": "residential"}}, {"type": "Feature", "geometry": {"type": "LineString", "coordinates": [[-118.5212203, 34.0424249], [-118.5234993, 34.0442476]]}, "properties": {"id": "122742219-122742222-0", "highway": "residential"}}, {"type": "Feature", "geometry": {"type": "LineString", "coordinates": [[-118.5212203, 34.0424249], [-118.5195856, 34.0407686]]}, "properties": {"id": "122742219-122742215-0", "highway": "residential"}}, {"type": "Feature", "geometry": {"type": "LineString", "coordinates": [[-118.5212203, 34.0424249], [-118.521907, 34.0418645]]}, "properties": {"id": "122742219-123139474-0", "highway": "residential"}}, {"type": "Feature", "geometry": {"type": "LineString", "coordinates": [[-118.5212203, 34.0424249], [-118.5205327, 34.0430099]]}, "properties": {"id": "122742219-123082638-0", "highway": "residential"}}, {"type": "Feature", "geometry": {"type": "LineString", "coordinates": [[-118.5234993, 34.0442476], [-118.524537, 34.0440611]]}, "properties": {"id": "122742222-122742223-0", "highway": "residential"}}, {"type": "Feature", "geometry": {"type": "LineString", "coordinates": [[-118.5234993, 34.0442476], [-118.5212203, 34.0424249]]}, "properties": {"id": "122742222-122742219-0", "highway": "residential"}}, {"type": "Feature", "geometry": {"type": "LineString", "coordinates": [[-118.5234993, 34.0442476], [-118.5229826, 34.0450572]]}, "properties": {"id": "122742222-123082639-0", "highway": "residential"}}, {"type": "Feature", "geometry": {"type": "LineString", "coordinates": [[-118.524537, 34.0440611], [-118.5234993, 34.0442476]]}, "properties": {"id": "122742223-122742222-0", "highway": "residential"}}, {"type": "Feature", "geometry": {"type": "LineString", "coordinates": [[-118.524537, 34.0440611], [-118.525124, 34.0455882]]}, "properties": {"id": "122742223-122745419-0", "highway": "tertiary"}}, {"type": "Feature", "geometry": {"type": "LineString", "coordinates": [[-118.524537, 34.0440611], [-118.5233372, 34.0430256]]}, "properties": {"id": "122742223-2985144443-0", "highway": "tertiary"}}, {"type": "Feature", "geometry": {"type": "LineString", "coordinates": [[-118.5383545, 34.0376347], [-118.5377839, 34.0374307]]}, "properties": {"id": "122743724-122743728-0", "highway": "residential"}}, {"type": "Feature", "geometry": {"type": "LineString", "coordinates": [[-118.5383545, 34.0376347], [-118.5380684, 34.0379848]]}, "properties": {"id": "122743724-123182911-0", "highway": "residential"}}, {"type": "Feature", "geometry": {"type": "LineString", "coordinates": [[-118.5383545, 34.0376347], [-118.5387064, 34.0376987]]}, "properties": {"id": "122743724-122985739-0", "highway": "residential"}}, {"type": "Feature", "geometry": {"type": "LineString", "coordinates": [[-118.5377839, 34.0374307], [-118.5383545, 34.0376347]]}, "properties": {"id": "122743728-122743724-0", "highway": "residential"}}, {"type": "Feature", "geometry": {"type": "LineString", "coordinates": [[-118.4873231, 34.0827195], [-118.4858189, 34.0808887]]}, "properties": {"id": "122743824-2090778401-0", "highway": "residential"}}, {"type": "Feature", "geometry": {"type": "LineString", "coordinates": [[-118.4873231, 34.0827195], [-118.487551, 34.0828906]]}, "properties": {"id": "122743824-122743829-0", "highway": "residential"}}, {"type": "Feature", "geometry": {"type": "LineString", "coordinates": [[-118.4873231, 34.0827195], [-118.4861134, 34.0824441]]}, "properties": {"id": "122743824-634467352-0", "highway": "residential"}}, {"type": "Feature", "geometry": {"type": "LineString", "coordinates": [[-118.487551, 34.0828906], [-118.4873231, 34.0827195]]}, "properties": {"id": "122743829-122743824-0", "highway": "residential"}}, {"type": "Feature", "geometry": {"type": "LineString", "coordinates": [[-118.487551, 34.0828906], [-118.4884019, 34.0832058]]}, "properties": {"id": "122743829-2090778419-0", "highway": "residential"}}, {"type": "Feature", "geometry": {"type": "LineString", "coordinates": [[-118.487551, 34.0828906], [-118.4861141, 34.0783922]]}, "properties": {"id": "122743829-123157557-0", "highway": "residential"}}, {"type": "Feature", "geometry": {"type": "LineString", "coordinates": [[-118.5245831, 34.0326471], [-118.5208764, 34.0306013]]}, "properties": {"id": "122745405-122950114-0", "highway": "residential"}}, {"type": "Feature", "geometry": {"type": "LineString", "coordinates": [[-118.5245831, 34.0326471], [-118.5223674, 34.0326414]]}, "properties": {"id": "122745405-123304867-0", "highway": "residential"}}, {"type": "Feature", "geometry": {"type": "LineString", "coordinates": [[-118.5245831, 34.0326471], [-118.5241613, 34.0336816]]}, "properties": {"id": "122745405-122745407-0", "highway": "tertiary"}}, {"type": "Feature", "geometry": {"type": "LineString", "coordinates": [[-118.5241613, 34.0336816], [-118.5204535, 34.0339093]]}, "properties": {"id": "122745407-122742209-0", "highway": "residential"}}, {"type": "Feature", "geometry": {"type": "LineString", "coordinates": [[-118.5241613, 34.0336816], [-118.5236896, 34.0347982]]}, "properties": {"id": "122745407-122745408-0", "highway": "tertiary"}}, {"type": "Feature", "geometry": {"type": "LineString", "coordinates": [[-118.5241613, 34.0336816], [-118.5245831, 34.0326471]]}, "properties": {"id": "122745407-122745405-0", "highway": "tertiary"}}, {"type": "Feature", "geometry": {"type": "LineString", "coordinates": [[-118.5236896, 34.0347982], [-118.5206202, 34.0348083]]}, "properties": {"id": "122745408-122742212-0", "highway": "residential"}}, {"type": "Feature", "geometry": {"type": "LineString", "coordinates": [[-118.5236896, 34.0347982], [-118.5228944, 34.0355545]]}, "properties": {"id": "122745408-122685535-0", "highway": "tertiary"}}, {"type": "Feature", "geometry": {"type": "LineString", "coordinates": [[-118.5236896, 34.0347982], [-118.5241613, 34.0336816]]}, "properties": {"id": "122745408-122745407-0", "highway": "tertiary"}}, {"type": "Feature", "geometry": {"type": "LineString", "coordinates": [[-118.52254, 34.0363176], [-118.5208101, 34.0370212]]}, "properties": {"id": "122745409-123139472-0", "highway": "residential"}}, {"type": "Feature", "geometry": {"type": "LineString", "coordinates": [[-118.52254, 34.0363176], [-118.5225163, 34.0370953]]}, "properties": {"id": "122745409-122688431-0", "highway": "tertiary"}}, {"type": "Feature", "geometry": {"type": "LineString", "coordinates": [[-118.52254, 34.0363176], [-118.5228944, 34.0355545]]}, "properties": {"id": "122745409-122685535-0", "highway": "tertiary"}}, {"type": "Feature", "geometry": {"type": "LineString", "coordinates": [[-118.522915, 34.0426679], [-118.521907, 34.0418645]]}, "properties": {"id": "122745417-123139474-0", "highway": "residential"}}, {"type": "Feature", "geometry": {"type": "LineString", "coordinates": [[-118.522915, 34.0426679], [-118.5233372, 34.0430256]]}, "properties": {"id": "122745417-2985144443-0", "highway": "tertiary"}}, {"type": "Feature", "geometry": {"type": "LineString", "coordinates": [[-118.522915, 34.0426679], [-118.5230507, 34.0425071]]}, "properties": {"id": "122745417-2985144440-0", "highway": "tertiary"}}, {"type": "Feature", "geometry": {"type": "LineString", "coordinates": [[-118.525124, 34.0455882], [-118.526289, 34.0455882]]}, "properties": {"id": "122745419-122767171-0", "highway": "residential"}}, {"type": "Feature", "geometry": {"type": "LineString", "coordinates": [[-118.525124, 34.0455882], [-118.524537, 34.0440611]]}, "properties": {"id": "122745419-122742223-0", "highway": "tertiary"}}, {"type": "Feature", "geometry": {"type": "LineString", "coordinates": [[-118.525124, 34.0455882], [-118.5242757, 34.0461138]]}, "properties": {"id": "122745419-123082644-0", "highway": "tertiary"}}, {"type": "Feature", "geometry": {"type": "LineString", "coordinates": [[-118.5046555, 34.075335], [-118.5046072, 34.0766658]]}, "properties": {"id": "122746046-634370110-0", "highway": "residential"}}, {"type": "Feature", "geometry": {"type": "LineString", "coordinates": [[-118.5046555, 34.075335], [-118.5063641, 34.0786008]]}, "properties": {"id": "122746046-123350360-0", "highway": "residential"}}, {"type": "Feature", "geometry": {"type": "LineString", "coordinates": [[-118.5046555, 34.075335], [-118.5016645, 34.0735532]]}, "properties": {"id": "122746046-271824439-0", "highway": "residential"}}, {"type": "Feature", "geometry": {"type": "LineString", "coordinates": [[-118.5586703, 34.0402617], [-118.5590026, 34.0403058]]}, "properties": {"id": "122749035-7339670371-0", "highway": "residential"}}, {"type": "Feature", "geometry": {"type": "LineString", "coordinates": [[-118.5586703, 34.0402617], [-118.556727, 34.0396359]]}, "properties": {"id": "122749035-8900475527-0", "highway": "residential"}}, {"type": "Feature", "geometry": {"type": "LineString", "coordinates": [[-118.5586703, 34.0402617], [-118.558057, 34.0395648]]}, "properties": {"id": "122749035-122851810-0", "highway": "residential"}}, {"type": "Feature", "geometry": {"type": "LineString", "coordinates": [[-118.5614584, 34.0445818], [-118.5607361, 34.0447667]]}, "properties": {"id": "122756992-122769831-0", "highway": "residential"}}, {"type": "Feature", "geometry": {"type": "LineString", "coordinates": [[-118.5614584, 34.0445818], [-118.5614844, 34.0427196]]}, "properties": {"id": "122756992-122569533-0", "highway": "residential"}}, {"type": "Feature", "geometry": {"type": "LineString", "coordinates": [[-118.5614584, 34.0445818], [-118.5621485, 34.044574]]}, "properties": {"id": "122756992-122769835-0", "highway": "residential"}}, {"type": "Feature", "geometry": {"type": "LineString", "coordinates": [[-118.5140898, 34.0533036], [-118.5131705, 34.0514253]]}, "properties": {"id": "122760963-122831123-0", "highway": "residential"}}, {"type": "Feature", "geometry": {"type": "LineString", "coordinates": [[-118.5793027, 34.0401088], [-118.5855612, 34.0388054]]}, "properties": {"id": "122761988-123307754-0", "highway": "trunk"}}, {"type": "Feature", "geometry": {"type": "LineString", "coordinates": [[-118.5793027, 34.0401088], [-118.5792547, 34.0405217]]}, "properties": {"id": "122761988-7339727668-0", "highway": "primary"}}, {"type": "Feature", "geometry": {"type": "LineString", "coordinates": [[-118.5793027, 34.0401088], [-118.567672, 34.041767]]}, "properties": {"id": "122761988-13419257684-0", "highway": "trunk"}}, {"type": "Feature", "geometry": {"type": "LineString", "coordinates": [[-118.5055786, 34.0737754], [-118.507108, 34.0739191]]}, "properties": {"id": "122763715-541200836-0", "highway": "residential"}}, {"type": "Feature", "geometry": {"type": "LineString", "coordinates": [[-118.5055786, 34.0737754], [-118.5081424, 34.0768635]]}, "properties": {"id": "122763715-123432097-0", "highway": "residential"}}, {"type": "Feature", "geometry": {"type": "LineString", "coordinates": [[-118.5055786, 34.0737754], [-118.5018822, 34.0729464]]}, "properties": {"id": "122763715-123180130-0", "highway": "residential"}}, {"type": "Feature", "geometry": {"type": "LineString", "coordinates": [[-118.6018104, 34.0710643], [-118.6004498, 34.0725758]]}, "properties": {"id": "122765869-122765907-0", "highway": "residential"}}, {"type": "Feature", "geometry": {"type": "LineString", "coordinates": [[-118.6018104, 34.0710643], [-118.6004498, 34.0725758]]}, "properties": {"id": "122765869-122765907-1", "highway": "residential"}}, {"type": "Feature", "geometry": {"type": "LineString", "coordinates": [[-118.6018104, 34.0710643], [-118.6047197, 34.0711668]]}, "properties": {"id": "122765869-123001426-0", "highway": "residential"}}, {"type": "Feature", "geometry": {"type": "LineString", "coordinates": [[-118.6004498, 34.0725758], [-118.6018104, 34.0710643]]}, "properties": {"id": "122765907-122765869-0", "highway": "residential"}}, {"type": "Feature", "geometry": {"type": "LineString", "coordinates": [[-118.6004498, 34.0725758], [-118.6018104, 34.0710643]]}, "properties": {"id": "122765907-122765869-1", "highway": "residential"}}, {"type": "Feature", "geometry": {"type": "LineString", "coordinates": [[-118.6004498, 34.0725758], [-118.6004646, 34.0750149]]}, "properties": {"id": "122765907-122787364-0", "highway": "residential"}}, {"type": "Feature", "geometry": {"type": "LineString", "coordinates": [[-118.493648, 34.0308537], [-118.4951962, 34.0321888]]}, "properties": {"id": "122767054-122773778-0", "highway": "tertiary"}}, {"type": "Feature", "geometry": {"type": "LineString", "coordinates": [[-118.493648, 34.0308537], [-118.492677, 34.0316284]]}, "properties": {"id": "122767054-122614804-0", "highway": "residential"}}, {"type": "Feature", "geometry": {"type": "LineString", "coordinates": [[-118.493648, 34.0308537], [-118.494585, 34.0300808]]}, "properties": {"id": "122767054-13593901464-0", "highway": "residential"}}, {"type": "Feature", "geometry": {"type": "LineString", "coordinates": [[-118.4917366, 34.0323907], [-118.4901773, 34.0310589]]}, "properties": {"id": "122767055-122790253-0", "highway": "residential"}}, {"type": "Feature", "geometry": {"type": "LineString", "coordinates": [[-118.4917366, 34.0323907], [-118.493305, 34.0337308]]}, "properties": {"id": "122767055-122773775-0", "highway": "residential"}}, {"type": "Feature", "geometry": {"type": "LineString", "coordinates": [[-118.4917366, 34.0323907], [-118.4908044, 34.0331563]]}, "properties": {"id": "122767055-122767056-0", "highway": "residential"}}, {"type": "Feature", "geometry": {"type": "LineString", "coordinates": [[-118.4917366, 34.0323907], [-118.492677, 34.0316284]]}, "properties": {"id": "122767055-122614804-0", "highway": "residential"}}, {"type": "Feature", "geometry": {"type": "LineString", "coordinates": [[-118.4908044, 34.0331563], [-118.489224, 34.0318198]]}, "properties": {"id": "122767056-122790254-0", "highway": "tertiary"}}, {"type": "Feature", "geometry": {"type": "LineString", "coordinates": [[-118.4908044, 34.0331563], [-118.4923581, 34.0344952]]}, "properties": {"id": "122767056-122773773-0", "highway": "tertiary"}}, {"type": "Feature", "geometry": {"type": "LineString", "coordinates": [[-118.4908044, 34.0331563], [-118.4898498, 34.0339284]]}, "properties": {"id": "122767056-122767058-0", "highway": "residential"}}, {"type": "Feature", "geometry": {"type": "LineString", "coordinates": [[-118.4908044, 34.0331563], [-118.4917366, 34.0323907]]}, "properties": {"id": "122767056-122767055-0", "highway": "residential"}}, {"type": "Feature", "geometry": {"type": "LineString", "coordinates": [[-118.4898498, 34.0339284], [-118.491402, 34.0352685]]}, "properties": {"id": "122767058-438155012-0", "highway": "residential"}}, {"type": "Feature", "geometry": {"type": "LineString", "coordinates": [[-118.4898498, 34.0339284], [-118.4889053, 34.0346988]]}, "properties": {"id": "122767058-122610428-0", "highway": "residential"}}, {"type": "Feature", "geometry": {"type": "LineString", "coordinates": [[-118.4898498, 34.0339284], [-118.4908044, 34.0331563]]}, "properties": {"id": "122767058-122767056-0", "highway": "residential"}}, {"type": "Feature", "geometry": {"type": "LineString", "coordinates": [[-118.4898498, 34.0339284], [-118.488276, 34.0325892]]}, "properties": {"id": "122767058-122790258-0", "highway": "residential"}}, {"type": "Feature", "geometry": {"type": "LineString", "coordinates": [[-118.487961, 34.0354514], [-118.4863866, 34.0341244]]}, "properties": {"id": "122767060-122790261-0", "highway": "tertiary"}}, {"type": "Feature", "geometry": {"type": "LineString", "coordinates": [[-118.487961, 34.0354514], [-118.4895115, 34.036803]]}, "properties": {"id": "122767060-122773767-0", "highway": "tertiary"}}, {"type": "Feature", "geometry": {"type": "LineString", "coordinates": [[-118.487961, 34.0354514], [-118.4870158, 34.0362291]]}, "properties": {"id": "122767060-122767064-0", "highway": "residential"}}, {"type": "Feature", "geometry": {"type": "LineString", "coordinates": [[-118.487961, 34.0354514], [-118.4889053, 34.0346988]]}, "properties": {"id": "122767060-122610428-0", "highway": "residential"}}, {"type": "Feature", "geometry": {"type": "LineString", "coordinates": [[-118.4870158, 34.0362291], [-118.4885767, 34.0375672]]}, "properties": {"id": "122767064-122773763-0", "highway": "residential"}}, {"type": "Feature", "geometry": {"type": "LineString", "coordinates": [[-118.4870158, 34.0362291], [-118.4860702, 34.0369969]]}, "properties": {"id": "122767064-122767066-0", "highway": "residential"}}, {"type": "Feature", "geometry": {"type": "LineString", "coordinates": [[-118.4870158, 34.0362291], [-118.485439, 34.0348911]]}, "properties": {"id": "122767064-122790263-0", "highway": "residential"}}, {"type": "Feature", "geometry": {"type": "LineString", "coordinates": [[-118.4870158, 34.0362291], [-118.487961, 34.0354514]]}, "properties": {"id": "122767064-122767060-0", "highway": "residential"}}, {"type": "Feature", "geometry": {"type": "LineString", "coordinates": [[-118.4860702, 34.0369969], [-118.48763, 34.038335]]}, "properties": {"id": "122767066-122773761-0", "highway": "residential"}}, {"type": "Feature", "geometry": {"type": "LineString", "coordinates": [[-118.4860702, 34.0369969], [-118.4845089, 34.0356591]]}, "properties": {"id": "122767066-122790264-0", "highway": "residential"}}, {"type": "Feature", "geometry": {"type": "LineString", "coordinates": [[-118.4860702, 34.0369969], [-118.4851149, 34.0377684]]}, "properties": {"id": "122767066-122702387-0", "highway": "residential"}}, {"type": "Feature", "geometry": {"type": "LineString", "coordinates": [[-118.4860702, 34.0369969], [-118.4870158, 34.0362291]]}, "properties": {"id": "122767066-122767064-0", "highway": "residential"}}, {"type": "Feature", "geometry": {"type": "LineString", "coordinates": [[-118.5258069, 34.0473887], [-118.5259482, 34.046936]]}, "properties": {"id": "122767151-122767173-0", "highway": "residential"}}, {"type": "Feature", "geometry": {"type": "LineString", "coordinates": [[-118.5258069, 34.0473887], [-118.5267743, 34.0479992]]}, "properties": {"id": "122767151-2371258485-0", "highway": "secondary"}}, {"type": "Feature", "geometry": {"type": "LineString", "coordinates": [[-118.5258069, 34.0473887], [-118.5251518, 34.0468364]]}, "properties": {"id": "122767151-123082647-0", "highway": "secondary"}}, {"type": "Feature", "geometry": {"type": "LineString", "coordinates": [[-118.5258069, 34.0473887], [-118.525496, 34.0477548]]}, "properties": {"id": "122767151-6479857455-0", "highway": "residential"}}, {"type": "Feature", "geometry": {"type": "LineString", "coordinates": [[-118.5244985, 34.0482118], [-118.524198, 34.0468869]]}, "properties": {"id": "122767165-122941162-0", "highway": "tertiary"}}, {"type": "Feature", "geometry": {"type": "LineString", "coordinates": [[-118.5244985, 34.0482118], [-118.5246054, 34.0487066]]}, "properties": {"id": "122767165-122591860-0", "highway": "tertiary"}}, {"type": "Feature", "geometry": {"type": "LineString", "coordinates": [[-118.526289, 34.0455882], [-118.5259482, 34.046936]]}, "properties": {"id": "122767171-122767173-0", "highway": "residential"}}, {"type": "Feature", "geometry": {"type": "LineString", "coordinates": [[-118.526289, 34.0455882], [-118.5265164, 34.0446891]]}, "properties": {"id": "122767171-122648037-0", "highway": "residential"}}, {"type": "Feature", "geometry": {"type": "LineString", "coordinates": [[-118.526289, 34.0455882], [-118.525124, 34.0455882]]}, "properties": {"id": "122767171-122745419-0", "highway": "residential"}}, {"type": "Feature", "geometry": {"type": "LineString", "coordinates": [[-118.5259482, 34.046936], [-118.526289, 34.0455882]]}, "properties": {"id": "122767173-122767171-0", "highway": "residential"}}, {"type": "Feature", "geometry": {"type": "LineString", "coordinates": [[-118.5259482, 34.046936], [-118.5258069, 34.0473887]]}, "properties": {"id": "122767173-122767151-0", "highway": "residential"}}, {"type": "Feature", "geometry": {"type": "LineString", "coordinates": [[-118.5259482, 34.046936], [-118.5251518, 34.0468364]]}, "properties": {"id": "122767173-123082647-0", "highway": "residential"}}, {"type": "Feature", "geometry": {"type": "LineString", "coordinates": [[-118.5259482, 34.046936], [-118.5271274, 34.0471499]]}, "properties": {"id": "122767173-123071547-0", "highway": "residential"}}, {"type": "Feature", "geometry": {"type": "LineString", "coordinates": [[-118.5406718, 34.0385127], [-118.5406351, 34.0387392]]}, "properties": {"id": "122769643-123133377-0", "highway": "residential"}}, {"type": "Feature", "geometry": {"type": "LineString", "coordinates": [[-118.5406718, 34.0385127], [-118.5400698, 34.0384892]]}, "properties": {"id": "122769643-123193892-0", "highway": "residential"}}, {"type": "Feature", "geometry": {"type": "LineString", "coordinates": [[-118.5406718, 34.0385127], [-118.5407671, 34.0383539]]}, "properties": {"id": "122769643-534297857-0", "highway": "residential"}}, {"type": "Feature", "geometry": {"type": "LineString", "coordinates": [[-118.5406718, 34.0385127], [-118.5392716, 34.0381061]]}, "properties": {"id": "122769643-122769653-0", "highway": "residential"}}, {"type": "Feature", "geometry": {"type": "LineString", "coordinates": [[-118.5392716, 34.0381061], [-118.5400698, 34.0384892]]}, "properties": {"id": "122769653-123193892-0", "highway": "residential"}}, {"type": "Feature", "geometry": {"type": "LineString", "coordinates": [[-118.5392716, 34.0381061], [-118.5389896, 34.0383744]]}, "properties": {"id": "122769653-122769655-0", "highway": "residential"}}, {"type": "Feature", "geometry": {"type": "LineString", "coordinates": [[-118.5392716, 34.0381061], [-118.5406718, 34.0385127]]}, "properties": {"id": "122769653-122769643-0", "highway": "residential"}}, {"type": "Feature", "geometry": {"type": "LineString", "coordinates": [[-118.5389896, 34.0383744], [-118.5400698, 34.0384892]]}, "properties": {"id": "122769655-123193892-0", "highway": "residential"}}, {"type": "Feature", "geometry": {"type": "LineString", "coordinates": [[-118.5389896, 34.0383744], [-118.5388826, 34.0387321]]}, "properties": {"id": "122769655-122769657-0", "highway": "residential"}}, {"type": "Feature", "geometry": {"type": "LineString", "coordinates": [[-118.5389896, 34.0383744], [-118.5392716, 34.0381061]]}, "properties": {"id": "122769655-122769653-0", "highway": "residential"}}, {"type": "Feature", "geometry": {"type": "LineString", "coordinates": [[-118.5388826, 34.0387321], [-118.5406351, 34.0387392]]}, "properties": {"id": "122769657-123133377-0", "highway": "residential"}}, {"type": "Feature", "geometry": {"type": "LineString", "coordinates": [[-118.5388826, 34.0387321], [-118.5384778, 34.0388601]]}, "properties": {"id": "122769657-123526092-0", "highway": "residential"}}, {"type": "Feature", "geometry": {"type": "LineString", "coordinates": [[-118.5388826, 34.0387321], [-118.5389896, 34.0383744]]}, "properties": {"id": "122769657-122769655-0", "highway": "residential"}}, {"type": "Feature", "geometry": {"type": "LineString", "coordinates": [[-118.5607361, 34.0447667], [-118.5614584, 34.0445818]]}, "properties": {"id": "122769831-122756992-0", "highway": "residential"}}, {"type": "Feature", "geometry": {"type": "LineString", "coordinates": [[-118.5607361, 34.0447667], [-118.5605395, 34.0438911]]}, "properties": {"id": "122769831-122818927-0", "highway": "residential"}}, {"type": "Feature", "geometry": {"type": "LineString", "coordinates": [[-118.5607361, 34.0447667], [-118.5621485, 34.044574]]}, "properties": {"id": "122769831-122769835-0", "highway": "residential"}}, {"type": "Feature", "geometry": {"type": "LineString", "coordinates": [[-118.5621485, 34.044574], [-118.562724, 34.0449597]]}, "properties": {"id": "122769835-122769837-0", "highway": "residential"}}, {"type": "Feature", "geometry": {"type": "LineString", "coordinates": [[-118.5621485, 34.044574], [-118.5614584, 34.0445818]]}, "properties": {"id": "122769835-122756992-0", "highway": "residential"}}, {"type": "Feature", "geometry": {"type": "LineString", "coordinates": [[-118.5621485, 34.044574], [-118.5607361, 34.0447667]]}, "properties": {"id": "122769835-122769831-0", "highway": "residential"}}, {"type": "Feature", "geometry": {"type": "LineString", "coordinates": [[-118.5621485, 34.044574], [-118.5625385, 34.042762]]}, "properties": {"id": "122769835-122569535-0", "highway": "residential"}}, {"type": "Feature", "geometry": {"type": "LineString", "coordinates": [[-118.562724, 34.0449597], [-118.56266, 34.0450855]]}, "properties": {"id": "122769837-123519530-0", "highway": "residential"}}, {"type": "Feature", "geometry": {"type": "LineString", "coordinates": [[-118.562724, 34.0449597], [-118.5621485, 34.044574]]}, "properties": {"id": "122769837-122769835-0", "highway": "residential"}}, {"type": "Feature", "geometry": {"type": "LineString", "coordinates": [[-118.562724, 34.0449597], [-118.5637145, 34.0430653]]}, "properties": {"id": "122769837-122569537-0", "highway": "residential"}}, {"type": "Feature", "geometry": {"type": "LineString", "coordinates": [[-118.4838109, 34.0414298], [-118.4852212, 34.0426352]]}, "properties": {"id": "122773754-6593941108-0", "highway": "tertiary"}}, {"type": "Feature", "geometry": {"type": "LineString", "coordinates": [[-118.4846434, 34.040758], [-118.4860648, 34.0419672]]}, "properties": {"id": "122773756-123030869-0", "highway": "residential"}}, {"type": "Feature", "geometry": {"type": "LineString", "coordinates": [[-118.4854704, 34.0400895], [-118.4868835, 34.0412827]]}, "properties": {"id": "122773758-122785585-0", "highway": "residential"}}, {"type": "Feature", "geometry": {"type": "LineString", "coordinates": [[-118.4854704, 34.0400895], [-118.4847955, 34.0406307]]}, "properties": {"id": "122773758-528427007-0", "highway": "tertiary"}}, {"type": "Feature", "geometry": {"type": "LineString", "coordinates": [[-118.4854704, 34.0400895], [-118.4862961, 34.0394125]]}, "properties": {"id": "122773758-122702481-0", "highway": "tertiary"}}, {"type": "Feature", "geometry": {"type": "LineString", "coordinates": [[-118.4871935, 34.0386883], [-118.48763, 34.038335]]}, "properties": {"id": "122773760-122773761-0", "highway": "tertiary"}}, {"type": "Feature", "geometry": {"type": "LineString", "coordinates": [[-118.4871935, 34.0386883], [-118.4886057, 34.0398889]]}, "properties": {"id": "122773760-123030866-0", "highway": "residential"}}, {"type": "Feature", "geometry": {"type": "LineString", "coordinates": [[-118.4871935, 34.0386883], [-118.487076, 34.0387781]]}, "properties": {"id": "122773760-4002688435-0", "highway": "tertiary"}}, {"type": "Feature", "geometry": {"type": "LineString", "coordinates": [[-118.48763, 34.038335], [-118.4871935, 34.0386883]]}, "properties": {"id": "122773761-122773760-0", "highway": "tertiary"}}, {"type": "Feature", "geometry": {"type": "LineString", "coordinates": [[-118.48763, 34.038335], [-118.4860702, 34.0369969]]}, "properties": {"id": "122773761-122767066-0", "highway": "residential"}}, {"type": "Feature", "geometry": {"type": "LineString", "coordinates": [[-118.48763, 34.038335], [-118.4880459, 34.0380009]]}, "properties": {"id": "122773761-4002688430-0", "highway": "tertiary"}}, {"type": "Feature", "geometry": {"type": "LineString", "coordinates": [[-118.4880929, 34.0379583], [-118.4885767, 34.0375672]]}, "properties": {"id": "122773762-122773763-0", "highway": "tertiary"}}, {"type": "Feature", "geometry": {"type": "LineString", "coordinates": [[-118.4880929, 34.0379583], [-118.4880459, 34.0380009]]}, "properties": {"id": "122773762-4002688430-0", "highway": "tertiary"}}, {"type": "Feature", "geometry": {"type": "LineString", "coordinates": [[-118.4880929, 34.0379583], [-118.4895132, 34.0391544]]}, "properties": {"id": "122773762-123030863-0", "highway": "residential"}}, {"type": "Feature", "geometry": {"type": "LineString", "coordinates": [[-118.4885767, 34.0375672], [-118.4880929, 34.0379583]]}, "properties": {"id": "122773763-122773762-0", "highway": "tertiary"}}, {"type": "Feature", "geometry": {"type": "LineString", "coordinates": [[-118.4885767, 34.0375672], [-118.4870158, 34.0362291]]}, "properties": {"id": "122773763-122767064-0", "highway": "residential"}}, {"type": "Feature", "geometry": {"type": "LineString", "coordinates": [[-118.4885767, 34.0375672], [-118.4888843, 34.0373151]]}, "properties": {"id": "122773763-4396755043-0", "highway": "tertiary"}}, {"type": "Feature", "geometry": {"type": "LineString", "coordinates": [[-118.4895115, 34.036803], [-118.489793, 34.0365743]]}, "properties": {"id": "122773767-122773768-0", "highway": "tertiary"}}, {"type": "Feature", "geometry": {"type": "LineString", "coordinates": [[-118.4895115, 34.036803], [-118.487961, 34.0354514]]}, "properties": {"id": "122773767-122767060-0", "highway": "tertiary"}}, {"type": "Feature", "geometry": {"type": "LineString", "coordinates": [[-118.4895115, 34.036803], [-118.4889476, 34.037263]]}, "properties": {"id": "122773767-4396755045-0", "highway": "tertiary"}}, {"type": "Feature", "geometry": {"type": "LineString", "coordinates": [[-118.489793, 34.0365743], [-118.4895115, 34.036803]]}, "properties": {"id": "122773768-122773767-0", "highway": "tertiary"}}, {"type": "Feature", "geometry": {"type": "LineString", "coordinates": [[-118.489793, 34.0365743], [-118.4912148, 34.03779]]}, "properties": {"id": "122773768-123030860-0", "highway": "residential"}}, {"type": "Feature", "geometry": {"type": "LineString", "coordinates": [[-118.489793, 34.0365743], [-118.4904604, 34.0360344]]}, "properties": {"id": "122773768-122610426-0", "highway": "tertiary"}}, {"type": "Feature", "geometry": {"type": "LineString", "coordinates": [[-118.4914846, 34.0352058], [-118.491402, 34.0352685]]}, "properties": {"id": "122773770-438155012-0", "highway": "tertiary"}}, {"type": "Feature", "geometry": {"type": "LineString", "coordinates": [[-118.4914846, 34.0352058], [-118.4929045, 34.0364082]]}, "properties": {"id": "122773770-123030859-0", "highway": "residential"}}, {"type": "Feature", "geometry": {"type": "LineString", "coordinates": [[-118.4914846, 34.0352058], [-118.4923581, 34.0344952]]}, "properties": {"id": "122773770-122773773-0", "highway": "tertiary"}}, {"type": "Feature", "geometry": {"type": "LineString", "coordinates": [[-118.4923581, 34.0344952], [-118.4937658, 34.0356971]]}, "properties": {"id": "122773773-123030858-0", "highway": "tertiary"}}, {"type": "Feature", "geometry": {"type": "LineString", "coordinates": [[-118.4923581, 34.0344952], [-118.4914846, 34.0352058]]}, "properties": {"id": "122773773-122773770-0", "highway": "tertiary"}}, {"type": "Feature", "geometry": {"type": "LineString", "coordinates": [[-118.4923581, 34.0344952], [-118.493305, 34.0337308]]}, "properties": {"id": "122773773-122773775-0", "highway": "tertiary"}}, {"type": "Feature", "geometry": {"type": "LineString", "coordinates": [[-118.4923581, 34.0344952], [-118.4908044, 34.0331563]]}, "properties": {"id": "122773773-122767056-0", "highway": "tertiary"}}, {"type": "Feature", "geometry": {"type": "LineString", "coordinates": [[-118.493305, 34.0337308], [-118.4948359, 34.0350391]]}, "properties": {"id": "122773775-122990191-0", "highway": "residential"}}, {"type": "Feature", "geometry": {"type": "LineString", "coordinates": [[-118.493305, 34.0337308], [-118.4923581, 34.0344952]]}, "properties": {"id": "122773775-122773773-0", "highway": "tertiary"}}, {"type": "Feature", "geometry": {"type": "LineString", "coordinates": [[-118.493305, 34.0337308], [-118.4942322, 34.0329716]]}, "properties": {"id": "122773775-122614800-0", "highway": "tertiary"}}, {"type": "Feature", "geometry": {"type": "LineString", "coordinates": [[-118.493305, 34.0337308], [-118.4917366, 34.0323907]]}, "properties": {"id": "122773775-122767055-0", "highway": "residential"}}, {"type": "Feature", "geometry": {"type": "LineString", "coordinates": [[-118.4951962, 34.0321888], [-118.4972428, 34.0339435]]}, "properties": {"id": "122773778-123030857-0", "highway": "tertiary"}}, {"type": "Feature", "geometry": {"type": "LineString", "coordinates": [[-118.4951962, 34.0321888], [-118.4961339, 34.0314276]]}, "properties": {"id": "122773778-122773779-0", "highway": "tertiary"}}, {"type": "Feature", "geometry": {"type": "LineString", "coordinates": [[-118.4951962, 34.0321888], [-118.4942322, 34.0329716]]}, "properties": {"id": "122773778-122614800-0", "highway": "tertiary"}}, {"type": "Feature", "geometry": {"type": "LineString", "coordinates": [[-118.4951962, 34.0321888], [-118.493648, 34.0308537]]}, "properties": {"id": "122773778-122767054-0", "highway": "tertiary"}}, {"type": "Feature", "geometry": {"type": "LineString", "coordinates": [[-118.4961339, 34.0314276], [-118.494585, 34.0300808]]}, "properties": {"id": "122773779-13593901464-0", "highway": "residential"}}, {"type": "Feature", "geometry": {"type": "LineString", "coordinates": [[-118.4961339, 34.0314276], [-118.4981826, 34.0331745]]}, "properties": {"id": "122773779-122937960-0", "highway": "residential"}}, {"type": "Feature", "geometry": {"type": "LineString", "coordinates": [[-118.4961339, 34.0314276], [-118.4951962, 34.0321888]]}, "properties": {"id": "122773779-122773778-0", "highway": "tertiary"}}, {"type": "Feature", "geometry": {"type": "LineString", "coordinates": [[-118.4961339, 34.0314276], [-118.4970773, 34.0306618]]}, "properties": {"id": "122773779-122773780-0", "highway": "tertiary"}}, {"type": "Feature", "geometry": {"type": "LineString", "coordinates": [[-118.4970773, 34.0306618], [-118.4991264, 34.0324127]]}, "properties": {"id": "122773780-122774861-0", "highway": "residential"}}, {"type": "Feature", "geometry": {"type": "LineString", "coordinates": [[-118.4970773, 34.0306618], [-118.4961339, 34.0314276]]}, "properties": {"id": "122773780-122773779-0", "highway": "tertiary"}}, {"type": "Feature", "geometry": {"type": "LineString", "coordinates": [[-118.5034652, 34.0361244], [-118.5044084, 34.0369596]]}, "properties": {"id": "122774855-122685825-0", "highway": "residential"}}, {"type": "Feature", "geometry": {"type": "LineString", "coordinates": [[-118.5034652, 34.0361244], [-118.5020317, 34.0349002]]}, "properties": {"id": "122774855-122774856-0", "highway": "residential"}}, {"type": "Feature", "geometry": {"type": "LineString", "coordinates": [[-118.5034652, 34.0361244], [-118.5025103, 34.0368769]]}, "properties": {"id": "122774855-122937952-0", "highway": "residential"}}, {"type": "Feature", "geometry": {"type": "LineString", "coordinates": [[-118.5020317, 34.0349002], [-118.5006497, 34.0337099]]}, "properties": {"id": "122774856-122774859-0", "highway": "residential"}}, {"type": "Feature", "geometry": {"type": "LineString", "coordinates": [[-118.5020317, 34.0349002], [-118.5034652, 34.0361244]]}, "properties": {"id": "122774856-122774855-0", "highway": "residential"}}, {"type": "Feature", "geometry": {"type": "LineString", "coordinates": [[-118.5020317, 34.0349002], [-118.5010826, 34.0356605]]}, "properties": {"id": "122774856-122937954-0", "highway": "residential"}}, {"type": "Feature", "geometry": {"type": "LineString", "coordinates": [[-118.5020317, 34.0349002], [-118.502978, 34.0341421]]}, "properties": {"id": "122774856-123224910-0", "highway": "residential"}}, {"type": "Feature", "geometry": {"type": "LineString", "coordinates": [[-118.5006497, 34.0337099], [-118.4991264, 34.0324127]]}, "properties": {"id": "122774859-122774861-0", "highway": "residential"}}, {"type": "Feature", "geometry": {"type": "LineString", "coordinates": [[-118.5006497, 34.0337099], [-118.5020317, 34.0349002]]}, "properties": {"id": "122774859-122774856-0", "highway": "residential"}}, {"type": "Feature", "geometry": {"type": "LineString", "coordinates": [[-118.5006497, 34.0337099], [-118.4997025, 34.0344748]]}, "properties": {"id": "122774859-122937957-0", "highway": "residential"}}, {"type": "Feature", "geometry": {"type": "LineString", "coordinates": [[-118.5006497, 34.0337099], [-118.501593, 34.032935]]}, "properties": {"id": "122774859-123250415-0", "highway": "residential"}}, {"type": "Feature", "geometry": {"type": "LineString", "coordinates": [[-118.4991264, 34.0324127], [-118.4970773, 34.0306618]]}, "properties": {"id": "122774861-122773780-0", "highway": "residential"}}, {"type": "Feature", "geometry": {"type": "LineString", "coordinates": [[-118.4991264, 34.0324127], [-118.5006497, 34.0337099]]}, "properties": {"id": "122774861-122774859-0", "highway": "residential"}}, {"type": "Feature", "geometry": {"type": "LineString", "coordinates": [[-118.4991264, 34.0324127], [-118.5000778, 34.0316408]]}, "properties": {"id": "122774861-123030855-0", "highway": "residential"}}, {"type": "Feature", "geometry": {"type": "LineString", "coordinates": [[-118.4991264, 34.0324127], [-118.4981826, 34.0331745]]}, "properties": {"id": "122774861-122937960-0", "highway": "residential"}}, {"type": "Feature", "geometry": {"type": "LineString", "coordinates": [[-118.4969026, 34.0657782], [-118.4975169, 34.0671086]]}, "properties": {"id": "122775221-122775232-0", "highway": "residential"}}, {"type": "Feature", "geometry": {"type": "LineString", "coordinates": [[-118.4975169, 34.0671086], [-118.4969026, 34.0657782]]}, "properties": {"id": "122775232-122775221-0", "highway": "residential"}}, {"type": "Feature", "geometry": {"type": "LineString", "coordinates": [[-118.4975169, 34.0671086], [-118.500486, 34.0712433]]}, "properties": {"id": "122775232-123109210-0", "highway": "residential"}}, {"type": "Feature", "geometry": {"type": "LineString", "coordinates": [[-118.4975169, 34.0671086], [-118.4970046, 34.0671969]]}, "properties": {"id": "122775232-122816995-0", "highway": "residential"}}, {"type": "Feature", "geometry": {"type": "LineString", "coordinates": [[-118.5920956, 34.1048018], [-118.5918029, 34.1054568]]}, "properties": {"id": "122777876-122954278-0", "highway": "primary"}}, {"type": "Feature", "geometry": {"type": "LineString", "coordinates": [[-118.5920956, 34.1048018], [-118.5926997, 34.103702]]}, "properties": {"id": "122777876-123351348-0", "highway": "primary"}}, {"type": "Feature", "geometry": {"type": "LineString", "coordinates": [[-118.5920956, 34.1048018], [-118.5928512, 34.1049929]]}, "properties": {"id": "122777876-122579277-0", "highway": "residential"}}, {"type": "Feature", "geometry": {"type": "LineString", "coordinates": [[-118.5921208, 34.1040059], [-118.5912714, 34.1037858]]}, "properties": {"id": "122777898-122777914-0", "highway": "residential"}}, {"type": "Feature", "geometry": {"type": "LineString", "coordinates": [[-118.5921208, 34.1040059], [-118.5911529, 34.1053024]]}, "properties": {"id": "122777898-8685048983-0", "highway": "residential"}}, {"type": "Feature", "geometry": {"type": "LineString", "coordinates": [[-118.5921208, 34.1040059], [-118.5926997, 34.103702]]}, "properties": {"id": "122777898-123351348-0", "highway": "residential"}}, {"type": "Feature", "geometry": {"type": "LineString", "coordinates": [[-118.5912714, 34.1037858], [-118.5909186, 34.103973]]}, "properties": {"id": "122777914-122777917-0", "highway": "residential"}}, {"type": "Feature", "geometry": {"type": "LineString", "coordinates": [[-118.5912714, 34.1037858], [-118.5921208, 34.1040059]]}, "properties": {"id": "122777914-122777898-0", "highway": "residential"}}, {"type": "Feature", "geometry": {"type": "LineString", "coordinates": [[-118.5912714, 34.1037858], [-118.5903374, 34.1036999]]}, "properties": {"id": "122777914-123325667-0", "highway": "residential"}}, {"type": "Feature", "geometry": {"type": "LineString", "coordinates": [[-118.5909186, 34.103973], [-118.5893665, 34.1040018]]}, "properties": {"id": "122777917-122777933-0", "highway": "residential"}}, {"type": "Feature", "geometry": {"type": "LineString", "coordinates": [[-118.5909186, 34.103973], [-118.5912714, 34.1037858]]}, "properties": {"id": "122777917-122777914-0", "highway": "residential"}}, {"type": "Feature", "geometry": {"type": "LineString", "coordinates": [[-118.5909186, 34.103973], [-118.5906821, 34.1048839]]}, "properties": {"id": "122777917-123250978-0", "highway": "residential"}}, {"type": "Feature", "geometry": {"type": "LineString", "coordinates": [[-118.5893665, 34.1040018], [-118.589154, 34.1040243]]}, "properties": {"id": "122777933-122777935-0", "highway": "residential"}}, {"type": "Feature", "geometry": {"type": "LineString", "coordinates": [[-118.5893665, 34.1040018], [-118.5909186, 34.103973]]}, "properties": {"id": "122777933-122777917-0", "highway": "residential"}}, {"type": "Feature", "geometry": {"type": "LineString", "coordinates": [[-118.5893665, 34.1040018], [-118.5918029, 34.1054568]]}, "properties": {"id": "122777933-122954278-0", "highway": "residential"}}, {"type": "Feature", "geometry": {"type": "LineString", "coordinates": [[-118.589154, 34.1040243], [-118.5882751, 34.1026356]]}, "properties": {"id": "122777935-122777955-0", "highway": "residential"}}, {"type": "Feature", "geometry": {"type": "LineString", "coordinates": [[-118.589154, 34.1040243], [-118.5893665, 34.1040018]]}, "properties": {"id": "122777935-122777933-0", "highway": "residential"}}, {"type": "Feature", "geometry": {"type": "LineString", "coordinates": [[-118.589154, 34.1040243], [-118.5893329, 34.1046099]]}, "properties": {"id": "122777935-122726693-0", "highway": "residential"}}, {"type": "Feature", "geometry": {"type": "LineString", "coordinates": [[-118.5882751, 34.1026356], [-118.5882264, 34.1026515]]}, "properties": {"id": "122777955-11306348059-0", "highway": "residential"}}, {"type": "Feature", "geometry": {"type": "LineString", "coordinates": [[-118.5882751, 34.1026356], [-118.5868195, 34.0997149]]}, "properties": {"id": "122777955-4316225374-0", "highway": "residential"}}, {"type": "Feature", "geometry": {"type": "LineString", "coordinates": [[-118.5882751, 34.1026356], [-118.589154, 34.1040243]]}, "properties": {"id": "122777955-122777935-0", "highway": "residential"}}, {"type": "Feature", "geometry": {"type": "LineString", "coordinates": [[-118.517531, 34.041603], [-118.5177764, 34.0414624]]}, "properties": {"id": "122783153-123082632-0", "highway": "secondary"}}, {"type": "Feature", "geometry": {"type": "LineString", "coordinates": [[-118.5172046, 34.0437087], [-118.5174988, 34.0450503]]}, "properties": {"id": "122783167-122783169-0", "highway": "residential"}}, {"type": "Feature", "geometry": {"type": "LineString", "coordinates": [[-118.5172046, 34.0437087], [-118.5182281, 34.0435534]]}, "properties": {"id": "122783167-123272560-0", "highway": "residential"}}, {"type": "Feature", "geometry": {"type": "LineString", "coordinates": [[-118.5172046, 34.0437087], [-118.517426, 34.041939]]}, "properties": {"id": "122783167-529785806-0", "highway": "residential"}}, {"type": "Feature", "geometry": {"type": "LineString", "coordinates": [[-118.5174988, 34.0450503], [-118.5169195, 34.0457171]]}, "properties": {"id": "122783169-122783171-0", "highway": "residential"}}, {"type": "Feature", "geometry": {"type": "LineString", "coordinates": [[-118.5174988, 34.0450503], [-118.5172046, 34.0437087]]}, "properties": {"id": "122783169-122783167-0", "highway": "residential"}}, {"type": "Feature", "geometry": {"type": "LineString", "coordinates": [[-118.5174988, 34.0450503], [-118.5177174, 34.0460238]]}, "properties": {"id": "122783169-123255140-0", "highway": "residential"}}, {"type": "Feature", "geometry": {"type": "LineString", "coordinates": [[-118.5169195, 34.0457171], [-118.5174988, 34.0450503]]}, "properties": {"id": "122783171-122783169-0", "highway": "residential"}}, {"type": "Feature", "geometry": {"type": "LineString", "coordinates": [[-118.5169195, 34.0457171], [-118.5152206, 34.0461922]]}, "properties": {"id": "122783171-950989121-0", "highway": "residential"}}, {"type": "Feature", "geometry": {"type": "LineString", "coordinates": [[-118.5169195, 34.0457171], [-118.516623, 34.0461671]]}, "properties": {"id": "122783171-122783172-0", "highway": "residential"}}, {"type": "Feature", "geometry": {"type": "LineString", "coordinates": [[-118.516623, 34.0461671], [-118.5177174, 34.0460238]]}, "properties": {"id": "122783172-123255140-0", "highway": "residential"}}, {"type": "Feature", "geometry": {"type": "LineString", "coordinates": [[-118.516623, 34.0461671], [-118.5168953, 34.0479995]]}, "properties": {"id": "122783172-122783173-0", "highway": "residential"}}, {"type": "Feature", "geometry": {"type": "LineString", "coordinates": [[-118.516623, 34.0461671], [-118.5169195, 34.0457171]]}, "properties": {"id": "122783172-122783171-0", "highway": "residential"}}, {"type": "Feature", "geometry": {"type": "LineString", "coordinates": [[-118.5168953, 34.0479995], [-118.5181104, 34.0478239]]}, "properties": {"id": "122783173-122941155-0", "highway": "residential"}}, {"type": "Feature", "geometry": {"type": "LineString", "coordinates": [[-118.5168953, 34.0479995], [-118.5175029, 34.0497882]]}, "properties": {"id": "122783173-122591842-0", "highway": "residential"}}, {"type": "Feature", "geometry": {"type": "LineString", "coordinates": [[-118.5168953, 34.0479995], [-118.516623, 34.0461671]]}, "properties": {"id": "122783173-122783172-0", "highway": "residential"}}, {"type": "Feature", "geometry": {"type": "LineString", "coordinates": [[-118.5180741, 34.0515485], [-118.5189214, 34.0514045]]}, "properties": {"id": "122783175-123382640-0", "highway": "residential"}}, {"type": "Feature", "geometry": {"type": "LineString", "coordinates": [[-118.5180741, 34.0515485], [-118.5175029, 34.0497882]]}, "properties": {"id": "122783175-122591842-0", "highway": "residential"}}, {"type": "Feature", "geometry": {"type": "LineString", "coordinates": [[-118.5180741, 34.0515485], [-118.5182766, 34.0520108]]}, "properties": {"id": "122783175-122783178-0", "highway": "residential"}}, {"type": "Feature", "geometry": {"type": "LineString", "coordinates": [[-118.5182766, 34.0520108], [-118.5200904, 34.0517934]]}, "properties": {"id": "122783178-122672474-0", "highway": "residential"}}, {"type": "Feature", "geometry": {"type": "LineString", "coordinates": [[-118.5182766, 34.0520108], [-118.5189428, 34.0524161]]}, "properties": {"id": "122783178-122783181-0", "highway": "residential"}}, {"type": "Feature", "geometry": {"type": "LineString", "coordinates": [[-118.5182766, 34.0520108], [-118.5180741, 34.0515485]]}, "properties": {"id": "122783178-122783175-0", "highway": "residential"}}, {"type": "Feature", "geometry": {"type": "LineString", "coordinates": [[-118.5189428, 34.0524161], [-118.5197006, 34.0544865]]}, "properties": {"id": "122783181-122951816-0", "highway": "residential"}}, {"type": "Feature", "geometry": {"type": "LineString", "coordinates": [[-118.5189428, 34.0524161], [-118.5206324, 34.0529906]]}, "properties": {"id": "122783181-122783186-0", "highway": "residential"}}, {"type": "Feature", "geometry": {"type": "LineString", "coordinates": [[-118.5189428, 34.0524161], [-118.5182766, 34.0520108]]}, "properties": {"id": "122783181-122783178-0", "highway": "residential"}}, {"type": "Feature", "geometry": {"type": "LineString", "coordinates": [[-118.5206324, 34.0529906], [-118.5214695, 34.054166]]}, "properties": {"id": "122783186-122783192-0", "highway": "residential"}}, {"type": "Feature", "geometry": {"type": "LineString", "coordinates": [[-118.5206324, 34.0529906], [-118.5214695, 34.054166]]}, "properties": {"id": "122783186-122783192-1", "highway": "residential"}}, {"type": "Feature", "geometry": {"type": "LineString", "coordinates": [[-118.5206324, 34.0529906], [-118.5189428, 34.0524161]]}, "properties": {"id": "122783186-122783181-0", "highway": "residential"}}, {"type": "Feature", "geometry": {"type": "LineString", "coordinates": [[-118.5214695, 34.054166], [-118.5222241, 34.0566744]]}, "properties": {"id": "122783192-1614349363-0", "highway": "residential"}}, {"type": "Feature", "geometry": {"type": "LineString", "coordinates": [[-118.5214695, 34.054166], [-118.5206324, 34.0529906]]}, "properties": {"id": "122783192-122783186-0", "highway": "residential"}}, {"type": "Feature", "geometry": {"type": "LineString", "coordinates": [[-118.5214695, 34.054166], [-118.5206324, 34.0529906]]}, "properties": {"id": "122783192-122783186-1", "highway": "residential"}}, {"type": "Feature", "geometry": {"type": "LineString", "coordinates": [[-118.5180446, 34.0304174], [-118.5189198, 34.0313855]]}, "properties": {"id": "122783210-122783213-0", "highway": "tertiary"}}, {"type": "Feature", "geometry": {"type": "LineString", "coordinates": [[-118.5180446, 34.0304174], [-118.5189198, 34.0313855]]}, "properties": {"id": "122783210-122783213-1", "highway": "residential"}}, {"type": "Feature", "geometry": {"type": "LineString", "coordinates": [[-118.5189198, 34.0313855], [-118.5196158, 34.0340322]]}, "properties": {"id": "122783213-122783215-0", "highway": "tertiary"}}, {"type": "Feature", "geometry": {"type": "LineString", "coordinates": [[-118.5189198, 34.0313855], [-118.5180446, 34.0304174]]}, "properties": {"id": "122783213-122783210-0", "highway": "tertiary"}}, {"type": "Feature", "geometry": {"type": "LineString", "coordinates": [[-118.5189198, 34.0313855], [-118.5180446, 34.0304174]]}, "properties": {"id": "122783213-122783210-1", "highway": "residential"}}, {"type": "Feature", "geometry": {"type": "LineString", "coordinates": [[-118.5189198, 34.0313855], [-118.5205252, 34.0303527]]}, "properties": {"id": "122783213-122742207-0", "highway": "residential"}}, {"type": "Feature", "geometry": {"type": "LineString", "coordinates": [[-118.5196158, 34.0340322], [-118.5192096, 34.0360935]]}, "properties": {"id": "122783215-122783218-0", "highway": "tertiary"}}, {"type": "Feature", "geometry": {"type": "LineString", "coordinates": [[-118.5196158, 34.0340322], [-118.5189198, 34.0313855]]}, "properties": {"id": "122783215-122783213-0", "highway": "tertiary"}}, {"type": "Feature", "geometry": {"type": "LineString", "coordinates": [[-118.5196158, 34.0340322], [-118.5204535, 34.0339093]]}, "properties": {"id": "122783215-122742209-0", "highway": "residential"}}, {"type": "Feature", "geometry": {"type": "LineString", "coordinates": [[-118.5192096, 34.0360935], [-118.518256, 34.0384947]]}, "properties": {"id": "122783218-122694419-0", "highway": "tertiary"}}, {"type": "Feature", "geometry": {"type": "LineString", "coordinates": [[-118.5192096, 34.0360935], [-118.5196158, 34.0340322]]}, "properties": {"id": "122783218-122783215-0", "highway": "tertiary"}}, {"type": "Feature", "geometry": {"type": "LineString", "coordinates": [[-118.5192096, 34.0360935], [-118.5200947, 34.0364367]]}, "properties": {"id": "122783218-122742214-0", "highway": "residential"}}, {"type": "Feature", "geometry": {"type": "LineString", "coordinates": [[-118.4905975, 34.0444832], [-118.4897649, 34.0451518]]}, "properties": {"id": "122785582-123147448-0", "highway": "residential"}}, {"type": "Feature", "geometry": {"type": "LineString", "coordinates": [[-118.4905975, 34.0444832], [-118.4914386, 34.043806]]}, "properties": {"id": "122785582-122702471-0", "highway": "residential"}}, {"type": "Feature", "geometry": {"type": "LineString", "coordinates": [[-118.4905975, 34.0444832], [-118.4886776, 34.0427975]]}, "properties": {"id": "122785582-122785583-0", "highway": "residential"}}, {"type": "Feature", "geometry": {"type": "LineString", "coordinates": [[-118.4905975, 34.0444832], [-118.492578, 34.0461621]]}, "properties": {"id": "122785582-122685802-0", "highway": "residential"}}, {"type": "Feature", "geometry": {"type": "LineString", "coordinates": [[-118.4886776, 34.0427975], [-118.4868835, 34.0412827]]}, "properties": {"id": "122785583-122785585-0", "highway": "residential"}}, {"type": "Feature", "geometry": {"type": "LineString", "coordinates": [[-118.4886776, 34.0427975], [-118.4905975, 34.0444832]]}, "properties": {"id": "122785583-122785582-0", "highway": "residential"}}, {"type": "Feature", "geometry": {"type": "LineString", "coordinates": [[-118.4886776, 34.0427975], [-118.4878473, 34.0434926]]}, "properties": {"id": "122785583-123147450-0", "highway": "residential"}}, {"type": "Feature", "geometry": {"type": "LineString", "coordinates": [[-118.4886776, 34.0427975], [-118.4895033, 34.0421285]]}, "properties": {"id": "122785583-122702474-0", "highway": "residential"}}, {"type": "Feature", "geometry": {"type": "LineString", "coordinates": [[-118.4868835, 34.0412827], [-118.4886776, 34.0427975]]}, "properties": {"id": "122785585-122785583-0", "highway": "residential"}}, {"type": "Feature", "geometry": {"type": "LineString", "coordinates": [[-118.4868835, 34.0412827], [-118.487711, 34.0406185]]}, "properties": {"id": "122785585-122702478-0", "highway": "residential"}}, {"type": "Feature", "geometry": {"type": "LineString", "coordinates": [[-118.4868835, 34.0412827], [-118.4860648, 34.0419672]]}, "properties": {"id": "122785585-123030869-0", "highway": "residential"}}, {"type": "Feature", "geometry": {"type": "LineString", "coordinates": [[-118.4868835, 34.0412827], [-118.4854704, 34.0400895]]}, "properties": {"id": "122785585-122773758-0", "highway": "residential"}}, {"type": "Feature", "geometry": {"type": "LineString", "coordinates": [[-118.4946008, 34.0484377], [-118.494474, 34.0485607]]}, "properties": {"id": "122785644-12489336557-0", "highway": "residential"}}, {"type": "Feature", "geometry": {"type": "LineString", "coordinates": [[-118.4946008, 34.0484377], [-118.493831, 34.0477227]]}, "properties": {"id": "122785644-122785647-0", "highway": "residential"}}, {"type": "Feature", "geometry": {"type": "LineString", "coordinates": [[-118.4946008, 34.0484377], [-118.4970513, 34.0461952]]}, "properties": {"id": "122785644-123222012-0", "highway": "residential"}}, {"type": "Feature", "geometry": {"type": "LineString", "coordinates": [[-118.493831, 34.0477227], [-118.4946008, 34.0484377]]}, "properties": {"id": "122785647-122785644-0", "highway": "residential"}}, {"type": "Feature", "geometry": {"type": "LineString", "coordinates": [[-118.493831, 34.0477227], [-118.4950196, 34.0468913]]}, "properties": {"id": "122785647-122702468-0", "highway": "secondary"}}, {"type": "Feature", "geometry": {"type": "LineString", "coordinates": [[-118.6004646, 34.0750149], [-118.6004498, 34.0725758]]}, "properties": {"id": "122787364-122765907-0", "highway": "residential"}}, {"type": "Feature", "geometry": {"type": "LineString", "coordinates": [[-118.6004646, 34.0750149], [-118.5999453, 34.0752773]]}, "properties": {"id": "122787364-123042226-0", "highway": "residential"}}, {"type": "Feature", "geometry": {"type": "LineString", "coordinates": [[-118.6004646, 34.0750149], [-118.603116, 34.0744933]]}, "properties": {"id": "122787364-123019774-0", "highway": "residential"}}, {"type": "Feature", "geometry": {"type": "LineString", "coordinates": [[-118.5227425, 34.0452493], [-118.5231368, 34.0470528]]}, "properties": {"id": "122787463-122787466-0", "highway": "residential"}}, {"type": "Feature", "geometry": {"type": "LineString", "coordinates": [[-118.5227425, 34.0452493], [-118.5229826, 34.0450572]]}, "properties": {"id": "122787463-123082639-0", "highway": "residential"}}, {"type": "Feature", "geometry": {"type": "LineString", "coordinates": [[-118.5227425, 34.0452493], [-118.521736, 34.0454082]]}, "properties": {"id": "122787463-123081679-0", "highway": "residential"}}, {"type": "Feature", "geometry": {"type": "LineString", "coordinates": [[-118.5231368, 34.0470528], [-118.522141, 34.0472017]]}, "properties": {"id": "122787466-122941160-0", "highway": "residential"}}, {"type": "Feature", "geometry": {"type": "LineString", "coordinates": [[-118.5231368, 34.0470528], [-118.5235472, 34.0488662]]}, "properties": {"id": "122787466-122591856-0", "highway": "residential"}}, {"type": "Feature", "geometry": {"type": "LineString", "coordinates": [[-118.5231368, 34.0470528], [-118.5227425, 34.0452493]]}, "properties": {"id": "122787466-122787463-0", "highway": "residential"}}, {"type": "Feature", "geometry": {"type": "LineString", "coordinates": [[-118.5231368, 34.0470528], [-118.524198, 34.0468869]]}, "properties": {"id": "122787466-122941162-0", "highway": "residential"}}, {"type": "Feature", "geometry": {"type": "LineString", "coordinates": [[-118.538315, 34.049708], [-118.5373794, 34.0503977]]}, "properties": {"id": "122787674-333795489-0", "highway": "residential"}}, {"type": "Feature", "geometry": {"type": "LineString", "coordinates": [[-118.5373175, 34.0501484], [-118.5317944, 34.0508253]]}, "properties": {"id": "122787679-122899396-0", "highway": "residential"}}, {"type": "Feature", "geometry": {"type": "LineString", "coordinates": [[-118.5373175, 34.0501484], [-118.5387097, 34.0484697]]}, "properties": {"id": "122787679-123082702-0", "highway": "residential"}}, {"type": "Feature", "geometry": {"type": "LineString", "coordinates": [[-118.5373175, 34.0501484], [-118.5373794, 34.0503977]]}, "properties": {"id": "122787679-333795489-0", "highway": "residential"}}, {"type": "Feature", "geometry": {"type": "LineString", "coordinates": [[-118.4901773, 34.0310589], [-118.489224, 34.0318198]]}, "properties": {"id": "122790253-122790254-0", "highway": "residential"}}, {"type": "Feature", "geometry": {"type": "LineString", "coordinates": [[-118.4901773, 34.0310589], [-118.4911146, 34.0302863]]}, "properties": {"id": "122790253-122614808-0", "highway": "residential"}}, {"type": "Feature", "geometry": {"type": "LineString", "coordinates": [[-118.4901773, 34.0310589], [-118.4917366, 34.0323907]]}, "properties": {"id": "122790253-122767055-0", "highway": "residential"}}, {"type": "Feature", "geometry": {"type": "LineString", "coordinates": [[-118.489224, 34.0318198], [-118.488276, 34.0325892]]}, "properties": {"id": "122790254-122790258-0", "highway": "residential"}}, {"type": "Feature", "geometry": {"type": "LineString", "coordinates": [[-118.489224, 34.0318198], [-118.4901773, 34.0310589]]}, "properties": {"id": "122790254-122790253-0", "highway": "residential"}}, {"type": "Feature", "geometry": {"type": "LineString", "coordinates": [[-118.489224, 34.0318198], [-118.487653, 34.0304667]]}, "properties": {"id": "122790254-122919101-0", "highway": "tertiary"}}, {"type": "Feature", "geometry": {"type": "LineString", "coordinates": [[-118.489224, 34.0318198], [-118.4908044, 34.0331563]]}, "properties": {"id": "122790254-122767056-0", "highway": "tertiary"}}, {"type": "Feature", "geometry": {"type": "LineString", "coordinates": [[-118.488276, 34.0325892], [-118.4873367, 34.0333514]]}, "properties": {"id": "122790258-122610430-0", "highway": "residential"}}, {"type": "Feature", "geometry": {"type": "LineString", "coordinates": [[-118.488276, 34.0325892], [-118.489224, 34.0318198]]}, "properties": {"id": "122790258-122790254-0", "highway": "residential"}}, {"type": "Feature", "geometry": {"type": "LineString", "coordinates": [[-118.488276, 34.0325892], [-118.486702, 34.0312339]]}, "properties": {"id": "122790258-122919104-0", "highway": "residential"}}, {"type": "Feature", "geometry": {"type": "LineString", "coordinates": [[-118.488276, 34.0325892], [-118.4898498, 34.0339284]]}, "properties": {"id": "122790258-122767058-0", "highway": "residential"}}, {"type": "Feature", "geometry": {"type": "LineString", "coordinates": [[-118.4863866, 34.0341244], [-118.4848157, 34.0327731]]}, "properties": {"id": "122790261-122919108-0", "highway": "tertiary"}}, {"type": "Feature", "geometry": {"type": "LineString", "coordinates": [[-118.4863866, 34.0341244], [-118.487961, 34.0354514]]}, "properties": {"id": "122790261-122767060-0", "highway": "tertiary"}}, {"type": "Feature", "geometry": {"type": "LineString", "coordinates": [[-118.4863866, 34.0341244], [-118.485439, 34.0348911]]}, "properties": {"id": "122790261-122790263-0", "highway": "residential"}}, {"type": "Feature", "geometry": {"type": "LineString", "coordinates": [[-118.4863866, 34.0341244], [-118.4873367, 34.0333514]]}, "properties": {"id": "122790261-122610430-0", "highway": "residential"}}, {"type": "Feature", "geometry": {"type": "LineString", "coordinates": [[-118.485439, 34.0348911], [-118.483867, 34.0335421]]}, "properties": {"id": "122790263-122919110-0", "highway": "residential"}}, {"type": "Feature", "geometry": {"type": "LineString", "coordinates": [[-118.485439, 34.0348911], [-118.4870158, 34.0362291]]}, "properties": {"id": "122790263-122767064-0", "highway": "residential"}}, {"type": "Feature", "geometry": {"type": "LineString", "coordinates": [[-118.485439, 34.0348911], [-118.4847148, 34.0354917]]}, "properties": {"id": "122790263-333533306-0", "highway": "residential"}}, {"type": "Feature", "geometry": {"type": "LineString", "coordinates": [[-118.485439, 34.0348911], [-118.4863866, 34.0341244]]}, "properties": {"id": "122790263-122790261-0", "highway": "residential"}}, {"type": "Feature", "geometry": {"type": "LineString", "coordinates": [[-118.4845089, 34.0356591], [-118.4860702, 34.0369969]]}, "properties": {"id": "122790264-122767066-0", "highway": "residential"}}, {"type": "Feature", "geometry": {"type": "LineString", "coordinates": [[-118.5616014, 34.0724256], [-118.5615263, 34.0720701]]}, "properties": {"id": "122792636-122719899-0", "highway": "residential"}}, {"type": "Feature", "geometry": {"type": "LineString", "coordinates": [[-118.5369496, 34.0464148], [-118.536215, 34.046908]]}, "properties": {"id": "122795684-122672243-0", "highway": "residential"}}, {"type": "Feature", "geometry": {"type": "LineString", "coordinates": [[-118.5369496, 34.0464148], [-118.5356267, 34.0450848]]}, "properties": {"id": "122795684-123334863-0", "highway": "residential"}}, {"type": "Feature", "geometry": {"type": "LineString", "coordinates": [[-118.5369496, 34.0464148], [-118.5376454, 34.0458881]]}, "properties": {"id": "122795684-123157722-0", "highway": "residential"}}, {"type": "Feature", "geometry": {"type": "LineString", "coordinates": [[-118.5369496, 34.0464148], [-118.5367699, 34.0473603]]}, "properties": {"id": "122795684-122672246-0", "highway": "residential"}}, {"type": "Feature", "geometry": {"type": "LineString", "coordinates": [[-118.5356884, 34.0473745], [-118.536215, 34.046908]]}, "properties": {"id": "122795686-122672243-0", "highway": "residential"}}, {"type": "Feature", "geometry": {"type": "LineString", "coordinates": [[-118.5356884, 34.0473745], [-118.5351602, 34.0488908]]}, "properties": {"id": "122795686-6879043198-0", "highway": "residential"}}, {"type": "Feature", "geometry": {"type": "LineString", "coordinates": [[-118.5356884, 34.0473745], [-118.5342682, 34.0469976]]}, "properties": {"id": "122795686-123334864-0", "highway": "residential"}}, {"type": "Feature", "geometry": {"type": "LineString", "coordinates": [[-118.5160576, 34.0351696], [-118.515145, 34.0367767]]}, "properties": {"id": "122798583-122798585-0", "highway": "residential"}}, {"type": "Feature", "geometry": {"type": "LineString", "coordinates": [[-118.5160576, 34.0351696], [-118.5153226, 34.0307387]]}, "properties": {"id": "122798583-122902137-0", "highway": "residential"}}, {"type": "Feature", "geometry": {"type": "LineString", "coordinates": [[-118.5160576, 34.0351696], [-118.5151654, 34.0331328]]}, "properties": {"id": "122798583-122840966-0", "highway": "residential"}}, {"type": "Feature", "geometry": {"type": "LineString", "coordinates": [[-118.515145, 34.0367767], [-118.5143647, 34.0377909]]}, "properties": {"id": "122798585-122798587-0", "highway": "residential"}}, {"type": "Feature", "geometry": {"type": "LineString", "coordinates": [[-118.515145, 34.0367767], [-118.5160576, 34.0351696]]}, "properties": {"id": "122798585-122798583-0", "highway": "residential"}}, {"type": "Feature", "geometry": {"type": "LineString", "coordinates": [[-118.515145, 34.0367767], [-118.5164105, 34.0369789]]}, "properties": {"id": "122798585-123075917-0", "highway": "residential"}}, {"type": "Feature", "geometry": {"type": "LineString", "coordinates": [[-118.5143647, 34.0377909], [-118.5139537, 34.0399192]]}, "properties": {"id": "122798587-122581004-0", "highway": "residential"}}, {"type": "Feature", "geometry": {"type": "LineString", "coordinates": [[-118.5143647, 34.0377909], [-118.515145, 34.0367767]]}, "properties": {"id": "122798587-122798585-0", "highway": "residential"}}, {"type": "Feature", "geometry": {"type": "LineString", "coordinates": [[-118.5143647, 34.0377909], [-118.513206, 34.0391565]]}, "properties": {"id": "122798587-122972293-0", "highway": "residential"}}, {"type": "Feature", "geometry": {"type": "LineString", "coordinates": [[-118.552527, 34.0767902], [-118.5504576, 34.0754616]]}, "properties": {"id": "122800068-12890357785-0", "highway": "residential"}}, {"type": "Feature", "geometry": {"type": "LineString", "coordinates": [[-118.552527, 34.0767902], [-118.5521751, 34.0771741]]}, "properties": {"id": "122800068-123171219-0", "highway": "residential"}}, {"type": "Feature", "geometry": {"type": "LineString", "coordinates": [[-118.552527, 34.0767902], [-118.5529018, 34.0763843]]}, "properties": {"id": "122800068-123196106-0", "highway": "residential"}}, {"type": "Feature", "geometry": {"type": "LineString", "coordinates": [[-118.5548358, 34.0759371], [-118.5550896, 34.0744369]]}, "properties": {"id": "122806488-540378529-0", "highway": "residential"}}, {"type": "Feature", "geometry": {"type": "LineString", "coordinates": [[-118.5627843, 34.0721656], [-118.5623846, 34.0723967]]}, "properties": {"id": "122808833-122719905-0", "highway": "residential"}}, {"type": "Feature", "geometry": {"type": "LineString", "coordinates": [[-118.5494852, 34.0764736], [-118.5495196, 34.0764879]]}, "properties": {"id": "122809119-540369338-0", "highway": "residential"}}, {"type": "Feature", "geometry": {"type": "LineString", "coordinates": [[-118.5494852, 34.0764736], [-118.549195, 34.0769719]]}, "properties": {"id": "122809119-2384224505-0", "highway": "residential"}}, {"type": "Feature", "geometry": {"type": "LineString", "coordinates": [[-118.5494852, 34.0764736], [-118.5479772, 34.0755567]]}, "properties": {"id": "122809119-540349495-0", "highway": "residential"}}, {"type": "Feature", "geometry": {"type": "LineString", "coordinates": [[-118.5437143, 34.0452462], [-118.544718, 34.0446786]]}, "properties": {"id": "122810801-122810804-0", "highway": "residential"}}, {"type": "Feature", "geometry": {"type": "LineString", "coordinates": [[-118.5437143, 34.0452462], [-118.5433874, 34.0480401]]}, "properties": {"id": "122810801-122822144-0", "highway": "secondary"}}, {"type": "Feature", "geometry": {"type": "LineString", "coordinates": [[-118.5437143, 34.0452462], [-118.5444338, 34.0436271]]}, "properties": {"id": "122810801-123082743-0", "highway": "secondary"}}, {"type": "Feature", "geometry": {"type": "LineString", "coordinates": [[-118.544718, 34.0446786], [-118.5453684, 34.0451346]]}, "properties": {"id": "122810804-122819110-0", "highway": "residential"}}, {"type": "Feature", "geometry": {"type": "LineString", "coordinates": [[-118.544718, 34.0446786], [-118.5466517, 34.0436263]]}, "properties": {"id": "122810804-122810809-0", "highway": "residential"}}, {"type": "Feature", "geometry": {"type": "LineString", "coordinates": [[-118.544718, 34.0446786], [-118.5437143, 34.0452462]]}, "properties": {"id": "122810804-122810801-0", "highway": "residential"}}, {"type": "Feature", "geometry": {"type": "LineString", "coordinates": [[-118.5466517, 34.0436263], [-118.548945, 34.042804]]}, "properties": {"id": "122810809-122810812-0", "highway": "residential"}}, {"type": "Feature", "geometry": {"type": "LineString", "coordinates": [[-118.5466517, 34.0436263], [-118.5470406, 34.0443642]]}, "properties": {"id": "122810809-122819113-0", "highway": "residential"}}, {"type": "Feature", "geometry": {"type": "LineString", "coordinates": [[-118.5466517, 34.0436263], [-118.5462247, 34.0428542]]}, "properties": {"id": "122810809-123082746-0", "highway": "residential"}}, {"type": "Feature", "geometry": {"type": "LineString", "coordinates": [[-118.5466517, 34.0436263], [-118.544718, 34.0446786]]}, "properties": {"id": "122810809-122810804-0", "highway": "residential"}}, {"type": "Feature", "geometry": {"type": "LineString", "coordinates": [[-118.548945, 34.042804], [-118.5466517, 34.0436263]]}, "properties": {"id": "122810812-122810809-0", "highway": "residential"}}, {"type": "Feature", "geometry": {"type": "LineString", "coordinates": [[-118.548945, 34.042804], [-118.5488164, 34.0437248]]}, "properties": {"id": "122810812-122819116-0", "highway": "residential"}}, {"type": "Feature", "geometry": {"type": "LineString", "coordinates": [[-118.548945, 34.042804], [-118.5488164, 34.0437248]]}, "properties": {"id": "122810812-122819116-1", "highway": "residential"}}, {"type": "Feature", "geometry": {"type": "LineString", "coordinates": [[-118.548945, 34.042804], [-118.549264, 34.041751]]}, "properties": {"id": "122810812-13419177599-0", "highway": "residential"}}, {"type": "Feature", "geometry": {"type": "LineString", "coordinates": [[-118.6021036, 34.0797232], [-118.6006662, 34.080939]]}, "properties": {"id": "122812262-122812277-0", "highway": "residential"}}, {"type": "Feature", "geometry": {"type": "LineString", "coordinates": [[-118.6021036, 34.0797232], [-118.6002979, 34.0806727]]}, "properties": {"id": "122812262-122907641-0", "highway": "residential"}}, {"type": "Feature", "geometry": {"type": "LineString", "coordinates": [[-118.6021036, 34.0797232], [-118.6028766, 34.0794134]]}, "properties": {"id": "122812262-122907630-0", "highway": "residential"}}, {"type": "Feature", "geometry": {"type": "LineString", "coordinates": [[-118.6006662, 34.080939], [-118.6021036, 34.0797232]]}, "properties": {"id": "122812277-122812262-0", "highway": "residential"}}, {"type": "Feature", "geometry": {"type": "LineString", "coordinates": [[-118.5989458, 34.0812972], [-118.5981261, 34.0809285]]}, "properties": {"id": "122812296-123193709-0", "highway": "residential"}}, {"type": "Feature", "geometry": {"type": "LineString", "coordinates": [[-118.5989458, 34.0812972], [-118.597946, 34.0797342]]}, "properties": {"id": "122812296-123262452-0", "highway": "residential"}}, {"type": "Feature", "geometry": {"type": "LineString", "coordinates": [[-118.5989458, 34.0812972], [-118.5996535, 34.0809831]]}, "properties": {"id": "122812296-12344658634-0", "highway": "residential"}}, {"type": "Feature", "geometry": {"type": "LineString", "coordinates": [[-118.4970046, 34.0671969], [-118.4977348, 34.0678968]]}, "properties": {"id": "122816995-122817024-0", "highway": "residential"}}, {"type": "Feature", "geometry": {"type": "LineString", "coordinates": [[-118.4970046, 34.0671969], [-118.4975169, 34.0671086]]}, "properties": {"id": "122816995-122775232-0", "highway": "residential"}}, {"type": "Feature", "geometry": {"type": "LineString", "coordinates": [[-118.4970046, 34.0671969], [-118.4932759, 34.0642099]]}, "properties": {"id": "122816995-123146767-0", "highway": "residential"}}, {"type": "Feature", "geometry": {"type": "LineString", "coordinates": [[-118.4977348, 34.0678968], [-118.4970046, 34.0671969]]}, "properties": {"id": "122817024-122816995-0", "highway": "residential"}}, {"type": "Feature", "geometry": {"type": "LineString", "coordinates": [[-118.5605395, 34.0438911], [-118.5607361, 34.0447667]]}, "properties": {"id": "122818927-122769831-0", "highway": "residential"}}, {"type": "Feature", "geometry": {"type": "LineString", "coordinates": [[-118.5605395, 34.0438911], [-118.5601904, 34.0419589]]}, "properties": {"id": "122818927-122569530-0", "highway": "residential"}}, {"type": "Feature", "geometry": {"type": "LineString", "coordinates": [[-118.5605395, 34.0438911], [-118.5596253, 34.0419059]]}, "properties": {"id": "122818927-122569529-0", "highway": "residential"}}, {"type": "Feature", "geometry": {"type": "LineString", "coordinates": [[-118.5449807, 34.0480201], [-118.5453684, 34.0451346]]}, "properties": {"id": "122819102-122819110-0", "highway": "residential"}}, {"type": "Feature", "geometry": {"type": "LineString", "coordinates": [[-118.5449807, 34.0480201], [-118.5457719, 34.0473067]]}, "properties": {"id": "122819102-122828979-0", "highway": "residential"}}, {"type": "Feature", "geometry": {"type": "LineString", "coordinates": [[-118.5449807, 34.0480201], [-118.5438639, 34.0481276]]}, "properties": {"id": "122819102-3219493573-0", "highway": "residential"}}, {"type": "Feature", "geometry": {"type": "LineString", "coordinates": [[-118.5453684, 34.0451346], [-118.5461448, 34.0456243]]}, "properties": {"id": "122819110-123171872-0", "highway": "residential"}}, {"type": "Feature", "geometry": {"type": "LineString", "coordinates": [[-118.5453684, 34.0451346], [-118.544718, 34.0446786]]}, "properties": {"id": "122819110-122810804-0", "highway": "residential"}}, {"type": "Feature", "geometry": {"type": "LineString", "coordinates": [[-118.5453684, 34.0451346], [-118.5470406, 34.0443642]]}, "properties": {"id": "122819110-122819113-0", "highway": "residential"}}, {"type": "Feature", "geometry": {"type": "LineString", "coordinates": [[-118.5453684, 34.0451346], [-118.5449807, 34.0480201]]}, "properties": {"id": "122819110-122819102-0", "highway": "residential"}}, {"type": "Feature", "geometry": {"type": "LineString", "coordinates": [[-118.5470406, 34.0443642], [-118.5466517, 34.0436263]]}, "properties": {"id": "122819113-122810809-0", "highway": "residential"}}, {"type": "Feature", "geometry": {"type": "LineString", "coordinates": [[-118.5470406, 34.0443642], [-118.5488164, 34.0437248]]}, "properties": {"id": "122819113-122819116-0", "highway": "residential"}}, {"type": "Feature", "geometry": {"type": "LineString", "coordinates": [[-118.5470406, 34.0443642], [-118.5453684, 34.0451346]]}, "properties": {"id": "122819113-122819110-0", "highway": "residential"}}, {"type": "Feature", "geometry": {"type": "LineString", "coordinates": [[-118.5488164, 34.0437248], [-118.5470406, 34.0443642]]}, "properties": {"id": "122819116-122819113-0", "highway": "residential"}}, {"type": "Feature", "geometry": {"type": "LineString", "coordinates": [[-118.5488164, 34.0437248], [-118.548253, 34.0448109]]}, "properties": {"id": "122819116-122828988-0", "highway": "residential"}}, {"type": "Feature", "geometry": {"type": "LineString", "coordinates": [[-118.5488164, 34.0437248], [-118.548945, 34.042804]]}, "properties": {"id": "122819116-122810812-0", "highway": "residential"}}, {"type": "Feature", "geometry": {"type": "LineString", "coordinates": [[-118.5488164, 34.0437248], [-118.548945, 34.042804]]}, "properties": {"id": "122819116-122810812-1", "highway": "residential"}}, {"type": "Feature", "geometry": {"type": "LineString", "coordinates": [[-118.5012089, 34.0803358], [-118.5031927, 34.1052697]]}, "properties": {"id": "122819266-123146812-0", "highway": "tertiary"}}, {"type": "Feature", "geometry": {"type": "LineString", "coordinates": [[-118.5012089, 34.0803358], [-118.4994239, 34.0751142]]}, "properties": {"id": "122819266-123146791-0", "highway": "tertiary"}}, {"type": "Feature", "geometry": {"type": "LineString", "coordinates": [[-118.5012089, 34.0803358], [-118.5023273, 34.0795428]]}, "properties": {"id": "122819266-122819272-0", "highway": "residential"}}, {"type": "Feature", "geometry": {"type": "LineString", "coordinates": [[-118.5023273, 34.0795428], [-118.5044691, 34.0791398]]}, "properties": {"id": "122819272-123376823-0", "highway": "residential"}}, {"type": "Feature", "geometry": {"type": "LineString", "coordinates": [[-118.5023273, 34.0795428], [-118.500804, 34.0726184]]}, "properties": {"id": "122819272-122819283-0", "highway": "residential"}}, {"type": "Feature", "geometry": {"type": "LineString", "coordinates": [[-118.5023273, 34.0795428], [-118.5012089, 34.0803358]]}, "properties": {"id": "122819272-122819266-0", "highway": "residential"}}, {"type": "Feature", "geometry": {"type": "LineString", "coordinates": [[-118.500804, 34.0726184], [-118.501227, 34.0733252]]}, "properties": {"id": "122819283-123350354-0", "highway": "residential"}}, {"type": "Feature", "geometry": {"type": "LineString", "coordinates": [[-118.500804, 34.0726184], [-118.500486, 34.0712433]]}, "properties": {"id": "122819283-123109210-0", "highway": "residential"}}, {"type": "Feature", "geometry": {"type": "LineString", "coordinates": [[-118.500804, 34.0726184], [-118.5023273, 34.0795428]]}, "properties": {"id": "122819283-122819272-0", "highway": "residential"}}, {"type": "Feature", "geometry": {"type": "LineString", "coordinates": [[-118.4809031, 34.0817905], [-118.485121, 34.0845441]]}, "properties": {"id": "122819329-2136454062-0", "highway": "residential"}}, {"type": "Feature", "geometry": {"type": "LineString", "coordinates": [[-118.5430634, 34.0460891], [-118.5433874, 34.0480401]]}, "properties": {"id": "122822142-122822144-0", "highway": "residential"}}, {"type": "Feature", "geometry": {"type": "LineString", "coordinates": [[-118.5430634, 34.0460891], [-118.5433821, 34.0441641]]}, "properties": {"id": "122822142-122719697-0", "highway": "residential"}}, {"type": "Feature", "geometry": {"type": "LineString", "coordinates": [[-118.5430634, 34.0460891], [-118.5416816, 34.0484979]]}, "properties": {"id": "122822142-123082719-0", "highway": "residential"}}, {"type": "Feature", "geometry": {"type": "LineString", "coordinates": [[-118.5433874, 34.0480401], [-118.5430634, 34.0460891]]}, "properties": {"id": "122822144-122822142-0", "highway": "residential"}}, {"type": "Feature", "geometry": {"type": "LineString", "coordinates": [[-118.5433874, 34.0480401], [-118.5438639, 34.0481276]]}, "properties": {"id": "122822144-3219493573-0", "highway": "residential"}}, {"type": "Feature", "geometry": {"type": "LineString", "coordinates": [[-118.5433874, 34.0480401], [-118.5437143, 34.0452462]]}, "properties": {"id": "122822144-122810801-0", "highway": "secondary"}}, {"type": "Feature", "geometry": {"type": "LineString", "coordinates": [[-118.5433874, 34.0480401], [-118.5427096, 34.048309]]}, "properties": {"id": "122822144-2696866185-0", "highway": "secondary"}}, {"type": "Feature", "geometry": {"type": "LineString", "coordinates": [[-118.5490319, 34.0475121], [-118.5498049, 34.0477446]]}, "properties": {"id": "122822850-122822851-0", "highway": "residential"}}, {"type": "Feature", "geometry": {"type": "LineString", "coordinates": [[-118.5490319, 34.0475121], [-118.5472766, 34.0473222]]}, "properties": {"id": "122822850-122627138-0", "highway": "residential"}}, {"type": "Feature", "geometry": {"type": "LineString", "coordinates": [[-118.5490319, 34.0475121], [-118.5506518, 34.046661]]}, "properties": {"id": "122822850-123456006-0", "highway": "residential"}}, {"type": "Feature", "geometry": {"type": "LineString", "coordinates": [[-118.5498049, 34.0477446], [-118.5503325, 34.0489423]]}, "properties": {"id": "122822851-122822854-0", "highway": "residential"}}, {"type": "Feature", "geometry": {"type": "LineString", "coordinates": [[-118.5498049, 34.0477446], [-118.5490319, 34.0475121]]}, "properties": {"id": "122822851-122822850-0", "highway": "residential"}}, {"type": "Feature", "geometry": {"type": "LineString", "coordinates": [[-118.5498049, 34.0477446], [-118.5503853, 34.0475889]]}, "properties": {"id": "122822851-123700521-0", "highway": "residential"}}, {"type": "Feature", "geometry": {"type": "LineString", "coordinates": [[-118.5503325, 34.0489423], [-118.5498049, 34.0477446]]}, "properties": {"id": "122822854-122822851-0", "highway": "residential"}}, {"type": "Feature", "geometry": {"type": "LineString", "coordinates": [[-118.5997712, 34.0918926], [-118.6008215, 34.0938149]]}, "properties": {"id": "122825997-4893139274-0", "highway": "residential"}}, {"type": "Feature", "geometry": {"type": "LineString", "coordinates": [[-118.5997712, 34.0918926], [-118.597182, 34.0928348]]}, "properties": {"id": "122825997-122826040-0", "highway": "residential"}}, {"type": "Feature", "geometry": {"type": "LineString", "coordinates": [[-118.5997712, 34.0918926], [-118.600553, 34.0890302]]}, "properties": {"id": "122825997-122855157-0", "highway": "residential"}}, {"type": "Feature", "geometry": {"type": "LineString", "coordinates": [[-118.597182, 34.0928348], [-118.5997712, 34.0918926]]}, "properties": {"id": "122826040-122825997-0", "highway": "residential"}}, {"type": "Feature", "geometry": {"type": "LineString", "coordinates": [[-118.597182, 34.0928348], [-118.5945662, 34.0908001]]}, "properties": {"id": "122826040-123237429-0", "highway": "residential"}}, {"type": "Feature", "geometry": {"type": "LineString", "coordinates": [[-118.597182, 34.0928348], [-118.6008215, 34.0938149]]}, "properties": {"id": "122826040-4893139274-0", "highway": "residential"}}, {"type": "Feature", "geometry": {"type": "LineString", "coordinates": [[-118.5428725, 34.0433207], [-118.5432319, 34.0437796]]}, "properties": {"id": "122827120-122719695-0", "highway": "residential"}}, {"type": "Feature", "geometry": {"type": "LineString", "coordinates": [[-118.5428725, 34.0433207], [-118.5433904, 34.0437262]]}, "properties": {"id": "122827120-535671525-0", "highway": "residential"}}, {"type": "Feature", "geometry": {"type": "LineString", "coordinates": [[-118.5428725, 34.0433207], [-118.5423747, 34.0433776]]}, "properties": {"id": "122827120-535671389-0", "highway": "residential"}}, {"type": "Feature", "geometry": {"type": "LineString", "coordinates": [[-118.5457719, 34.0473067], [-118.5463915, 34.0467155]]}, "properties": {"id": "122828979-122627130-0", "highway": "residential"}}, {"type": "Feature", "geometry": {"type": "LineString", "coordinates": [[-118.5457719, 34.0473067], [-118.5449807, 34.0480201]]}, "properties": {"id": "122828979-122819102-0", "highway": "residential"}}, {"type": "Feature", "geometry": {"type": "LineString", "coordinates": [[-118.5457719, 34.0473067], [-118.5461448, 34.0456243]]}, "properties": {"id": "122828979-123171872-0", "highway": "residential"}}, {"type": "Feature", "geometry": {"type": "LineString", "coordinates": [[-118.5469226, 34.0461355], [-118.5463915, 34.0467155]]}, "properties": {"id": "122828982-122627130-0", "highway": "residential"}}, {"type": "Feature", "geometry": {"type": "LineString", "coordinates": [[-118.5469226, 34.0461355], [-118.5461448, 34.0456243]]}, "properties": {"id": "122828982-123171872-0", "highway": "residential"}}, {"type": "Feature", "geometry": {"type": "LineString", "coordinates": [[-118.5469226, 34.0461355], [-118.548253, 34.0448109]]}, "properties": {"id": "122828982-122828988-0", "highway": "residential"}}, {"type": "Feature", "geometry": {"type": "LineString", "coordinates": [[-118.548253, 34.0448109], [-118.5488164, 34.0437248]]}, "properties": {"id": "122828988-122819116-0", "highway": "residential"}}, {"type": "Feature", "geometry": {"type": "LineString", "coordinates": [[-118.548253, 34.0448109], [-118.5469226, 34.0461355]]}, "properties": {"id": "122828988-122828982-0", "highway": "residential"}}, {"type": "Feature", "geometry": {"type": "LineString", "coordinates": [[-118.548253, 34.0448109], [-118.5461448, 34.0456243]]}, "properties": {"id": "122828988-123171872-0", "highway": "residential"}}, {"type": "Feature", "geometry": {"type": "LineString", "coordinates": [[-118.501928, 34.0519488], [-118.5025535, 34.0528713]]}, "properties": {"id": "122830849-122830850-0", "highway": "residential"}}, {"type": "Feature", "geometry": {"type": "LineString", "coordinates": [[-118.501928, 34.0519488], [-118.5015166, 34.0513643]]}, "properties": {"id": "122830849-12636235392-0", "highway": "residential"}}, {"type": "Feature", "geometry": {"type": "LineString", "coordinates": [[-118.501928, 34.0519488], [-118.5039279, 34.0504058]]}, "properties": {"id": "122830849-123344327-0", "highway": "residential"}}, {"type": "Feature", "geometry": {"type": "LineString", "coordinates": [[-118.5025535, 34.0528713], [-118.5027514, 34.0537718]]}, "properties": {"id": "122830850-122830852-0", "highway": "residential"}}, {"type": "Feature", "geometry": {"type": "LineString", "coordinates": [[-118.5025535, 34.0528713], [-118.501928, 34.0519488]]}, "properties": {"id": "122830850-122830849-0", "highway": "residential"}}, {"type": "Feature", "geometry": {"type": "LineString", "coordinates": [[-118.5025535, 34.0528713], [-118.5005966, 34.0528193]]}, "properties": {"id": "122830850-635559138-0", "highway": "secondary"}}, {"type": "Feature", "geometry": {"type": "LineString", "coordinates": [[-118.5025535, 34.0528713], [-118.5050073, 34.0509694]]}, "properties": {"id": "122830850-123082517-0", "highway": "secondary"}}, {"type": "Feature", "geometry": {"type": "LineString", "coordinates": [[-118.5027514, 34.0537718], [-118.5026581, 34.0546714]]}, "properties": {"id": "122830852-122830854-0", "highway": "residential"}}, {"type": "Feature", "geometry": {"type": "LineString", "coordinates": [[-118.5027514, 34.0537718], [-118.5025535, 34.0528713]]}, "properties": {"id": "122830852-122830850-0", "highway": "residential"}}, {"type": "Feature", "geometry": {"type": "LineString", "coordinates": [[-118.5027514, 34.0537718], [-118.5048124, 34.0531583]]}, "properties": {"id": "122830852-2510934961-0", "highway": "residential"}}, {"type": "Feature", "geometry": {"type": "LineString", "coordinates": [[-118.5026581, 34.0546714], [-118.5027514, 34.0537718]]}, "properties": {"id": "122830854-122830852-0", "highway": "residential"}}, {"type": "Feature", "geometry": {"type": "LineString", "coordinates": [[-118.5026581, 34.0546714], [-118.5017291, 34.0576881]]}, "properties": {"id": "122830854-1358243462-0", "highway": "residential"}}, {"type": "Feature", "geometry": {"type": "LineString", "coordinates": [[-118.5026581, 34.0546714], [-118.5041521, 34.0547559]]}, "properties": {"id": "122830854-123116651-0", "highway": "residential"}}, {"type": "Feature", "geometry": {"type": "LineString", "coordinates": [[-118.5026581, 34.0546714], [-118.5009844, 34.0551137]]}, "properties": {"id": "122830854-123116649-0", "highway": "residential"}}, {"type": "Feature", "geometry": {"type": "LineString", "coordinates": [[-118.5022814, 34.0592464], [-118.4999268, 34.0600943]]}, "properties": {"id": "122830860-123063189-0", "highway": "residential"}}, {"type": "Feature", "geometry": {"type": "LineString", "coordinates": [[-118.5022814, 34.0592464], [-118.5037632, 34.0575114]]}, "properties": {"id": "122830860-123375325-0", "highway": "residential"}}, {"type": "Feature", "geometry": {"type": "LineString", "coordinates": [[-118.5022814, 34.0592464], [-118.5028351, 34.060349]]}, "properties": {"id": "122830860-122830863-0", "highway": "residential"}}, {"type": "Feature", "geometry": {"type": "LineString", "coordinates": [[-118.5022814, 34.0592464], [-118.5017443, 34.0583727]]}, "properties": {"id": "122830860-272557097-0", "highway": "residential"}}, {"type": "Feature", "geometry": {"type": "LineString", "coordinates": [[-118.5028351, 34.060349], [-118.4997739, 34.0613598]]}, "properties": {"id": "122830863-123063190-0", "highway": "residential"}}, {"type": "Feature", "geometry": {"type": "LineString", "coordinates": [[-118.5028351, 34.060349], [-118.5037632, 34.0575114]]}, "properties": {"id": "122830863-123375325-0", "highway": "residential"}}, {"type": "Feature", "geometry": {"type": "LineString", "coordinates": [[-118.5028351, 34.060349], [-118.5033608, 34.0608779]]}, "properties": {"id": "122830863-598448964-0", "highway": "residential"}}, {"type": "Feature", "geometry": {"type": "LineString", "coordinates": [[-118.5028351, 34.060349], [-118.5022814, 34.0592464]]}, "properties": {"id": "122830863-122830860-0", "highway": "residential"}}, {"type": "Feature", "geometry": {"type": "LineString", "coordinates": [[-118.503614, 34.061008], [-118.5033608, 34.0608779]]}, "properties": {"id": "122830865-598448964-0", "highway": "residential"}}, {"type": "Feature", "geometry": {"type": "LineString", "coordinates": [[-118.503614, 34.061008], [-118.5016408, 34.0620975]]}, "properties": {"id": "122830865-123308903-0", "highway": "residential"}}, {"type": "Feature", "geometry": {"type": "LineString", "coordinates": [[-118.503614, 34.061008], [-118.5054658, 34.061037]]}, "properties": {"id": "122830865-122630232-0", "highway": "residential"}}, {"type": "Feature", "geometry": {"type": "LineString", "coordinates": [[-118.5131705, 34.0514253], [-118.5147356, 34.0518864]]}, "properties": {"id": "122831123-122831124-0", "highway": "residential"}}, {"type": "Feature", "geometry": {"type": "LineString", "coordinates": [[-118.5131705, 34.0514253], [-118.5140898, 34.0533036]]}, "properties": {"id": "122831123-122760963-0", "highway": "residential"}}, {"type": "Feature", "geometry": {"type": "LineString", "coordinates": [[-118.5131705, 34.0514253], [-118.512933, 34.0506058]]}, "properties": {"id": "122831123-122918280-0", "highway": "residential"}}, {"type": "Feature", "geometry": {"type": "LineString", "coordinates": [[-118.5147356, 34.0518864], [-118.5152606, 34.0522381]]}, "properties": {"id": "122831124-122831126-0", "highway": "residential"}}, {"type": "Feature", "geometry": {"type": "LineString", "coordinates": [[-118.5147356, 34.0518864], [-118.5131705, 34.0514253]]}, "properties": {"id": "122831124-122831123-0", "highway": "residential"}}, {"type": "Feature", "geometry": {"type": "LineString", "coordinates": [[-118.5147356, 34.0518864], [-118.51389, 34.0523414]]}, "properties": {"id": "122831124-3205226833-0", "highway": "residential"}}, {"type": "Feature", "geometry": {"type": "LineString", "coordinates": [[-118.5152606, 34.0522381], [-118.5147356, 34.0518864]]}, "properties": {"id": "122831126-122831124-0", "highway": "residential"}}, {"type": "Feature", "geometry": {"type": "LineString", "coordinates": [[-118.506714, 34.072508], [-118.501155, 34.0666013]]}, "properties": {"id": "122837934-5623542886-0", "highway": "residential"}}, {"type": "Feature", "geometry": {"type": "LineString", "coordinates": [[-118.5294706, 34.0428765], [-118.5306064, 34.0430674]]}, "properties": {"id": "122838590-122838594-0", "highway": "residential"}}, {"type": "Feature", "geometry": {"type": "LineString", "coordinates": [[-118.5294706, 34.0428765], [-118.528938, 34.0449959]]}, "properties": {"id": "122838590-122648020-0", "highway": "residential"}}, {"type": "Feature", "geometry": {"type": "LineString", "coordinates": [[-118.5294706, 34.0428765], [-118.5303379, 34.0409176]]}, "properties": {"id": "122838590-122938623-0", "highway": "residential"}}, {"type": "Feature", "geometry": {"type": "LineString", "coordinates": [[-118.5306064, 34.0430674], [-118.5294706, 34.0428765]]}, "properties": {"id": "122838594-122838590-0", "highway": "residential"}}, {"type": "Feature", "geometry": {"type": "LineString", "coordinates": [[-118.5306064, 34.0430674], [-118.5299794, 34.0456232]]}, "properties": {"id": "122838594-540018221-0", "highway": "residential"}}, {"type": "Feature", "geometry": {"type": "LineString", "coordinates": [[-118.5306064, 34.0430674], [-118.5303379, 34.0409176]]}, "properties": {"id": "122838594-122938623-0", "highway": "residential"}}, {"type": "Feature", "geometry": {"type": "LineString", "coordinates": [[-118.527138, 34.0424558], [-118.528235, 34.0426543]]}, "properties": {"id": "122838598-529803016-0", "highway": "residential"}}, {"type": "Feature", "geometry": {"type": "LineString", "coordinates": [[-118.527138, 34.0424558], [-118.5273505, 34.0419804]]}, "properties": {"id": "122838598-122651941-0", "highway": "residential"}}, {"type": "Feature", "geometry": {"type": "LineString", "coordinates": [[-118.527138, 34.0424558], [-118.5268857, 34.0431735]]}, "properties": {"id": "122838598-122651953-0", "highway": "residential"}}, {"type": "Feature", "geometry": {"type": "LineString", "coordinates": [[-118.5061115, 34.0456226], [-118.5070485, 34.0461049]]}, "properties": {"id": "122839327-122839328-0", "highway": "residential"}}, {"type": "Feature", "geometry": {"type": "LineString", "coordinates": [[-118.5061115, 34.0456226], [-118.5046713, 34.0476937]]}, "properties": {"id": "122839327-123315127-0", "highway": "residential"}}, {"type": "Feature", "geometry": {"type": "LineString", "coordinates": [[-118.5061115, 34.0456226], [-118.5073723, 34.0445693]]}, "properties": {"id": "122839327-123027351-0", "highway": "residential"}}, {"type": "Feature", "geometry": {"type": "LineString", "coordinates": [[-118.5070485, 34.0461049], [-118.5081088, 34.0466773]]}, "properties": {"id": "122839328-122839329-0", "highway": "residential"}}, {"type": "Feature", "geometry": {"type": "LineString", "coordinates": [[-118.5070485, 34.0461049], [-118.5061115, 34.0456226]]}, "properties": {"id": "122839328-122839327-0", "highway": "residential"}}, {"type": "Feature", "geometry": {"type": "LineString", "coordinates": [[-118.5070485, 34.0461049], [-118.505565, 34.0481398]]}, "properties": {"id": "122839328-123315130-0", "highway": "residential"}}, {"type": "Feature", "geometry": {"type": "LineString", "coordinates": [[-118.5070485, 34.0461049], [-118.5099184, 34.0452807]]}, "properties": {"id": "122839328-123344323-0", "highway": "residential"}}, {"type": "Feature", "geometry": {"type": "LineString", "coordinates": [[-118.5081088, 34.0466773], [-118.5070485, 34.0461049]]}, "properties": {"id": "122839329-122839328-0", "highway": "residential"}}, {"type": "Feature", "geometry": {"type": "LineString", "coordinates": [[-118.5081088, 34.0466773], [-118.50962, 34.046332]]}, "properties": {"id": "122839329-7301245626-0", "highway": "secondary"}}, {"type": "Feature", "geometry": {"type": "LineString", "coordinates": [[-118.5081088, 34.0466773], [-118.5066416, 34.0486953]]}, "properties": {"id": "122839329-123082518-0", "highway": "secondary"}}, {"type": "Feature", "geometry": {"type": "LineString", "coordinates": [[-118.5151654, 34.0331328], [-118.5130376, 34.0335607]]}, "properties": {"id": "122840966-122582427-0", "highway": "residential"}}, {"type": "Feature", "geometry": {"type": "LineString", "coordinates": [[-118.5151654, 34.0331328], [-118.5148572, 34.0338832]]}, "properties": {"id": "122840966-123321625-0", "highway": "residential"}}, {"type": "Feature", "geometry": {"type": "LineString", "coordinates": [[-118.5151654, 34.0331328], [-118.5160576, 34.0351696]]}, "properties": {"id": "122840966-122798583-0", "highway": "residential"}}, {"type": "Feature", "geometry": {"type": "LineString", "coordinates": [[-118.5591926, 34.0718791], [-118.5595361, 34.071568]]}, "properties": {"id": "122842209-122719892-0", "highway": "residential"}}, {"type": "Feature", "geometry": {"type": "LineString", "coordinates": [[-118.5596917, 34.0711325], [-118.5593806, 34.071448]]}, "properties": {"id": "122843078-122719889-0", "highway": "residential"}}, {"type": "Feature", "geometry": {"type": "LineString", "coordinates": [[-118.5574932, 34.0768433], [-118.5580511, 34.077149]]}, "properties": {"id": "122846611-123190392-0", "highway": "residential"}}, {"type": "Feature", "geometry": {"type": "LineString", "coordinates": [[-118.5574932, 34.0768433], [-118.5589298, 34.0755709]]}, "properties": {"id": "122846611-7890148171-0", "highway": "residential"}}, {"type": "Feature", "geometry": {"type": "LineString", "coordinates": [[-118.5574932, 34.0768433], [-118.5573559, 34.0770708]]}, "properties": {"id": "122846611-540384749-0", "highway": "residential"}}, {"type": "Feature", "geometry": {"type": "LineString", "coordinates": [[-118.5079573, 34.0781965], [-118.5085688, 34.0787252]]}, "properties": {"id": "122847110-122847112-0", "highway": "residential"}}, {"type": "Feature", "geometry": {"type": "LineString", "coordinates": [[-118.5079573, 34.0781965], [-118.5063641, 34.0786008]]}, "properties": {"id": "122847110-123350360-0", "highway": "residential"}}, {"type": "Feature", "geometry": {"type": "LineString", "coordinates": [[-118.5079573, 34.0781965], [-118.5081424, 34.0768635]]}, "properties": {"id": "122847110-123432097-0", "highway": "residential"}}, {"type": "Feature", "geometry": {"type": "LineString", "coordinates": [[-118.5085688, 34.0787252], [-118.5110481, 34.0812759]]}, "properties": {"id": "122847112-122847115-0", "highway": "residential"}}, {"type": "Feature", "geometry": {"type": "LineString", "coordinates": [[-118.5085688, 34.0787252], [-118.5079573, 34.0781965]]}, "properties": {"id": "122847112-122847110-0", "highway": "residential"}}, {"type": "Feature", "geometry": {"type": "LineString", "coordinates": [[-118.5085688, 34.0787252], [-118.5098295, 34.0820287]]}, "properties": {"id": "122847112-634399201-0", "highway": "residential"}}, {"type": "Feature", "geometry": {"type": "LineString", "coordinates": [[-118.5110481, 34.0812759], [-118.5085688, 34.0787252]]}, "properties": {"id": "122847115-122847112-0", "highway": "residential"}}, {"type": "Feature", "geometry": {"type": "LineString", "coordinates": [[-118.516572, 34.0301724], [-118.5163768, 34.0302295]]}, "properties": {"id": "122847223-122697551-0", "highway": "tertiary"}}, {"type": "Feature", "geometry": {"type": "LineString", "coordinates": [[-118.5516316, 34.0628135], [-118.5498932, 34.0628274]]}, "properties": {"id": "122848948-122629375-0", "highway": "residential"}}, {"type": "Feature", "geometry": {"type": "LineString", "coordinates": [[-118.5516316, 34.0628135], [-118.5515552, 34.0638609]]}, "properties": {"id": "122848948-123150798-0", "highway": "residential"}}, {"type": "Feature", "geometry": {"type": "LineString", "coordinates": [[-118.5516316, 34.0628135], [-118.5514382, 34.0621466]]}, "properties": {"id": "122848948-123051146-0", "highway": "residential"}}, {"type": "Feature", "geometry": {"type": "LineString", "coordinates": [[-118.502316, 34.0420696], [-118.5015089, 34.0418197]]}, "properties": {"id": "122849864-122849867-0", "highway": "residential"}}, {"type": "Feature", "geometry": {"type": "LineString", "coordinates": [[-118.5015089, 34.0418197], [-118.502316, 34.0420696]]}, "properties": {"id": "122849867-122849864-0", "highway": "residential"}}, {"type": "Feature", "geometry": {"type": "LineString", "coordinates": [[-118.5015089, 34.0418197], [-118.5040374, 34.039816]]}, "properties": {"id": "122849867-122672892-0", "highway": "secondary"}}, {"type": "Feature", "geometry": {"type": "LineString", "coordinates": [[-118.5915319, 34.1020516], [-118.590132, 34.101663]]}, "properties": {"id": "122849893-122849937-0", "highway": "residential"}}, {"type": "Feature", "geometry": {"type": "LineString", "coordinates": [[-118.5915319, 34.1020516], [-118.5926997, 34.103702]]}, "properties": {"id": "122849893-123351348-0", "highway": "primary"}}, {"type": "Feature", "geometry": {"type": "LineString", "coordinates": [[-118.5915319, 34.1020516], [-118.5930694, 34.1013267]]}, "properties": {"id": "122849893-123136581-0", "highway": "primary"}}, {"type": "Feature", "geometry": {"type": "LineString", "coordinates": [[-118.590132, 34.101663], [-118.5915319, 34.1020516]]}, "properties": {"id": "122849937-122849893-0", "highway": "residential"}}, {"type": "Feature", "geometry": {"type": "LineString", "coordinates": [[-118.546193, 34.0487801], [-118.545624, 34.0498641]]}, "properties": {"id": "122851040-122954088-0", "highway": "residential"}}, {"type": "Feature", "geometry": {"type": "LineString", "coordinates": [[-118.546193, 34.0487801], [-118.5443396, 34.0492135]]}, "properties": {"id": "122851040-2696866141-0", "highway": "residential"}}, {"type": "Feature", "geometry": {"type": "LineString", "coordinates": [[-118.546193, 34.0487801], [-118.5472766, 34.0473222]]}, "properties": {"id": "122851040-122627138-0", "highway": "residential"}}, {"type": "Feature", "geometry": {"type": "LineString", "coordinates": [[-118.558057, 34.0395648], [-118.5586703, 34.0402617]]}, "properties": {"id": "122851810-122749035-0", "highway": "residential"}}, {"type": "Feature", "geometry": {"type": "LineString", "coordinates": [[-118.558057, 34.0395648], [-118.5546741, 34.0395336]]}, "properties": {"id": "122851810-6032171753-0", "highway": "residential"}}, {"type": "Feature", "geometry": {"type": "LineString", "coordinates": [[-118.558057, 34.0395648], [-118.5592323, 34.040025]]}, "properties": {"id": "122851810-534395000-0", "highway": "residential"}}, {"type": "Feature", "geometry": {"type": "LineString", "coordinates": [[-118.5504268, 34.0736472], [-118.5495796, 34.0717601]]}, "properties": {"id": "122852181-123461584-0", "highway": "residential"}}, {"type": "Feature", "geometry": {"type": "LineString", "coordinates": [[-118.5504268, 34.0736472], [-118.5504711, 34.0742893]]}, "properties": {"id": "122852181-247135800-0", "highway": "residential"}}, {"type": "Feature", "geometry": {"type": "LineString", "coordinates": [[-118.5283061, 34.0354571], [-118.5273534, 34.0363178]]}, "properties": {"id": "122854622-122854623-0", "highway": "residential"}}, {"type": "Feature", "geometry": {"type": "LineString", "coordinates": [[-118.5283061, 34.0354571], [-118.5273534, 34.0363178]]}, "properties": {"id": "122854622-122854623-1", "highway": "residential"}}, {"type": "Feature", "geometry": {"type": "LineString", "coordinates": [[-118.5283061, 34.0354571], [-118.5288211, 34.0357488]]}, "properties": {"id": "122854622-123488198-0", "highway": "residential"}}, {"type": "Feature", "geometry": {"type": "LineString", "coordinates": [[-118.5273534, 34.0363178], [-118.5283061, 34.0354571]]}, "properties": {"id": "122854623-122854622-0", "highway": "residential"}}, {"type": "Feature", "geometry": {"type": "LineString", "coordinates": [[-118.5273534, 34.0363178], [-118.5283061, 34.0354571]]}, "properties": {"id": "122854623-122854622-1", "highway": "residential"}}, {"type": "Feature", "geometry": {"type": "LineString", "coordinates": [[-118.5273534, 34.0363178], [-118.5266067, 34.036965]]}, "properties": {"id": "122854623-529804813-0", "highway": "residential"}}, {"type": "Feature", "geometry": {"type": "LineString", "coordinates": [[-118.5273534, 34.0363178], [-118.5285293, 34.0368655]]}, "properties": {"id": "122854623-123630486-0", "highway": "residential"}}, {"type": "Feature", "geometry": {"type": "LineString", "coordinates": [[-118.526126, 34.0368299], [-118.5266067, 34.036965]]}, "properties": {"id": "122854624-529804813-0", "highway": "residential"}}, {"type": "Feature", "geometry": {"type": "LineString", "coordinates": [[-118.526126, 34.0368299], [-118.5264286, 34.0372911]]}, "properties": {"id": "122854624-529804812-0", "highway": "residential"}}, {"type": "Feature", "geometry": {"type": "LineString", "coordinates": [[-118.526126, 34.0368299], [-118.5262204, 34.0389565]]}, "properties": {"id": "122854624-122696054-0", "highway": "residential"}}, {"type": "Feature", "geometry": {"type": "LineString", "coordinates": [[-118.600553, 34.0890302], [-118.5997712, 34.0918926]]}, "properties": {"id": "122855157-122825997-0", "highway": "residential"}}, {"type": "Feature", "geometry": {"type": "LineString", "coordinates": [[-118.4872828, 34.0674121], [-118.4890807, 34.0673994]]}, "properties": {"id": "122855231-122855233-0", "highway": "residential"}}, {"type": "Feature", "geometry": {"type": "LineString", "coordinates": [[-118.4872828, 34.0674121], [-118.488471, 34.0690093]]}, "properties": {"id": "122855231-1358505571-0", "highway": "residential"}}, {"type": "Feature", "geometry": {"type": "LineString", "coordinates": [[-118.4872828, 34.0674121], [-118.4855334, 34.0657984]]}, "properties": {"id": "122855231-123224828-0", "highway": "residential"}}, {"type": "Feature", "geometry": {"type": "LineString", "coordinates": [[-118.4890807, 34.0673994], [-118.4872828, 34.0674121]]}, "properties": {"id": "122855233-122855231-0", "highway": "residential"}}, {"type": "Feature", "geometry": {"type": "LineString", "coordinates": [[-118.494672, 34.0517082], [-118.4956354, 34.0517353]]}, "properties": {"id": "122857915-122857917-0", "highway": "residential"}}, {"type": "Feature", "geometry": {"type": "LineString", "coordinates": [[-118.494672, 34.0517082], [-118.49574, 34.0547154]]}, "properties": {"id": "122857915-122923362-0", "highway": "tertiary"}}, {"type": "Feature", "geometry": {"type": "LineString", "coordinates": [[-118.494672, 34.0517082], [-118.4939109, 34.0500576]]}, "properties": {"id": "122857915-122604571-0", "highway": "tertiary"}}, {"type": "Feature", "geometry": {"type": "LineString", "coordinates": [[-118.4956354, 34.0517353], [-118.4965715, 34.0517884]]}, "properties": {"id": "122857917-122857920-0", "highway": "residential"}}, {"type": "Feature", "geometry": {"type": "LineString", "coordinates": [[-118.4956354, 34.0517353], [-118.494672, 34.0517082]]}, "properties": {"id": "122857917-122857915-0", "highway": "residential"}}, {"type": "Feature", "geometry": {"type": "LineString", "coordinates": [[-118.4956354, 34.0517353], [-118.4958857, 34.0540279]]}, "properties": {"id": "122857917-123022220-0", "highway": "residential"}}, {"type": "Feature", "geometry": {"type": "LineString", "coordinates": [[-118.4965715, 34.0517884], [-118.4956354, 34.0517353]]}, "properties": {"id": "122857920-122857917-0", "highway": "residential"}}, {"type": "Feature", "geometry": {"type": "LineString", "coordinates": [[-118.4965715, 34.0517884], [-118.4958857, 34.0540279]]}, "properties": {"id": "122857920-123022220-0", "highway": "residential"}}, {"type": "Feature", "geometry": {"type": "LineString", "coordinates": [[-118.4965715, 34.0517884], [-118.4967853, 34.0509903]]}, "properties": {"id": "122857920-123372874-0", "highway": "residential"}}, {"type": "Feature", "geometry": {"type": "LineString", "coordinates": [[-118.5499722, 34.0743959], [-118.5495196, 34.0764879]]}, "properties": {"id": "122860011-540369338-0", "highway": "residential"}}, {"type": "Feature", "geometry": {"type": "LineString", "coordinates": [[-118.5499722, 34.0743959], [-118.5504711, 34.0742893]]}, "properties": {"id": "122860011-247135800-0", "highway": "residential"}}, {"type": "Feature", "geometry": {"type": "LineString", "coordinates": [[-118.5499722, 34.0743959], [-118.5478133, 34.0724148]]}, "properties": {"id": "122860011-123429033-0", "highway": "residential"}}, {"type": "Feature", "geometry": {"type": "LineString", "coordinates": [[-118.5683018, 34.0464299], [-118.5692264, 34.0468697]]}, "properties": {"id": "122864341-122864345-0", "highway": "residential"}}, {"type": "Feature", "geometry": {"type": "LineString", "coordinates": [[-118.5683018, 34.0464299], [-118.5673512, 34.0469553]]}, "properties": {"id": "122864341-123240832-0", "highway": "residential"}}, {"type": "Feature", "geometry": {"type": "LineString", "coordinates": [[-118.5683018, 34.0464299], [-118.5678641, 34.0454982]]}, "properties": {"id": "122864341-123240822-0", "highway": "residential"}}, {"type": "Feature", "geometry": {"type": "LineString", "coordinates": [[-118.5692264, 34.0468697], [-118.5683018, 34.0464299]]}, "properties": {"id": "122864345-122864341-0", "highway": "residential"}}, {"type": "Feature", "geometry": {"type": "LineString", "coordinates": [[-118.5189258, 34.0417099], [-118.5205327, 34.0430099]]}, "properties": {"id": "122867871-123082638-0", "highway": "secondary"}}, {"type": "Feature", "geometry": {"type": "LineString", "coordinates": [[-118.5189258, 34.0417099], [-118.5186947, 34.0414711]]}, "properties": {"id": "122867871-4002529173-0", "highway": "secondary"}}, {"type": "Feature", "geometry": {"type": "LineString", "coordinates": [[-118.5189258, 34.0417099], [-118.5192329, 34.0433939]]}, "properties": {"id": "122867871-122867873-0", "highway": "residential"}}, {"type": "Feature", "geometry": {"type": "LineString", "coordinates": [[-118.5192329, 34.0433939], [-118.5202266, 34.0432435]]}, "properties": {"id": "122867873-123008620-0", "highway": "residential"}}, {"type": "Feature", "geometry": {"type": "LineString", "coordinates": [[-118.5192329, 34.0433939], [-118.5182281, 34.0435534]]}, "properties": {"id": "122867873-123272560-0", "highway": "residential"}}, {"type": "Feature", "geometry": {"type": "LineString", "coordinates": [[-118.5192329, 34.0433939], [-118.519733, 34.0457171]]}, "properties": {"id": "122867873-122867875-0", "highway": "residential"}}, {"type": "Feature", "geometry": {"type": "LineString", "coordinates": [[-118.5192329, 34.0433939], [-118.5189258, 34.0417099]]}, "properties": {"id": "122867873-122867871-0", "highway": "residential"}}, {"type": "Feature", "geometry": {"type": "LineString", "coordinates": [[-118.519733, 34.0457171], [-118.52073, 34.0455593]]}, "properties": {"id": "122867875-123008621-0", "highway": "residential"}}, {"type": "Feature", "geometry": {"type": "LineString", "coordinates": [[-118.519733, 34.0457171], [-118.5187378, 34.0458796]]}, "properties": {"id": "122867875-123255141-0", "highway": "residential"}}, {"type": "Feature", "geometry": {"type": "LineString", "coordinates": [[-118.519733, 34.0457171], [-118.520122, 34.0475084]]}, "properties": {"id": "122867875-122867876-0", "highway": "residential"}}, {"type": "Feature", "geometry": {"type": "LineString", "coordinates": [[-118.519733, 34.0457171], [-118.5192329, 34.0433939]]}, "properties": {"id": "122867875-122867873-0", "highway": "residential"}}, {"type": "Feature", "geometry": {"type": "LineString", "coordinates": [[-118.520122, 34.0475084], [-118.5205217, 34.0493207]]}, "properties": {"id": "122867876-122591848-0", "highway": "residential"}}, {"type": "Feature", "geometry": {"type": "LineString", "coordinates": [[-118.520122, 34.0475084], [-118.52113, 34.0473617]]}, "properties": {"id": "122867876-122941158-0", "highway": "residential"}}, {"type": "Feature", "geometry": {"type": "LineString", "coordinates": [[-118.520122, 34.0475084], [-118.5191162, 34.0476639]]}, "properties": {"id": "122867876-122941156-0", "highway": "residential"}}, {"type": "Feature", "geometry": {"type": "LineString", "coordinates": [[-118.520122, 34.0475084], [-118.519733, 34.0457171]]}, "properties": {"id": "122867876-122867875-0", "highway": "residential"}}, {"type": "Feature", "geometry": {"type": "LineString", "coordinates": [[-118.5209535, 34.0513297], [-118.5205217, 34.0493207]]}, "properties": {"id": "122867878-122591848-0", "highway": "residential"}}, {"type": "Feature", "geometry": {"type": "LineString", "coordinates": [[-118.5209535, 34.0513297], [-118.5220455, 34.0515109]]}, "properties": {"id": "122867878-123008624-0", "highway": "residential"}}, {"type": "Feature", "geometry": {"type": "LineString", "coordinates": [[-118.5209535, 34.0513297], [-118.5199168, 34.051303]]}, "properties": {"id": "122867878-122672472-0", "highway": "residential"}}, {"type": "Feature", "geometry": {"type": "LineString", "coordinates": [[-118.528861, 34.0480313], [-118.5290298, 34.0487509]]}, "properties": {"id": "122868821-122868835-0", "highway": "residential"}}, {"type": "Feature", "geometry": {"type": "LineString", "coordinates": [[-118.528861, 34.0480313], [-118.5286368, 34.0472808]]}, "properties": {"id": "122868821-122938636-0", "highway": "residential"}}, {"type": "Feature", "geometry": {"type": "LineString", "coordinates": [[-118.5290298, 34.0487509], [-118.5295025, 34.0491103]]}, "properties": {"id": "122868835-6878883842-0", "highway": "residential"}}, {"type": "Feature", "geometry": {"type": "LineString", "coordinates": [[-118.5290298, 34.0487509], [-118.528861, 34.0480313]]}, "properties": {"id": "122868835-122868821-0", "highway": "residential"}}, {"type": "Feature", "geometry": {"type": "LineString", "coordinates": [[-118.5047315, 34.0549997], [-118.5044211, 34.0567406]]}, "properties": {"id": "122869706-13920741060-0", "highway": "residential"}}, {"type": "Feature", "geometry": {"type": "LineString", "coordinates": [[-118.5047315, 34.0549997], [-118.5058786, 34.0539845]]}, "properties": {"id": "122869706-123116654-0", "highway": "residential"}}, {"type": "Feature", "geometry": {"type": "LineString", "coordinates": [[-118.5047315, 34.0549997], [-118.5041521, 34.0547559]]}, "properties": {"id": "122869706-123116651-0", "highway": "residential"}}, {"type": "Feature", "geometry": {"type": "LineString", "coordinates": [[-118.4858804, 34.0723791], [-118.4856659, 34.0730202]]}, "properties": {"id": "122873799-122873800-0", "highway": "residential"}}, {"type": "Feature", "geometry": {"type": "LineString", "coordinates": [[-118.4856659, 34.0730202], [-118.4858804, 34.0723791]]}, "properties": {"id": "122873800-122873799-0", "highway": "residential"}}, {"type": "Feature", "geometry": {"type": "LineString", "coordinates": [[-118.4856659, 34.0730202], [-118.4871891, 34.072436]]}, "properties": {"id": "122873800-122662095-0", "highway": "residential"}}, {"type": "Feature", "geometry": {"type": "LineString", "coordinates": [[-118.4856659, 34.0730202], [-118.4847057, 34.072382]]}, "properties": {"id": "122873800-123225538-0", "highway": "residential"}}, {"type": "Feature", "geometry": {"type": "LineString", "coordinates": [[-118.5378416, 34.0550868], [-118.538795, 34.0555057]]}, "properties": {"id": "122874799-6261061662-0", "highway": "residential"}}, {"type": "Feature", "geometry": {"type": "LineString", "coordinates": [[-118.5378416, 34.0550868], [-118.5380914, 34.0553893]]}, "properties": {"id": "122874799-123720780-0", "highway": "residential"}}, {"type": "Feature", "geometry": {"type": "LineString", "coordinates": [[-118.5378416, 34.0550868], [-118.5374035, 34.054722]]}, "properties": {"id": "122874799-123097884-0", "highway": "residential"}}, {"type": "Feature", "geometry": {"type": "LineString", "coordinates": [[-118.493296, 34.064033], [-118.4932759, 34.0642099]]}, "properties": {"id": "122881397-123146767-0", "highway": "tertiary"}}, {"type": "Feature", "geometry": {"type": "LineString", "coordinates": [[-118.493296, 34.064033], [-118.4917902, 34.0644983]]}, "properties": {"id": "122881397-122881408-0", "highway": "residential"}}, {"type": "Feature", "geometry": {"type": "LineString", "coordinates": [[-118.493296, 34.064033], [-118.4940621, 34.0604797]]}, "properties": {"id": "122881397-123082444-0", "highway": "tertiary"}}, {"type": "Feature", "geometry": {"type": "LineString", "coordinates": [[-118.4917902, 34.0644983], [-118.493296, 34.064033]]}, "properties": {"id": "122881408-122881397-0", "highway": "residential"}}, {"type": "Feature", "geometry": {"type": "LineString", "coordinates": [[-118.5064225, 34.0354593], [-118.5066297, 34.034821]]}, "properties": {"id": "122887149-123288521-0", "highway": "secondary"}}, {"type": "Feature", "geometry": {"type": "LineString", "coordinates": [[-118.5064225, 34.0354593], [-118.5072984, 34.0359754]]}, "properties": {"id": "122887149-122532330-0", "highway": "residential"}}, {"type": "Feature", "geometry": {"type": "LineString", "coordinates": [[-118.5039325, 34.0333775], [-118.5025412, 34.0321779]]}, "properties": {"id": "122887151-122887152-0", "highway": "residential"}}, {"type": "Feature", "geometry": {"type": "LineString", "coordinates": [[-118.5039325, 34.0333775], [-118.5051769, 34.0344481]]}, "properties": {"id": "122887151-122685821-0", "highway": "residential"}}, {"type": "Feature", "geometry": {"type": "LineString", "coordinates": [[-118.5039325, 34.0333775], [-118.502978, 34.0341421]]}, "properties": {"id": "122887151-123224910-0", "highway": "residential"}}, {"type": "Feature", "geometry": {"type": "LineString", "coordinates": [[-118.5039325, 34.0333775], [-118.5048945, 34.0326068]]}, "properties": {"id": "122887151-123224908-0", "highway": "residential"}}, {"type": "Feature", "geometry": {"type": "LineString", "coordinates": [[-118.5025412, 34.0321779], [-118.5010183, 34.030877]]}, "properties": {"id": "122887152-122887154-0", "highway": "residential"}}, {"type": "Feature", "geometry": {"type": "LineString", "coordinates": [[-118.5025412, 34.0321779], [-118.5039325, 34.0333775]]}, "properties": {"id": "122887152-122887151-0", "highway": "residential"}}, {"type": "Feature", "geometry": {"type": "LineString", "coordinates": [[-118.5025412, 34.0321779], [-118.501593, 34.032935]]}, "properties": {"id": "122887152-123250415-0", "highway": "residential"}}, {"type": "Feature", "geometry": {"type": "LineString", "coordinates": [[-118.5025412, 34.0321779], [-118.5034825, 34.0314142]]}, "properties": {"id": "122887152-123257345-0", "highway": "residential"}}, {"type": "Feature", "geometry": {"type": "LineString", "coordinates": [[-118.5010183, 34.030877], [-118.5025412, 34.0321779]]}, "properties": {"id": "122887154-122887152-0", "highway": "residential"}}, {"type": "Feature", "geometry": {"type": "LineString", "coordinates": [[-118.5010183, 34.030877], [-118.5019633, 34.0301111]]}, "properties": {"id": "122887154-123030853-0", "highway": "residential"}}, {"type": "Feature", "geometry": {"type": "LineString", "coordinates": [[-118.5010183, 34.030877], [-118.5000778, 34.0316408]]}, "properties": {"id": "122887154-123030855-0", "highway": "residential"}}, {"type": "Feature", "geometry": {"type": "LineString", "coordinates": [[-118.5124189, 34.0301697], [-118.5123064, 34.030265]]}, "properties": {"id": "122898667-527732248-0", "highway": "residential"}}, {"type": "Feature", "geometry": {"type": "LineString", "coordinates": [[-118.5317944, 34.0508253], [-118.5373175, 34.0501484]]}, "properties": {"id": "122899396-122787679-0", "highway": "residential"}}, {"type": "Feature", "geometry": {"type": "LineString", "coordinates": [[-118.5317944, 34.0508253], [-118.5313082, 34.053042]]}, "properties": {"id": "122899396-123477343-0", "highway": "residential"}}, {"type": "Feature", "geometry": {"type": "LineString", "coordinates": [[-118.5317944, 34.0508253], [-118.5321276, 34.049753]]}, "properties": {"id": "122899396-123157729-0", "highway": "residential"}}, {"type": "Feature", "geometry": {"type": "LineString", "coordinates": [[-118.4971788, 34.0534927], [-118.4975724, 34.053573]]}, "properties": {"id": "122900875-122900877-0", "highway": "residential"}}, {"type": "Feature", "geometry": {"type": "LineString", "coordinates": [[-118.4971788, 34.0534927], [-118.4973975, 34.0527443]]}, "properties": {"id": "122900875-123240368-0", "highway": "residential"}}, {"type": "Feature", "geometry": {"type": "LineString", "coordinates": [[-118.4971788, 34.0534927], [-118.4970055, 34.0542971]]}, "properties": {"id": "122900875-123240370-0", "highway": "residential"}}, {"type": "Feature", "geometry": {"type": "LineString", "coordinates": [[-118.4975724, 34.053573], [-118.4971788, 34.0534927]]}, "properties": {"id": "122900877-122900875-0", "highway": "residential"}}, {"type": "Feature", "geometry": {"type": "LineString", "coordinates": [[-118.5153226, 34.0307387], [-118.5153036, 34.0303228]]}, "properties": {"id": "122902137-122997787-0", "highway": "residential"}}, {"type": "Feature", "geometry": {"type": "LineString", "coordinates": [[-118.5153226, 34.0307387], [-118.5160576, 34.0351696]]}, "properties": {"id": "122902137-122798583-0", "highway": "residential"}}, {"type": "Feature", "geometry": {"type": "LineString", "coordinates": [[-118.5345885, 34.0528931], [-118.5348675, 34.0526409]]}, "properties": {"id": "122905103-951019830-0", "highway": "residential"}}, {"type": "Feature", "geometry": {"type": "LineString", "coordinates": [[-118.5345885, 34.0528931], [-118.5355042, 34.0532137]]}, "properties": {"id": "122905103-123097895-0", "highway": "residential"}}, {"type": "Feature", "geometry": {"type": "LineString", "coordinates": [[-118.5345885, 34.0528931], [-118.5335463, 34.0545339]]}, "properties": {"id": "122905103-123194991-0", "highway": "residential"}}, {"type": "Feature", "geometry": {"type": "LineString", "coordinates": [[-118.6028766, 34.0794134], [-118.6027021, 34.0788025]]}, "properties": {"id": "122907630-122917920-0", "highway": "tertiary"}}, {"type": "Feature", "geometry": {"type": "LineString", "coordinates": [[-118.6028766, 34.0794134], [-118.6032614, 34.0798022]]}, "properties": {"id": "122907630-123203093-0", "highway": "tertiary"}}, {"type": "Feature", "geometry": {"type": "LineString", "coordinates": [[-118.6028766, 34.0794134], [-118.6021036, 34.0797232]]}, "properties": {"id": "122907630-122812262-0", "highway": "residential"}}, {"type": "Feature", "geometry": {"type": "LineString", "coordinates": [[-118.6002979, 34.0806727], [-118.6021036, 34.0797232]]}, "properties": {"id": "122907641-122812262-0", "highway": "residential"}}, {"type": "Feature", "geometry": {"type": "LineString", "coordinates": [[-118.554076, 34.0466522], [-118.5542755, 34.0468521]]}, "properties": {"id": "122909547-123409694-0", "highway": "residential"}}, {"type": "Feature", "geometry": {"type": "LineString", "coordinates": [[-118.554076, 34.0466522], [-118.5538952, 34.0459549]]}, "properties": {"id": "122909547-1306596138-0", "highway": "unclassified"}}, {"type": "Feature", "geometry": {"type": "LineString", "coordinates": [[-118.554076, 34.0466522], [-118.5559827, 34.0464916]]}, "properties": {"id": "122909547-123409674-0", "highway": "residential"}}, {"type": "Feature", "geometry": {"type": "LineString", "coordinates": [[-118.4948147, 34.075422], [-118.496511, 34.0754895]]}, "properties": {"id": "122912124-122606849-0", "highway": "residential"}}, {"type": "Feature", "geometry": {"type": "LineString", "coordinates": [[-118.538744, 34.0433492], [-118.5390809, 34.0437707]]}, "properties": {"id": "122916207-123157711-0", "highway": "residential"}}, {"type": "Feature", "geometry": {"type": "LineString", "coordinates": [[-118.538744, 34.0433492], [-118.5368766, 34.0433724]]}, "properties": {"id": "122916207-123334858-0", "highway": "residential"}}, {"type": "Feature", "geometry": {"type": "LineString", "coordinates": [[-118.538744, 34.0433492], [-118.5371991, 34.0442524]]}, "properties": {"id": "122916207-122916208-0", "highway": "residential"}}, {"type": "Feature", "geometry": {"type": "LineString", "coordinates": [[-118.5371991, 34.0442524], [-118.5380488, 34.0450703]]}, "properties": {"id": "122916208-123053982-0", "highway": "residential"}}, {"type": "Feature", "geometry": {"type": "LineString", "coordinates": [[-118.5371991, 34.0442524], [-118.5368868, 34.0437426]]}, "properties": {"id": "122916208-123053979-0", "highway": "residential"}}, {"type": "Feature", "geometry": {"type": "LineString", "coordinates": [[-118.5371991, 34.0442524], [-118.5366326, 34.0444017]]}, "properties": {"id": "122916208-122916210-0", "highway": "residential"}}, {"type": "Feature", "geometry": {"type": "LineString", "coordinates": [[-118.5371991, 34.0442524], [-118.538744, 34.0433492]]}, "properties": {"id": "122916208-122916207-0", "highway": "residential"}}, {"type": "Feature", "geometry": {"type": "LineString", "coordinates": [[-118.5366326, 34.0444017], [-118.5363236, 34.0446009]]}, "properties": {"id": "122916210-123334860-0", "highway": "residential"}}, {"type": "Feature", "geometry": {"type": "LineString", "coordinates": [[-118.5366326, 34.0444017], [-118.5368868, 34.0437426]]}, "properties": {"id": "122916210-123053979-0", "highway": "residential"}}, {"type": "Feature", "geometry": {"type": "LineString", "coordinates": [[-118.5366326, 34.0444017], [-118.5371991, 34.0442524]]}, "properties": {"id": "122916210-122916208-0", "highway": "residential"}}, {"type": "Feature", "geometry": {"type": "LineString", "coordinates": [[-118.6027021, 34.0788025], [-118.6018208, 34.0789802]]}, "properties": {"id": "122917920-122917932-0", "highway": "residential"}}, {"type": "Feature", "geometry": {"type": "LineString", "coordinates": [[-118.6027021, 34.0788025], [-118.6028766, 34.0794134]]}, "properties": {"id": "122917920-122907630-0", "highway": "tertiary"}}, {"type": "Feature", "geometry": {"type": "LineString", "coordinates": [[-118.6027021, 34.0788025], [-118.6023638, 34.0783838]]}, "properties": {"id": "122917920-123555453-0", "highway": "tertiary"}}, {"type": "Feature", "geometry": {"type": "LineString", "coordinates": [[-118.6018208, 34.0789802], [-118.6009316, 34.0791973]]}, "properties": {"id": "122917932-122917942-0", "highway": "residential"}}, {"type": "Feature", "geometry": {"type": "LineString", "coordinates": [[-118.6018208, 34.0789802], [-118.6027021, 34.0788025]]}, "properties": {"id": "122917932-122917920-0", "highway": "residential"}}, {"type": "Feature", "geometry": {"type": "LineString", "coordinates": [[-118.6018208, 34.0789802], [-118.6020452, 34.0780231]]}, "properties": {"id": "122917932-123584300-0", "highway": "residential"}}, {"type": "Feature", "geometry": {"type": "LineString", "coordinates": [[-118.6009316, 34.0791973], [-118.6018208, 34.0789802]]}, "properties": {"id": "122917942-122917932-0", "highway": "residential"}}, {"type": "Feature", "geometry": {"type": "LineString", "coordinates": [[-118.512933, 34.0506058], [-118.5131705, 34.0514253]]}, "properties": {"id": "122918280-122831123-0", "highway": "residential"}}, {"type": "Feature", "geometry": {"type": "LineString", "coordinates": [[-118.512933, 34.0506058], [-118.5130773, 34.04708]]}, "properties": {"id": "122918280-122918292-0", "highway": "residential"}}, {"type": "Feature", "geometry": {"type": "LineString", "coordinates": [[-118.512933, 34.0506058], [-118.5134937, 34.0505988]]}, "properties": {"id": "122918280-122648199-0", "highway": "residential"}}, {"type": "Feature", "geometry": {"type": "LineString", "coordinates": [[-118.5130773, 34.04708], [-118.512933, 34.0506058]]}, "properties": {"id": "122918292-122918280-0", "highway": "residential"}}, {"type": "Feature", "geometry": {"type": "LineString", "coordinates": [[-118.5130773, 34.04708], [-118.5136339, 34.0462777]]}, "properties": {"id": "122918292-367691027-0", "highway": "secondary"}}, {"type": "Feature", "geometry": {"type": "LineString", "coordinates": [[-118.5130773, 34.04708], [-118.511858, 34.0491147]]}, "properties": {"id": "122918292-123082590-0", "highway": "secondary"}}, {"type": "Feature", "geometry": {"type": "LineString", "coordinates": [[-118.487653, 34.0304667], [-118.489224, 34.0318198]]}, "properties": {"id": "122919101-122790254-0", "highway": "tertiary"}}, {"type": "Feature", "geometry": {"type": "LineString", "coordinates": [[-118.487653, 34.0304667], [-118.486702, 34.0312339]]}, "properties": {"id": "122919101-122919104-0", "highway": "residential"}}, {"type": "Feature", "geometry": {"type": "LineString", "coordinates": [[-118.486702, 34.0312339], [-118.488276, 34.0325892]]}, "properties": {"id": "122919104-122790258-0", "highway": "residential"}}, {"type": "Feature", "geometry": {"type": "LineString", "coordinates": [[-118.486702, 34.0312339], [-118.485754, 34.0319968]]}, "properties": {"id": "122919104-122610433-0", "highway": "residential"}}, {"type": "Feature", "geometry": {"type": "LineString", "coordinates": [[-118.486702, 34.0312339], [-118.487653, 34.0304667]]}, "properties": {"id": "122919104-122919101-0", "highway": "residential"}}, {"type": "Feature", "geometry": {"type": "LineString", "coordinates": [[-118.4848157, 34.0327731], [-118.485754, 34.0319968]]}, "properties": {"id": "122919108-122610433-0", "highway": "residential"}}, {"type": "Feature", "geometry": {"type": "LineString", "coordinates": [[-118.4848157, 34.0327731], [-118.4863866, 34.0341244]]}, "properties": {"id": "122919108-122790261-0", "highway": "tertiary"}}, {"type": "Feature", "geometry": {"type": "LineString", "coordinates": [[-118.483867, 34.0335421], [-118.485439, 34.0348911]]}, "properties": {"id": "122919110-122790263-0", "highway": "residential"}}, {"type": "Feature", "geometry": {"type": "LineString", "coordinates": [[-118.5661564, 34.0474281], [-118.5656061, 34.0472825]]}, "properties": {"id": "122919942-11873082884-0", "highway": "residential"}}, {"type": "Feature", "geometry": {"type": "LineString", "coordinates": [[-118.5661564, 34.0474281], [-118.5672962, 34.0487677]]}, "properties": {"id": "122919942-123240838-0", "highway": "residential"}}, {"type": "Feature", "geometry": {"type": "LineString", "coordinates": [[-118.5661564, 34.0474281], [-118.5673512, 34.0469553]]}, "properties": {"id": "122919942-123240832-0", "highway": "residential"}}, {"type": "Feature", "geometry": {"type": "LineString", "coordinates": [[-118.5723553, 34.0490297], [-118.572566, 34.0478603]]}, "properties": {"id": "122922874-122627401-0", "highway": "residential"}}, {"type": "Feature", "geometry": {"type": "LineString", "coordinates": [[-118.49574, 34.0547154], [-118.4958857, 34.0540279]]}, "properties": {"id": "122923362-123022220-0", "highway": "residential"}}, {"type": "Feature", "geometry": {"type": "LineString", "coordinates": [[-118.49574, 34.0547154], [-118.4967188, 34.0548657]]}, "properties": {"id": "122923362-122923363-0", "highway": "tertiary"}}, {"type": "Feature", "geometry": {"type": "LineString", "coordinates": [[-118.49574, 34.0547154], [-118.494672, 34.0517082]]}, "properties": {"id": "122923362-122857915-0", "highway": "tertiary"}}, {"type": "Feature", "geometry": {"type": "LineString", "coordinates": [[-118.4967188, 34.0548657], [-118.4970055, 34.0542971]]}, "properties": {"id": "122923363-123240370-0", "highway": "residential"}}, {"type": "Feature", "geometry": {"type": "LineString", "coordinates": [[-118.4967188, 34.0548657], [-118.4973701, 34.0554608]]}, "properties": {"id": "122923363-122923364-0", "highway": "tertiary"}}, {"type": "Feature", "geometry": {"type": "LineString", "coordinates": [[-118.4967188, 34.0548657], [-118.49574, 34.0547154]]}, "properties": {"id": "122923363-122923362-0", "highway": "tertiary"}}, {"type": "Feature", "geometry": {"type": "LineString", "coordinates": [[-118.4973701, 34.0554608], [-118.50024, 34.0528753]]}, "properties": {"id": "122923364-123063209-0", "highway": "secondary"}}, {"type": "Feature", "geometry": {"type": "LineString", "coordinates": [[-118.4973701, 34.0554608], [-118.4967188, 34.0548657]]}, "properties": {"id": "122923364-122923363-0", "highway": "tertiary"}}, {"type": "Feature", "geometry": {"type": "LineString", "coordinates": [[-118.4973701, 34.0554608], [-118.4960292, 34.057409]]}, "properties": {"id": "122923364-122964693-0", "highway": "secondary"}}, {"type": "Feature", "geometry": {"type": "LineString", "coordinates": [[-118.5127513, 34.0309206], [-118.512926, 34.0309176]]}, "properties": {"id": "122923680-527731168-0", "highway": "tertiary"}}, {"type": "Feature", "geometry": {"type": "LineString", "coordinates": [[-118.5127513, 34.0309206], [-118.5130201, 34.0304449]]}, "properties": {"id": "122923680-527711163-0", "highway": "residential"}}, {"type": "Feature", "geometry": {"type": "LineString", "coordinates": [[-118.5127513, 34.0309206], [-118.5126911, 34.031183]]}, "properties": {"id": "122923680-530236788-0", "highway": "residential"}}, {"type": "Feature", "geometry": {"type": "LineString", "coordinates": [[-118.5127513, 34.0309206], [-118.5124888, 34.031065]]}, "properties": {"id": "122923680-527710993-0", "highway": "tertiary"}}, {"type": "Feature", "geometry": {"type": "LineString", "coordinates": [[-118.5044201, 34.0306411], [-118.5061391, 34.0321183]]}, "properties": {"id": "122925006-122685816-0", "highway": "residential"}}, {"type": "Feature", "geometry": {"type": "LineString", "coordinates": [[-118.5044201, 34.0306411], [-118.5034825, 34.0314142]]}, "properties": {"id": "122925006-123257345-0", "highway": "residential"}}, {"type": "Feature", "geometry": {"type": "LineString", "coordinates": [[-118.5479537, 34.0500157], [-118.5489101, 34.050698]]}, "properties": {"id": "122933049-122933055-0", "highway": "residential"}}, {"type": "Feature", "geometry": {"type": "LineString", "coordinates": [[-118.5489101, 34.050698], [-118.5489503, 34.0514469]]}, "properties": {"id": "122933055-122933058-0", "highway": "residential"}}, {"type": "Feature", "geometry": {"type": "LineString", "coordinates": [[-118.5489101, 34.050698], [-118.5479537, 34.0500157]]}, "properties": {"id": "122933055-122933049-0", "highway": "residential"}}, {"type": "Feature", "geometry": {"type": "LineString", "coordinates": [[-118.5489101, 34.050698], [-118.5469977, 34.0528403]]}, "properties": {"id": "122933055-122627147-0", "highway": "residential"}}, {"type": "Feature", "geometry": {"type": "LineString", "coordinates": [[-118.5489503, 34.0514469], [-118.5483607, 34.0515786]]}, "properties": {"id": "122933058-123774689-0", "highway": "residential"}}, {"type": "Feature", "geometry": {"type": "LineString", "coordinates": [[-118.5489503, 34.0514469], [-118.5489557, 34.0523136]]}, "properties": {"id": "122933058-122933059-0", "highway": "residential"}}, {"type": "Feature", "geometry": {"type": "LineString", "coordinates": [[-118.5489503, 34.0514469], [-118.5489101, 34.050698]]}, "properties": {"id": "122933058-122933055-0", "highway": "residential"}}, {"type": "Feature", "geometry": {"type": "LineString", "coordinates": [[-118.5489557, 34.0523136], [-118.5494845, 34.0566014]]}, "properties": {"id": "122933059-122933065-0", "highway": "residential"}}, {"type": "Feature", "geometry": {"type": "LineString", "coordinates": [[-118.5489557, 34.0523136], [-118.5489503, 34.0514469]]}, "properties": {"id": "122933059-122933058-0", "highway": "residential"}}, {"type": "Feature", "geometry": {"type": "LineString", "coordinates": [[-118.5489557, 34.0523136], [-118.5484111, 34.0523632]]}, "properties": {"id": "122933059-123207189-0", "highway": "residential"}}, {"type": "Feature", "geometry": {"type": "LineString", "coordinates": [[-118.5494845, 34.0566014], [-118.5489557, 34.0523136]]}, "properties": {"id": "122933065-122933059-0", "highway": "residential"}}, {"type": "Feature", "geometry": {"type": "LineString", "coordinates": [[-118.6017576, 34.0946992], [-118.6044017, 34.0978386]]}, "properties": {"id": "122933534-3080691665-0", "highway": "residential"}}, {"type": "Feature", "geometry": {"type": "LineString", "coordinates": [[-118.6017576, 34.0946992], [-118.6019341, 34.0932361]]}, "properties": {"id": "122933534-123237504-0", "highway": "primary"}}, {"type": "Feature", "geometry": {"type": "LineString", "coordinates": [[-118.6017576, 34.0946992], [-118.6009344, 34.0962048]]}, "properties": {"id": "122933534-123204436-0", "highway": "primary"}}, {"type": "Feature", "geometry": {"type": "LineString", "coordinates": [[-118.4923463, 34.0724746], [-118.4927669, 34.0736122]]}, "properties": {"id": "122937552-122937565-0", "highway": "residential"}}, {"type": "Feature", "geometry": {"type": "LineString", "coordinates": [[-118.4927669, 34.0736122], [-118.4923463, 34.0724746]]}, "properties": {"id": "122937565-122937552-0", "highway": "residential"}}, {"type": "Feature", "geometry": {"type": "LineString", "coordinates": [[-118.4927669, 34.0736122], [-118.4935412, 34.0760755]]}, "properties": {"id": "122937565-123212599-0", "highway": "residential"}}, {"type": "Feature", "geometry": {"type": "LineString", "coordinates": [[-118.4927669, 34.0736122], [-118.4906898, 34.072112]]}, "properties": {"id": "122937565-122959810-0", "highway": "residential"}}, {"type": "Feature", "geometry": {"type": "LineString", "coordinates": [[-118.5025103, 34.0368769], [-118.5038429, 34.0380306]]}, "properties": {"id": "122937952-122685828-0", "highway": "residential"}}, {"type": "Feature", "geometry": {"type": "LineString", "coordinates": [[-118.5025103, 34.0368769], [-118.5010826, 34.0356605]]}, "properties": {"id": "122937952-122937954-0", "highway": "residential"}}, {"type": "Feature", "geometry": {"type": "LineString", "coordinates": [[-118.5025103, 34.0368769], [-118.5015834, 34.0376439]]}, "properties": {"id": "122937952-123520350-0", "highway": "residential"}}, {"type": "Feature", "geometry": {"type": "LineString", "coordinates": [[-118.5025103, 34.0368769], [-118.5034652, 34.0361244]]}, "properties": {"id": "122937952-122774855-0", "highway": "residential"}}, {"type": "Feature", "geometry": {"type": "LineString", "coordinates": [[-118.5010826, 34.0356605], [-118.4997025, 34.0344748]]}, "properties": {"id": "122937954-122937957-0", "highway": "residential"}}, {"type": "Feature", "geometry": {"type": "LineString", "coordinates": [[-118.5010826, 34.0356605], [-118.5025103, 34.0368769]]}, "properties": {"id": "122937954-122937952-0", "highway": "residential"}}, {"type": "Feature", "geometry": {"type": "LineString", "coordinates": [[-118.5010826, 34.0356605], [-118.500168, 34.0364352]]}, "properties": {"id": "122937954-123224912-0", "highway": "residential"}}, {"type": "Feature", "geometry": {"type": "LineString", "coordinates": [[-118.5010826, 34.0356605], [-118.5020317, 34.0349002]]}, "properties": {"id": "122937954-122774856-0", "highway": "residential"}}, {"type": "Feature", "geometry": {"type": "LineString", "coordinates": [[-118.4997025, 34.0344748], [-118.4981826, 34.0331745]]}, "properties": {"id": "122937957-122937960-0", "highway": "residential"}}, {"type": "Feature", "geometry": {"type": "LineString", "coordinates": [[-118.4997025, 34.0344748], [-118.5010826, 34.0356605]]}, "properties": {"id": "122937957-122937954-0", "highway": "residential"}}, {"type": "Feature", "geometry": {"type": "LineString", "coordinates": [[-118.4997025, 34.0344748], [-118.498767, 34.0352404]]}, "properties": {"id": "122937957-123257600-0", "highway": "residential"}}, {"type": "Feature", "geometry": {"type": "LineString", "coordinates": [[-118.4997025, 34.0344748], [-118.5006497, 34.0337099]]}, "properties": {"id": "122937957-122774859-0", "highway": "residential"}}, {"type": "Feature", "geometry": {"type": "LineString", "coordinates": [[-118.4981826, 34.0331745], [-118.4997025, 34.0344748]]}, "properties": {"id": "122937960-122937957-0", "highway": "residential"}}, {"type": "Feature", "geometry": {"type": "LineString", "coordinates": [[-118.4981826, 34.0331745], [-118.4961339, 34.0314276]]}, "properties": {"id": "122937960-122773779-0", "highway": "residential"}}, {"type": "Feature", "geometry": {"type": "LineString", "coordinates": [[-118.4981826, 34.0331745], [-118.4991264, 34.0324127]]}, "properties": {"id": "122937960-122774861-0", "highway": "residential"}}, {"type": "Feature", "geometry": {"type": "LineString", "coordinates": [[-118.4981826, 34.0331745], [-118.4972428, 34.0339435]]}, "properties": {"id": "122937960-123030857-0", "highway": "residential"}}, {"type": "Feature", "geometry": {"type": "LineString", "coordinates": [[-118.5303379, 34.0409176], [-118.5306064, 34.0430674]]}, "properties": {"id": "122938623-122838594-0", "highway": "residential"}}, {"type": "Feature", "geometry": {"type": "LineString", "coordinates": [[-118.5303379, 34.0409176], [-118.5312501, 34.0384942]]}, "properties": {"id": "122938623-122938643-0", "highway": "residential"}}, {"type": "Feature", "geometry": {"type": "LineString", "coordinates": [[-118.5303379, 34.0409176], [-118.5296622, 34.040443]]}, "properties": {"id": "122938623-123140494-0", "highway": "residential"}}, {"type": "Feature", "geometry": {"type": "LineString", "coordinates": [[-118.5303379, 34.0409176], [-118.5294706, 34.0428765]]}, "properties": {"id": "122938623-122838590-0", "highway": "residential"}}, {"type": "Feature", "geometry": {"type": "LineString", "coordinates": [[-118.5286368, 34.0472808], [-118.5298975, 34.045931]]}, "properties": {"id": "122938636-122648022-0", "highway": "residential"}}, {"type": "Feature", "geometry": {"type": "LineString", "coordinates": [[-118.5286368, 34.0472808], [-118.5271274, 34.0471499]]}, "properties": {"id": "122938636-123071547-0", "highway": "residential"}}, {"type": "Feature", "geometry": {"type": "LineString", "coordinates": [[-118.5286368, 34.0472808], [-118.528861, 34.0480313]]}, "properties": {"id": "122938636-122868821-0", "highway": "residential"}}, {"type": "Feature", "geometry": {"type": "LineString", "coordinates": [[-118.5286368, 34.0472808], [-118.528938, 34.0449959]]}, "properties": {"id": "122938636-122648020-0", "highway": "residential"}}, {"type": "Feature", "geometry": {"type": "LineString", "coordinates": [[-118.5312501, 34.0384942], [-118.5303317, 34.0383449]]}, "properties": {"id": "122938643-123008151-0", "highway": "residential"}}, {"type": "Feature", "geometry": {"type": "LineString", "coordinates": [[-118.5312501, 34.0384942], [-118.5303379, 34.0409176]]}, "properties": {"id": "122938643-122938623-0", "highway": "residential"}}, {"type": "Feature", "geometry": {"type": "LineString", "coordinates": [[-118.5312501, 34.0384942], [-118.5304093, 34.0391172]]}, "properties": {"id": "122938643-123125667-0", "highway": "residential"}}, {"type": "Feature", "geometry": {"type": "LineString", "coordinates": [[-118.5312501, 34.0384942], [-118.5315205, 34.0373865]]}, "properties": {"id": "122938643-123630488-0", "highway": "residential"}}, {"type": "Feature", "geometry": {"type": "LineString", "coordinates": [[-118.5181104, 34.0478239], [-118.5191162, 34.0476639]]}, "properties": {"id": "122941155-122941156-0", "highway": "residential"}}, {"type": "Feature", "geometry": {"type": "LineString", "coordinates": [[-118.5181104, 34.0478239], [-118.5168953, 34.0479995]]}, "properties": {"id": "122941155-122783173-0", "highway": "residential"}}, {"type": "Feature", "geometry": {"type": "LineString", "coordinates": [[-118.5181104, 34.0478239], [-118.518502, 34.049633]]}, "properties": {"id": "122941155-122591843-0", "highway": "residential"}}, {"type": "Feature", "geometry": {"type": "LineString", "coordinates": [[-118.5181104, 34.0478239], [-118.5177174, 34.0460238]]}, "properties": {"id": "122941155-123255140-0", "highway": "residential"}}, {"type": "Feature", "geometry": {"type": "LineString", "coordinates": [[-118.5191162, 34.0476639], [-118.520122, 34.0475084]]}, "properties": {"id": "122941156-122867876-0", "highway": "residential"}}, {"type": "Feature", "geometry": {"type": "LineString", "coordinates": [[-118.5191162, 34.0476639], [-118.5181104, 34.0478239]]}, "properties": {"id": "122941156-122941155-0", "highway": "residential"}}, {"type": "Feature", "geometry": {"type": "LineString", "coordinates": [[-118.5191162, 34.0476639], [-118.5195212, 34.049473]]}, "properties": {"id": "122941156-122591844-0", "highway": "residential"}}, {"type": "Feature", "geometry": {"type": "LineString", "coordinates": [[-118.5191162, 34.0476639], [-118.5187378, 34.0458796]]}, "properties": {"id": "122941156-123255141-0", "highway": "residential"}}, {"type": "Feature", "geometry": {"type": "LineString", "coordinates": [[-118.52113, 34.0473617], [-118.522141, 34.0472017]]}, "properties": {"id": "122941158-122941160-0", "highway": "residential"}}, {"type": "Feature", "geometry": {"type": "LineString", "coordinates": [[-118.52113, 34.0473617], [-118.520122, 34.0475084]]}, "properties": {"id": "122941158-122867876-0", "highway": "residential"}}, {"type": "Feature", "geometry": {"type": "LineString", "coordinates": [[-118.52113, 34.0473617], [-118.52073, 34.0455593]]}, "properties": {"id": "122941158-123008621-0", "highway": "residential"}}, {"type": "Feature", "geometry": {"type": "LineString", "coordinates": [[-118.52113, 34.0473617], [-118.5215369, 34.0491685]]}, "properties": {"id": "122941158-122591850-0", "highway": "residential"}}, {"type": "Feature", "geometry": {"type": "LineString", "coordinates": [[-118.522141, 34.0472017], [-118.5231368, 34.0470528]]}, "properties": {"id": "122941160-122787466-0", "highway": "residential"}}, {"type": "Feature", "geometry": {"type": "LineString", "coordinates": [[-118.522141, 34.0472017], [-118.52113, 34.0473617]]}, "properties": {"id": "122941160-122941158-0", "highway": "residential"}}, {"type": "Feature", "geometry": {"type": "LineString", "coordinates": [[-118.522141, 34.0472017], [-118.522538, 34.0490107]]}, "properties": {"id": "122941160-122591853-0", "highway": "residential"}}, {"type": "Feature", "geometry": {"type": "LineString", "coordinates": [[-118.522141, 34.0472017], [-118.521736, 34.0454082]]}, "properties": {"id": "122941160-123081679-0", "highway": "residential"}}, {"type": "Feature", "geometry": {"type": "LineString", "coordinates": [[-118.524198, 34.0468869], [-118.5231368, 34.0470528]]}, "properties": {"id": "122941162-122787466-0", "highway": "residential"}}, {"type": "Feature", "geometry": {"type": "LineString", "coordinates": [[-118.524198, 34.0468869], [-118.524091, 34.0463919]]}, "properties": {"id": "122941162-950989089-0", "highway": "tertiary"}}, {"type": "Feature", "geometry": {"type": "LineString", "coordinates": [[-118.524198, 34.0468869], [-118.5244985, 34.0482118]]}, "properties": {"id": "122941162-122767165-0", "highway": "tertiary"}}, {"type": "Feature", "geometry": {"type": "LineString", "coordinates": [[-118.6041661, 34.0845225], [-118.6044204, 34.0846093]]}, "properties": {"id": "122942168-122567152-0", "highway": "residential"}}, {"type": "Feature", "geometry": {"type": "LineString", "coordinates": [[-118.486228, 34.0594147], [-118.4868216, 34.0610159]]}, "properties": {"id": "122944662-122944664-0", "highway": "residential"}}, {"type": "Feature", "geometry": {"type": "LineString", "coordinates": [[-118.486228, 34.0594147], [-118.4856202, 34.0571875]]}, "properties": {"id": "122944662-122592440-0", "highway": "residential"}}, {"type": "Feature", "geometry": {"type": "LineString", "coordinates": [[-118.486228, 34.0594147], [-118.4886326, 34.058564]]}, "properties": {"id": "122944662-123346876-0", "highway": "residential"}}, {"type": "Feature", "geometry": {"type": "LineString", "coordinates": [[-118.486228, 34.0594147], [-118.4841728, 34.0572621]]}, "properties": {"id": "122944662-123082378-0", "highway": "residential"}}, {"type": "Feature", "geometry": {"type": "LineString", "coordinates": [[-118.4868216, 34.0610159], [-118.4872707, 34.062838]]}, "properties": {"id": "122944664-122944666-0", "highway": "residential"}}, {"type": "Feature", "geometry": {"type": "LineString", "coordinates": [[-118.4868216, 34.0610159], [-118.486228, 34.0594147]]}, "properties": {"id": "122944664-122944662-0", "highway": "residential"}}, {"type": "Feature", "geometry": {"type": "LineString", "coordinates": [[-118.4868216, 34.0610159], [-118.4889037, 34.0604216]]}, "properties": {"id": "122944664-122520969-0", "highway": "residential"}}, {"type": "Feature", "geometry": {"type": "LineString", "coordinates": [[-118.4872707, 34.062838], [-118.4874106, 34.0645522]]}, "properties": {"id": "122944666-122944669-0", "highway": "residential"}}, {"type": "Feature", "geometry": {"type": "LineString", "coordinates": [[-118.4872707, 34.062838], [-118.4868216, 34.0610159]]}, "properties": {"id": "122944666-122944664-0", "highway": "residential"}}, {"type": "Feature", "geometry": {"type": "LineString", "coordinates": [[-118.4872707, 34.062838], [-118.4886867, 34.0623419]]}, "properties": {"id": "122944666-123108820-0", "highway": "residential"}}, {"type": "Feature", "geometry": {"type": "LineString", "coordinates": [[-118.4874106, 34.0645522], [-118.487538, 34.0651694]]}, "properties": {"id": "122944669-122944671-0", "highway": "residential"}}, {"type": "Feature", "geometry": {"type": "LineString", "coordinates": [[-118.4874106, 34.0645522], [-118.4872707, 34.062838]]}, "properties": {"id": "122944669-122944666-0", "highway": "residential"}}, {"type": "Feature", "geometry": {"type": "LineString", "coordinates": [[-118.4874106, 34.0645522], [-118.4886491, 34.0641748]]}, "properties": {"id": "122944669-123204369-0", "highway": "residential"}}, {"type": "Feature", "geometry": {"type": "LineString", "coordinates": [[-118.487538, 34.0651694], [-118.4874106, 34.0645522]]}, "properties": {"id": "122944671-122944669-0", "highway": "residential"}}, {"type": "Feature", "geometry": {"type": "LineString", "coordinates": [[-118.487538, 34.0651694], [-118.4889132, 34.0660034]]}, "properties": {"id": "122944671-122944674-0", "highway": "residential"}}, {"type": "Feature", "geometry": {"type": "LineString", "coordinates": [[-118.487538, 34.0651694], [-118.4835183, 34.0600102]]}, "properties": {"id": "122944671-123414161-0", "highway": "residential"}}, {"type": "Feature", "geometry": {"type": "LineString", "coordinates": [[-118.4889132, 34.0660034], [-118.4891553, 34.0660837]]}, "properties": {"id": "122944674-9188662156-0", "highway": "residential"}}, {"type": "Feature", "geometry": {"type": "LineString", "coordinates": [[-118.4889132, 34.0660034], [-118.487538, 34.0651694]]}, "properties": {"id": "122944674-122944671-0", "highway": "residential"}}, {"type": "Feature", "geometry": {"type": "LineString", "coordinates": [[-118.4889132, 34.0660034], [-118.4886491, 34.0641748]]}, "properties": {"id": "122944674-123204369-0", "highway": "residential"}}, {"type": "Feature", "geometry": {"type": "LineString", "coordinates": [[-118.5089537, 34.0343989], [-118.5086953, 34.0329868]]}, "properties": {"id": "122948682-122948690-0", "highway": "tertiary"}}, {"type": "Feature", "geometry": {"type": "LineString", "coordinates": [[-118.5089537, 34.0343989], [-118.5084252, 34.0368307]]}, "properties": {"id": "122948682-123114027-0", "highway": "residential"}}, {"type": "Feature", "geometry": {"type": "LineString", "coordinates": [[-118.5089537, 34.0343989], [-118.5093867, 34.0343768]]}, "properties": {"id": "122948682-122948706-0", "highway": "tertiary"}}, {"type": "Feature", "geometry": {"type": "LineString", "coordinates": [[-118.5086953, 34.0329868], [-118.5089537, 34.0343989]]}, "properties": {"id": "122948690-122948682-0", "highway": "tertiary"}}, {"type": "Feature", "geometry": {"type": "LineString", "coordinates": [[-118.5086953, 34.0329868], [-118.5079784, 34.0320838]]}, "properties": {"id": "122948690-123635092-0", "highway": "tertiary"}}, {"type": "Feature", "geometry": {"type": "LineString", "coordinates": [[-118.5086953, 34.0329868], [-118.5123064, 34.030265]]}, "properties": {"id": "122948690-527732248-0", "highway": "residential"}}, {"type": "Feature", "geometry": {"type": "LineString", "coordinates": [[-118.5086953, 34.0329868], [-118.5085062, 34.0330389]]}, "properties": {"id": "122948690-7490750083-0", "highway": "residential"}}, {"type": "Feature", "geometry": {"type": "LineString", "coordinates": [[-118.5110737, 34.0323308], [-118.5116833, 34.0327954]]}, "properties": {"id": "122948701-123289400-0", "highway": "residential"}}, {"type": "Feature", "geometry": {"type": "LineString", "coordinates": [[-118.5110737, 34.0323308], [-118.5101787, 34.0338512]]}, "properties": {"id": "122948701-122948705-0", "highway": "tertiary"}}, {"type": "Feature", "geometry": {"type": "LineString", "coordinates": [[-118.5110737, 34.0323308], [-118.5124888, 34.031065]]}, "properties": {"id": "122948701-527710993-0", "highway": "tertiary"}}, {"type": "Feature", "geometry": {"type": "LineString", "coordinates": [[-118.5101787, 34.0338512], [-118.5105107, 34.0322086]]}, "properties": {"id": "122948705-7933725721-0", "highway": "residential"}}, {"type": "Feature", "geometry": {"type": "LineString", "coordinates": [[-118.5101787, 34.0338512], [-118.5093867, 34.0343768]]}, "properties": {"id": "122948705-122948706-0", "highway": "tertiary"}}, {"type": "Feature", "geometry": {"type": "LineString", "coordinates": [[-118.5101787, 34.0338512], [-118.5110737, 34.0323308]]}, "properties": {"id": "122948705-122948701-0", "highway": "tertiary"}}, {"type": "Feature", "geometry": {"type": "LineString", "coordinates": [[-118.5093867, 34.0343768], [-118.5094768, 34.0366607]]}, "properties": {"id": "122948706-123030332-0", "highway": "residential"}}, {"type": "Feature", "geometry": {"type": "LineString", "coordinates": [[-118.5093867, 34.0343768], [-118.5089537, 34.0343989]]}, "properties": {"id": "122948706-122948682-0", "highway": "tertiary"}}, {"type": "Feature", "geometry": {"type": "LineString", "coordinates": [[-118.5093867, 34.0343768], [-118.5101787, 34.0338512]]}, "properties": {"id": "122948706-122948705-0", "highway": "tertiary"}}, {"type": "Feature", "geometry": {"type": "LineString", "coordinates": [[-118.5208764, 34.0306013], [-118.5245831, 34.0326471]]}, "properties": {"id": "122950114-122745405-0", "highway": "residential"}}, {"type": "Feature", "geometry": {"type": "LineString", "coordinates": [[-118.5208764, 34.0306013], [-118.5205252, 34.0303527]]}, "properties": {"id": "122950114-122742207-0", "highway": "residential"}}, {"type": "Feature", "geometry": {"type": "LineString", "coordinates": [[-118.5208764, 34.0306013], [-118.5218567, 34.0323968]]}, "properties": {"id": "122950114-529747426-0", "highway": "residential"}}, {"type": "Feature", "geometry": {"type": "LineString", "coordinates": [[-118.5197006, 34.0544865], [-118.5208632, 34.0554463]]}, "properties": {"id": "122951816-122951818-0", "highway": "residential"}}, {"type": "Feature", "geometry": {"type": "LineString", "coordinates": [[-118.5197006, 34.0544865], [-118.5178508, 34.0530384]]}, "properties": {"id": "122951816-1614344235-0", "highway": "residential"}}, {"type": "Feature", "geometry": {"type": "LineString", "coordinates": [[-118.5197006, 34.0544865], [-118.5189428, 34.0524161]]}, "properties": {"id": "122951816-122783181-0", "highway": "residential"}}, {"type": "Feature", "geometry": {"type": "LineString", "coordinates": [[-118.5208632, 34.0554463], [-118.5214555, 34.0564472]]}, "properties": {"id": "122951818-11263734662-0", "highway": "residential"}}, {"type": "Feature", "geometry": {"type": "LineString", "coordinates": [[-118.5208632, 34.0554463], [-118.5197006, 34.0544865]]}, "properties": {"id": "122951818-122951816-0", "highway": "residential"}}, {"type": "Feature", "geometry": {"type": "LineString", "coordinates": [[-118.5208632, 34.0554463], [-118.5189005, 34.055478]]}, "properties": {"id": "122951818-247080915-0", "highway": "residential"}}, {"type": "Feature", "geometry": {"type": "LineString", "coordinates": [[-118.6009967, 34.0941822], [-118.6013634, 34.0929924]]}, "properties": {"id": "122952497-122952517-0", "highway": "residential"}}, {"type": "Feature", "geometry": {"type": "LineString", "coordinates": [[-118.6009967, 34.0941822], [-118.6008215, 34.0938149]]}, "properties": {"id": "122952497-4893139274-0", "highway": "residential"}}, {"type": "Feature", "geometry": {"type": "LineString", "coordinates": [[-118.6009967, 34.0941822], [-118.6019341, 34.0932361]]}, "properties": {"id": "122952497-123237504-0", "highway": "residential"}}, {"type": "Feature", "geometry": {"type": "LineString", "coordinates": [[-118.6013634, 34.0929924], [-118.6009967, 34.0941822]]}, "properties": {"id": "122952517-122952497-0", "highway": "residential"}}, {"type": "Feature", "geometry": {"type": "LineString", "coordinates": [[-118.5454418, 34.0583042], [-118.5458541, 34.0588821]]}, "properties": {"id": "122954051-122954053-0", "highway": "residential"}}, {"type": "Feature", "geometry": {"type": "LineString", "coordinates": [[-118.5454418, 34.0583042], [-118.5468495, 34.0549681]]}, "properties": {"id": "122954051-122954077-0", "highway": "residential"}}, {"type": "Feature", "geometry": {"type": "LineString", "coordinates": [[-118.5454418, 34.0583042], [-118.5449887, 34.0557492]]}, "properties": {"id": "122954051-123120781-0", "highway": "residential"}}, {"type": "Feature", "geometry": {"type": "LineString", "coordinates": [[-118.5458541, 34.0588821], [-118.5469556, 34.0591696]]}, "properties": {"id": "122954053-122954059-0", "highway": "residential"}}, {"type": "Feature", "geometry": {"type": "LineString", "coordinates": [[-118.5458541, 34.0588821], [-118.5454418, 34.0583042]]}, "properties": {"id": "122954053-122954051-0", "highway": "residential"}}, {"type": "Feature", "geometry": {"type": "LineString", "coordinates": [[-118.5458541, 34.0588821], [-118.5483202, 34.0577659]]}, "properties": {"id": "122954053-122556576-0", "highway": "residential"}}, {"type": "Feature", "geometry": {"type": "LineString", "coordinates": [[-118.5469556, 34.0591696], [-118.5473786, 34.0589558]]}, "properties": {"id": "122954059-122954062-0", "highway": "residential"}}, {"type": "Feature", "geometry": {"type": "LineString", "coordinates": [[-118.5469556, 34.0591696], [-118.5458541, 34.0588821]]}, "properties": {"id": "122954059-122954053-0", "highway": "residential"}}, {"type": "Feature", "geometry": {"type": "LineString", "coordinates": [[-118.5469556, 34.0591696], [-118.5462826, 34.0613545]]}, "properties": {"id": "122954059-123063657-0", "highway": "residential"}}, {"type": "Feature", "geometry": {"type": "LineString", "coordinates": [[-118.5473786, 34.0589558], [-118.5469556, 34.0591696]]}, "properties": {"id": "122954062-122954059-0", "highway": "residential"}}, {"type": "Feature", "geometry": {"type": "LineString", "coordinates": [[-118.5473786, 34.0589558], [-118.550089, 34.061079]]}, "properties": {"id": "122954062-122954068-0", "highway": "residential"}}, {"type": "Feature", "geometry": {"type": "LineString", "coordinates": [[-118.5473786, 34.0589558], [-118.5484629, 34.0604105]]}, "properties": {"id": "122954062-123158194-0", "highway": "residential"}}, {"type": "Feature", "geometry": {"type": "LineString", "coordinates": [[-118.550089, 34.061079], [-118.5498932, 34.0628274]]}, "properties": {"id": "122954068-122629375-0", "highway": "residential"}}, {"type": "Feature", "geometry": {"type": "LineString", "coordinates": [[-118.550089, 34.061079], [-118.5473786, 34.0589558]]}, "properties": {"id": "122954068-122954062-0", "highway": "residential"}}, {"type": "Feature", "geometry": {"type": "LineString", "coordinates": [[-118.550089, 34.061079], [-118.5516434, 34.0615205]]}, "properties": {"id": "122954068-123150792-0", "highway": "residential"}}, {"type": "Feature", "geometry": {"type": "LineString", "coordinates": [[-118.5447472, 34.0532853], [-118.5457086, 34.0528728]]}, "properties": {"id": "122954074-123497181-0", "highway": "residential"}}, {"type": "Feature", "geometry": {"type": "LineString", "coordinates": [[-118.5447472, 34.0532853], [-118.5443214, 34.0534613]]}, "properties": {"id": "122954074-123787542-0", "highway": "residential"}}, {"type": "Feature", "geometry": {"type": "LineString", "coordinates": [[-118.5447472, 34.0532853], [-118.5458464, 34.0540652]]}, "properties": {"id": "122954074-122954075-0", "highway": "residential"}}, {"type": "Feature", "geometry": {"type": "LineString", "coordinates": [[-118.5447472, 34.0532853], [-118.545624, 34.0498641]]}, "properties": {"id": "122954074-122954088-0", "highway": "residential"}}, {"type": "Feature", "geometry": {"type": "LineString", "coordinates": [[-118.5458464, 34.0540652], [-118.5468495, 34.0549681]]}, "properties": {"id": "122954075-122954077-0", "highway": "residential"}}, {"type": "Feature", "geometry": {"type": "LineString", "coordinates": [[-118.5458464, 34.0540652], [-118.5447472, 34.0532853]]}, "properties": {"id": "122954075-122954074-0", "highway": "residential"}}, {"type": "Feature", "geometry": {"type": "LineString", "coordinates": [[-118.5458464, 34.0540652], [-118.5463566, 34.0549737]]}, "properties": {"id": "122954075-122995244-0", "highway": "residential"}}, {"type": "Feature", "geometry": {"type": "LineString", "coordinates": [[-118.5468495, 34.0549681], [-118.5454418, 34.0583042]]}, "properties": {"id": "122954077-122954051-0", "highway": "residential"}}, {"type": "Feature", "geometry": {"type": "LineString", "coordinates": [[-118.5468495, 34.0549681], [-118.5458464, 34.0540652]]}, "properties": {"id": "122954077-122954075-0", "highway": "residential"}}, {"type": "Feature", "geometry": {"type": "LineString", "coordinates": [[-118.5468495, 34.0549681], [-118.5457086, 34.0528728]]}, "properties": {"id": "122954077-123497181-0", "highway": "residential"}}, {"type": "Feature", "geometry": {"type": "LineString", "coordinates": [[-118.545624, 34.0498641], [-118.546193, 34.0487801]]}, "properties": {"id": "122954088-122851040-0", "highway": "residential"}}, {"type": "Feature", "geometry": {"type": "LineString", "coordinates": [[-118.545624, 34.0498641], [-118.5447472, 34.0532853]]}, "properties": {"id": "122954088-122954074-0", "highway": "residential"}}, {"type": "Feature", "geometry": {"type": "LineString", "coordinates": [[-118.545624, 34.0498641], [-118.5435355, 34.050481]]}, "properties": {"id": "122954088-123656111-0", "highway": "residential"}}, {"type": "Feature", "geometry": {"type": "LineString", "coordinates": [[-118.5918029, 34.1054568], [-118.5893665, 34.1040018]]}, "properties": {"id": "122954278-122777933-0", "highway": "residential"}}, {"type": "Feature", "geometry": {"type": "LineString", "coordinates": [[-118.5918029, 34.1054568], [-118.5920956, 34.1048018]]}, "properties": {"id": "122954278-122777876-0", "highway": "primary"}}, {"type": "Feature", "geometry": {"type": "LineString", "coordinates": [[-118.4906898, 34.072112], [-118.4920888, 34.07133]]}, "properties": {"id": "122959810-122959832-0", "highway": "residential"}}, {"type": "Feature", "geometry": {"type": "LineString", "coordinates": [[-118.4906898, 34.072112], [-118.4927669, 34.0736122]]}, "properties": {"id": "122959810-122937565-0", "highway": "residential"}}, {"type": "Feature", "geometry": {"type": "LineString", "coordinates": [[-118.4906898, 34.072112], [-118.4897612, 34.0730777]]}, "properties": {"id": "122959810-123357745-0", "highway": "residential"}}, {"type": "Feature", "geometry": {"type": "LineString", "coordinates": [[-118.4920888, 34.07133], [-118.4906898, 34.072112]]}, "properties": {"id": "122959832-122959810-0", "highway": "residential"}}, {"type": "Feature", "geometry": {"type": "LineString", "coordinates": [[-118.4967362, 34.0571688], [-118.4960292, 34.057409]]}, "properties": {"id": "122964676-122964693-0", "highway": "residential"}}, {"type": "Feature", "geometry": {"type": "LineString", "coordinates": [[-118.4960292, 34.057409], [-118.4967362, 34.0571688]]}, "properties": {"id": "122964693-122964676-0", "highway": "residential"}}, {"type": "Feature", "geometry": {"type": "LineString", "coordinates": [[-118.4960292, 34.057409], [-118.4973701, 34.0554608]]}, "properties": {"id": "122964693-122923364-0", "highway": "secondary"}}, {"type": "Feature", "geometry": {"type": "LineString", "coordinates": [[-118.4960292, 34.057409], [-118.4953844, 34.0602356]]}, "properties": {"id": "122964693-123082461-0", "highway": "secondary"}}, {"type": "Feature", "geometry": {"type": "LineString", "coordinates": [[-118.5064655, 34.0801648], [-118.5072774, 34.0813347]]}, "properties": {"id": "122965661-123350362-0", "highway": "residential"}}, {"type": "Feature", "geometry": {"type": "LineString", "coordinates": [[-118.5064655, 34.0801648], [-118.5069725, 34.0797982]]}, "properties": {"id": "122965661-634399257-0", "highway": "residential"}}, {"type": "Feature", "geometry": {"type": "LineString", "coordinates": [[-118.5064655, 34.0801648], [-118.5063641, 34.0786008]]}, "properties": {"id": "122965661-123350360-0", "highway": "residential"}}, {"type": "Feature", "geometry": {"type": "LineString", "coordinates": [[-118.513206, 34.0391565], [-118.513206, 34.0391565]]}, "properties": {"id": "122972293-122972293-0", "highway": "residential"}}, {"type": "Feature", "geometry": {"type": "LineString", "coordinates": [[-118.513206, 34.0391565], [-118.513206, 34.0391565]]}, "properties": {"id": "122972293-122972293-1", "highway": "residential"}}, {"type": "Feature", "geometry": {"type": "LineString", "coordinates": [[-118.513206, 34.0391565], [-118.5143647, 34.0377909]]}, "properties": {"id": "122972293-122798587-0", "highway": "residential"}}, {"type": "Feature", "geometry": {"type": "LineString", "coordinates": [[-118.50618, 34.0362272], [-118.5064225, 34.0354593]]}, "properties": {"id": "122973311-122887149-0", "highway": "secondary"}}, {"type": "Feature", "geometry": {"type": "LineString", "coordinates": [[-118.50618, 34.0362272], [-118.507211, 34.036831]]}, "properties": {"id": "122973311-526343059-0", "highway": "residential"}}, {"type": "Feature", "geometry": {"type": "LineString", "coordinates": [[-118.547288, 34.0756706], [-118.5472881, 34.075747]]}, "properties": {"id": "122973794-540349379-0", "highway": "residential"}}, {"type": "Feature", "geometry": {"type": "LineString", "coordinates": [[-118.547288, 34.0756706], [-118.5472623, 34.0755699]]}, "properties": {"id": "122973794-540372385-0", "highway": "residential"}}, {"type": "Feature", "geometry": {"type": "LineString", "coordinates": [[-118.547288, 34.0756706], [-118.5465445, 34.0758403]]}, "properties": {"id": "122973794-540349509-0", "highway": "residential"}}, {"type": "Feature", "geometry": {"type": "LineString", "coordinates": [[-118.5721017, 34.0446695], [-118.5709054, 34.0465786]]}, "properties": {"id": "122978861-122627379-0", "highway": "residential"}}, {"type": "Feature", "geometry": {"type": "LineString", "coordinates": [[-118.5721017, 34.0446695], [-118.5696834, 34.0452909]]}, "properties": {"id": "122978861-122627381-0", "highway": "residential"}}, {"type": "Feature", "geometry": {"type": "LineString", "coordinates": [[-118.5721017, 34.0446695], [-118.573188, 34.044554]]}, "properties": {"id": "122978861-620054588-0", "highway": "residential"}}, {"type": "Feature", "geometry": {"type": "LineString", "coordinates": [[-118.5893313, 34.1047693], [-118.5893329, 34.1046099]]}, "properties": {"id": "122981199-122726693-0", "highway": "residential"}}, {"type": "Feature", "geometry": {"type": "LineString", "coordinates": [[-118.5619984, 34.0715769], [-118.5619045, 34.0720368]]}, "properties": {"id": "122983464-122719902-0", "highway": "residential"}}, {"type": "Feature", "geometry": {"type": "LineString", "coordinates": [[-118.5387064, 34.0376987], [-118.5381585, 34.0386228]]}, "properties": {"id": "122985739-122985741-0", "highway": "residential"}}, {"type": "Feature", "geometry": {"type": "LineString", "coordinates": [[-118.5387064, 34.0376987], [-118.5384778, 34.0388601]]}, "properties": {"id": "122985739-123526092-0", "highway": "residential"}}, {"type": "Feature", "geometry": {"type": "LineString", "coordinates": [[-118.5387064, 34.0376987], [-118.5383545, 34.0376347]]}, "properties": {"id": "122985739-122743724-0", "highway": "residential"}}, {"type": "Feature", "geometry": {"type": "LineString", "coordinates": [[-118.5381585, 34.0386228], [-118.5387064, 34.0376987]]}, "properties": {"id": "122985741-122985739-0", "highway": "residential"}}, {"type": "Feature", "geometry": {"type": "LineString", "coordinates": [[-118.5381585, 34.0386228], [-118.537924, 34.038367]]}, "properties": {"id": "122985741-123779936-0", "highway": "residential"}}, {"type": "Feature", "geometry": {"type": "LineString", "coordinates": [[-118.5381585, 34.0386228], [-118.5384778, 34.0388601]]}, "properties": {"id": "122985741-123526092-0", "highway": "residential"}}, {"type": "Feature", "geometry": {"type": "LineString", "coordinates": [[-118.4984203, 34.038112], [-118.4965812, 34.0365337]]}, "properties": {"id": "122990187-122990190-0", "highway": "residential"}}, {"type": "Feature", "geometry": {"type": "LineString", "coordinates": [[-118.4984203, 34.038112], [-118.5011081, 34.0404041]]}, "properties": {"id": "122990187-122685834-0", "highway": "residential"}}, {"type": "Feature", "geometry": {"type": "LineString", "coordinates": [[-118.4984203, 34.038112], [-118.4974974, 34.0389027]]}, "properties": {"id": "122990187-123224915-0", "highway": "residential"}}, {"type": "Feature", "geometry": {"type": "LineString", "coordinates": [[-118.4984203, 34.038112], [-118.4992316, 34.0372223]]}, "properties": {"id": "122990187-122614790-0", "highway": "residential"}}, {"type": "Feature", "geometry": {"type": "LineString", "coordinates": [[-118.4965812, 34.0365337], [-118.4948359, 34.0350391]]}, "properties": {"id": "122990190-122990191-0", "highway": "residential"}}, {"type": "Feature", "geometry": {"type": "LineString", "coordinates": [[-118.4965812, 34.0365337], [-118.4984203, 34.038112]]}, "properties": {"id": "122990190-122990187-0", "highway": "residential"}}, {"type": "Feature", "geometry": {"type": "LineString", "coordinates": [[-118.4965812, 34.0365337], [-118.4955566, 34.0372332]]}, "properties": {"id": "122990190-123257603-0", "highway": "residential"}}, {"type": "Feature", "geometry": {"type": "LineString", "coordinates": [[-118.4965812, 34.0365337], [-118.497745, 34.0359472]]}, "properties": {"id": "122990190-9890849405-0", "highway": "residential"}}, {"type": "Feature", "geometry": {"type": "LineString", "coordinates": [[-118.4948359, 34.0350391], [-118.4965812, 34.0365337]]}, "properties": {"id": "122990191-122990190-0", "highway": "residential"}}, {"type": "Feature", "geometry": {"type": "LineString", "coordinates": [[-118.4948359, 34.0350391], [-118.493305, 34.0337308]]}, "properties": {"id": "122990191-122773775-0", "highway": "residential"}}, {"type": "Feature", "geometry": {"type": "LineString", "coordinates": [[-118.4948359, 34.0350391], [-118.4961714, 34.0346029]]}, "properties": {"id": "122990191-122614797-0", "highway": "residential"}}, {"type": "Feature", "geometry": {"type": "LineString", "coordinates": [[-118.4948359, 34.0350391], [-118.4937658, 34.0356971]]}, "properties": {"id": "122990191-123030858-0", "highway": "residential"}}, {"type": "Feature", "geometry": {"type": "LineString", "coordinates": [[-118.5463566, 34.0549737], [-118.544632, 34.0546337]]}, "properties": {"id": "122995244-1085885949-0", "highway": "residential"}}, {"type": "Feature", "geometry": {"type": "LineString", "coordinates": [[-118.5463566, 34.0549737], [-118.5449887, 34.0557492]]}, "properties": {"id": "122995244-123120781-0", "highway": "residential"}}, {"type": "Feature", "geometry": {"type": "LineString", "coordinates": [[-118.5463566, 34.0549737], [-118.5458464, 34.0540652]]}, "properties": {"id": "122995244-122954075-0", "highway": "residential"}}, {"type": "Feature", "geometry": {"type": "LineString", "coordinates": [[-118.5636721, 34.0735298], [-118.5632215, 34.0737053]]}, "properties": {"id": "122996362-122719912-0", "highway": "residential"}}, {"type": "Feature", "geometry": {"type": "LineString", "coordinates": [[-118.5153036, 34.0303228], [-118.5152997, 34.0301815]]}, "properties": {"id": "122997787-527724177-0", "highway": "residential"}}, {"type": "Feature", "geometry": {"type": "LineString", "coordinates": [[-118.5153036, 34.0303228], [-118.5153226, 34.0307387]]}, "properties": {"id": "122997787-122902137-0", "highway": "residential"}}, {"type": "Feature", "geometry": {"type": "LineString", "coordinates": [[-118.5153036, 34.0303228], [-118.5158439, 34.0302329]]}, "properties": {"id": "122997787-527718643-0", "highway": "tertiary"}}, {"type": "Feature", "geometry": {"type": "LineString", "coordinates": [[-118.5148109, 34.0304214], [-118.5130055, 34.03114]]}, "properties": {"id": "122997788-527710883-0", "highway": "residential"}}, {"type": "Feature", "geometry": {"type": "LineString", "coordinates": [[-118.5148109, 34.0304214], [-118.5153036, 34.0303228]]}, "properties": {"id": "122997788-122997787-0", "highway": "tertiary"}}, {"type": "Feature", "geometry": {"type": "LineString", "coordinates": [[-118.5134586, 34.0307622], [-118.5148109, 34.0304214]]}, "properties": {"id": "122997790-122997788-0", "highway": "tertiary"}}, {"type": "Feature", "geometry": {"type": "LineString", "coordinates": [[-118.5512792, 34.0728748], [-118.55182, 34.0720359]]}, "properties": {"id": "123001145-123001148-0", "highway": "residential"}}, {"type": "Feature", "geometry": {"type": "LineString", "coordinates": [[-118.5512792, 34.0728748], [-118.5521374, 34.0733384]]}, "properties": {"id": "123001145-123129667-0", "highway": "tertiary"}}, {"type": "Feature", "geometry": {"type": "LineString", "coordinates": [[-118.5512792, 34.0728748], [-118.5495796, 34.0717601]]}, "properties": {"id": "123001145-123461584-0", "highway": "['residential', 'tertiary']"}}, {"type": "Feature", "geometry": {"type": "LineString", "coordinates": [[-118.55182, 34.0720359], [-118.5512792, 34.0728748]]}, "properties": {"id": "123001148-123001145-0", "highway": "residential"}}, {"type": "Feature", "geometry": {"type": "LineString", "coordinates": [[-118.55182, 34.0720359], [-118.5516912, 34.0709481]]}, "properties": {"id": "123001148-123001156-0", "highway": "residential"}}, {"type": "Feature", "geometry": {"type": "LineString", "coordinates": [[-118.55182, 34.0720359], [-118.5523092, 34.0724625]]}, "properties": {"id": "123001148-540339315-0", "highway": "residential"}}, {"type": "Feature", "geometry": {"type": "LineString", "coordinates": [[-118.5516912, 34.0709481], [-118.5515882, 34.0678411]]}, "properties": {"id": "123001156-123001160-0", "highway": "residential"}}, {"type": "Feature", "geometry": {"type": "LineString", "coordinates": [[-118.5516912, 34.0709481], [-118.55182, 34.0720359]]}, "properties": {"id": "123001156-123001148-0", "highway": "residential"}}, {"type": "Feature", "geometry": {"type": "LineString", "coordinates": [[-118.5516912, 34.0709481], [-118.5505067, 34.0718581]]}, "properties": {"id": "123001156-540339292-0", "highway": "residential"}}, {"type": "Feature", "geometry": {"type": "LineString", "coordinates": [[-118.5515882, 34.0678411], [-118.5513393, 34.0674643]]}, "properties": {"id": "123001160-540338961-0", "highway": "residential"}}, {"type": "Feature", "geometry": {"type": "LineString", "coordinates": [[-118.5515882, 34.0678411], [-118.5516912, 34.0709481]]}, "properties": {"id": "123001160-123001156-0", "highway": "residential"}}, {"type": "Feature", "geometry": {"type": "LineString", "coordinates": [[-118.5515882, 34.0678411], [-118.5538825, 34.0700382]]}, "properties": {"id": "123001160-123262816-0", "highway": "residential"}}, {"type": "Feature", "geometry": {"type": "LineString", "coordinates": [[-118.6047197, 34.0711668], [-118.6018104, 34.0710643]]}, "properties": {"id": "123001426-122765869-0", "highway": "residential"}}, {"type": "Feature", "geometry": {"type": "LineString", "coordinates": [[-118.5894654, 34.0394566], [-118.5971031, 34.0395568]]}, "properties": {"id": "123002175-123095511-0", "highway": "trunk"}}, {"type": "Feature", "geometry": {"type": "LineString", "coordinates": [[-118.5894654, 34.0394566], [-118.5855612, 34.0388054]]}, "properties": {"id": "123002175-123307754-0", "highway": "trunk"}}, {"type": "Feature", "geometry": {"type": "LineString", "coordinates": [[-118.5894654, 34.0394566], [-118.5892625, 34.0397967]]}, "properties": {"id": "123002175-8900365283-0", "highway": "tertiary"}}, {"type": "Feature", "geometry": {"type": "LineString", "coordinates": [[-118.4895256, 34.0526905], [-118.488755, 34.0510399]]}, "properties": {"id": "123003131-123466159-0", "highway": "residential"}}, {"type": "Feature", "geometry": {"type": "LineString", "coordinates": [[-118.4895256, 34.0526905], [-118.4905001, 34.0543637]]}, "properties": {"id": "123003131-123403327-0", "highway": "residential"}}, {"type": "Feature", "geometry": {"type": "LineString", "coordinates": [[-118.4895256, 34.0526905], [-118.4906398, 34.0523217]]}, "properties": {"id": "123003131-123003134-0", "highway": "residential"}}, {"type": "Feature", "geometry": {"type": "LineString", "coordinates": [[-118.4906398, 34.0523217], [-118.4915748, 34.0539917]]}, "properties": {"id": "123003134-123229039-0", "highway": "residential"}}, {"type": "Feature", "geometry": {"type": "LineString", "coordinates": [[-118.4906398, 34.0523217], [-118.4899467, 34.0506676]]}, "properties": {"id": "123003134-123229040-0", "highway": "residential"}}, {"type": "Feature", "geometry": {"type": "LineString", "coordinates": [[-118.4906398, 34.0523217], [-118.491366, 34.0520203]]}, "properties": {"id": "123003134-12488627062-0", "highway": "residential"}}, {"type": "Feature", "geometry": {"type": "LineString", "coordinates": [[-118.4917437, 34.0517067], [-118.4909788, 34.0502511]]}, "properties": {"id": "123003137-123475032-0", "highway": "residential"}}, {"type": "Feature", "geometry": {"type": "LineString", "coordinates": [[-118.4917437, 34.0517067], [-118.4917352, 34.0518236]]}, "properties": {"id": "123003137-12488627021-0", "highway": "residential"}}, {"type": "Feature", "geometry": {"type": "LineString", "coordinates": [[-118.4929827, 34.0512772], [-118.4924909, 34.0515291]]}, "properties": {"id": "123003141-12488627030-0", "highway": "residential"}}, {"type": "Feature", "geometry": {"type": "LineString", "coordinates": [[-118.4929827, 34.0512772], [-118.4920603, 34.049796]]}, "properties": {"id": "123003141-123051948-0", "highway": "residential"}}, {"type": "Feature", "geometry": {"type": "LineString", "coordinates": [[-118.4929827, 34.0512772], [-118.4932304, 34.0512881]]}, "properties": {"id": "123003141-122604568-0", "highway": "residential"}}, {"type": "Feature", "geometry": {"type": "LineString", "coordinates": [[-118.604261, 34.075383], [-118.6042144, 34.075542]]}, "properties": {"id": "123004960-123004963-0", "highway": "residential"}}, {"type": "Feature", "geometry": {"type": "LineString", "coordinates": [[-118.6042144, 34.075542], [-118.6027706, 34.0763416]]}, "properties": {"id": "123004963-123004983-0", "highway": "residential"}}, {"type": "Feature", "geometry": {"type": "LineString", "coordinates": [[-118.6042144, 34.075542], [-118.604261, 34.075383]]}, "properties": {"id": "123004963-123004960-0", "highway": "residential"}}, {"type": "Feature", "geometry": {"type": "LineString", "coordinates": [[-118.6042144, 34.075542], [-118.603116, 34.0744933]]}, "properties": {"id": "123004963-123019774-0", "highway": "residential"}}, {"type": "Feature", "geometry": {"type": "LineString", "coordinates": [[-118.6027706, 34.0763416], [-118.6042144, 34.075542]]}, "properties": {"id": "123004983-123004963-0", "highway": "residential"}}, {"type": "Feature", "geometry": {"type": "LineString", "coordinates": [[-118.6027706, 34.0763416], [-118.597946, 34.0797342]]}, "properties": {"id": "123004983-123262452-0", "highway": "residential"}}, {"type": "Feature", "geometry": {"type": "LineString", "coordinates": [[-118.5109679, 34.0337965], [-118.5118908, 34.0342398]]}, "properties": {"id": "123004992-123072273-0", "highway": "residential"}}, {"type": "Feature", "geometry": {"type": "LineString", "coordinates": [[-118.5109679, 34.0337965], [-118.5105437, 34.036807]]}, "properties": {"id": "123004992-123004995-0", "highway": "residential"}}, {"type": "Feature", "geometry": {"type": "LineString", "coordinates": [[-118.5109679, 34.0337965], [-118.5107224, 34.0335567]]}, "properties": {"id": "123004992-123072270-0", "highway": "residential"}}, {"type": "Feature", "geometry": {"type": "LineString", "coordinates": [[-118.5105437, 34.036807], [-118.5109679, 34.0337965]]}, "properties": {"id": "123004995-123004992-0", "highway": "residential"}}, {"type": "Feature", "geometry": {"type": "LineString", "coordinates": [[-118.5105437, 34.036807], [-118.5106654, 34.0376842]]}, "properties": {"id": "123004995-123179581-0", "highway": "residential"}}, {"type": "Feature", "geometry": {"type": "LineString", "coordinates": [[-118.5105437, 34.036807], [-118.5118908, 34.0342398]]}, "properties": {"id": "123004995-123072273-0", "highway": "residential"}}, {"type": "Feature", "geometry": {"type": "LineString", "coordinates": [[-118.5346236, 34.0386332], [-118.536168, 34.0390474]]}, "properties": {"id": "123006074-122614335-0", "highway": "residential"}}, {"type": "Feature", "geometry": {"type": "LineString", "coordinates": [[-118.5956628, 34.0997889], [-118.5957315, 34.0998338]]}, "properties": {"id": "123007252-11680840873-0", "highway": "residential"}}, {"type": "Feature", "geometry": {"type": "LineString", "coordinates": [[-118.5956628, 34.0997889], [-118.5962052, 34.0994237]]}, "properties": {"id": "123007252-6919525512-0", "highway": "residential"}}, {"type": "Feature", "geometry": {"type": "LineString", "coordinates": [[-118.5956628, 34.0997889], [-118.5933834, 34.0999095]]}, "properties": {"id": "123007252-123136599-0", "highway": "residential"}}, {"type": "Feature", "geometry": {"type": "LineString", "coordinates": [[-118.5540112, 34.0419138], [-118.555237, 34.0423462]]}, "properties": {"id": "123007542-122569559-0", "highway": "unclassified"}}, {"type": "Feature", "geometry": {"type": "LineString", "coordinates": [[-118.5540112, 34.0419138], [-118.5539195, 34.0426554]]}, "properties": {"id": "123007542-534381974-0", "highway": "secondary"}}, {"type": "Feature", "geometry": {"type": "LineString", "coordinates": [[-118.5540112, 34.0419138], [-118.5546741, 34.0395336]]}, "properties": {"id": "123007542-6032171753-0", "highway": "secondary"}}, {"type": "Feature", "geometry": {"type": "LineString", "coordinates": [[-118.528263, 34.037975], [-118.5293704, 34.0381742]]}, "properties": {"id": "123008146-123008149-0", "highway": "residential"}}, {"type": "Feature", "geometry": {"type": "LineString", "coordinates": [[-118.528263, 34.037975], [-118.5271474, 34.0377901]]}, "properties": {"id": "123008146-122518649-0", "highway": "residential"}}, {"type": "Feature", "geometry": {"type": "LineString", "coordinates": [[-118.528263, 34.037975], [-118.527705, 34.040123]]}, "properties": {"id": "123008146-12984911614-0", "highway": "residential"}}, {"type": "Feature", "geometry": {"type": "LineString", "coordinates": [[-118.528263, 34.037975], [-118.5285293, 34.0368655]]}, "properties": {"id": "123008146-123630486-0", "highway": "residential"}}, {"type": "Feature", "geometry": {"type": "LineString", "coordinates": [[-118.5293704, 34.0381742], [-118.5303317, 34.0383449]]}, "properties": {"id": "123008149-123008151-0", "highway": "residential"}}, {"type": "Feature", "geometry": {"type": "LineString", "coordinates": [[-118.5293704, 34.0381742], [-118.5288297, 34.0402865]]}, "properties": {"id": "123008149-123071545-0", "highway": "tertiary"}}, {"type": "Feature", "geometry": {"type": "LineString", "coordinates": [[-118.5293704, 34.0381742], [-118.5296365, 34.0370504]]}, "properties": {"id": "123008149-123071543-0", "highway": "tertiary"}}, {"type": "Feature", "geometry": {"type": "LineString", "coordinates": [[-118.5293704, 34.0381742], [-118.528263, 34.037975]]}, "properties": {"id": "123008149-123008146-0", "highway": "residential"}}, {"type": "Feature", "geometry": {"type": "LineString", "coordinates": [[-118.5303317, 34.0383449], [-118.5306235, 34.0372211]]}, "properties": {"id": "123008151-123125664-0", "highway": "residential"}}, {"type": "Feature", "geometry": {"type": "LineString", "coordinates": [[-118.5303317, 34.0383449], [-118.5312501, 34.0384942]]}, "properties": {"id": "123008151-122938643-0", "highway": "residential"}}, {"type": "Feature", "geometry": {"type": "LineString", "coordinates": [[-118.5303317, 34.0383449], [-118.5293704, 34.0381742]]}, "properties": {"id": "123008151-123008149-0", "highway": "residential"}}, {"type": "Feature", "geometry": {"type": "LineString", "coordinates": [[-118.5303317, 34.0383449], [-118.5304093, 34.0391172]]}, "properties": {"id": "123008151-123125667-0", "highway": "residential"}}, {"type": "Feature", "geometry": {"type": "LineString", "coordinates": [[-118.5202266, 34.0432435], [-118.5192329, 34.0433939]]}, "properties": {"id": "123008620-122867873-0", "highway": "residential"}}, {"type": "Feature", "geometry": {"type": "LineString", "coordinates": [[-118.5202266, 34.0432435], [-118.52073, 34.0455593]]}, "properties": {"id": "123008620-123008621-0", "highway": "residential"}}, {"type": "Feature", "geometry": {"type": "LineString", "coordinates": [[-118.5202266, 34.0432435], [-118.5205327, 34.0430099]]}, "properties": {"id": "123008620-123082638-0", "highway": "residential"}}, {"type": "Feature", "geometry": {"type": "LineString", "coordinates": [[-118.52073, 34.0455593], [-118.52113, 34.0473617]]}, "properties": {"id": "123008621-122941158-0", "highway": "residential"}}, {"type": "Feature", "geometry": {"type": "LineString", "coordinates": [[-118.52073, 34.0455593], [-118.521736, 34.0454082]]}, "properties": {"id": "123008621-123081679-0", "highway": "residential"}}, {"type": "Feature", "geometry": {"type": "LineString", "coordinates": [[-118.52073, 34.0455593], [-118.519733, 34.0457171]]}, "properties": {"id": "123008621-122867875-0", "highway": "residential"}}, {"type": "Feature", "geometry": {"type": "LineString", "coordinates": [[-118.52073, 34.0455593], [-118.5202266, 34.0432435]]}, "properties": {"id": "123008621-123008620-0", "highway": "residential"}}, {"type": "Feature", "geometry": {"type": "LineString", "coordinates": [[-118.5220455, 34.0515109], [-118.5215369, 34.0491685]]}, "properties": {"id": "123008624-122591850-0", "highway": "residential"}}, {"type": "Feature", "geometry": {"type": "LineString", "coordinates": [[-118.5220455, 34.0515109], [-118.5209535, 34.0513297]]}, "properties": {"id": "123008624-122867878-0", "highway": "residential"}}, {"type": "Feature", "geometry": {"type": "LineString", "coordinates": [[-118.5220455, 34.0515109], [-118.5231093, 34.0515909]]}, "properties": {"id": "123008624-123081680-0", "highway": "residential"}}, {"type": "Feature", "geometry": {"type": "LineString", "coordinates": [[-118.603116, 34.0744933], [-118.604661, 34.0732877]]}, "properties": {"id": "123019774-122628125-0", "highway": "residential"}}, {"type": "Feature", "geometry": {"type": "LineString", "coordinates": [[-118.603116, 34.0744933], [-118.6004646, 34.0750149]]}, "properties": {"id": "123019774-122787364-0", "highway": "residential"}}, {"type": "Feature", "geometry": {"type": "LineString", "coordinates": [[-118.603116, 34.0744933], [-118.6042144, 34.075542]]}, "properties": {"id": "123019774-123004963-0", "highway": "residential"}}, {"type": "Feature", "geometry": {"type": "LineString", "coordinates": [[-118.561293, 34.0706748], [-118.561411, 34.0710237]]}, "properties": {"id": "123019903-123019904-0", "highway": "residential"}}, {"type": "Feature", "geometry": {"type": "LineString", "coordinates": [[-118.561293, 34.0706748], [-118.561667, 34.0704828]]}, "properties": {"id": "123019903-540840355-0", "highway": "residential"}}, {"type": "Feature", "geometry": {"type": "LineString", "coordinates": [[-118.561293, 34.0706748], [-118.5607378, 34.0705104]]}, "properties": {"id": "123019903-123534029-0", "highway": "residential"}}, {"type": "Feature", "geometry": {"type": "LineString", "coordinates": [[-118.561411, 34.0710237], [-118.561293, 34.0706748]]}, "properties": {"id": "123019904-123019903-0", "highway": "residential"}}, {"type": "Feature", "geometry": {"type": "LineString", "coordinates": [[-118.5400126, 34.0462939], [-118.5402428, 34.0473675]]}, "properties": {"id": "123020264-6469320355-0", "highway": "residential"}}, {"type": "Feature", "geometry": {"type": "LineString", "coordinates": [[-118.5400126, 34.0462939], [-118.5408537, 34.0442599]]}, "properties": {"id": "123020264-123020269-0", "highway": "residential"}}, {"type": "Feature", "geometry": {"type": "LineString", "coordinates": [[-118.5400126, 34.0462939], [-118.53945, 34.0458866]]}, "properties": {"id": "123020264-123097890-0", "highway": "residential"}}, {"type": "Feature", "geometry": {"type": "LineString", "coordinates": [[-118.5408537, 34.0442599], [-118.5400126, 34.0462939]]}, "properties": {"id": "123020269-123020264-0", "highway": "residential"}}, {"type": "Feature", "geometry": {"type": "LineString", "coordinates": [[-118.4958857, 34.0540279], [-118.4956354, 34.0517353]]}, "properties": {"id": "123022220-122857917-0", "highway": "residential"}}, {"type": "Feature", "geometry": {"type": "LineString", "coordinates": [[-118.4958857, 34.0540279], [-118.49574, 34.0547154]]}, "properties": {"id": "123022220-122923362-0", "highway": "residential"}}, {"type": "Feature", "geometry": {"type": "LineString", "coordinates": [[-118.4958857, 34.0540279], [-118.4965715, 34.0517884]]}, "properties": {"id": "123022220-122857920-0", "highway": "residential"}}, {"type": "Feature", "geometry": {"type": "LineString", "coordinates": [[-118.5100976, 34.0442094], [-118.5073723, 34.0445693]]}, "properties": {"id": "123027349-123027351-0", "highway": "residential"}}, {"type": "Feature", "geometry": {"type": "LineString", "coordinates": [[-118.5100976, 34.0442094], [-118.5099184, 34.0452807]]}, "properties": {"id": "123027349-123344323-0", "highway": "residential"}}, {"type": "Feature", "geometry": {"type": "LineString", "coordinates": [[-118.5100976, 34.0442094], [-118.511789, 34.0408892]]}, "properties": {"id": "123027349-123584054-0", "highway": "residential"}}, {"type": "Feature", "geometry": {"type": "LineString", "coordinates": [[-118.5073723, 34.0445693], [-118.5100976, 34.0442094]]}, "properties": {"id": "123027351-123027349-0", "highway": "residential"}}, {"type": "Feature", "geometry": {"type": "LineString", "coordinates": [[-118.5073723, 34.0445693], [-118.5061115, 34.0456226]]}, "properties": {"id": "123027351-122839327-0", "highway": "residential"}}, {"type": "Feature", "geometry": {"type": "LineString", "coordinates": [[-118.5073723, 34.0445693], [-118.511789, 34.0408892]]}, "properties": {"id": "123027351-123584054-0", "highway": "residential"}}, {"type": "Feature", "geometry": {"type": "LineString", "coordinates": [[-118.5094768, 34.0366607], [-118.5097228, 34.0377872]]}, "properties": {"id": "123030332-123030333-0", "highway": "residential"}}, {"type": "Feature", "geometry": {"type": "LineString", "coordinates": [[-118.5094768, 34.0366607], [-118.5093867, 34.0343768]]}, "properties": {"id": "123030332-122948706-0", "highway": "residential"}}, {"type": "Feature", "geometry": {"type": "LineString", "coordinates": [[-118.5094768, 34.0366607], [-118.5084252, 34.0368307]]}, "properties": {"id": "123030332-123114027-0", "highway": "residential"}}, {"type": "Feature", "geometry": {"type": "LineString", "coordinates": [[-118.5097228, 34.0377872], [-118.5094768, 34.0366607]]}, "properties": {"id": "123030333-123030332-0", "highway": "residential"}}, {"type": "Feature", "geometry": {"type": "LineString", "coordinates": [[-118.5097228, 34.0377872], [-118.5106654, 34.0376842]]}, "properties": {"id": "123030333-123179581-0", "highway": "residential"}}, {"type": "Feature", "geometry": {"type": "LineString", "coordinates": [[-118.5097228, 34.0377872], [-118.5093617, 34.0393915]]}, "properties": {"id": "123030333-3409249408-0", "highway": "residential"}}, {"type": "Feature", "geometry": {"type": "LineString", "coordinates": [[-118.5083683, 34.0405571], [-118.5089021, 34.0400545]]}, "properties": {"id": "123030339-3371214897-0", "highway": "residential"}}, {"type": "Feature", "geometry": {"type": "LineString", "coordinates": [[-118.5019633, 34.0301111], [-118.5034825, 34.0314142]]}, "properties": {"id": "123030853-123257345-0", "highway": "residential"}}, {"type": "Feature", "geometry": {"type": "LineString", "coordinates": [[-118.5019633, 34.0301111], [-118.5010183, 34.030877]]}, "properties": {"id": "123030853-122887154-0", "highway": "residential"}}, {"type": "Feature", "geometry": {"type": "LineString", "coordinates": [[-118.5000778, 34.0316408], [-118.501593, 34.032935]]}, "properties": {"id": "123030855-123250415-0", "highway": "residential"}}, {"type": "Feature", "geometry": {"type": "LineString", "coordinates": [[-118.5000778, 34.0316408], [-118.5010183, 34.030877]]}, "properties": {"id": "123030855-122887154-0", "highway": "residential"}}, {"type": "Feature", "geometry": {"type": "LineString", "coordinates": [[-118.5000778, 34.0316408], [-118.4991264, 34.0324127]]}, "properties": {"id": "123030855-122774861-0", "highway": "residential"}}, {"type": "Feature", "geometry": {"type": "LineString", "coordinates": [[-118.4972428, 34.0339435], [-118.498767, 34.0352404]]}, "properties": {"id": "123030857-123257600-0", "highway": "tertiary"}}, {"type": "Feature", "geometry": {"type": "LineString", "coordinates": [[-118.4972428, 34.0339435], [-118.4951962, 34.0321888]]}, "properties": {"id": "123030857-122773778-0", "highway": "tertiary"}}, {"type": "Feature", "geometry": {"type": "LineString", "coordinates": [[-118.4972428, 34.0339435], [-118.4981826, 34.0331745]]}, "properties": {"id": "123030857-122937960-0", "highway": "residential"}}, {"type": "Feature", "geometry": {"type": "LineString", "coordinates": [[-118.4972428, 34.0339435], [-118.4961714, 34.0346029]]}, "properties": {"id": "123030857-122614797-0", "highway": "residential"}}, {"type": "Feature", "geometry": {"type": "LineString", "coordinates": [[-118.4937658, 34.0356971], [-118.4955566, 34.0372332]]}, "properties": {"id": "123030858-123257603-0", "highway": "tertiary"}}, {"type": "Feature", "geometry": {"type": "LineString", "coordinates": [[-118.4937658, 34.0356971], [-118.4929045, 34.0364082]]}, "properties": {"id": "123030858-123030859-0", "highway": "residential"}}, {"type": "Feature", "geometry": {"type": "LineString", "coordinates": [[-118.4937658, 34.0356971], [-118.4923581, 34.0344952]]}, "properties": {"id": "123030858-122773773-0", "highway": "tertiary"}}, {"type": "Feature", "geometry": {"type": "LineString", "coordinates": [[-118.4937658, 34.0356971], [-118.4948359, 34.0350391]]}, "properties": {"id": "123030858-122990191-0", "highway": "residential"}}, {"type": "Feature", "geometry": {"type": "LineString", "coordinates": [[-118.4929045, 34.0364082], [-118.4937658, 34.0356971]]}, "properties": {"id": "123030859-123030858-0", "highway": "residential"}}, {"type": "Feature", "geometry": {"type": "LineString", "coordinates": [[-118.4929045, 34.0364082], [-118.4920561, 34.0370989]]}, "properties": {"id": "123030859-122610499-0", "highway": "residential"}}, {"type": "Feature", "geometry": {"type": "LineString", "coordinates": [[-118.4929045, 34.0364082], [-118.4914846, 34.0352058]]}, "properties": {"id": "123030859-122773770-0", "highway": "residential"}}, {"type": "Feature", "geometry": {"type": "LineString", "coordinates": [[-118.4929045, 34.0364082], [-118.4946729, 34.0379395]]}, "properties": {"id": "123030859-123257609-0", "highway": "residential"}}, {"type": "Feature", "geometry": {"type": "LineString", "coordinates": [[-118.4912148, 34.03779], [-118.4929872, 34.0393055]]}, "properties": {"id": "123030860-123257613-0", "highway": "residential"}}, {"type": "Feature", "geometry": {"type": "LineString", "coordinates": [[-118.4912148, 34.03779], [-118.4920561, 34.0370989]]}, "properties": {"id": "123030860-122610499-0", "highway": "residential"}}, {"type": "Feature", "geometry": {"type": "LineString", "coordinates": [[-118.4912148, 34.03779], [-118.489793, 34.0365743]]}, "properties": {"id": "123030860-122773768-0", "highway": "residential"}}, {"type": "Feature", "geometry": {"type": "LineString", "coordinates": [[-118.4912148, 34.03779], [-118.4903537, 34.0384631]]}, "properties": {"id": "123030860-123030861-0", "highway": "residential"}}, {"type": "Feature", "geometry": {"type": "LineString", "coordinates": [[-118.4903537, 34.0384631], [-118.4921379, 34.0399937]]}, "properties": {"id": "123030861-123221968-0", "highway": "residential"}}, {"type": "Feature", "geometry": {"type": "LineString", "coordinates": [[-118.4903537, 34.0384631], [-118.4889476, 34.037263]]}, "properties": {"id": "123030861-4396755045-0", "highway": "residential"}}, {"type": "Feature", "geometry": {"type": "LineString", "coordinates": [[-118.4903537, 34.0384631], [-118.4912148, 34.03779]]}, "properties": {"id": "123030861-123030860-0", "highway": "residential"}}, {"type": "Feature", "geometry": {"type": "LineString", "coordinates": [[-118.4903537, 34.0384631], [-118.4895132, 34.0391544]]}, "properties": {"id": "123030861-123030863-0", "highway": "residential"}}, {"type": "Feature", "geometry": {"type": "LineString", "coordinates": [[-118.4895132, 34.0391544], [-118.4912844, 34.0406852]]}, "properties": {"id": "123030863-123257616-0", "highway": "residential"}}, {"type": "Feature", "geometry": {"type": "LineString", "coordinates": [[-118.4895132, 34.0391544], [-118.4903537, 34.0384631]]}, "properties": {"id": "123030863-123030861-0", "highway": "residential"}}, {"type": "Feature", "geometry": {"type": "LineString", "coordinates": [[-118.4895132, 34.0391544], [-118.4886057, 34.0398889]]}, "properties": {"id": "123030863-123030866-0", "highway": "residential"}}, {"type": "Feature", "geometry": {"type": "LineString", "coordinates": [[-118.4895132, 34.0391544], [-118.4880929, 34.0379583]]}, "properties": {"id": "123030863-122773762-0", "highway": "residential"}}, {"type": "Feature", "geometry": {"type": "LineString", "coordinates": [[-118.4886057, 34.0398889], [-118.4903773, 34.0414202]]}, "properties": {"id": "123030866-123130694-0", "highway": "residential"}}, {"type": "Feature", "geometry": {"type": "LineString", "coordinates": [[-118.4886057, 34.0398889], [-118.4871935, 34.0386883]]}, "properties": {"id": "123030866-122773760-0", "highway": "residential"}}, {"type": "Feature", "geometry": {"type": "LineString", "coordinates": [[-118.4886057, 34.0398889], [-118.4895132, 34.0391544]]}, "properties": {"id": "123030866-123030863-0", "highway": "residential"}}, {"type": "Feature", "geometry": {"type": "LineString", "coordinates": [[-118.4886057, 34.0398889], [-118.487711, 34.0406185]]}, "properties": {"id": "123030866-122702478-0", "highway": "residential"}}, {"type": "Feature", "geometry": {"type": "LineString", "coordinates": [[-118.4860648, 34.0419672], [-118.4878473, 34.0434926]]}, "properties": {"id": "123030869-123147450-0", "highway": "residential"}}, {"type": "Feature", "geometry": {"type": "LineString", "coordinates": [[-118.4860648, 34.0419672], [-118.4868835, 34.0412827]]}, "properties": {"id": "123030869-122785585-0", "highway": "residential"}}, {"type": "Feature", "geometry": {"type": "LineString", "coordinates": [[-118.4860648, 34.0419672], [-118.4846434, 34.040758]]}, "properties": {"id": "123030869-122773756-0", "highway": "residential"}}, {"type": "Feature", "geometry": {"type": "LineString", "coordinates": [[-118.4860648, 34.0419672], [-118.4852212, 34.0426352]]}, "properties": {"id": "123030869-6593941108-0", "highway": "residential"}}, {"type": "Feature", "geometry": {"type": "LineString", "coordinates": [[-118.4930705, 34.0493388], [-118.4937648, 34.0499377]]}, "properties": {"id": "123034740-7866466178-0", "highway": "tertiary"}}, {"type": "Feature", "geometry": {"type": "LineString", "coordinates": [[-118.4930705, 34.0493388], [-118.4926697, 34.0489924]]}, "properties": {"id": "123034740-123034742-0", "highway": "tertiary"}}, {"type": "Feature", "geometry": {"type": "LineString", "coordinates": [[-118.4930705, 34.0493388], [-118.4920603, 34.049796]]}, "properties": {"id": "123034740-123051948-0", "highway": "residential"}}, {"type": "Feature", "geometry": {"type": "LineString", "coordinates": [[-118.4926697, 34.0489924], [-118.4930705, 34.0493388]]}, "properties": {"id": "123034742-123034740-0", "highway": "tertiary"}}, {"type": "Feature", "geometry": {"type": "LineString", "coordinates": [[-118.4926697, 34.0489924], [-118.4920292, 34.0484573]]}, "properties": {"id": "123034742-13418528925-0", "highway": "tertiary"}}, {"type": "Feature", "geometry": {"type": "LineString", "coordinates": [[-118.4926697, 34.0489924], [-118.4940117, 34.0486795]]}, "properties": {"id": "123034742-12489336555-0", "highway": "residential"}}, {"type": "Feature", "geometry": {"type": "LineString", "coordinates": [[-118.5324039, 34.0543598], [-118.5325961, 34.0548205]]}, "properties": {"id": "123039384-7912844288-0", "highway": "residential"}}, {"type": "Feature", "geometry": {"type": "LineString", "coordinates": [[-118.5324039, 34.0543598], [-118.5335463, 34.0545339]]}, "properties": {"id": "123039384-123194991-0", "highway": "residential"}}, {"type": "Feature", "geometry": {"type": "LineString", "coordinates": [[-118.5324039, 34.0543598], [-118.5316086, 34.0536831]]}, "properties": {"id": "123039384-123477345-0", "highway": "residential"}}, {"type": "Feature", "geometry": {"type": "LineString", "coordinates": [[-118.5063279, 34.0820434], [-118.5085619, 34.0836535]]}, "properties": {"id": "123039417-123039421-0", "highway": "residential"}}, {"type": "Feature", "geometry": {"type": "LineString", "coordinates": [[-118.5063279, 34.0820434], [-118.5072774, 34.0813347]]}, "properties": {"id": "123039417-123350362-0", "highway": "residential"}}, {"type": "Feature", "geometry": {"type": "LineString", "coordinates": [[-118.5063279, 34.0820434], [-118.5044691, 34.0791398]]}, "properties": {"id": "123039417-123376823-0", "highway": "residential"}}, {"type": "Feature", "geometry": {"type": "LineString", "coordinates": [[-118.5085619, 34.0836535], [-118.5063279, 34.0820434]]}, "properties": {"id": "123039421-123039417-0", "highway": "residential"}}, {"type": "Feature", "geometry": {"type": "LineString", "coordinates": [[-118.5085619, 34.0836535], [-118.508916, 34.085518]]}, "properties": {"id": "123039421-7883843417-0", "highway": "residential"}}, {"type": "Feature", "geometry": {"type": "LineString", "coordinates": [[-118.5085619, 34.0836535], [-118.5072774, 34.0813347]]}, "properties": {"id": "123039421-123350362-0", "highway": "residential"}}, {"type": "Feature", "geometry": {"type": "LineString", "coordinates": [[-118.4967327, 34.0585155], [-118.4966412, 34.059355]]}, "properties": {"id": "123041905-123041907-0", "highway": "residential"}}, {"type": "Feature", "geometry": {"type": "LineString", "coordinates": [[-118.4967327, 34.0585155], [-118.4967327, 34.0585155]]}, "properties": {"id": "123041905-123041905-0", "highway": "residential"}}, {"type": "Feature", "geometry": {"type": "LineString", "coordinates": [[-118.4967327, 34.0585155], [-118.4967327, 34.0585155]]}, "properties": {"id": "123041905-123041905-1", "highway": "residential"}}, {"type": "Feature", "geometry": {"type": "LineString", "coordinates": [[-118.4966412, 34.059355], [-118.4963003, 34.0605206]]}, "properties": {"id": "123041907-123041910-0", "highway": "residential"}}, {"type": "Feature", "geometry": {"type": "LineString", "coordinates": [[-118.4966412, 34.059355], [-118.4967327, 34.0585155]]}, "properties": {"id": "123041907-123041905-0", "highway": "residential"}}, {"type": "Feature", "geometry": {"type": "LineString", "coordinates": [[-118.4966412, 34.059355], [-118.4978515, 34.0592102]]}, "properties": {"id": "123041907-5621512424-0", "highway": "residential"}}, {"type": "Feature", "geometry": {"type": "LineString", "coordinates": [[-118.4963003, 34.0605206], [-118.4966412, 34.059355]]}, "properties": {"id": "123041910-123041907-0", "highway": "residential"}}, {"type": "Feature", "geometry": {"type": "LineString", "coordinates": [[-118.4963003, 34.0605206], [-118.4972933, 34.0617147]]}, "properties": {"id": "123041910-1831234137-0", "highway": "residential"}}, {"type": "Feature", "geometry": {"type": "LineString", "coordinates": [[-118.4963003, 34.0605206], [-118.4977878, 34.0605332]]}, "properties": {"id": "123041910-2510934884-0", "highway": "residential"}}, {"type": "Feature", "geometry": {"type": "LineString", "coordinates": [[-118.4963003, 34.0605206], [-118.4955689, 34.0603992]]}, "properties": {"id": "123041910-123315680-0", "highway": "residential"}}, {"type": "Feature", "geometry": {"type": "LineString", "coordinates": [[-118.5999453, 34.0752773], [-118.5991933, 34.0755376]]}, "properties": {"id": "123042226-123042234-0", "highway": "residential"}}, {"type": "Feature", "geometry": {"type": "LineString", "coordinates": [[-118.5999453, 34.0752773], [-118.5988407, 34.0774684]]}, "properties": {"id": "123042226-123262428-0", "highway": "residential"}}, {"type": "Feature", "geometry": {"type": "LineString", "coordinates": [[-118.5999453, 34.0752773], [-118.6004646, 34.0750149]]}, "properties": {"id": "123042226-122787364-0", "highway": "residential"}}, {"type": "Feature", "geometry": {"type": "LineString", "coordinates": [[-118.5991933, 34.0755376], [-118.5999453, 34.0752773]]}, "properties": {"id": "123042234-123042226-0", "highway": "residential"}}, {"type": "Feature", "geometry": {"type": "LineString", "coordinates": [[-118.5378036, 34.0416157], [-118.5374946, 34.0414379]]}, "properties": {"id": "123043413-122606363-0", "highway": "residential"}}, {"type": "Feature", "geometry": {"type": "LineString", "coordinates": [[-118.5378036, 34.0416157], [-118.537486, 34.0419571]]}, "properties": {"id": "123043413-123043420-0", "highway": "residential"}}, {"type": "Feature", "geometry": {"type": "LineString", "coordinates": [[-118.5378036, 34.0416157], [-118.539683, 34.0401917]]}, "properties": {"id": "123043413-11840435762-0", "highway": "residential"}}, {"type": "Feature", "geometry": {"type": "LineString", "coordinates": [[-118.5378036, 34.0416157], [-118.5374978, 34.0402557]]}, "properties": {"id": "123043413-122606382-0", "highway": "residential"}}, {"type": "Feature", "geometry": {"type": "LineString", "coordinates": [[-118.537486, 34.0419571], [-118.5371685, 34.0417864]]}, "properties": {"id": "123043420-122606366-0", "highway": "residential"}}, {"type": "Feature", "geometry": {"type": "LineString", "coordinates": [[-118.537486, 34.0419571], [-118.5378036, 34.0416157]]}, "properties": {"id": "123043420-123043413-0", "highway": "residential"}}, {"type": "Feature", "geometry": {"type": "LineString", "coordinates": [[-118.537486, 34.0419571], [-118.5368766, 34.0433724]]}, "properties": {"id": "123043420-123334858-0", "highway": "residential"}}, {"type": "Feature", "geometry": {"type": "LineString", "coordinates": [[-118.5288465, 34.0542899], [-118.5289997, 34.0504256]]}, "properties": {"id": "123044825-247915998-0", "highway": "unclassified"}}, {"type": "Feature", "geometry": {"type": "LineString", "coordinates": [[-118.5288465, 34.0542899], [-118.5288465, 34.0542899]]}, "properties": {"id": "123044825-123044825-0", "highway": "unclassified"}}, {"type": "Feature", "geometry": {"type": "LineString", "coordinates": [[-118.4976241, 34.0519987], [-118.4973975, 34.0527443]]}, "properties": {"id": "123051089-123240368-0", "highway": "residential"}}, {"type": "Feature", "geometry": {"type": "LineString", "coordinates": [[-118.4976241, 34.0519987], [-118.4989747, 34.0525649]]}, "properties": {"id": "123051089-123051091-0", "highway": "residential"}}, {"type": "Feature", "geometry": {"type": "LineString", "coordinates": [[-118.4976241, 34.0519987], [-118.4977527, 34.0515665]]}, "properties": {"id": "123051089-122485539-0", "highway": "residential"}}, {"type": "Feature", "geometry": {"type": "LineString", "coordinates": [[-118.4989747, 34.0525649], [-118.4976241, 34.0519987]]}, "properties": {"id": "123051091-123051089-0", "highway": "residential"}}, {"type": "Feature", "geometry": {"type": "LineString", "coordinates": [[-118.4989747, 34.0525649], [-118.4970055, 34.0542971]]}, "properties": {"id": "123051091-123240370-0", "highway": "residential"}}, {"type": "Feature", "geometry": {"type": "LineString", "coordinates": [[-118.4989747, 34.0525649], [-118.499626, 34.0520481]]}, "properties": {"id": "123051091-123349632-0", "highway": "residential"}}, {"type": "Feature", "geometry": {"type": "LineString", "coordinates": [[-118.5514382, 34.0621466], [-118.5505861, 34.0619704]]}, "properties": {"id": "123051146-1085917389-0", "highway": "residential"}}, {"type": "Feature", "geometry": {"type": "LineString", "coordinates": [[-118.5514382, 34.0621466], [-118.5516316, 34.0628135]]}, "properties": {"id": "123051146-122848948-0", "highway": "residential"}}, {"type": "Feature", "geometry": {"type": "LineString", "coordinates": [[-118.5514382, 34.0621466], [-118.5516434, 34.0615205]]}, "properties": {"id": "123051146-123150792-0", "highway": "residential"}}, {"type": "Feature", "geometry": {"type": "LineString", "coordinates": [[-118.5516952, 34.0603126], [-118.5512461, 34.0604377]]}, "properties": {"id": "123051717-123051720-0", "highway": "residential"}}, {"type": "Feature", "geometry": {"type": "LineString", "coordinates": [[-118.5516952, 34.0603126], [-118.5516434, 34.0615205]]}, "properties": {"id": "123051717-123150792-0", "highway": "residential"}}, {"type": "Feature", "geometry": {"type": "LineString", "coordinates": [[-118.5516952, 34.0603126], [-118.5498696, 34.0583773]]}, "properties": {"id": "123051717-123150783-0", "highway": "residential"}}, {"type": "Feature", "geometry": {"type": "LineString", "coordinates": [[-118.5512461, 34.0604377], [-118.5516952, 34.0603126]]}, "properties": {"id": "123051720-123051717-0", "highway": "residential"}}, {"type": "Feature", "geometry": {"type": "LineString", "coordinates": [[-118.4920603, 34.049796], [-118.4909788, 34.0502511]]}, "properties": {"id": "123051948-123475032-0", "highway": "residential"}}, {"type": "Feature", "geometry": {"type": "LineString", "coordinates": [[-118.4920603, 34.049796], [-118.4929827, 34.0512772]]}, "properties": {"id": "123051948-123003141-0", "highway": "residential"}}, {"type": "Feature", "geometry": {"type": "LineString", "coordinates": [[-118.4920603, 34.049796], [-118.4930705, 34.0493388]]}, "properties": {"id": "123051948-123034740-0", "highway": "residential"}}, {"type": "Feature", "geometry": {"type": "LineString", "coordinates": [[-118.5368868, 34.0437426], [-118.5368766, 34.0433724]]}, "properties": {"id": "123053979-123334858-0", "highway": "residential"}}, {"type": "Feature", "geometry": {"type": "LineString", "coordinates": [[-118.5368868, 34.0437426], [-118.5371991, 34.0442524]]}, "properties": {"id": "123053979-122916208-0", "highway": "residential"}}, {"type": "Feature", "geometry": {"type": "LineString", "coordinates": [[-118.5368868, 34.0437426], [-118.5366326, 34.0444017]]}, "properties": {"id": "123053979-122916210-0", "highway": "residential"}}, {"type": "Feature", "geometry": {"type": "LineString", "coordinates": [[-118.5380488, 34.0450703], [-118.5371991, 34.0442524]]}, "properties": {"id": "123053982-122916208-0", "highway": "residential"}}, {"type": "Feature", "geometry": {"type": "LineString", "coordinates": [[-118.5380488, 34.0450703], [-118.5376454, 34.0458881]]}, "properties": {"id": "123053982-123157722-0", "highway": "residential"}}, {"type": "Feature", "geometry": {"type": "LineString", "coordinates": [[-118.5380488, 34.0450703], [-118.5390809, 34.0437707]]}, "properties": {"id": "123053982-123157711-0", "highway": "residential"}}, {"type": "Feature", "geometry": {"type": "LineString", "coordinates": [[-118.5079942, 34.0339529], [-118.5080465, 34.033862]]}, "properties": {"id": "123054863-12107109789-0", "highway": "residential"}}, {"type": "Feature", "geometry": {"type": "LineString", "coordinates": [[-118.6032354, 34.0809265], [-118.6040349, 34.0831504]]}, "properties": {"id": "123055781-122567119-0", "highway": "residential"}}, {"type": "Feature", "geometry": {"type": "LineString", "coordinates": [[-118.6032354, 34.0809265], [-118.601722, 34.0817834]]}, "properties": {"id": "123055781-122717089-0", "highway": "tertiary"}}, {"type": "Feature", "geometry": {"type": "LineString", "coordinates": [[-118.6032354, 34.0809265], [-118.6039479, 34.0803357]]}, "properties": {"id": "123055781-123800841-0", "highway": "tertiary"}}, {"type": "Feature", "geometry": {"type": "LineString", "coordinates": [[-118.5575101, 34.0492829], [-118.5571295, 34.0507307]]}, "properties": {"id": "123060762-123358682-0", "highway": "residential"}}, {"type": "Feature", "geometry": {"type": "LineString", "coordinates": [[-118.5575101, 34.0492829], [-118.557114, 34.0483652]]}, "properties": {"id": "123060762-123405096-0", "highway": "residential"}}, {"type": "Feature", "geometry": {"type": "LineString", "coordinates": [[-118.5575101, 34.0492829], [-118.5572221, 34.0499184]]}, "properties": {"id": "123060762-1306596073-0", "highway": "residential"}}, {"type": "Feature", "geometry": {"type": "LineString", "coordinates": [[-118.5204613, 34.0404197], [-118.5204054, 34.0402928]]}, "properties": {"id": "123063137-951006826-0", "highway": "residential"}}, {"type": "Feature", "geometry": {"type": "LineString", "coordinates": [[-118.5204613, 34.0404197], [-118.5213491, 34.0400574]]}, "properties": {"id": "123063137-122688435-0", "highway": "residential"}}, {"type": "Feature", "geometry": {"type": "LineString", "coordinates": [[-118.5204613, 34.0404197], [-118.521907, 34.0418645]]}, "properties": {"id": "123063137-123139474-0", "highway": "residential"}}, {"type": "Feature", "geometry": {"type": "LineString", "coordinates": [[-118.5001046, 34.0588187], [-118.4999268, 34.0600943]]}, "properties": {"id": "123063187-123063189-0", "highway": "residential"}}, {"type": "Feature", "geometry": {"type": "LineString", "coordinates": [[-118.5001046, 34.0588187], [-118.5013411, 34.058338]]}, "properties": {"id": "123063187-272557125-0", "highway": "residential"}}, {"type": "Feature", "geometry": {"type": "LineString", "coordinates": [[-118.5001046, 34.0588187], [-118.4979129, 34.0572747]]}, "properties": {"id": "123063187-1358243536-0", "highway": "residential"}}, {"type": "Feature", "geometry": {"type": "LineString", "coordinates": [[-118.4999268, 34.0600943], [-118.4997739, 34.0613598]]}, "properties": {"id": "123063189-123063190-0", "highway": "residential"}}, {"type": "Feature", "geometry": {"type": "LineString", "coordinates": [[-118.4999268, 34.0600943], [-118.5001046, 34.0588187]]}, "properties": {"id": "123063189-123063187-0", "highway": "residential"}}, {"type": "Feature", "geometry": {"type": "LineString", "coordinates": [[-118.4999268, 34.0600943], [-118.5022814, 34.0592464]]}, "properties": {"id": "123063189-122830860-0", "highway": "residential"}}, {"type": "Feature", "geometry": {"type": "LineString", "coordinates": [[-118.4997739, 34.0613598], [-118.5016408, 34.0620975]]}, "properties": {"id": "123063190-123308903-0", "highway": "residential"}}, {"type": "Feature", "geometry": {"type": "LineString", "coordinates": [[-118.4997739, 34.0613598], [-118.4999268, 34.0600943]]}, "properties": {"id": "123063190-123063189-0", "highway": "residential"}}, {"type": "Feature", "geometry": {"type": "LineString", "coordinates": [[-118.4997739, 34.0613598], [-118.5028351, 34.060349]]}, "properties": {"id": "123063190-122830863-0", "highway": "residential"}}, {"type": "Feature", "geometry": {"type": "LineString", "coordinates": [[-118.50024, 34.0528753], [-118.5003528, 34.0530306]]}, "properties": {"id": "123063209-271821683-0", "highway": "residential"}}, {"type": "Feature", "geometry": {"type": "LineString", "coordinates": [[-118.50024, 34.0528753], [-118.4973701, 34.0554608]]}, "properties": {"id": "123063209-122923364-0", "highway": "secondary"}}, {"type": "Feature", "geometry": {"type": "LineString", "coordinates": [[-118.50024, 34.0528753], [-118.5004677, 34.0528304]]}, "properties": {"id": "123063209-123082493-0", "highway": "secondary"}}, {"type": "Feature", "geometry": {"type": "LineString", "coordinates": [[-118.4995141, 34.0549005], [-118.5009844, 34.0551137]]}, "properties": {"id": "123063211-123116649-0", "highway": "residential"}}, {"type": "Feature", "geometry": {"type": "LineString", "coordinates": [[-118.4995141, 34.0549005], [-118.4986965, 34.0560037]]}, "properties": {"id": "123063211-122729216-0", "highway": "residential"}}, {"type": "Feature", "geometry": {"type": "LineString", "coordinates": [[-118.4995141, 34.0549005], [-118.5003528, 34.0530306]]}, "properties": {"id": "123063211-271821683-0", "highway": "residential"}}, {"type": "Feature", "geometry": {"type": "LineString", "coordinates": [[-118.4978677, 34.0571314], [-118.5013732, 34.0577423]]}, "properties": {"id": "123063231-1358243538-0", "highway": "residential"}}, {"type": "Feature", "geometry": {"type": "LineString", "coordinates": [[-118.4978677, 34.0571314], [-118.4979129, 34.0572747]]}, "properties": {"id": "123063231-1358243536-0", "highway": "residential"}}, {"type": "Feature", "geometry": {"type": "LineString", "coordinates": [[-118.4978677, 34.0571314], [-118.4977067, 34.0569825]]}, "properties": {"id": "123063231-1358243506-0", "highway": "residential"}}, {"type": "Feature", "geometry": {"type": "LineString", "coordinates": [[-118.5433252, 34.0616384], [-118.5433018, 34.0617154]]}, "properties": {"id": "123063638-6935248868-0", "highway": "residential"}}, {"type": "Feature", "geometry": {"type": "LineString", "coordinates": [[-118.5433252, 34.0616384], [-118.542862, 34.061514]]}, "properties": {"id": "123063638-8900682442-0", "highway": "residential"}}, {"type": "Feature", "geometry": {"type": "LineString", "coordinates": [[-118.5433252, 34.0616384], [-118.5436364, 34.0606229]]}, "properties": {"id": "123063638-123408650-0", "highway": "residential"}}, {"type": "Feature", "geometry": {"type": "LineString", "coordinates": [[-118.5462826, 34.0613545], [-118.5433018, 34.0617154]]}, "properties": {"id": "123063657-6935248868-0", "highway": "residential"}}, {"type": "Feature", "geometry": {"type": "LineString", "coordinates": [[-118.5462826, 34.0613545], [-118.5469556, 34.0591696]]}, "properties": {"id": "123063657-122954059-0", "highway": "residential"}}, {"type": "Feature", "geometry": {"type": "LineString", "coordinates": [[-118.5462826, 34.0613545], [-118.5475737, 34.0625536]]}, "properties": {"id": "123063657-1085835561-0", "highway": "residential"}}, {"type": "Feature", "geometry": {"type": "LineString", "coordinates": [[-118.5620765, 34.0726114], [-118.5623846, 34.0723967]]}, "properties": {"id": "123066616-122719905-0", "highway": "residential"}}, {"type": "Feature", "geometry": {"type": "LineString", "coordinates": [[-118.495504, 34.0728407], [-118.4959012, 34.0714479]]}, "properties": {"id": "123066691-123146782-0", "highway": "tertiary"}}, {"type": "Feature", "geometry": {"type": "LineString", "coordinates": [[-118.495504, 34.0728407], [-118.4972916, 34.0740058]]}, "properties": {"id": "123066691-122606856-0", "highway": "tertiary"}}, {"type": "Feature", "geometry": {"type": "LineString", "coordinates": [[-118.495504, 34.0728407], [-118.4962217, 34.072593]]}, "properties": {"id": "123066691-1358505565-0", "highway": "residential"}}, {"type": "Feature", "geometry": {"type": "LineString", "coordinates": [[-118.495504, 34.0728407], [-118.4942031, 34.0738441]]}, "properties": {"id": "123066691-6473509407-0", "highway": "residential"}}, {"type": "Feature", "geometry": {"type": "LineString", "coordinates": [[-118.5296365, 34.0370504], [-118.5285293, 34.0368655]]}, "properties": {"id": "123071543-123630486-0", "highway": "residential"}}, {"type": "Feature", "geometry": {"type": "LineString", "coordinates": [[-118.5296365, 34.0370504], [-118.5306235, 34.0372211]]}, "properties": {"id": "123071543-123125664-0", "highway": "residential"}}, {"type": "Feature", "geometry": {"type": "LineString", "coordinates": [[-118.5296365, 34.0370504], [-118.5293704, 34.0381742]]}, "properties": {"id": "123071543-123008149-0", "highway": "tertiary"}}, {"type": "Feature", "geometry": {"type": "LineString", "coordinates": [[-118.5296365, 34.0370504], [-118.5298908, 34.0360832]]}, "properties": {"id": "123071543-1360061678-0", "highway": "tertiary"}}, {"type": "Feature", "geometry": {"type": "LineString", "coordinates": [[-118.5288297, 34.0402865], [-118.528246, 34.0426122]]}, "properties": {"id": "123071545-529803018-0", "highway": "tertiary"}}, {"type": "Feature", "geometry": {"type": "LineString", "coordinates": [[-118.5288297, 34.0402865], [-118.5293704, 34.0381742]]}, "properties": {"id": "123071545-123008149-0", "highway": "tertiary"}}, {"type": "Feature", "geometry": {"type": "LineString", "coordinates": [[-118.5288297, 34.0402865], [-118.5296622, 34.040443]]}, "properties": {"id": "123071545-123140494-0", "highway": "residential"}}, {"type": "Feature", "geometry": {"type": "LineString", "coordinates": [[-118.5288297, 34.0402865], [-118.527705, 34.040123]]}, "properties": {"id": "123071545-12984911614-0", "highway": "residential"}}, {"type": "Feature", "geometry": {"type": "LineString", "coordinates": [[-118.5271274, 34.0471499], [-118.5286368, 34.0472808]]}, "properties": {"id": "123071547-122938636-0", "highway": "residential"}}, {"type": "Feature", "geometry": {"type": "LineString", "coordinates": [[-118.5271274, 34.0471499], [-118.5259482, 34.046936]]}, "properties": {"id": "123071547-122767173-0", "highway": "residential"}}, {"type": "Feature", "geometry": {"type": "LineString", "coordinates": [[-118.5271274, 34.0471499], [-118.5269198, 34.0479835]]}, "properties": {"id": "123071547-13419249820-0", "highway": "tertiary"}}, {"type": "Feature", "geometry": {"type": "LineString", "coordinates": [[-118.5271274, 34.0471499], [-118.5277243, 34.0447895]]}, "properties": {"id": "123071547-122648040-0", "highway": "tertiary"}}, {"type": "Feature", "geometry": {"type": "LineString", "coordinates": [[-118.5263709, 34.0502123], [-118.5266324, 34.0491236]]}, "properties": {"id": "123071550-122591828-0", "highway": "residential"}}, {"type": "Feature", "geometry": {"type": "LineString", "coordinates": [[-118.5263709, 34.0502123], [-118.5256423, 34.0486574]]}, "properties": {"id": "123071550-122591862-0", "highway": "residential"}}, {"type": "Feature", "geometry": {"type": "LineString", "coordinates": [[-118.5263709, 34.0502123], [-118.5261074, 34.0511475]]}, "properties": {"id": "123071550-123071553-0", "highway": "residential"}}, {"type": "Feature", "geometry": {"type": "LineString", "coordinates": [[-118.5261074, 34.0511475], [-118.526967, 34.0520542]]}, "properties": {"id": "123071553-123489355-0", "highway": "residential"}}, {"type": "Feature", "geometry": {"type": "LineString", "coordinates": [[-118.5261074, 34.0511475], [-118.525119, 34.0511508]]}, "properties": {"id": "123071553-123109142-0", "highway": "residential"}}, {"type": "Feature", "geometry": {"type": "LineString", "coordinates": [[-118.5261074, 34.0511475], [-118.5263709, 34.0502123]]}, "properties": {"id": "123071553-123071550-0", "highway": "residential"}}, {"type": "Feature", "geometry": {"type": "LineString", "coordinates": [[-118.4847796, 34.0571953], [-118.4856202, 34.0571875]]}, "properties": {"id": "123072100-122592440-0", "highway": "secondary"}}, {"type": "Feature", "geometry": {"type": "LineString", "coordinates": [[-118.5107224, 34.0335567], [-118.5109679, 34.0337965]]}, "properties": {"id": "123072270-123004992-0", "highway": "residential"}}, {"type": "Feature", "geometry": {"type": "LineString", "coordinates": [[-118.5118908, 34.0342398], [-118.5109679, 34.0337965]]}, "properties": {"id": "123072273-123004992-0", "highway": "residential"}}, {"type": "Feature", "geometry": {"type": "LineString", "coordinates": [[-118.5118908, 34.0342398], [-118.5105437, 34.036807]]}, "properties": {"id": "123072273-123004995-0", "highway": "residential"}}, {"type": "Feature", "geometry": {"type": "LineString", "coordinates": [[-118.5118908, 34.0342398], [-118.5122285, 34.0338249]]}, "properties": {"id": "123072273-482537561-0", "highway": "residential"}}, {"type": "Feature", "geometry": {"type": "LineString", "coordinates": [[-118.5164105, 34.0369789], [-118.515145, 34.0367767]]}, "properties": {"id": "123075917-122798585-0", "highway": "residential"}}, {"type": "Feature", "geometry": {"type": "LineString", "coordinates": [[-118.5442334, 34.0425412], [-118.54486, 34.0428684]]}, "properties": {"id": "123075988-123075991-0", "highway": "residential"}}, {"type": "Feature", "geometry": {"type": "LineString", "coordinates": [[-118.5442334, 34.0425412], [-118.5442334, 34.0425412]]}, "properties": {"id": "123075988-123075988-0", "highway": "residential"}}, {"type": "Feature", "geometry": {"type": "LineString", "coordinates": [[-118.5442334, 34.0425412], [-118.5442334, 34.0425412]]}, "properties": {"id": "123075988-123075988-1", "highway": "residential"}}, {"type": "Feature", "geometry": {"type": "LineString", "coordinates": [[-118.54486, 34.0428684], [-118.5442334, 34.0425412]]}, "properties": {"id": "123075991-123075988-0", "highway": "residential"}}, {"type": "Feature", "geometry": {"type": "LineString", "coordinates": [[-118.54486, 34.0428684], [-118.5444338, 34.0436271]]}, "properties": {"id": "123075991-123082743-0", "highway": "residential"}}, {"type": "Feature", "geometry": {"type": "LineString", "coordinates": [[-118.54486, 34.0428684], [-118.5461999, 34.04148]]}, "properties": {"id": "123075991-122565460-0", "highway": "residential"}}, {"type": "Feature", "geometry": {"type": "LineString", "coordinates": [[-118.4928725, 34.0798316], [-118.491864, 34.0796361]]}, "properties": {"id": "123077172-634488265-0", "highway": "residential"}}, {"type": "Feature", "geometry": {"type": "LineString", "coordinates": [[-118.4928725, 34.0798316], [-118.4942089, 34.081274]]}, "properties": {"id": "123077172-4614937100-0", "highway": "residential"}}, {"type": "Feature", "geometry": {"type": "LineString", "coordinates": [[-118.4928725, 34.0798316], [-118.4910486, 34.0766524]]}, "properties": {"id": "123077172-123331234-0", "highway": "residential"}}, {"type": "Feature", "geometry": {"type": "LineString", "coordinates": [[-118.5443898, 34.040332], [-118.5444579, 34.0403036]]}, "properties": {"id": "123079547-534312591-0", "highway": "residential"}}, {"type": "Feature", "geometry": {"type": "LineString", "coordinates": [[-118.5443898, 34.040332], [-118.5456813, 34.041099]]}, "properties": {"id": "123079547-122628829-0", "highway": "residential"}}, {"type": "Feature", "geometry": {"type": "LineString", "coordinates": [[-118.5443898, 34.040332], [-118.5435323, 34.0399749]]}, "properties": {"id": "123079547-7338302756-0", "highway": "residential"}}, {"type": "Feature", "geometry": {"type": "LineString", "coordinates": [[-118.5214008, 34.0437465], [-118.521736, 34.0454082]]}, "properties": {"id": "123081677-123081679-0", "highway": "residential"}}, {"type": "Feature", "geometry": {"type": "LineString", "coordinates": [[-118.5214008, 34.0437465], [-118.5229826, 34.0450572]]}, "properties": {"id": "123081677-123082639-0", "highway": "secondary"}}, {"type": "Feature", "geometry": {"type": "LineString", "coordinates": [[-118.5214008, 34.0437465], [-118.5205327, 34.0430099]]}, "properties": {"id": "123081677-123082638-0", "highway": "secondary"}}, {"type": "Feature", "geometry": {"type": "LineString", "coordinates": [[-118.521736, 34.0454082], [-118.522141, 34.0472017]]}, "properties": {"id": "123081679-122941160-0", "highway": "residential"}}, {"type": "Feature", "geometry": {"type": "LineString", "coordinates": [[-118.521736, 34.0454082], [-118.52073, 34.0455593]]}, "properties": {"id": "123081679-123008621-0", "highway": "residential"}}, {"type": "Feature", "geometry": {"type": "LineString", "coordinates": [[-118.521736, 34.0454082], [-118.5214008, 34.0437465]]}, "properties": {"id": "123081679-123081677-0", "highway": "residential"}}, {"type": "Feature", "geometry": {"type": "LineString", "coordinates": [[-118.521736, 34.0454082], [-118.5227425, 34.0452493]]}, "properties": {"id": "123081679-122787463-0", "highway": "residential"}}, {"type": "Feature", "geometry": {"type": "LineString", "coordinates": [[-118.5231093, 34.0515909], [-118.522538, 34.0490107]]}, "properties": {"id": "123081680-122591853-0", "highway": "residential"}}, {"type": "Feature", "geometry": {"type": "LineString", "coordinates": [[-118.5231093, 34.0515909], [-118.5241091, 34.0514419]]}, "properties": {"id": "123081680-122672480-0", "highway": "residential"}}, {"type": "Feature", "geometry": {"type": "LineString", "coordinates": [[-118.5231093, 34.0515909], [-118.5220455, 34.0515109]]}, "properties": {"id": "123081680-123008624-0", "highway": "residential"}}, {"type": "Feature", "geometry": {"type": "LineString", "coordinates": [[-118.5231093, 34.0515909], [-118.5200904, 34.0517934]]}, "properties": {"id": "123081680-122672474-0", "highway": "residential"}}, {"type": "Feature", "geometry": {"type": "LineString", "coordinates": [[-118.4841728, 34.0572621], [-118.486228, 34.0594147]]}, "properties": {"id": "123082378-122944662-0", "highway": "residential"}}, {"type": "Feature", "geometry": {"type": "LineString", "coordinates": [[-118.4875922, 34.0566617], [-118.488152, 34.0559116]]}, "properties": {"id": "123082385-123324184-0", "highway": "residential"}}, {"type": "Feature", "geometry": {"type": "LineString", "coordinates": [[-118.4875922, 34.0566617], [-118.4882851, 34.0569854]]}, "properties": {"id": "123082385-123346874-0", "highway": "residential"}}, {"type": "Feature", "geometry": {"type": "LineString", "coordinates": [[-118.4875922, 34.0566617], [-118.4888379, 34.056442]]}, "properties": {"id": "123082385-123082386-0", "highway": "secondary"}}, {"type": "Feature", "geometry": {"type": "LineString", "coordinates": [[-118.4875922, 34.0566617], [-118.4856202, 34.0571875]]}, "properties": {"id": "123082385-122592440-0", "highway": "secondary"}}, {"type": "Feature", "geometry": {"type": "LineString", "coordinates": [[-118.4888379, 34.056442], [-118.488152, 34.0559116]]}, "properties": {"id": "123082386-123324184-0", "highway": "residential"}}, {"type": "Feature", "geometry": {"type": "LineString", "coordinates": [[-118.4888379, 34.056442], [-118.4882851, 34.0569854]]}, "properties": {"id": "123082386-123346874-0", "highway": "residential"}}, {"type": "Feature", "geometry": {"type": "LineString", "coordinates": [[-118.4888379, 34.056442], [-118.4914294, 34.0567435]]}, "properties": {"id": "123082386-123082396-0", "highway": "secondary"}}, {"type": "Feature", "geometry": {"type": "LineString", "coordinates": [[-118.4888379, 34.056442], [-118.4875922, 34.0566617]]}, "properties": {"id": "123082386-123082385-0", "highway": "secondary"}}, {"type": "Feature", "geometry": {"type": "LineString", "coordinates": [[-118.4914294, 34.0567435], [-118.4905001, 34.0543637]]}, "properties": {"id": "123082396-123403327-0", "highway": "residential"}}, {"type": "Feature", "geometry": {"type": "LineString", "coordinates": [[-118.4914294, 34.0567435], [-118.4920083, 34.0577543]]}, "properties": {"id": "123082396-123082403-0", "highway": "secondary"}}, {"type": "Feature", "geometry": {"type": "LineString", "coordinates": [[-118.4914294, 34.0567435], [-118.4888379, 34.056442]]}, "properties": {"id": "123082396-123082386-0", "highway": "secondary"}}, {"type": "Feature", "geometry": {"type": "LineString", "coordinates": [[-118.4920083, 34.0577543], [-118.4912919, 34.0584731]]}, "properties": {"id": "123082403-9188657210-0", "highway": "residential"}}, {"type": "Feature", "geometry": {"type": "LineString", "coordinates": [[-118.4920083, 34.0577543], [-118.4914294, 34.0567435]]}, "properties": {"id": "123082403-123082396-0", "highway": "secondary"}}, {"type": "Feature", "geometry": {"type": "LineString", "coordinates": [[-118.4920083, 34.0577543], [-118.4926593, 34.0581887]]}, "properties": {"id": "123082403-122604559-0", "highway": "secondary"}}, {"type": "Feature", "geometry": {"type": "LineString", "coordinates": [[-118.4940621, 34.0604797], [-118.493296, 34.064033]]}, "properties": {"id": "123082444-122881397-0", "highway": "tertiary"}}, {"type": "Feature", "geometry": {"type": "LineString", "coordinates": [[-118.4940621, 34.0604797], [-118.4926593, 34.0581887]]}, "properties": {"id": "123082444-122604559-0", "highway": "secondary"}}, {"type": "Feature", "geometry": {"type": "LineString", "coordinates": [[-118.4940621, 34.0604797], [-118.4953844, 34.0602356]]}, "properties": {"id": "123082444-123082461-0", "highway": "secondary"}}, {"type": "Feature", "geometry": {"type": "LineString", "coordinates": [[-118.4953844, 34.0602356], [-118.4955689, 34.0603992]]}, "properties": {"id": "123082461-123315680-0", "highway": "residential"}}, {"type": "Feature", "geometry": {"type": "LineString", "coordinates": [[-118.4953844, 34.0602356], [-118.4960292, 34.057409]]}, "properties": {"id": "123082461-122964693-0", "highway": "secondary"}}, {"type": "Feature", "geometry": {"type": "LineString", "coordinates": [[-118.4953844, 34.0602356], [-118.4940621, 34.0604797]]}, "properties": {"id": "123082461-123082444-0", "highway": "secondary"}}, {"type": "Feature", "geometry": {"type": "LineString", "coordinates": [[-118.5004677, 34.0528304], [-118.5005966, 34.0528193]]}, "properties": {"id": "123082493-635559138-0", "highway": "secondary"}}, {"type": "Feature", "geometry": {"type": "LineString", "coordinates": [[-118.5004677, 34.0528304], [-118.50024, 34.0528753]]}, "properties": {"id": "123082493-123063209-0", "highway": "secondary"}}, {"type": "Feature", "geometry": {"type": "LineString", "coordinates": [[-118.5050073, 34.0509694], [-118.5062488, 34.0515869]]}, "properties": {"id": "123082517-123584056-0", "highway": "residential"}}, {"type": "Feature", "geometry": {"type": "LineString", "coordinates": [[-118.5050073, 34.0509694], [-118.5039279, 34.0504058]]}, "properties": {"id": "123082517-123344327-0", "highway": "residential"}}, {"type": "Feature", "geometry": {"type": "LineString", "coordinates": [[-118.5050073, 34.0509694], [-118.5066416, 34.0486953]]}, "properties": {"id": "123082517-123082518-0", "highway": "secondary"}}, {"type": "Feature", "geometry": {"type": "LineString", "coordinates": [[-118.5050073, 34.0509694], [-118.5025535, 34.0528713]]}, "properties": {"id": "123082517-122830850-0", "highway": "secondary"}}, {"type": "Feature", "geometry": {"type": "LineString", "coordinates": [[-118.5066416, 34.0486953], [-118.5078211, 34.0492919]]}, "properties": {"id": "123082518-123315133-0", "highway": "residential"}}, {"type": "Feature", "geometry": {"type": "LineString", "coordinates": [[-118.5066416, 34.0486953], [-118.505565, 34.0481398]]}, "properties": {"id": "123082518-123315130-0", "highway": "residential"}}, {"type": "Feature", "geometry": {"type": "LineString", "coordinates": [[-118.5066416, 34.0486953], [-118.5081088, 34.0466773]]}, "properties": {"id": "123082518-122839329-0", "highway": "secondary"}}, {"type": "Feature", "geometry": {"type": "LineString", "coordinates": [[-118.5066416, 34.0486953], [-118.5050073, 34.0509694]]}, "properties": {"id": "123082518-123082517-0", "highway": "secondary"}}, {"type": "Feature", "geometry": {"type": "LineString", "coordinates": [[-118.511858, 34.0491147], [-118.50962, 34.046332]]}, "properties": {"id": "123082590-7301245626-0", "highway": "secondary"}}, {"type": "Feature", "geometry": {"type": "LineString", "coordinates": [[-118.511858, 34.0491147], [-118.5130773, 34.04708]]}, "properties": {"id": "123082590-122918292-0", "highway": "secondary"}}, {"type": "Feature", "geometry": {"type": "LineString", "coordinates": [[-118.511858, 34.0491147], [-118.5108607, 34.0487863]]}, "properties": {"id": "123082590-123193554-0", "highway": "residential"}}, {"type": "Feature", "geometry": {"type": "LineString", "coordinates": [[-118.517105, 34.0422972], [-118.5172422, 34.0419529]]}, "properties": {"id": "123082625-529785775-0", "highway": "secondary"}}, {"type": "Feature", "geometry": {"type": "LineString", "coordinates": [[-118.517105, 34.0422972], [-118.5149655, 34.0455858]]}, "properties": {"id": "123082625-122581030-0", "highway": "secondary"}}, {"type": "Feature", "geometry": {"type": "LineString", "coordinates": [[-118.5177764, 34.0414624], [-118.5181391, 34.0414155]]}, "properties": {"id": "123082632-13418556508-0", "highway": "secondary"}}, {"type": "Feature", "geometry": {"type": "LineString", "coordinates": [[-118.5177764, 34.0414624], [-118.5182281, 34.0435534]]}, "properties": {"id": "123082632-123272560-0", "highway": "residential"}}, {"type": "Feature", "geometry": {"type": "LineString", "coordinates": [[-118.5205327, 34.0430099], [-118.5212203, 34.0424249]]}, "properties": {"id": "123082638-122742219-0", "highway": "residential"}}, {"type": "Feature", "geometry": {"type": "LineString", "coordinates": [[-118.5205327, 34.0430099], [-118.5202266, 34.0432435]]}, "properties": {"id": "123082638-123008620-0", "highway": "residential"}}, {"type": "Feature", "geometry": {"type": "LineString", "coordinates": [[-118.5205327, 34.0430099], [-118.5214008, 34.0437465]]}, "properties": {"id": "123082638-123081677-0", "highway": "secondary"}}, {"type": "Feature", "geometry": {"type": "LineString", "coordinates": [[-118.5205327, 34.0430099], [-118.5189258, 34.0417099]]}, "properties": {"id": "123082638-122867871-0", "highway": "secondary"}}, {"type": "Feature", "geometry": {"type": "LineString", "coordinates": [[-118.5229826, 34.0450572], [-118.5234993, 34.0442476]]}, "properties": {"id": "123082639-122742222-0", "highway": "residential"}}, {"type": "Feature", "geometry": {"type": "LineString", "coordinates": [[-118.5229826, 34.0450572], [-118.5227425, 34.0452493]]}, "properties": {"id": "123082639-122787463-0", "highway": "residential"}}, {"type": "Feature", "geometry": {"type": "LineString", "coordinates": [[-118.5229826, 34.0450572], [-118.5239483, 34.045841]]}, "properties": {"id": "123082639-123082642-0", "highway": "secondary"}}, {"type": "Feature", "geometry": {"type": "LineString", "coordinates": [[-118.5229826, 34.0450572], [-118.5214008, 34.0437465]]}, "properties": {"id": "123082639-123081677-0", "highway": "secondary"}}, {"type": "Feature", "geometry": {"type": "LineString", "coordinates": [[-118.5239483, 34.045841], [-118.524091, 34.0463919]]}, "properties": {"id": "123082642-950989089-0", "highway": "tertiary_link"}}, {"type": "Feature", "geometry": {"type": "LineString", "coordinates": [[-118.5239483, 34.045841], [-118.5242757, 34.0461138]]}, "properties": {"id": "123082642-123082644-0", "highway": "secondary"}}, {"type": "Feature", "geometry": {"type": "LineString", "coordinates": [[-118.5239483, 34.045841], [-118.5229826, 34.0450572]]}, "properties": {"id": "123082642-123082639-0", "highway": "secondary"}}, {"type": "Feature", "geometry": {"type": "LineString", "coordinates": [[-118.5242757, 34.0461138], [-118.5251518, 34.0468364]]}, "properties": {"id": "123082644-123082647-0", "highway": "secondary"}}, {"type": "Feature", "geometry": {"type": "LineString", "coordinates": [[-118.5242757, 34.0461138], [-118.5239483, 34.045841]]}, "properties": {"id": "123082644-123082642-0", "highway": "secondary"}}, {"type": "Feature", "geometry": {"type": "LineString", "coordinates": [[-118.5242757, 34.0461138], [-118.524091, 34.0463919]]}, "properties": {"id": "123082644-950989089-0", "highway": "tertiary"}}, {"type": "Feature", "geometry": {"type": "LineString", "coordinates": [[-118.5242757, 34.0461138], [-118.525124, 34.0455882]]}, "properties": {"id": "123082644-122745419-0", "highway": "tertiary"}}, {"type": "Feature", "geometry": {"type": "LineString", "coordinates": [[-118.5251518, 34.0468364], [-118.5242757, 34.0461138]]}, "properties": {"id": "123082647-123082644-0", "highway": "secondary"}}, {"type": "Feature", "geometry": {"type": "LineString", "coordinates": [[-118.5251518, 34.0468364], [-118.5258069, 34.0473887]]}, "properties": {"id": "123082647-122767151-0", "highway": "secondary"}}, {"type": "Feature", "geometry": {"type": "LineString", "coordinates": [[-118.5387097, 34.0484697], [-118.53945, 34.0458866]]}, "properties": {"id": "123082702-123097890-0", "highway": "residential"}}, {"type": "Feature", "geometry": {"type": "LineString", "coordinates": [[-118.5387097, 34.0484697], [-118.5373175, 34.0501484]]}, "properties": {"id": "123082702-122787679-0", "highway": "residential"}}, {"type": "Feature", "geometry": {"type": "LineString", "coordinates": [[-118.5387097, 34.0484697], [-118.5383234, 34.0484697]]}, "properties": {"id": "123082702-122672251-0", "highway": "secondary"}}, {"type": "Feature", "geometry": {"type": "LineString", "coordinates": [[-118.5387097, 34.0484697], [-118.5396367, 34.0488537]]}, "properties": {"id": "123082702-123082709-0", "highway": "secondary"}}, {"type": "Feature", "geometry": {"type": "LineString", "coordinates": [[-118.5396367, 34.0488537], [-118.5395534, 34.0491778]]}, "properties": {"id": "123082709-123656101-0", "highway": "residential"}}, {"type": "Feature", "geometry": {"type": "LineString", "coordinates": [[-118.5396367, 34.0488537], [-118.5402428, 34.0473675]]}, "properties": {"id": "123082709-6469320355-0", "highway": "residential"}}, {"type": "Feature", "geometry": {"type": "LineString", "coordinates": [[-118.5396367, 34.0488537], [-118.5387097, 34.0484697]]}, "properties": {"id": "123082709-123082702-0", "highway": "secondary"}}, {"type": "Feature", "geometry": {"type": "LineString", "coordinates": [[-118.5396367, 34.0488537], [-118.5416816, 34.0484979]]}, "properties": {"id": "123082709-123082719-0", "highway": "secondary"}}, {"type": "Feature", "geometry": {"type": "LineString", "coordinates": [[-118.5416816, 34.0484979], [-118.5430634, 34.0460891]]}, "properties": {"id": "123082719-122822142-0", "highway": "residential"}}, {"type": "Feature", "geometry": {"type": "LineString", "coordinates": [[-118.5416816, 34.0484979], [-118.5412336, 34.049818]]}, "properties": {"id": "123082719-122708626-0", "highway": "residential"}}, {"type": "Feature", "geometry": {"type": "LineString", "coordinates": [[-118.5416816, 34.0484979], [-118.5396367, 34.0488537]]}, "properties": {"id": "123082719-123082709-0", "highway": "secondary"}}, {"type": "Feature", "geometry": {"type": "LineString", "coordinates": [[-118.5416816, 34.0484979], [-118.5427096, 34.048309]]}, "properties": {"id": "123082719-2696866185-0", "highway": "secondary"}}, {"type": "Feature", "geometry": {"type": "LineString", "coordinates": [[-118.5444338, 34.0436271], [-118.54486, 34.0428684]]}, "properties": {"id": "123082743-123075991-0", "highway": "residential"}}, {"type": "Feature", "geometry": {"type": "LineString", "coordinates": [[-118.5444338, 34.0436271], [-118.5437143, 34.0452462]]}, "properties": {"id": "123082743-122810801-0", "highway": "secondary"}}, {"type": "Feature", "geometry": {"type": "LineString", "coordinates": [[-118.5444338, 34.0436271], [-118.5462247, 34.0428542]]}, "properties": {"id": "123082743-123082746-0", "highway": "secondary"}}, {"type": "Feature", "geometry": {"type": "LineString", "coordinates": [[-118.5462247, 34.0428542], [-118.5466517, 34.0436263]]}, "properties": {"id": "123082746-122810809-0", "highway": "residential"}}, {"type": "Feature", "geometry": {"type": "LineString", "coordinates": [[-118.5462247, 34.0428542], [-118.5444338, 34.0436271]]}, "properties": {"id": "123082746-123082743-0", "highway": "secondary"}}, {"type": "Feature", "geometry": {"type": "LineString", "coordinates": [[-118.5462247, 34.0428542], [-118.549188, 34.0417788]]}, "properties": {"id": "123082746-13419177600-0", "highway": "secondary"}}, {"type": "Feature", "geometry": {"type": "LineString", "coordinates": [[-118.5537238, 34.0429413], [-118.5520738, 34.0444187]]}, "properties": {"id": "123082804-6032283540-0", "highway": "secondary"}}, {"type": "Feature", "geometry": {"type": "LineString", "coordinates": [[-118.5537238, 34.0429413], [-118.5539195, 34.0426554]]}, "properties": {"id": "123082804-534381974-0", "highway": "secondary"}}, {"type": "Feature", "geometry": {"type": "LineString", "coordinates": [[-118.5537238, 34.0429413], [-118.5544393, 34.042793]]}, "properties": {"id": "123082804-123570450-0", "highway": "residential"}}, {"type": "Feature", "geometry": {"type": "LineString", "coordinates": [[-118.5610838, 34.071748], [-118.5611133, 34.0721168]]}, "properties": {"id": "123083705-122719897-0", "highway": "residential"}}, {"type": "Feature", "geometry": {"type": "LineString", "coordinates": [[-118.4848762, 34.0772491], [-118.4851166, 34.076986]]}, "properties": {"id": "123091995-122482465-0", "highway": "residential"}}, {"type": "Feature", "geometry": {"type": "LineString", "coordinates": [[-118.4848762, 34.0772491], [-118.4861141, 34.0783922]]}, "properties": {"id": "123091995-123157557-0", "highway": "residential"}}, {"type": "Feature", "geometry": {"type": "LineString", "coordinates": [[-118.5971031, 34.0395568], [-118.5971235, 34.0396847]]}, "properties": {"id": "123095511-11935931404-0", "highway": "residential"}}, {"type": "Feature", "geometry": {"type": "LineString", "coordinates": [[-118.5971031, 34.0395568], [-118.5894654, 34.0394566]]}, "properties": {"id": "123095511-123002175-0", "highway": "trunk"}}, {"type": "Feature", "geometry": {"type": "LineString", "coordinates": [[-118.5351504, 34.0546587], [-118.5374035, 34.054722]]}, "properties": {"id": "123097875-123097884-0", "highway": "residential"}}, {"type": "Feature", "geometry": {"type": "LineString", "coordinates": [[-118.5351504, 34.0546587], [-118.5346422, 34.055302]]}, "properties": {"id": "123097875-123223857-0", "highway": "residential"}}, {"type": "Feature", "geometry": {"type": "LineString", "coordinates": [[-118.5351504, 34.0546587], [-118.5355042, 34.0532137]]}, "properties": {"id": "123097875-123097895-0", "highway": "residential"}}, {"type": "Feature", "geometry": {"type": "LineString", "coordinates": [[-118.5374035, 34.054722], [-118.5351504, 34.0546587]]}, "properties": {"id": "123097884-123097875-0", "highway": "residential"}}, {"type": "Feature", "geometry": {"type": "LineString", "coordinates": [[-118.5374035, 34.054722], [-118.5378416, 34.0550868]]}, "properties": {"id": "123097884-122874799-0", "highway": "residential"}}, {"type": "Feature", "geometry": {"type": "LineString", "coordinates": [[-118.5374035, 34.054722], [-118.5393132, 34.0528231]]}, "properties": {"id": "123097884-123148636-0", "highway": "residential"}}, {"type": "Feature", "geometry": {"type": "LineString", "coordinates": [[-118.53945, 34.0458866], [-118.5380059, 34.0480999]]}, "properties": {"id": "123097890-122672248-0", "highway": "residential"}}, {"type": "Feature", "geometry": {"type": "LineString", "coordinates": [[-118.53945, 34.0458866], [-118.5387097, 34.0484697]]}, "properties": {"id": "123097890-123082702-0", "highway": "residential"}}, {"type": "Feature", "geometry": {"type": "LineString", "coordinates": [[-118.53945, 34.0458866], [-118.5400126, 34.0462939]]}, "properties": {"id": "123097890-123020264-0", "highway": "residential"}}, {"type": "Feature", "geometry": {"type": "LineString", "coordinates": [[-118.5355042, 34.0532137], [-118.5345885, 34.0528931]]}, "properties": {"id": "123097895-122905103-0", "highway": "residential"}}, {"type": "Feature", "geometry": {"type": "LineString", "coordinates": [[-118.5355042, 34.0532137], [-118.5373794, 34.0503977]]}, "properties": {"id": "123097895-333795489-0", "highway": "residential"}}, {"type": "Feature", "geometry": {"type": "LineString", "coordinates": [[-118.5355042, 34.0532137], [-118.5351504, 34.0546587]]}, "properties": {"id": "123097895-123097875-0", "highway": "residential"}}, {"type": "Feature", "geometry": {"type": "LineString", "coordinates": [[-118.5479284, 34.0754906], [-118.5479772, 34.0755567]]}, "properties": {"id": "123101247-540349495-0", "highway": "residential"}}, {"type": "Feature", "geometry": {"type": "LineString", "coordinates": [[-118.5479284, 34.0754906], [-118.547288, 34.0756706]]}, "properties": {"id": "123101247-122973794-0", "highway": "residential"}}, {"type": "Feature", "geometry": {"type": "LineString", "coordinates": [[-118.5479284, 34.0754906], [-118.5474293, 34.0733493]]}, "properties": {"id": "123101247-3632290607-0", "highway": "residential"}}, {"type": "Feature", "geometry": {"type": "LineString", "coordinates": [[-118.4886867, 34.0623419], [-118.4907385, 34.0619228]]}, "properties": {"id": "123108820-9188662126-0", "highway": "residential"}}, {"type": "Feature", "geometry": {"type": "LineString", "coordinates": [[-118.4886867, 34.0623419], [-118.4872707, 34.062838]]}, "properties": {"id": "123108820-122944666-0", "highway": "residential"}}, {"type": "Feature", "geometry": {"type": "LineString", "coordinates": [[-118.4886867, 34.0623419], [-118.4886491, 34.0641748]]}, "properties": {"id": "123108820-123204369-0", "highway": "residential"}}, {"type": "Feature", "geometry": {"type": "LineString", "coordinates": [[-118.4886867, 34.0623419], [-118.4889037, 34.0604216]]}, "properties": {"id": "123108820-122520969-0", "highway": "residential"}}, {"type": "Feature", "geometry": {"type": "LineString", "coordinates": [[-118.5247783, 34.0512253], [-118.525119, 34.0511508]]}, "properties": {"id": "123109122-123109142-0", "highway": "residential"}}, {"type": "Feature", "geometry": {"type": "LineString", "coordinates": [[-118.5247783, 34.0512253], [-118.5241091, 34.0514419]]}, "properties": {"id": "123109122-122672480-0", "highway": "residential"}}, {"type": "Feature", "geometry": {"type": "LineString", "coordinates": [[-118.5247783, 34.0512253], [-118.524953, 34.0519504]]}, "properties": {"id": "123109122-123109126-0", "highway": "residential"}}, {"type": "Feature", "geometry": {"type": "LineString", "coordinates": [[-118.524953, 34.0519504], [-118.5248029, 34.0527109]]}, "properties": {"id": "123109126-122672462-0", "highway": "residential"}}, {"type": "Feature", "geometry": {"type": "LineString", "coordinates": [[-118.524953, 34.0519504], [-118.526967, 34.0520542]]}, "properties": {"id": "123109126-123489355-0", "highway": "residential"}}, {"type": "Feature", "geometry": {"type": "LineString", "coordinates": [[-118.524953, 34.0519504], [-118.5247783, 34.0512253]]}, "properties": {"id": "123109126-123109122-0", "highway": "residential"}}, {"type": "Feature", "geometry": {"type": "LineString", "coordinates": [[-118.525119, 34.0511508], [-118.5247783, 34.0512253]]}, "properties": {"id": "123109142-123109122-0", "highway": "residential"}}, {"type": "Feature", "geometry": {"type": "LineString", "coordinates": [[-118.525119, 34.0511508], [-118.5261074, 34.0511475]]}, "properties": {"id": "123109142-123071553-0", "highway": "residential"}}, {"type": "Feature", "geometry": {"type": "LineString", "coordinates": [[-118.525119, 34.0511508], [-118.5246054, 34.0487066]]}, "properties": {"id": "123109142-122591860-0", "highway": "tertiary"}}, {"type": "Feature", "geometry": {"type": "LineString", "coordinates": [[-118.4998448, 34.0701833], [-118.500486, 34.0712433]]}, "properties": {"id": "123109207-123109210-0", "highway": "residential"}}, {"type": "Feature", "geometry": {"type": "LineString", "coordinates": [[-118.500486, 34.0712433], [-118.4998448, 34.0701833]]}, "properties": {"id": "123109210-123109207-0", "highway": "residential"}}, {"type": "Feature", "geometry": {"type": "LineString", "coordinates": [[-118.500486, 34.0712433], [-118.500804, 34.0726184]]}, "properties": {"id": "123109210-122819283-0", "highway": "residential"}}, {"type": "Feature", "geometry": {"type": "LineString", "coordinates": [[-118.500486, 34.0712433], [-118.4975169, 34.0671086]]}, "properties": {"id": "123109210-122775232-0", "highway": "residential"}}, {"type": "Feature", "geometry": {"type": "LineString", "coordinates": [[-118.5680098, 34.0424354], [-118.5678641, 34.0454982]]}, "properties": {"id": "123112211-123240822-0", "highway": "residential"}}, {"type": "Feature", "geometry": {"type": "LineString", "coordinates": [[-118.5680098, 34.0424354], [-118.5735555, 34.0425711]]}, "properties": {"id": "123112211-123112217-0", "highway": "residential"}}, {"type": "Feature", "geometry": {"type": "LineString", "coordinates": [[-118.5680098, 34.0424354], [-118.567656, 34.0418491]]}, "properties": {"id": "123112211-13419257683-0", "highway": "residential"}}, {"type": "Feature", "geometry": {"type": "LineString", "coordinates": [[-118.5735555, 34.0425711], [-118.5738998, 34.0432802]]}, "properties": {"id": "123112217-123132359-0", "highway": "residential"}}, {"type": "Feature", "geometry": {"type": "LineString", "coordinates": [[-118.5735555, 34.0425711], [-118.5774123, 34.0421435]]}, "properties": {"id": "123112217-123132353-0", "highway": "residential"}}, {"type": "Feature", "geometry": {"type": "LineString", "coordinates": [[-118.5735555, 34.0425711], [-118.5680098, 34.0424354]]}, "properties": {"id": "123112217-123112211-0", "highway": "residential"}}, {"type": "Feature", "geometry": {"type": "LineString", "coordinates": [[-118.5084252, 34.0368307], [-118.5094768, 34.0366607]]}, "properties": {"id": "123114027-123030332-0", "highway": "residential"}}, {"type": "Feature", "geometry": {"type": "LineString", "coordinates": [[-118.5084252, 34.0368307], [-118.5083919, 34.0392885]]}, "properties": {"id": "123114027-123114036-0", "highway": "residential"}}, {"type": "Feature", "geometry": {"type": "LineString", "coordinates": [[-118.5084252, 34.0368307], [-118.5089537, 34.0343989]]}, "properties": {"id": "123114027-122948682-0", "highway": "residential"}}, {"type": "Feature", "geometry": {"type": "LineString", "coordinates": [[-118.5083919, 34.0392885], [-118.5084252, 34.0368307]]}, "properties": {"id": "123114036-123114027-0", "highway": "residential"}}, {"type": "Feature", "geometry": {"type": "LineString", "coordinates": [[-118.5009844, 34.0551137], [-118.5026581, 34.0546714]]}, "properties": {"id": "123116649-122830854-0", "highway": "residential"}}, {"type": "Feature", "geometry": {"type": "LineString", "coordinates": [[-118.5009844, 34.0551137], [-118.4995141, 34.0549005]]}, "properties": {"id": "123116649-123063211-0", "highway": "residential"}}, {"type": "Feature", "geometry": {"type": "LineString", "coordinates": [[-118.5009844, 34.0551137], [-118.5011346, 34.056287]]}, "properties": {"id": "123116649-122729218-0", "highway": "residential"}}, {"type": "Feature", "geometry": {"type": "LineString", "coordinates": [[-118.5009844, 34.0551137], [-118.5004689, 34.0530188]]}, "properties": {"id": "123116649-4019011134-0", "highway": "residential"}}, {"type": "Feature", "geometry": {"type": "LineString", "coordinates": [[-118.5041521, 34.0547559], [-118.5047315, 34.0549997]]}, "properties": {"id": "123116651-122869706-0", "highway": "residential"}}, {"type": "Feature", "geometry": {"type": "LineString", "coordinates": [[-118.5041521, 34.0547559], [-118.5026581, 34.0546714]]}, "properties": {"id": "123116651-122830854-0", "highway": "residential"}}, {"type": "Feature", "geometry": {"type": "LineString", "coordinates": [[-118.5041521, 34.0547559], [-118.5037632, 34.0575114]]}, "properties": {"id": "123116651-123375325-0", "highway": "residential"}}, {"type": "Feature", "geometry": {"type": "LineString", "coordinates": [[-118.5041521, 34.0547559], [-118.5049914, 34.0532782]]}, "properties": {"id": "123116651-2510934858-0", "highway": "residential"}}, {"type": "Feature", "geometry": {"type": "LineString", "coordinates": [[-118.5058786, 34.0539845], [-118.5047315, 34.0549997]]}, "properties": {"id": "123116654-122869706-0", "highway": "residential"}}, {"type": "Feature", "geometry": {"type": "LineString", "coordinates": [[-118.5449887, 34.0557492], [-118.5451738, 34.0567336]]}, "properties": {"id": "123120781-123120784-0", "highway": "residential"}}, {"type": "Feature", "geometry": {"type": "LineString", "coordinates": [[-118.5449887, 34.0557492], [-118.5454418, 34.0583042]]}, "properties": {"id": "123120781-122954051-0", "highway": "residential"}}, {"type": "Feature", "geometry": {"type": "LineString", "coordinates": [[-118.5449887, 34.0557492], [-118.5463566, 34.0549737]]}, "properties": {"id": "123120781-122995244-0", "highway": "residential"}}, {"type": "Feature", "geometry": {"type": "LineString", "coordinates": [[-118.5451738, 34.0567336], [-118.5449887, 34.0557492]]}, "properties": {"id": "123120784-123120781-0", "highway": "residential"}}, {"type": "Feature", "geometry": {"type": "LineString", "coordinates": [[-118.4852838, 34.0498066], [-118.4852346, 34.0496277]]}, "properties": {"id": "123121028-536314686-0", "highway": "residential"}}, {"type": "Feature", "geometry": {"type": "LineString", "coordinates": [[-118.4852838, 34.0498066], [-118.4866423, 34.0495334]]}, "properties": {"id": "123121028-123121031-0", "highway": "secondary"}}, {"type": "Feature", "geometry": {"type": "LineString", "coordinates": [[-118.4852838, 34.0498066], [-118.486191, 34.0511918]]}, "properties": {"id": "123121028-2510852424-0", "highway": "residential"}}, {"type": "Feature", "geometry": {"type": "LineString", "coordinates": [[-118.4866423, 34.0495334], [-118.4865976, 34.0493554]]}, "properties": {"id": "123121031-536314683-0", "highway": "residential"}}, {"type": "Feature", "geometry": {"type": "LineString", "coordinates": [[-118.4866423, 34.0495334], [-118.4874059, 34.0493785]]}, "properties": {"id": "123121031-123121034-0", "highway": "secondary"}}, {"type": "Feature", "geometry": {"type": "LineString", "coordinates": [[-118.4874059, 34.0493785], [-118.4881377, 34.0492306]]}, "properties": {"id": "123121034-122588979-0", "highway": "secondary"}}, {"type": "Feature", "geometry": {"type": "LineString", "coordinates": [[-118.4874059, 34.0493785], [-118.4873561, 34.0492076]]}, "properties": {"id": "123121034-536322231-0", "highway": "residential"}}, {"type": "Feature", "geometry": {"type": "LineString", "coordinates": [[-118.4874059, 34.0493785], [-118.488755, 34.0510399]]}, "properties": {"id": "123121034-123466159-0", "highway": "residential"}}, {"type": "Feature", "geometry": {"type": "LineString", "coordinates": [[-118.489714, 34.048909], [-118.4896049, 34.0487679]]}, "properties": {"id": "123121039-536310030-0", "highway": "residential"}}, {"type": "Feature", "geometry": {"type": "LineString", "coordinates": [[-118.489714, 34.048909], [-118.4909788, 34.0502511]]}, "properties": {"id": "123121039-123475032-0", "highway": "residential"}}, {"type": "Feature", "geometry": {"type": "LineString", "coordinates": [[-118.489714, 34.048909], [-118.4920292, 34.0484573]]}, "properties": {"id": "123121039-13418528925-0", "highway": "secondary"}}, {"type": "Feature", "geometry": {"type": "LineString", "coordinates": [[-118.5306235, 34.0372211], [-118.5303317, 34.0383449]]}, "properties": {"id": "123125664-123008151-0", "highway": "residential"}}, {"type": "Feature", "geometry": {"type": "LineString", "coordinates": [[-118.5306235, 34.0372211], [-118.5296365, 34.0370504]]}, "properties": {"id": "123125664-123071543-0", "highway": "residential"}}, {"type": "Feature", "geometry": {"type": "LineString", "coordinates": [[-118.5306235, 34.0372211], [-118.5315205, 34.0373865]]}, "properties": {"id": "123125664-123630488-0", "highway": "residential"}}, {"type": "Feature", "geometry": {"type": "LineString", "coordinates": [[-118.5306235, 34.0372211], [-118.5308831, 34.0359073]]}, "properties": {"id": "123125664-122423172-0", "highway": "residential"}}, {"type": "Feature", "geometry": {"type": "LineString", "coordinates": [[-118.5304093, 34.0391172], [-118.5303317, 34.0383449]]}, "properties": {"id": "123125667-123008151-0", "highway": "residential"}}, {"type": "Feature", "geometry": {"type": "LineString", "coordinates": [[-118.5304093, 34.0391172], [-118.5296622, 34.040443]]}, "properties": {"id": "123125667-123140494-0", "highway": "residential"}}, {"type": "Feature", "geometry": {"type": "LineString", "coordinates": [[-118.5304093, 34.0391172], [-118.5312501, 34.0384942]]}, "properties": {"id": "123125667-122938643-0", "highway": "residential"}}, {"type": "Feature", "geometry": {"type": "LineString", "coordinates": [[-118.5648094, 34.0768904], [-118.5646928, 34.0768454]]}, "properties": {"id": "123129636-2811573500-0", "highway": "residential"}}, {"type": "Feature", "geometry": {"type": "LineString", "coordinates": [[-118.5648094, 34.0768904], [-118.565441, 34.0771764]]}, "properties": {"id": "123129636-7890148161-0", "highway": "residential"}}, {"type": "Feature", "geometry": {"type": "LineString", "coordinates": [[-118.5648094, 34.0768904], [-118.5651392, 34.0756592]]}, "properties": {"id": "123129636-13419251225-0", "highway": "tertiary"}}, {"type": "Feature", "geometry": {"type": "LineString", "coordinates": [[-118.5582722, 34.0750705], [-118.55824, 34.0750375]]}, "properties": {"id": "123129644-123129646-0", "highway": "tertiary"}}, {"type": "Feature", "geometry": {"type": "LineString", "coordinates": [[-118.5582722, 34.0750705], [-118.5589298, 34.0755709]]}, "properties": {"id": "123129644-7890148171-0", "highway": "residential"}}, {"type": "Feature", "geometry": {"type": "LineString", "coordinates": [[-118.55824, 34.0750375], [-118.5582722, 34.0750705]]}, "properties": {"id": "123129646-123129644-0", "highway": "tertiary"}}, {"type": "Feature", "geometry": {"type": "LineString", "coordinates": [[-118.55824, 34.0750375], [-118.5572872, 34.075784]]}, "properties": {"id": "123129646-540382866-0", "highway": "residential"}}, {"type": "Feature", "geometry": {"type": "LineString", "coordinates": [[-118.55824, 34.0750375], [-118.5565681, 34.0741608]]}, "properties": {"id": "123129646-123129654-0", "highway": "tertiary"}}, {"type": "Feature", "geometry": {"type": "LineString", "coordinates": [[-118.5565681, 34.0741608], [-118.5562711, 34.0750512]]}, "properties": {"id": "123129654-540382814-0", "highway": "residential"}}, {"type": "Feature", "geometry": {"type": "LineString", "coordinates": [[-118.5565681, 34.0741608], [-118.5550896, 34.0744369]]}, "properties": {"id": "123129654-540378529-0", "highway": "tertiary"}}, {"type": "Feature", "geometry": {"type": "LineString", "coordinates": [[-118.5565681, 34.0741608], [-118.55824, 34.0750375]]}, "properties": {"id": "123129654-123129646-0", "highway": "tertiary"}}, {"type": "Feature", "geometry": {"type": "LineString", "coordinates": [[-118.5521374, 34.0733384], [-118.5529018, 34.0763843]]}, "properties": {"id": "123129667-123196106-0", "highway": "residential"}}, {"type": "Feature", "geometry": {"type": "LineString", "coordinates": [[-118.5521374, 34.0733384], [-118.5550896, 34.0744369]]}, "properties": {"id": "123129667-540378529-0", "highway": "tertiary"}}, {"type": "Feature", "geometry": {"type": "LineString", "coordinates": [[-118.5521374, 34.0733384], [-118.5512792, 34.0728748]]}, "properties": {"id": "123129667-123001145-0", "highway": "tertiary"}}, {"type": "Feature", "geometry": {"type": "LineString", "coordinates": [[-118.5525208, 34.046789], [-118.5523107, 34.0468879]]}, "properties": {"id": "123129680-4616722550-0", "highway": "residential"}}, {"type": "Feature", "geometry": {"type": "LineString", "coordinates": [[-118.5525208, 34.046789], [-118.5526303, 34.0467378]]}, "properties": {"id": "123129680-6700627098-0", "highway": "residential"}}, {"type": "Feature", "geometry": {"type": "LineString", "coordinates": [[-118.5525208, 34.046789], [-118.5525955, 34.0507942]]}, "properties": {"id": "123129680-6792233611-0", "highway": "tertiary"}}, {"type": "Feature", "geometry": {"type": "LineString", "coordinates": [[-118.5617757, 34.0704113], [-118.561667, 34.0704828]]}, "properties": {"id": "123129711-540840355-0", "highway": "residential"}}, {"type": "Feature", "geometry": {"type": "LineString", "coordinates": [[-118.5617757, 34.0704113], [-118.5612475, 34.069898]]}, "properties": {"id": "123129711-6485933931-0", "highway": "tertiary"}}, {"type": "Feature", "geometry": {"type": "LineString", "coordinates": [[-118.5635133, 34.0723823], [-118.563376, 34.0724321]]}, "properties": {"id": "123129717-540421374-0", "highway": "residential"}}, {"type": "Feature", "geometry": {"type": "LineString", "coordinates": [[-118.5635133, 34.0723823], [-118.5630005, 34.0716413]]}, "properties": {"id": "123129717-9944254542-0", "highway": "tertiary"}}, {"type": "Feature", "geometry": {"type": "LineString", "coordinates": [[-118.6043575, 34.0786084], [-118.6044299, 34.0771564]]}, "properties": {"id": "123130460-123130505-0", "highway": "residential"}}, {"type": "Feature", "geometry": {"type": "LineString", "coordinates": [[-118.6043575, 34.0786084], [-118.6023638, 34.0783838]]}, "properties": {"id": "123130460-123555453-0", "highway": "tertiary"}}, {"type": "Feature", "geometry": {"type": "LineString", "coordinates": [[-118.6043575, 34.0786084], [-118.6049904, 34.0768811]]}, "properties": {"id": "123130460-123681884-0", "highway": "tertiary"}}, {"type": "Feature", "geometry": {"type": "LineString", "coordinates": [[-118.6044299, 34.0771564], [-118.6043575, 34.0786084]]}, "properties": {"id": "123130505-123130460-0", "highway": "residential"}}, {"type": "Feature", "geometry": {"type": "LineString", "coordinates": [[-118.4923414, 34.0430971], [-118.4903773, 34.0414202]]}, "properties": {"id": "123130691-123130694-0", "highway": "residential"}}, {"type": "Feature", "geometry": {"type": "LineString", "coordinates": [[-118.4923414, 34.0430971], [-118.4943832, 34.0448332]]}, "properties": {"id": "123130691-122685798-0", "highway": "residential"}}, {"type": "Feature", "geometry": {"type": "LineString", "coordinates": [[-118.4923414, 34.0430971], [-118.4914386, 34.043806]]}, "properties": {"id": "123130691-122702471-0", "highway": "residential"}}, {"type": "Feature", "geometry": {"type": "LineString", "coordinates": [[-118.4923414, 34.0430971], [-118.493239, 34.0423584]]}, "properties": {"id": "123130691-123224922-0", "highway": "residential"}}, {"type": "Feature", "geometry": {"type": "LineString", "coordinates": [[-118.4903773, 34.0414202], [-118.4886057, 34.0398889]]}, "properties": {"id": "123130694-123030866-0", "highway": "residential"}}, {"type": "Feature", "geometry": {"type": "LineString", "coordinates": [[-118.4903773, 34.0414202], [-118.4923414, 34.0430971]]}, "properties": {"id": "123130694-123130691-0", "highway": "residential"}}, {"type": "Feature", "geometry": {"type": "LineString", "coordinates": [[-118.4903773, 34.0414202], [-118.4895033, 34.0421285]]}, "properties": {"id": "123130694-122702474-0", "highway": "residential"}}, {"type": "Feature", "geometry": {"type": "LineString", "coordinates": [[-118.4903773, 34.0414202], [-118.4912844, 34.0406852]]}, "properties": {"id": "123130694-123257616-0", "highway": "residential"}}, {"type": "Feature", "geometry": {"type": "LineString", "coordinates": [[-118.5774123, 34.0421435], [-118.5773531, 34.0429013]]}, "properties": {"id": "123132353-123292433-0", "highway": "residential"}}, {"type": "Feature", "geometry": {"type": "LineString", "coordinates": [[-118.5774123, 34.0421435], [-118.5738998, 34.0432802]]}, "properties": {"id": "123132353-123132359-0", "highway": "residential"}}, {"type": "Feature", "geometry": {"type": "LineString", "coordinates": [[-118.5774123, 34.0421435], [-118.5735555, 34.0425711]]}, "properties": {"id": "123132353-123112217-0", "highway": "residential"}}, {"type": "Feature", "geometry": {"type": "LineString", "coordinates": [[-118.5738998, 34.0432802], [-118.5729949, 34.0435871]]}, "properties": {"id": "123132359-122604310-0", "highway": "residential"}}, {"type": "Feature", "geometry": {"type": "LineString", "coordinates": [[-118.5738998, 34.0432802], [-118.5774123, 34.0421435]]}, "properties": {"id": "123132359-123132353-0", "highway": "residential"}}, {"type": "Feature", "geometry": {"type": "LineString", "coordinates": [[-118.5738998, 34.0432802], [-118.5741295, 34.0458741]]}, "properties": {"id": "123132359-122634557-0", "highway": "residential"}}, {"type": "Feature", "geometry": {"type": "LineString", "coordinates": [[-118.5738998, 34.0432802], [-118.5735555, 34.0425711]]}, "properties": {"id": "123132359-123112217-0", "highway": "residential"}}, {"type": "Feature", "geometry": {"type": "LineString", "coordinates": [[-118.5694862, 34.0443235], [-118.5696834, 34.0452909]]}, "properties": {"id": "123132364-122627381-0", "highway": "residential"}}, {"type": "Feature", "geometry": {"type": "LineString", "coordinates": [[-118.5694862, 34.0443235], [-118.5729949, 34.0435871]]}, "properties": {"id": "123132364-122604310-0", "highway": "residential"}}, {"type": "Feature", "geometry": {"type": "LineString", "coordinates": [[-118.5694862, 34.0443235], [-118.5690626, 34.044043]]}, "properties": {"id": "123132364-123489396-0", "highway": "residential"}}, {"type": "Feature", "geometry": {"type": "LineString", "coordinates": [[-118.5406351, 34.0387392], [-118.5406718, 34.0385127]]}, "properties": {"id": "123133377-122769643-0", "highway": "residential"}}, {"type": "Feature", "geometry": {"type": "LineString", "coordinates": [[-118.5406351, 34.0387392], [-118.5388826, 34.0387321]]}, "properties": {"id": "123133377-122769657-0", "highway": "residential"}}, {"type": "Feature", "geometry": {"type": "LineString", "coordinates": [[-118.5406351, 34.0387392], [-118.54187, 34.0390013]]}, "properties": {"id": "123133377-123454581-0", "highway": "residential"}}, {"type": "Feature", "geometry": {"type": "LineString", "coordinates": [[-118.4903188, 34.0744345], [-118.4916934, 34.0759918]]}, "properties": {"id": "123134817-123134818-0", "highway": "residential"}}, {"type": "Feature", "geometry": {"type": "LineString", "coordinates": [[-118.4916934, 34.0759918], [-118.4903188, 34.0744345]]}, "properties": {"id": "123134818-123134817-0", "highway": "residential"}}, {"type": "Feature", "geometry": {"type": "LineString", "coordinates": [[-118.4916934, 34.0759918], [-118.4902554, 34.075561]]}, "properties": {"id": "123134818-123357639-0", "highway": "residential"}}, {"type": "Feature", "geometry": {"type": "LineString", "coordinates": [[-118.4916934, 34.0759918], [-118.4923924, 34.0754416]]}, "properties": {"id": "123134818-123212585-0", "highway": "residential"}}, {"type": "Feature", "geometry": {"type": "LineString", "coordinates": [[-118.5930694, 34.1013267], [-118.5933834, 34.0999095]]}, "properties": {"id": "123136581-123136599-0", "highway": "residential"}}, {"type": "Feature", "geometry": {"type": "LineString", "coordinates": [[-118.5930694, 34.1013267], [-118.5915319, 34.1020516]]}, "properties": {"id": "123136581-122849893-0", "highway": "primary"}}, {"type": "Feature", "geometry": {"type": "LineString", "coordinates": [[-118.5930694, 34.1013267], [-118.5987903, 34.0991878]]}, "properties": {"id": "123136581-11680840886-0", "highway": "primary"}}, {"type": "Feature", "geometry": {"type": "LineString", "coordinates": [[-118.5933834, 34.0999095], [-118.5956628, 34.0997889]]}, "properties": {"id": "123136599-123007252-0", "highway": "residential"}}, {"type": "Feature", "geometry": {"type": "LineString", "coordinates": [[-118.5933834, 34.0999095], [-118.5930694, 34.1013267]]}, "properties": {"id": "123136599-123136581-0", "highway": "residential"}}, {"type": "Feature", "geometry": {"type": "LineString", "coordinates": [[-118.5933834, 34.0999095], [-118.591084, 34.099883]]}, "properties": {"id": "123136599-6904165712-0", "highway": "residential"}}, {"type": "Feature", "geometry": {"type": "LineString", "coordinates": [[-118.5208101, 34.0370212], [-118.5215033, 34.0376066]]}, "properties": {"id": "123139472-2625042530-0", "highway": "residential"}}, {"type": "Feature", "geometry": {"type": "LineString", "coordinates": [[-118.5208101, 34.0370212], [-118.5204054, 34.0402928]]}, "properties": {"id": "123139472-951006826-0", "highway": "residential"}}, {"type": "Feature", "geometry": {"type": "LineString", "coordinates": [[-118.5208101, 34.0370212], [-118.52254, 34.0363176]]}, "properties": {"id": "123139472-122745409-0", "highway": "residential"}}, {"type": "Feature", "geometry": {"type": "LineString", "coordinates": [[-118.5208101, 34.0370212], [-118.5200947, 34.0364367]]}, "properties": {"id": "123139472-122742214-0", "highway": "residential"}}, {"type": "Feature", "geometry": {"type": "LineString", "coordinates": [[-118.521907, 34.0418645], [-118.522915, 34.0426679]]}, "properties": {"id": "123139474-122745417-0", "highway": "residential"}}, {"type": "Feature", "geometry": {"type": "LineString", "coordinates": [[-118.521907, 34.0418645], [-118.5204613, 34.0404197]]}, "properties": {"id": "123139474-123063137-0", "highway": "residential"}}, {"type": "Feature", "geometry": {"type": "LineString", "coordinates": [[-118.521907, 34.0418645], [-118.5212203, 34.0424249]]}, "properties": {"id": "123139474-122742219-0", "highway": "residential"}}, {"type": "Feature", "geometry": {"type": "LineString", "coordinates": [[-118.5296622, 34.040443], [-118.5303379, 34.0409176]]}, "properties": {"id": "123140494-122938623-0", "highway": "residential"}}, {"type": "Feature", "geometry": {"type": "LineString", "coordinates": [[-118.5296622, 34.040443], [-118.5288297, 34.0402865]]}, "properties": {"id": "123140494-123071545-0", "highway": "residential"}}, {"type": "Feature", "geometry": {"type": "LineString", "coordinates": [[-118.5296622, 34.040443], [-118.5304093, 34.0391172]]}, "properties": {"id": "123140494-123125667-0", "highway": "residential"}}, {"type": "Feature", "geometry": {"type": "LineString", "coordinates": [[-118.5163969, 34.0408615], [-118.5158654, 34.0431117]]}, "properties": {"id": "123144875-123144877-0", "highway": "residential"}}, {"type": "Feature", "geometry": {"type": "LineString", "coordinates": [[-118.5158654, 34.0431117], [-118.5143924, 34.0449543]]}, "properties": {"id": "123144877-122581026-0", "highway": "residential"}}, {"type": "Feature", "geometry": {"type": "LineString", "coordinates": [[-118.5158654, 34.0431117], [-118.5163969, 34.0408615]]}, "properties": {"id": "123144877-123144875-0", "highway": "residential"}}, {"type": "Feature", "geometry": {"type": "LineString", "coordinates": [[-118.5158654, 34.0431117], [-118.514246, 34.0434167]]}, "properties": {"id": "123144877-122581022-0", "highway": "residential"}}, {"type": "Feature", "geometry": {"type": "LineString", "coordinates": [[-118.5363807, 34.0393385], [-118.536168, 34.0390474]]}, "properties": {"id": "123146303-122614335-0", "highway": "residential"}}, {"type": "Feature", "geometry": {"type": "LineString", "coordinates": [[-118.4932759, 34.0642099], [-118.493296, 34.064033]]}, "properties": {"id": "123146767-122881397-0", "highway": "tertiary"}}, {"type": "Feature", "geometry": {"type": "LineString", "coordinates": [[-118.4932759, 34.0642099], [-118.4931783, 34.065243]]}, "properties": {"id": "123146767-123146770-0", "highway": "tertiary"}}, {"type": "Feature", "geometry": {"type": "LineString", "coordinates": [[-118.4932759, 34.0642099], [-118.4970046, 34.0671969]]}, "properties": {"id": "123146767-122816995-0", "highway": "residential"}}, {"type": "Feature", "geometry": {"type": "LineString", "coordinates": [[-118.4931783, 34.065243], [-118.493614, 34.067408]]}, "properties": {"id": "123146770-123146773-0", "highway": "tertiary"}}, {"type": "Feature", "geometry": {"type": "LineString", "coordinates": [[-118.4931783, 34.065243], [-118.4932759, 34.0642099]]}, "properties": {"id": "123146770-123146767-0", "highway": "tertiary"}}, {"type": "Feature", "geometry": {"type": "LineString", "coordinates": [[-118.4931783, 34.065243], [-118.4925816, 34.0653619]]}, "properties": {"id": "123146770-123726460-0", "highway": "residential"}}, {"type": "Feature", "geometry": {"type": "LineString", "coordinates": [[-118.493614, 34.067408], [-118.494214, 34.068108]]}, "properties": {"id": "123146773-123146776-0", "highway": "tertiary"}}, {"type": "Feature", "geometry": {"type": "LineString", "coordinates": [[-118.493614, 34.067408], [-118.4931783, 34.065243]]}, "properties": {"id": "123146773-123146770-0", "highway": "tertiary"}}, {"type": "Feature", "geometry": {"type": "LineString", "coordinates": [[-118.493614, 34.067408], [-118.4933598, 34.0681082]]}, "properties": {"id": "123146773-122468742-0", "highway": "residential"}}, {"type": "Feature", "geometry": {"type": "LineString", "coordinates": [[-118.494214, 34.068108], [-118.493614, 34.067408]]}, "properties": {"id": "123146776-123146773-0", "highway": "tertiary"}}, {"type": "Feature", "geometry": {"type": "LineString", "coordinates": [[-118.494214, 34.068108], [-118.4959012, 34.0714479]]}, "properties": {"id": "123146776-123146782-0", "highway": "tertiary"}}, {"type": "Feature", "geometry": {"type": "LineString", "coordinates": [[-118.494214, 34.068108], [-118.4938638, 34.0699414]]}, "properties": {"id": "123146776-122462997-0", "highway": "residential"}}, {"type": "Feature", "geometry": {"type": "LineString", "coordinates": [[-118.4959012, 34.0714479], [-118.495504, 34.0728407]]}, "properties": {"id": "123146782-123066691-0", "highway": "tertiary"}}, {"type": "Feature", "geometry": {"type": "LineString", "coordinates": [[-118.4959012, 34.0714479], [-118.494214, 34.068108]]}, "properties": {"id": "123146782-123146776-0", "highway": "tertiary"}}, {"type": "Feature", "geometry": {"type": "LineString", "coordinates": [[-118.4959012, 34.0714479], [-118.4977857, 34.0722199]]}, "properties": {"id": "123146782-1358505693-0", "highway": "residential"}}, {"type": "Feature", "geometry": {"type": "LineString", "coordinates": [[-118.4994239, 34.0751142], [-118.4993057, 34.075008]]}, "properties": {"id": "123146791-4591406810-0", "highway": "tertiary"}}, {"type": "Feature", "geometry": {"type": "LineString", "coordinates": [[-118.4994239, 34.0751142], [-118.5012089, 34.0803358]]}, "properties": {"id": "123146791-122819266-0", "highway": "tertiary"}}, {"type": "Feature", "geometry": {"type": "LineString", "coordinates": [[-118.4994239, 34.0751142], [-118.4979936, 34.0763026]]}, "properties": {"id": "123146791-123595763-0", "highway": "residential"}}, {"type": "Feature", "geometry": {"type": "LineString", "coordinates": [[-118.5031927, 34.1052697], [-118.5012089, 34.0803358]]}, "properties": {"id": "123146812-122819266-0", "highway": "tertiary"}}, {"type": "Feature", "geometry": {"type": "LineString", "coordinates": [[-118.4897649, 34.0451518], [-118.4889389, 34.0457981]]}, "properties": {"id": "123147448-123224924-0", "highway": "residential"}}, {"type": "Feature", "geometry": {"type": "LineString", "coordinates": [[-118.4897649, 34.0451518], [-118.4905975, 34.0444832]]}, "properties": {"id": "123147448-122785582-0", "highway": "residential"}}, {"type": "Feature", "geometry": {"type": "LineString", "coordinates": [[-118.4897649, 34.0451518], [-118.4878473, 34.0434926]]}, "properties": {"id": "123147448-123147450-0", "highway": "residential"}}, {"type": "Feature", "geometry": {"type": "LineString", "coordinates": [[-118.4897649, 34.0451518], [-118.491498, 34.0466177]]}, "properties": {"id": "123147448-122685804-0", "highway": "residential"}}, {"type": "Feature", "geometry": {"type": "LineString", "coordinates": [[-118.4878473, 34.0434926], [-118.4860648, 34.0419672]]}, "properties": {"id": "123147450-123030869-0", "highway": "residential"}}, {"type": "Feature", "geometry": {"type": "LineString", "coordinates": [[-118.4878473, 34.0434926], [-118.4897649, 34.0451518]]}, "properties": {"id": "123147450-123147448-0", "highway": "residential"}}, {"type": "Feature", "geometry": {"type": "LineString", "coordinates": [[-118.4878473, 34.0434926], [-118.4886776, 34.0427975]]}, "properties": {"id": "123147450-122785583-0", "highway": "residential"}}, {"type": "Feature", "geometry": {"type": "LineString", "coordinates": [[-118.4878473, 34.0434926], [-118.4870118, 34.0441676]]}, "properties": {"id": "123147450-123257620-0", "highway": "residential"}}, {"type": "Feature", "geometry": {"type": "LineString", "coordinates": [[-118.5393132, 34.0528231], [-118.5374035, 34.054722]]}, "properties": {"id": "123148636-123097884-0", "highway": "residential"}}, {"type": "Feature", "geometry": {"type": "LineString", "coordinates": [[-118.5393132, 34.0528231], [-118.5375424, 34.0510141]]}, "properties": {"id": "123148636-123532355-0", "highway": "residential"}}, {"type": "Feature", "geometry": {"type": "LineString", "coordinates": [[-118.5393132, 34.0528231], [-118.5391161, 34.0539309]]}, "properties": {"id": "123148636-951027336-0", "highway": "residential"}}, {"type": "Feature", "geometry": {"type": "LineString", "coordinates": [[-118.5889699, 34.0919153], [-118.5897332, 34.0908471]]}, "properties": {"id": "123150513-12337956914-0", "highway": "residential"}}, {"type": "Feature", "geometry": {"type": "LineString", "coordinates": [[-118.5498696, 34.0583773], [-118.5516952, 34.0603126]]}, "properties": {"id": "123150783-123051717-0", "highway": "residential"}}, {"type": "Feature", "geometry": {"type": "LineString", "coordinates": [[-118.5498696, 34.0583773], [-118.5483202, 34.0577659]]}, "properties": {"id": "123150783-122556576-0", "highway": "residential"}}, {"type": "Feature", "geometry": {"type": "LineString", "coordinates": [[-118.5498696, 34.0583773], [-118.5507248, 34.0561973]]}, "properties": {"id": "123150783-123228058-0", "highway": "residential"}}, {"type": "Feature", "geometry": {"type": "LineString", "coordinates": [[-118.5516434, 34.0615205], [-118.5514382, 34.0621466]]}, "properties": {"id": "123150792-123051146-0", "highway": "residential"}}, {"type": "Feature", "geometry": {"type": "LineString", "coordinates": [[-118.5516434, 34.0615205], [-118.5516952, 34.0603126]]}, "properties": {"id": "123150792-123051717-0", "highway": "residential"}}, {"type": "Feature", "geometry": {"type": "LineString", "coordinates": [[-118.5516434, 34.0615205], [-118.550089, 34.061079]]}, "properties": {"id": "123150792-122954068-0", "highway": "residential"}}, {"type": "Feature", "geometry": {"type": "LineString", "coordinates": [[-118.5515552, 34.0638609], [-118.5516316, 34.0628135]]}, "properties": {"id": "123150798-122848948-0", "highway": "residential"}}, {"type": "Feature", "geometry": {"type": "LineString", "coordinates": [[-118.4836746, 34.0755429], [-118.4850617, 34.0734187]]}, "properties": {"id": "123157554-271822178-0", "highway": "residential"}}, {"type": "Feature", "geometry": {"type": "LineString", "coordinates": [[-118.4861141, 34.0783922], [-118.4857098, 34.0773942]]}, "properties": {"id": "123157557-271822071-0", "highway": "residential"}}, {"type": "Feature", "geometry": {"type": "LineString", "coordinates": [[-118.4861141, 34.0783922], [-118.487551, 34.0828906]]}, "properties": {"id": "123157557-122743829-0", "highway": "residential"}}, {"type": "Feature", "geometry": {"type": "LineString", "coordinates": [[-118.4861141, 34.0783922], [-118.4848762, 34.0772491]]}, "properties": {"id": "123157557-123091995-0", "highway": "residential"}}, {"type": "Feature", "geometry": {"type": "LineString", "coordinates": [[-118.5390809, 34.0437707], [-118.538744, 34.0433492]]}, "properties": {"id": "123157711-122916207-0", "highway": "residential"}}, {"type": "Feature", "geometry": {"type": "LineString", "coordinates": [[-118.5390809, 34.0437707], [-118.5393762, 34.0436678]]}, "properties": {"id": "123157711-123799957-0", "highway": "residential"}}, {"type": "Feature", "geometry": {"type": "LineString", "coordinates": [[-118.5390809, 34.0437707], [-118.5380488, 34.0450703]]}, "properties": {"id": "123157711-123053982-0", "highway": "residential"}}, {"type": "Feature", "geometry": {"type": "LineString", "coordinates": [[-118.5376454, 34.0458881], [-118.5369496, 34.0464148]]}, "properties": {"id": "123157722-122795684-0", "highway": "residential"}}, {"type": "Feature", "geometry": {"type": "LineString", "coordinates": [[-118.5376454, 34.0458881], [-118.5380488, 34.0450703]]}, "properties": {"id": "123157722-123053982-0", "highway": "residential"}}, {"type": "Feature", "geometry": {"type": "LineString", "coordinates": [[-118.5376454, 34.0458881], [-118.5363236, 34.0446009]]}, "properties": {"id": "123157722-123334860-0", "highway": "residential"}}, {"type": "Feature", "geometry": {"type": "LineString", "coordinates": [[-118.5321276, 34.049753], [-118.5317944, 34.0508253]]}, "properties": {"id": "123157729-122899396-0", "highway": "residential"}}, {"type": "Feature", "geometry": {"type": "LineString", "coordinates": [[-118.5321276, 34.049753], [-118.5333114, 34.0487744]]}, "properties": {"id": "123157729-6879020878-0", "highway": "residential"}}, {"type": "Feature", "geometry": {"type": "LineString", "coordinates": [[-118.5321276, 34.049753], [-118.5356964, 34.0489183]]}, "properties": {"id": "123157729-6879043201-0", "highway": "residential"}}, {"type": "Feature", "geometry": {"type": "LineString", "coordinates": [[-118.5484629, 34.0604105], [-118.5473786, 34.0589558]]}, "properties": {"id": "123158194-122954062-0", "highway": "residential"}}, {"type": "Feature", "geometry": {"type": "LineString", "coordinates": [[-118.5595737, 34.0697061], [-118.5592599, 34.0700105]]}, "properties": {"id": "123161389-123161393-0", "highway": "residential"}}, {"type": "Feature", "geometry": {"type": "LineString", "coordinates": [[-118.5595737, 34.0697061], [-118.5601691, 34.0701083]]}, "properties": {"id": "123161389-123467972-0", "highway": "residential"}}, {"type": "Feature", "geometry": {"type": "LineString", "coordinates": [[-118.5595737, 34.0697061], [-118.5592733, 34.0696461]]}, "properties": {"id": "123161389-123185542-0", "highway": "residential"}}, {"type": "Feature", "geometry": {"type": "LineString", "coordinates": [[-118.5592599, 34.0700105], [-118.5595737, 34.0697061]]}, "properties": {"id": "123161393-123161389-0", "highway": "residential"}}, {"type": "Feature", "geometry": {"type": "LineString", "coordinates": [[-118.6005533, 34.0851596], [-118.6011705, 34.0850229]]}, "properties": {"id": "123170748-122567253-0", "highway": "residential"}}, {"type": "Feature", "geometry": {"type": "LineString", "coordinates": [[-118.5521751, 34.0771741], [-118.5520195, 34.0770313]]}, "properties": {"id": "123171219-2384245531-0", "highway": "residential"}}, {"type": "Feature", "geometry": {"type": "LineString", "coordinates": [[-118.5521751, 34.0771741], [-118.5495607, 34.0765082]]}, "properties": {"id": "123171219-540361738-0", "highway": "residential"}}, {"type": "Feature", "geometry": {"type": "LineString", "coordinates": [[-118.5521751, 34.0771741], [-118.552527, 34.0767902]]}, "properties": {"id": "123171219-122800068-0", "highway": "residential"}}, {"type": "Feature", "geometry": {"type": "LineString", "coordinates": [[-118.5374932, 34.0392134], [-118.5372047, 34.0386027]]}, "properties": {"id": "123171277-122614348-0", "highway": "residential"}}, {"type": "Feature", "geometry": {"type": "LineString", "coordinates": [[-118.4833813, 34.0441249], [-118.4851522, 34.0456745]]}, "properties": {"id": "123171760-123306643-0", "highway": "residential"}}, {"type": "Feature", "geometry": {"type": "LineString", "coordinates": [[-118.5461448, 34.0456243], [-118.5469226, 34.0461355]]}, "properties": {"id": "123171872-122828982-0", "highway": "residential"}}, {"type": "Feature", "geometry": {"type": "LineString", "coordinates": [[-118.5461448, 34.0456243], [-118.5453684, 34.0451346]]}, "properties": {"id": "123171872-122819110-0", "highway": "residential"}}, {"type": "Feature", "geometry": {"type": "LineString", "coordinates": [[-118.5461448, 34.0456243], [-118.548253, 34.0448109]]}, "properties": {"id": "123171872-122828988-0", "highway": "residential"}}, {"type": "Feature", "geometry": {"type": "LineString", "coordinates": [[-118.5461448, 34.0456243], [-118.5457719, 34.0473067]]}, "properties": {"id": "123171872-122828979-0", "highway": "residential"}}, {"type": "Feature", "geometry": {"type": "LineString", "coordinates": [[-118.5106654, 34.0376842], [-118.5097228, 34.0377872]]}, "properties": {"id": "123179581-123030333-0", "highway": "residential"}}, {"type": "Feature", "geometry": {"type": "LineString", "coordinates": [[-118.5106654, 34.0376842], [-118.51043, 34.0392166]]}, "properties": {"id": "123179581-10648906058-0", "highway": "residential"}}, {"type": "Feature", "geometry": {"type": "LineString", "coordinates": [[-118.5106654, 34.0376842], [-118.5105437, 34.036807]]}, "properties": {"id": "123179581-123004995-0", "highway": "residential"}}, {"type": "Feature", "geometry": {"type": "LineString", "coordinates": [[-118.5070909, 34.0381397], [-118.5069868, 34.0385681]]}, "properties": {"id": "123179587-123632966-0", "highway": "residential"}}, {"type": "Feature", "geometry": {"type": "LineString", "coordinates": [[-118.5070909, 34.0381397], [-118.5057314, 34.0376189]]}, "properties": {"id": "123179587-123179592-0", "highway": "residential"}}, {"type": "Feature", "geometry": {"type": "LineString", "coordinates": [[-118.5070909, 34.0381397], [-118.5077174, 34.0378268]]}, "properties": {"id": "123179587-526346278-0", "highway": "residential"}}, {"type": "Feature", "geometry": {"type": "LineString", "coordinates": [[-118.5057314, 34.0376189], [-118.5070909, 34.0381397]]}, "properties": {"id": "123179592-123179587-0", "highway": "residential"}}, {"type": "Feature", "geometry": {"type": "LineString", "coordinates": [[-118.5057314, 34.0376189], [-118.5060202, 34.036721]]}, "properties": {"id": "123179592-123250413-0", "highway": "secondary"}}, {"type": "Feature", "geometry": {"type": "LineString", "coordinates": [[-118.5018822, 34.0729464], [-118.5014042, 34.0720177]]}, "properties": {"id": "123180130-2570693911-0", "highway": "residential"}}, {"type": "Feature", "geometry": {"type": "LineString", "coordinates": [[-118.5018822, 34.0729464], [-118.5055786, 34.0737754]]}, "properties": {"id": "123180130-122763715-0", "highway": "residential"}}, {"type": "Feature", "geometry": {"type": "LineString", "coordinates": [[-118.5018822, 34.0729464], [-118.501227, 34.0733252]]}, "properties": {"id": "123180130-123350354-0", "highway": "residential"}}, {"type": "Feature", "geometry": {"type": "LineString", "coordinates": [[-118.5380684, 34.0379848], [-118.5375891, 34.0378309]]}, "properties": {"id": "123182911-123182913-0", "highway": "residential"}}, {"type": "Feature", "geometry": {"type": "LineString", "coordinates": [[-118.5380684, 34.0379848], [-118.5383545, 34.0376347]]}, "properties": {"id": "123182911-122743724-0", "highway": "residential"}}, {"type": "Feature", "geometry": {"type": "LineString", "coordinates": [[-118.5380684, 34.0379848], [-118.537924, 34.038367]]}, "properties": {"id": "123182911-123779936-0", "highway": "residential"}}, {"type": "Feature", "geometry": {"type": "LineString", "coordinates": [[-118.5375891, 34.0378309], [-118.5380684, 34.0379848]]}, "properties": {"id": "123182913-123182911-0", "highway": "residential"}}, {"type": "Feature", "geometry": {"type": "LineString", "coordinates": [[-118.5592733, 34.0696461], [-118.5587851, 34.0688574]]}, "properties": {"id": "123185542-1085974972-0", "highway": "residential"}}, {"type": "Feature", "geometry": {"type": "LineString", "coordinates": [[-118.5592733, 34.0696461], [-118.5595737, 34.0697061]]}, "properties": {"id": "123185542-123161389-0", "highway": "residential"}}, {"type": "Feature", "geometry": {"type": "LineString", "coordinates": [[-118.5592733, 34.0696461], [-118.558356, 34.0708215]]}, "properties": {"id": "123185542-122719882-0", "highway": "residential"}}, {"type": "Feature", "geometry": {"type": "LineString", "coordinates": [[-118.5629091, 34.079822], [-118.5580511, 34.077149]]}, "properties": {"id": "123190380-123190392-0", "highway": "residential"}}, {"type": "Feature", "geometry": {"type": "LineString", "coordinates": [[-118.5629091, 34.079822], [-118.5580511, 34.077149]]}, "properties": {"id": "123190380-123190392-1", "highway": "residential"}}, {"type": "Feature", "geometry": {"type": "LineString", "coordinates": [[-118.5629091, 34.079822], [-118.565441, 34.0771764]]}, "properties": {"id": "123190380-7890148161-0", "highway": "residential"}}, {"type": "Feature", "geometry": {"type": "LineString", "coordinates": [[-118.5580511, 34.077149], [-118.5574932, 34.0768433]]}, "properties": {"id": "123190392-122846611-0", "highway": "residential"}}, {"type": "Feature", "geometry": {"type": "LineString", "coordinates": [[-118.5580511, 34.077149], [-118.5629091, 34.079822]]}, "properties": {"id": "123190392-123190380-0", "highway": "residential"}}, {"type": "Feature", "geometry": {"type": "LineString", "coordinates": [[-118.5580511, 34.077149], [-118.5629091, 34.079822]]}, "properties": {"id": "123190392-123190380-1", "highway": "residential"}}, {"type": "Feature", "geometry": {"type": "LineString", "coordinates": [[-118.5108607, 34.0487863], [-118.510395, 34.0499517]]}, "properties": {"id": "123193554-123193559-0", "highway": "residential"}}, {"type": "Feature", "geometry": {"type": "LineString", "coordinates": [[-118.5108607, 34.0487863], [-118.511858, 34.0491147]]}, "properties": {"id": "123193554-123082590-0", "highway": "residential"}}, {"type": "Feature", "geometry": {"type": "LineString", "coordinates": [[-118.5108607, 34.0487863], [-118.5113831, 34.0472161]]}, "properties": {"id": "123193554-6792385144-0", "highway": "residential"}}, {"type": "Feature", "geometry": {"type": "LineString", "coordinates": [[-118.510395, 34.0499517], [-118.5108607, 34.0487863]]}, "properties": {"id": "123193559-123193554-0", "highway": "residential"}}, {"type": "Feature", "geometry": {"type": "LineString", "coordinates": [[-118.5981261, 34.0809285], [-118.5987357, 34.0821393]]}, "properties": {"id": "123193709-878794987-0", "highway": "residential"}}, {"type": "Feature", "geometry": {"type": "LineString", "coordinates": [[-118.5981261, 34.0809285], [-118.5989458, 34.0812972]]}, "properties": {"id": "123193709-122812296-0", "highway": "residential"}}, {"type": "Feature", "geometry": {"type": "LineString", "coordinates": [[-118.5981261, 34.0809285], [-118.5967552, 34.0808363]]}, "properties": {"id": "123193709-6782275732-0", "highway": "residential"}}, {"type": "Feature", "geometry": {"type": "LineString", "coordinates": [[-118.5400698, 34.0384892], [-118.5406718, 34.0385127]]}, "properties": {"id": "123193892-122769643-0", "highway": "residential"}}, {"type": "Feature", "geometry": {"type": "LineString", "coordinates": [[-118.5400698, 34.0384892], [-118.5392716, 34.0381061]]}, "properties": {"id": "123193892-122769653-0", "highway": "residential"}}, {"type": "Feature", "geometry": {"type": "LineString", "coordinates": [[-118.5400698, 34.0384892], [-118.5389896, 34.0383744]]}, "properties": {"id": "123193892-122769655-0", "highway": "residential"}}, {"type": "Feature", "geometry": {"type": "LineString", "coordinates": [[-118.5335463, 34.0545339], [-118.5345885, 34.0528931]]}, "properties": {"id": "123194991-122905103-0", "highway": "residential"}}, {"type": "Feature", "geometry": {"type": "LineString", "coordinates": [[-118.5335463, 34.0545339], [-118.5338054, 34.0554123]]}, "properties": {"id": "123194991-123477322-0", "highway": "residential"}}, {"type": "Feature", "geometry": {"type": "LineString", "coordinates": [[-118.5335463, 34.0545339], [-118.5324039, 34.0543598]]}, "properties": {"id": "123194991-123039384-0", "highway": "residential"}}, {"type": "Feature", "geometry": {"type": "LineString", "coordinates": [[-118.5529018, 34.0763843], [-118.552527, 34.0767902]]}, "properties": {"id": "123196106-122800068-0", "highway": "residential"}}, {"type": "Feature", "geometry": {"type": "LineString", "coordinates": [[-118.5529018, 34.0763843], [-118.5521374, 34.0733384]]}, "properties": {"id": "123196106-123129667-0", "highway": "residential"}}, {"type": "Feature", "geometry": {"type": "LineString", "coordinates": [[-118.5529018, 34.0763843], [-118.5504711, 34.0742893]]}, "properties": {"id": "123196106-247135800-0", "highway": "residential"}}, {"type": "Feature", "geometry": {"type": "LineString", "coordinates": [[-118.5545983, 34.0444081], [-118.5543611, 34.0441154]]}, "properties": {"id": "123197407-5565560845-0", "highway": "residential"}}, {"type": "Feature", "geometry": {"type": "LineString", "coordinates": [[-118.5545983, 34.0444081], [-118.5559827, 34.0464916]]}, "properties": {"id": "123197407-123409674-0", "highway": "residential"}}, {"type": "Feature", "geometry": {"type": "LineString", "coordinates": [[-118.5545983, 34.0444081], [-118.555666, 34.0439645]]}, "properties": {"id": "123197407-123274357-0", "highway": "residential"}}, {"type": "Feature", "geometry": {"type": "LineString", "coordinates": [[-118.5489444, 34.0712618], [-118.5489603, 34.071125]]}, "properties": {"id": "123197417-123197419-0", "highway": "residential"}}, {"type": "Feature", "geometry": {"type": "LineString", "coordinates": [[-118.5489444, 34.0712618], [-118.5495796, 34.0717601]]}, "properties": {"id": "123197417-123461584-0", "highway": "residential"}}, {"type": "Feature", "geometry": {"type": "LineString", "coordinates": [[-118.5489444, 34.0712618], [-118.5478133, 34.0724148]]}, "properties": {"id": "123197417-123429033-0", "highway": "residential"}}, {"type": "Feature", "geometry": {"type": "LineString", "coordinates": [[-118.5489603, 34.071125], [-118.5489444, 34.0712618]]}, "properties": {"id": "123197419-123197417-0", "highway": "residential"}}, {"type": "Feature", "geometry": {"type": "LineString", "coordinates": [[-118.6032614, 34.0798022], [-118.604133, 34.079335]]}, "properties": {"id": "123203093-123203103-0", "highway": "residential"}}, {"type": "Feature", "geometry": {"type": "LineString", "coordinates": [[-118.6032614, 34.0798022], [-118.6039479, 34.0803357]]}, "properties": {"id": "123203093-123800841-0", "highway": "tertiary"}}, {"type": "Feature", "geometry": {"type": "LineString", "coordinates": [[-118.6032614, 34.0798022], [-118.6028766, 34.0794134]]}, "properties": {"id": "123203093-122907630-0", "highway": "tertiary"}}, {"type": "Feature", "geometry": {"type": "LineString", "coordinates": [[-118.604133, 34.079335], [-118.6032614, 34.0798022]]}, "properties": {"id": "123203103-123203093-0", "highway": "residential"}}, {"type": "Feature", "geometry": {"type": "LineString", "coordinates": [[-118.4886491, 34.0641748], [-118.4903291, 34.0638802]]}, "properties": {"id": "123204369-9188662134-0", "highway": "residential"}}, {"type": "Feature", "geometry": {"type": "LineString", "coordinates": [[-118.4886491, 34.0641748], [-118.4874106, 34.0645522]]}, "properties": {"id": "123204369-122944669-0", "highway": "residential"}}, {"type": "Feature", "geometry": {"type": "LineString", "coordinates": [[-118.4886491, 34.0641748], [-118.4889132, 34.0660034]]}, "properties": {"id": "123204369-122944674-0", "highway": "residential"}}, {"type": "Feature", "geometry": {"type": "LineString", "coordinates": [[-118.4886491, 34.0641748], [-118.4886867, 34.0623419]]}, "properties": {"id": "123204369-123108820-0", "highway": "residential"}}, {"type": "Feature", "geometry": {"type": "LineString", "coordinates": [[-118.6009344, 34.0962048], [-118.6018716, 34.0965673]]}, "properties": {"id": "123204436-123204448-0", "highway": "residential"}}, {"type": "Feature", "geometry": {"type": "LineString", "coordinates": [[-118.6009344, 34.0962048], [-118.6009285, 34.0966963]]}, "properties": {"id": "123204436-11680833706-0", "highway": "primary"}}, {"type": "Feature", "geometry": {"type": "LineString", "coordinates": [[-118.6009344, 34.0962048], [-118.6017576, 34.0946992]]}, "properties": {"id": "123204436-122933534-0", "highway": "primary"}}, {"type": "Feature", "geometry": {"type": "LineString", "coordinates": [[-118.6018716, 34.0965673], [-118.6014398, 34.0972474]]}, "properties": {"id": "123204448-123401849-0", "highway": "residential"}}, {"type": "Feature", "geometry": {"type": "LineString", "coordinates": [[-118.6018716, 34.0965673], [-118.6022245, 34.0965554]]}, "properties": {"id": "123204448-11679163896-0", "highway": "residential"}}, {"type": "Feature", "geometry": {"type": "LineString", "coordinates": [[-118.6018716, 34.0965673], [-118.6009344, 34.0962048]]}, "properties": {"id": "123204448-123204436-0", "highway": "residential"}}, {"type": "Feature", "geometry": {"type": "LineString", "coordinates": [[-118.493914, 34.1050031], [-118.494017, 34.1048029]]}, "properties": {"id": "123206110-634598707-0", "highway": "residential"}}, {"type": "Feature", "geometry": {"type": "LineString", "coordinates": [[-118.5484111, 34.0523632], [-118.5489557, 34.0523136]]}, "properties": {"id": "123207189-122933059-0", "highway": "residential"}}, {"type": "Feature", "geometry": {"type": "LineString", "coordinates": [[-118.4923924, 34.0754416], [-118.4935412, 34.0760755]]}, "properties": {"id": "123212585-123212599-0", "highway": "residential"}}, {"type": "Feature", "geometry": {"type": "LineString", "coordinates": [[-118.4923924, 34.0754416], [-118.4916934, 34.0759918]]}, "properties": {"id": "123212585-123134818-0", "highway": "residential"}}, {"type": "Feature", "geometry": {"type": "LineString", "coordinates": [[-118.4923924, 34.0754416], [-118.4897612, 34.0730777]]}, "properties": {"id": "123212585-123357745-0", "highway": "tertiary"}}, {"type": "Feature", "geometry": {"type": "LineString", "coordinates": [[-118.4935412, 34.0760755], [-118.4923924, 34.0754416]]}, "properties": {"id": "123212599-123212585-0", "highway": "residential"}}, {"type": "Feature", "geometry": {"type": "LineString", "coordinates": [[-118.4935412, 34.0760755], [-118.4934375, 34.0770545]]}, "properties": {"id": "123212599-4045059053-0", "highway": "residential"}}, {"type": "Feature", "geometry": {"type": "LineString", "coordinates": [[-118.4935412, 34.0760755], [-118.4927669, 34.0736122]]}, "properties": {"id": "123212599-122937565-0", "highway": "residential"}}, {"type": "Feature", "geometry": {"type": "LineString", "coordinates": [[-118.4940824, 34.0416598], [-118.493239, 34.0423584]]}, "properties": {"id": "123221963-123224922-0", "highway": "residential"}}, {"type": "Feature", "geometry": {"type": "LineString", "coordinates": [[-118.4940824, 34.0416598], [-118.4949203, 34.0409583]]}, "properties": {"id": "123221963-123224920-0", "highway": "residential"}}, {"type": "Feature", "geometry": {"type": "LineString", "coordinates": [[-118.4940824, 34.0416598], [-118.4921379, 34.0399937]]}, "properties": {"id": "123221963-123221968-0", "highway": "residential"}}, {"type": "Feature", "geometry": {"type": "LineString", "coordinates": [[-118.4940824, 34.0416598], [-118.4958717, 34.0431928]]}, "properties": {"id": "123221963-122685848-0", "highway": "residential"}}, {"type": "Feature", "geometry": {"type": "LineString", "coordinates": [[-118.4921379, 34.0399937], [-118.4903537, 34.0384631]]}, "properties": {"id": "123221968-123030861-0", "highway": "residential"}}, {"type": "Feature", "geometry": {"type": "LineString", "coordinates": [[-118.4921379, 34.0399937], [-118.4940824, 34.0416598]]}, "properties": {"id": "123221968-123221963-0", "highway": "residential"}}, {"type": "Feature", "geometry": {"type": "LineString", "coordinates": [[-118.4921379, 34.0399937], [-118.4912844, 34.0406852]]}, "properties": {"id": "123221968-123257616-0", "highway": "residential"}}, {"type": "Feature", "geometry": {"type": "LineString", "coordinates": [[-118.4921379, 34.0399937], [-118.4929872, 34.0393055]]}, "properties": {"id": "123221968-123257613-0", "highway": "residential"}}, {"type": "Feature", "geometry": {"type": "LineString", "coordinates": [[-118.4970513, 34.0461952], [-118.4965115, 34.0457197]]}, "properties": {"id": "123222012-123222016-0", "highway": "residential"}}, {"type": "Feature", "geometry": {"type": "LineString", "coordinates": [[-118.4970513, 34.0461952], [-118.4946008, 34.0484377]]}, "properties": {"id": "123222012-122785644-0", "highway": "residential"}}, {"type": "Feature", "geometry": {"type": "LineString", "coordinates": [[-118.4970513, 34.0461952], [-118.4994364, 34.043426]]}, "properties": {"id": "123222012-122610490-0", "highway": "residential"}}, {"type": "Feature", "geometry": {"type": "LineString", "coordinates": [[-118.4965115, 34.0457197], [-118.4970513, 34.0461952]]}, "properties": {"id": "123222016-123222012-0", "highway": "residential"}}, {"type": "Feature", "geometry": {"type": "LineString", "coordinates": [[-118.4965115, 34.0457197], [-118.4994364, 34.043426]]}, "properties": {"id": "123222016-122610490-0", "highway": "secondary"}}, {"type": "Feature", "geometry": {"type": "LineString", "coordinates": [[-118.5346422, 34.055302], [-118.5351504, 34.0546587]]}, "properties": {"id": "123223857-123097875-0", "highway": "residential"}}, {"type": "Feature", "geometry": {"type": "LineString", "coordinates": [[-118.4829536, 34.0630437], [-118.4855334, 34.0657984]]}, "properties": {"id": "123224825-123224828-0", "highway": "residential"}}, {"type": "Feature", "geometry": {"type": "LineString", "coordinates": [[-118.4855334, 34.0657984], [-118.4872828, 34.0674121]]}, "properties": {"id": "123224828-122855231-0", "highway": "residential"}}, {"type": "Feature", "geometry": {"type": "LineString", "coordinates": [[-118.4855334, 34.0657984], [-118.4829536, 34.0630437]]}, "properties": {"id": "123224828-123224825-0", "highway": "residential"}}, {"type": "Feature", "geometry": {"type": "LineString", "coordinates": [[-118.4855334, 34.0657984], [-118.4844462, 34.0664157]]}, "properties": {"id": "123224828-123357732-0", "highway": "residential"}}, {"type": "Feature", "geometry": {"type": "LineString", "coordinates": [[-118.487828, 34.069369], [-118.488471, 34.0690093]]}, "properties": {"id": "123224835-1358505571-0", "highway": "residential"}}, {"type": "Feature", "geometry": {"type": "LineString", "coordinates": [[-118.487828, 34.069369], [-118.4891226, 34.0725851]]}, "properties": {"id": "123224835-123357738-0", "highway": "tertiary"}}, {"type": "Feature", "geometry": {"type": "LineString", "coordinates": [[-118.487828, 34.069369], [-118.4867317, 34.0684909]]}, "properties": {"id": "123224835-123331258-0", "highway": "tertiary"}}, {"type": "Feature", "geometry": {"type": "LineString", "coordinates": [[-118.5048945, 34.0326068], [-118.5034825, 34.0314142]]}, "properties": {"id": "123224908-123257345-0", "highway": "residential"}}, {"type": "Feature", "geometry": {"type": "LineString", "coordinates": [[-118.5048945, 34.0326068], [-118.50558, 34.0331927]]}, "properties": {"id": "123224908-122685819-0", "highway": "residential"}}, {"type": "Feature", "geometry": {"type": "LineString", "coordinates": [[-118.5048945, 34.0326068], [-118.5039325, 34.0333775]]}, "properties": {"id": "123224908-122887151-0", "highway": "residential"}}, {"type": "Feature", "geometry": {"type": "LineString", "coordinates": [[-118.502978, 34.0341421], [-118.501593, 34.032935]]}, "properties": {"id": "123224910-123250415-0", "highway": "residential"}}, {"type": "Feature", "geometry": {"type": "LineString", "coordinates": [[-118.502978, 34.0341421], [-118.5047906, 34.0356859]]}, "properties": {"id": "123224910-122685823-0", "highway": "residential"}}, {"type": "Feature", "geometry": {"type": "LineString", "coordinates": [[-118.502978, 34.0341421], [-118.5020317, 34.0349002]]}, "properties": {"id": "123224910-122774856-0", "highway": "residential"}}, {"type": "Feature", "geometry": {"type": "LineString", "coordinates": [[-118.502978, 34.0341421], [-118.5039325, 34.0333775]]}, "properties": {"id": "123224910-122887151-0", "highway": "residential"}}, {"type": "Feature", "geometry": {"type": "LineString", "coordinates": [[-118.500168, 34.0364352], [-118.498767, 34.0352404]]}, "properties": {"id": "123224912-123257600-0", "highway": "tertiary"}}, {"type": "Feature", "geometry": {"type": "LineString", "coordinates": [[-118.500168, 34.0364352], [-118.5015834, 34.0376439]]}, "properties": {"id": "123224912-123520350-0", "highway": "tertiary"}}, {"type": "Feature", "geometry": {"type": "LineString", "coordinates": [[-118.500168, 34.0364352], [-118.4992316, 34.0372223]]}, "properties": {"id": "123224912-122614790-0", "highway": "residential"}}, {"type": "Feature", "geometry": {"type": "LineString", "coordinates": [[-118.500168, 34.0364352], [-118.5010826, 34.0356605]]}, "properties": {"id": "123224912-122937954-0", "highway": "residential"}}, {"type": "Feature", "geometry": {"type": "LineString", "coordinates": [[-118.4974974, 34.0389027], [-118.4955566, 34.0372332]]}, "properties": {"id": "123224915-123257603-0", "highway": "tertiary"}}, {"type": "Feature", "geometry": {"type": "LineString", "coordinates": [[-118.4974974, 34.0389027], [-118.4966053, 34.0395903]]}, "properties": {"id": "123224915-123224918-0", "highway": "residential"}}, {"type": "Feature", "geometry": {"type": "LineString", "coordinates": [[-118.4974974, 34.0389027], [-118.4992792, 34.040427]]}, "properties": {"id": "123224915-122685843-0", "highway": "tertiary"}}, {"type": "Feature", "geometry": {"type": "LineString", "coordinates": [[-118.4974974, 34.0389027], [-118.4984203, 34.038112]]}, "properties": {"id": "123224915-122990187-0", "highway": "residential"}}, {"type": "Feature", "geometry": {"type": "LineString", "coordinates": [[-118.4966053, 34.0395903], [-118.4957534, 34.0402817]]}, "properties": {"id": "123224918-122610494-0", "highway": "residential"}}, {"type": "Feature", "geometry": {"type": "LineString", "coordinates": [[-118.4966053, 34.0395903], [-118.4974974, 34.0389027]]}, "properties": {"id": "123224918-123224915-0", "highway": "residential"}}, {"type": "Feature", "geometry": {"type": "LineString", "coordinates": [[-118.4966053, 34.0395903], [-118.4946729, 34.0379395]]}, "properties": {"id": "123224918-123257609-0", "highway": "residential"}}, {"type": "Feature", "geometry": {"type": "LineString", "coordinates": [[-118.4966053, 34.0395903], [-118.4984104, 34.0411322]]}, "properties": {"id": "123224918-122685845-0", "highway": "residential"}}, {"type": "Feature", "geometry": {"type": "LineString", "coordinates": [[-118.4949203, 34.0409583], [-118.4940824, 34.0416598]]}, "properties": {"id": "123224920-123221963-0", "highway": "residential"}}, {"type": "Feature", "geometry": {"type": "LineString", "coordinates": [[-118.4949203, 34.0409583], [-118.4957534, 34.0402817]]}, "properties": {"id": "123224920-122610494-0", "highway": "residential"}}, {"type": "Feature", "geometry": {"type": "LineString", "coordinates": [[-118.4949203, 34.0409583], [-118.4929872, 34.0393055]]}, "properties": {"id": "123224920-123257613-0", "highway": "residential"}}, {"type": "Feature", "geometry": {"type": "LineString", "coordinates": [[-118.4949203, 34.0409583], [-118.4967245, 34.0425011]]}, "properties": {"id": "123224920-122685847-0", "highway": "residential"}}, {"type": "Feature", "geometry": {"type": "LineString", "coordinates": [[-118.493239, 34.0423584], [-118.4940824, 34.0416598]]}, "properties": {"id": "123224922-123221963-0", "highway": "residential"}}, {"type": "Feature", "geometry": {"type": "LineString", "coordinates": [[-118.493239, 34.0423584], [-118.4912844, 34.0406852]]}, "properties": {"id": "123224922-123257616-0", "highway": "residential"}}, {"type": "Feature", "geometry": {"type": "LineString", "coordinates": [[-118.493239, 34.0423584], [-118.4950402, 34.0438832]]}, "properties": {"id": "123224922-122685849-0", "highway": "residential"}}, {"type": "Feature", "geometry": {"type": "LineString", "coordinates": [[-118.493239, 34.0423584], [-118.4923414, 34.0430971]]}, "properties": {"id": "123224922-123130691-0", "highway": "residential"}}, {"type": "Feature", "geometry": {"type": "LineString", "coordinates": [[-118.4889389, 34.0457981], [-118.4896608, 34.0464327]]}, "properties": {"id": "123224924-123530053-0", "highway": "tertiary"}}, {"type": "Feature", "geometry": {"type": "LineString", "coordinates": [[-118.4889389, 34.0457981], [-118.4897649, 34.0451518]]}, "properties": {"id": "123224924-123147448-0", "highway": "residential"}}, {"type": "Feature", "geometry": {"type": "LineString", "coordinates": [[-118.4889389, 34.0457981], [-118.4870118, 34.0441676]]}, "properties": {"id": "123224924-123257620-0", "highway": "tertiary"}}, {"type": "Feature", "geometry": {"type": "LineString", "coordinates": [[-118.4847057, 34.072382], [-118.4856659, 34.0730202]]}, "properties": {"id": "123225538-122873800-0", "highway": "residential"}}, {"type": "Feature", "geometry": {"type": "LineString", "coordinates": [[-118.4876727, 34.0723556], [-118.4871891, 34.072436]]}, "properties": {"id": "123225541-122662095-0", "highway": "residential"}}, {"type": "Feature", "geometry": {"type": "LineString", "coordinates": [[-118.4876727, 34.0723556], [-118.4860807, 34.0740453]]}, "properties": {"id": "123225541-123331245-0", "highway": "residential"}}, {"type": "Feature", "geometry": {"type": "LineString", "coordinates": [[-118.4876727, 34.0723556], [-118.487317, 34.0706386]]}, "properties": {"id": "123225541-725833220-0", "highway": "residential"}}, {"type": "Feature", "geometry": {"type": "LineString", "coordinates": [[-118.5507248, 34.0561973], [-118.5498696, 34.0583773]]}, "properties": {"id": "123228058-123150783-0", "highway": "residential"}}, {"type": "Feature", "geometry": {"type": "LineString", "coordinates": [[-118.4915748, 34.0539917], [-118.4906398, 34.0523217]]}, "properties": {"id": "123229039-123003134-0", "highway": "residential"}}, {"type": "Feature", "geometry": {"type": "LineString", "coordinates": [[-118.4915748, 34.0539917], [-118.4923284, 34.0536172]]}, "properties": {"id": "123229039-12506456407-0", "highway": "residential"}}, {"type": "Feature", "geometry": {"type": "LineString", "coordinates": [[-118.4915748, 34.0539917], [-118.4905001, 34.0543637]]}, "properties": {"id": "123229039-123403327-0", "highway": "residential"}}, {"type": "Feature", "geometry": {"type": "LineString", "coordinates": [[-118.4899467, 34.0506676], [-118.4909788, 34.0502511]]}, "properties": {"id": "123229040-123475032-0", "highway": "residential"}}, {"type": "Feature", "geometry": {"type": "LineString", "coordinates": [[-118.4899467, 34.0506676], [-118.488755, 34.0510399]]}, "properties": {"id": "123229040-123466159-0", "highway": "residential"}}, {"type": "Feature", "geometry": {"type": "LineString", "coordinates": [[-118.4899467, 34.0506676], [-118.4906398, 34.0523217]]}, "properties": {"id": "123229040-123003134-0", "highway": "residential"}}, {"type": "Feature", "geometry": {"type": "LineString", "coordinates": [[-118.5126268, 34.032643], [-118.5126911, 34.031183]]}, "properties": {"id": "123234380-530236788-0", "highway": "residential"}}, {"type": "Feature", "geometry": {"type": "LineString", "coordinates": [[-118.5126268, 34.032643], [-118.5116833, 34.0327954]]}, "properties": {"id": "123234380-123289400-0", "highway": "residential"}}, {"type": "Feature", "geometry": {"type": "LineString", "coordinates": [[-118.5126268, 34.032643], [-118.5125818, 34.0332082]]}, "properties": {"id": "123234380-123234383-0", "highway": "residential"}}, {"type": "Feature", "geometry": {"type": "LineString", "coordinates": [[-118.5125818, 34.0332082], [-118.512456, 34.0335554]]}, "properties": {"id": "123234383-2786958653-0", "highway": "residential"}}, {"type": "Feature", "geometry": {"type": "LineString", "coordinates": [[-118.5125818, 34.0332082], [-118.5148368, 34.0321324]]}, "properties": {"id": "123234383-122582418-0", "highway": "residential"}}, {"type": "Feature", "geometry": {"type": "LineString", "coordinates": [[-118.5125818, 34.0332082], [-118.5126268, 34.032643]]}, "properties": {"id": "123234383-123234380-0", "highway": "residential"}}, {"type": "Feature", "geometry": {"type": "LineString", "coordinates": [[-118.5942353, 34.0906016], [-118.5901979, 34.091791]]}, "properties": {"id": "123237316-123237353-0", "highway": "residential"}}, {"type": "Feature", "geometry": {"type": "LineString", "coordinates": [[-118.5942353, 34.0906016], [-118.5945662, 34.0908001]]}, "properties": {"id": "123237316-123237429-0", "highway": "residential"}}, {"type": "Feature", "geometry": {"type": "LineString", "coordinates": [[-118.5942353, 34.0906016], [-118.5899287, 34.0908332]]}, "properties": {"id": "123237316-12337956909-0", "highway": "residential"}}, {"type": "Feature", "geometry": {"type": "LineString", "coordinates": [[-118.5901979, 34.091791], [-118.5942353, 34.0906016]]}, "properties": {"id": "123237353-123237316-0", "highway": "residential"}}, {"type": "Feature", "geometry": {"type": "LineString", "coordinates": [[-118.5901979, 34.091791], [-118.5898495, 34.0909079]]}, "properties": {"id": "123237353-12337956913-0", "highway": "residential"}}, {"type": "Feature", "geometry": {"type": "LineString", "coordinates": [[-118.5901979, 34.091791], [-118.5892296, 34.0927656]]}, "properties": {"id": "123237353-123237463-0", "highway": "unclassified"}}, {"type": "Feature", "geometry": {"type": "LineString", "coordinates": [[-118.5945662, 34.0908001], [-118.597182, 34.0928348]]}, "properties": {"id": "123237429-122826040-0", "highway": "residential"}}, {"type": "Feature", "geometry": {"type": "LineString", "coordinates": [[-118.5945662, 34.0908001], [-118.592989, 34.0879415]]}, "properties": {"id": "123237429-3080781751-0", "highway": "residential"}}, {"type": "Feature", "geometry": {"type": "LineString", "coordinates": [[-118.5945662, 34.0908001], [-118.5942353, 34.0906016]]}, "properties": {"id": "123237429-123237316-0", "highway": "residential"}}, {"type": "Feature", "geometry": {"type": "LineString", "coordinates": [[-118.5892296, 34.0927656], [-118.5890951, 34.0928771]]}, "properties": {"id": "123237463-123237468-0", "highway": "unclassified"}}, {"type": "Feature", "geometry": {"type": "LineString", "coordinates": [[-118.5892296, 34.0927656], [-118.5901979, 34.091791]]}, "properties": {"id": "123237463-123237353-0", "highway": "unclassified"}}, {"type": "Feature", "geometry": {"type": "LineString", "coordinates": [[-118.6019341, 34.0932361], [-118.6009967, 34.0941822]]}, "properties": {"id": "123237504-122952497-0", "highway": "residential"}}, {"type": "Feature", "geometry": {"type": "LineString", "coordinates": [[-118.6019341, 34.0932361], [-118.6017576, 34.0946992]]}, "properties": {"id": "123237504-122933534-0", "highway": "primary"}}, {"type": "Feature", "geometry": {"type": "LineString", "coordinates": [[-118.6019341, 34.0932361], [-118.6018078, 34.0912483]]}, "properties": {"id": "123237504-123351162-0", "highway": "primary"}}, {"type": "Feature", "geometry": {"type": "LineString", "coordinates": [[-118.4973975, 34.0527443], [-118.4971788, 34.0534927]]}, "properties": {"id": "123240368-122900875-0", "highway": "residential"}}, {"type": "Feature", "geometry": {"type": "LineString", "coordinates": [[-118.4973975, 34.0527443], [-118.4976241, 34.0519987]]}, "properties": {"id": "123240368-123051089-0", "highway": "residential"}}, {"type": "Feature", "geometry": {"type": "LineString", "coordinates": [[-118.4973975, 34.0527443], [-118.4979135, 34.052861]]}, "properties": {"id": "123240368-123492114-0", "highway": "residential"}}, {"type": "Feature", "geometry": {"type": "LineString", "coordinates": [[-118.4970055, 34.0542971], [-118.4967188, 34.0548657]]}, "properties": {"id": "123240370-122923363-0", "highway": "residential"}}, {"type": "Feature", "geometry": {"type": "LineString", "coordinates": [[-118.4970055, 34.0542971], [-118.4971788, 34.0534927]]}, "properties": {"id": "123240370-122900875-0", "highway": "residential"}}, {"type": "Feature", "geometry": {"type": "LineString", "coordinates": [[-118.4970055, 34.0542971], [-118.4989747, 34.0525649]]}, "properties": {"id": "123240370-123051091-0", "highway": "residential"}}, {"type": "Feature", "geometry": {"type": "LineString", "coordinates": [[-118.5678641, 34.0454982], [-118.5683018, 34.0464299]]}, "properties": {"id": "123240822-122864341-0", "highway": "residential"}}, {"type": "Feature", "geometry": {"type": "LineString", "coordinates": [[-118.5678641, 34.0454982], [-118.5680098, 34.0424354]]}, "properties": {"id": "123240822-123112211-0", "highway": "residential"}}, {"type": "Feature", "geometry": {"type": "LineString", "coordinates": [[-118.5678641, 34.0454982], [-118.5669741, 34.0458605]]}, "properties": {"id": "123240822-123697670-0", "highway": "residential"}}, {"type": "Feature", "geometry": {"type": "LineString", "coordinates": [[-118.5673512, 34.0469553], [-118.5661564, 34.0474281]]}, "properties": {"id": "123240832-122919942-0", "highway": "residential"}}, {"type": "Feature", "geometry": {"type": "LineString", "coordinates": [[-118.5673512, 34.0469553], [-118.5683018, 34.0464299]]}, "properties": {"id": "123240832-122864341-0", "highway": "residential"}}, {"type": "Feature", "geometry": {"type": "LineString", "coordinates": [[-118.5673512, 34.0469553], [-118.571097, 34.0484247]]}, "properties": {"id": "123240832-123488897-0", "highway": "residential"}}, {"type": "Feature", "geometry": {"type": "LineString", "coordinates": [[-118.5672962, 34.0487677], [-118.5666649, 34.0493739]]}, "properties": {"id": "123240838-123240844-0", "highway": "residential"}}, {"type": "Feature", "geometry": {"type": "LineString", "coordinates": [[-118.5672962, 34.0487677], [-118.5661564, 34.0474281]]}, "properties": {"id": "123240838-122919942-0", "highway": "residential"}}, {"type": "Feature", "geometry": {"type": "LineString", "coordinates": [[-118.5672962, 34.0487677], [-118.5694678, 34.049341]]}, "properties": {"id": "123240838-620050979-0", "highway": "residential"}}, {"type": "Feature", "geometry": {"type": "LineString", "coordinates": [[-118.5666649, 34.0493739], [-118.5672962, 34.0487677]]}, "properties": {"id": "123240844-123240838-0", "highway": "residential"}}, {"type": "Feature", "geometry": {"type": "LineString", "coordinates": [[-118.5060202, 34.036721], [-118.5058454, 34.0365501]]}, "properties": {"id": "123250413-536314546-0", "highway": "residential"}}, {"type": "Feature", "geometry": {"type": "LineString", "coordinates": [[-118.5060202, 34.036721], [-118.50618, 34.0362272]]}, "properties": {"id": "123250413-122973311-0", "highway": "secondary"}}, {"type": "Feature", "geometry": {"type": "LineString", "coordinates": [[-118.501593, 34.032935], [-118.5000778, 34.0316408]]}, "properties": {"id": "123250415-123030855-0", "highway": "residential"}}, {"type": "Feature", "geometry": {"type": "LineString", "coordinates": [[-118.501593, 34.032935], [-118.502978, 34.0341421]]}, "properties": {"id": "123250415-123224910-0", "highway": "residential"}}, {"type": "Feature", "geometry": {"type": "LineString", "coordinates": [[-118.501593, 34.032935], [-118.5006497, 34.0337099]]}, "properties": {"id": "123250415-122774859-0", "highway": "residential"}}, {"type": "Feature", "geometry": {"type": "LineString", "coordinates": [[-118.501593, 34.032935], [-118.5025412, 34.0321779]]}, "properties": {"id": "123250415-122887152-0", "highway": "residential"}}, {"type": "Feature", "geometry": {"type": "LineString", "coordinates": [[-118.5906821, 34.1048839], [-118.5909186, 34.103973]]}, "properties": {"id": "123250978-122777917-0", "highway": "residential"}}, {"type": "Feature", "geometry": {"type": "LineString", "coordinates": [[-118.5177174, 34.0460238], [-118.5187378, 34.0458796]]}, "properties": {"id": "123255140-123255141-0", "highway": "residential"}}, {"type": "Feature", "geometry": {"type": "LineString", "coordinates": [[-118.5177174, 34.0460238], [-118.516623, 34.0461671]]}, "properties": {"id": "123255140-122783172-0", "highway": "residential"}}, {"type": "Feature", "geometry": {"type": "LineString", "coordinates": [[-118.5177174, 34.0460238], [-118.5181104, 34.0478239]]}, "properties": {"id": "123255140-122941155-0", "highway": "residential"}}, {"type": "Feature", "geometry": {"type": "LineString", "coordinates": [[-118.5177174, 34.0460238], [-118.5174988, 34.0450503]]}, "properties": {"id": "123255140-122783169-0", "highway": "residential"}}, {"type": "Feature", "geometry": {"type": "LineString", "coordinates": [[-118.5187378, 34.0458796], [-118.519733, 34.0457171]]}, "properties": {"id": "123255141-122867875-0", "highway": "residential"}}, {"type": "Feature", "geometry": {"type": "LineString", "coordinates": [[-118.5187378, 34.0458796], [-118.5177174, 34.0460238]]}, "properties": {"id": "123255141-123255140-0", "highway": "residential"}}, {"type": "Feature", "geometry": {"type": "LineString", "coordinates": [[-118.5187378, 34.0458796], [-118.5191162, 34.0476639]]}, "properties": {"id": "123255141-122941156-0", "highway": "residential"}}, {"type": "Feature", "geometry": {"type": "LineString", "coordinates": [[-118.5187378, 34.0458796], [-118.5182281, 34.0435534]]}, "properties": {"id": "123255141-123272560-0", "highway": "residential"}}, {"type": "Feature", "geometry": {"type": "LineString", "coordinates": [[-118.5048495, 34.0591669], [-118.5033608, 34.0608779]]}, "properties": {"id": "123255600-598448964-0", "highway": "residential"}}, {"type": "Feature", "geometry": {"type": "LineString", "coordinates": [[-118.5034825, 34.0314142], [-118.5048945, 34.0326068]]}, "properties": {"id": "123257345-123224908-0", "highway": "residential"}}, {"type": "Feature", "geometry": {"type": "LineString", "coordinates": [[-118.5034825, 34.0314142], [-118.5019633, 34.0301111]]}, "properties": {"id": "123257345-123030853-0", "highway": "residential"}}, {"type": "Feature", "geometry": {"type": "LineString", "coordinates": [[-118.5034825, 34.0314142], [-118.5025412, 34.0321779]]}, "properties": {"id": "123257345-122887152-0", "highway": "residential"}}, {"type": "Feature", "geometry": {"type": "LineString", "coordinates": [[-118.5034825, 34.0314142], [-118.5044201, 34.0306411]]}, "properties": {"id": "123257345-122925006-0", "highway": "residential"}}, {"type": "Feature", "geometry": {"type": "LineString", "coordinates": [[-118.498767, 34.0352404], [-118.4972428, 34.0339435]]}, "properties": {"id": "123257600-123030857-0", "highway": "tertiary"}}, {"type": "Feature", "geometry": {"type": "LineString", "coordinates": [[-118.498767, 34.0352404], [-118.500168, 34.0364352]]}, "properties": {"id": "123257600-123224912-0", "highway": "tertiary"}}, {"type": "Feature", "geometry": {"type": "LineString", "coordinates": [[-118.498767, 34.0352404], [-118.497745, 34.0359472]]}, "properties": {"id": "123257600-9890849405-0", "highway": "residential"}}, {"type": "Feature", "geometry": {"type": "LineString", "coordinates": [[-118.498767, 34.0352404], [-118.4997025, 34.0344748]]}, "properties": {"id": "123257600-122937957-0", "highway": "residential"}}, {"type": "Feature", "geometry": {"type": "LineString", "coordinates": [[-118.4955566, 34.0372332], [-118.4937658, 34.0356971]]}, "properties": {"id": "123257603-123030858-0", "highway": "tertiary"}}, {"type": "Feature", "geometry": {"type": "LineString", "coordinates": [[-118.4955566, 34.0372332], [-118.4974974, 34.0389027]]}, "properties": {"id": "123257603-123224915-0", "highway": "tertiary"}}, {"type": "Feature", "geometry": {"type": "LineString", "coordinates": [[-118.4955566, 34.0372332], [-118.4946729, 34.0379395]]}, "properties": {"id": "123257603-123257609-0", "highway": "residential"}}, {"type": "Feature", "geometry": {"type": "LineString", "coordinates": [[-118.4955566, 34.0372332], [-118.4965812, 34.0365337]]}, "properties": {"id": "123257603-122990190-0", "highway": "residential"}}, {"type": "Feature", "geometry": {"type": "LineString", "coordinates": [[-118.4946729, 34.0379395], [-118.4966053, 34.0395903]]}, "properties": {"id": "123257609-123224918-0", "highway": "residential"}}, {"type": "Feature", "geometry": {"type": "LineString", "coordinates": [[-118.4946729, 34.0379395], [-118.493821, 34.0386298]]}, "properties": {"id": "123257609-122610497-0", "highway": "residential"}}, {"type": "Feature", "geometry": {"type": "LineString", "coordinates": [[-118.4946729, 34.0379395], [-118.4955566, 34.0372332]]}, "properties": {"id": "123257609-123257603-0", "highway": "residential"}}, {"type": "Feature", "geometry": {"type": "LineString", "coordinates": [[-118.4946729, 34.0379395], [-118.4929045, 34.0364082]]}, "properties": {"id": "123257609-123030859-0", "highway": "residential"}}, {"type": "Feature", "geometry": {"type": "LineString", "coordinates": [[-118.4929872, 34.0393055], [-118.4912148, 34.03779]]}, "properties": {"id": "123257613-123030860-0", "highway": "residential"}}, {"type": "Feature", "geometry": {"type": "LineString", "coordinates": [[-118.4929872, 34.0393055], [-118.4949203, 34.0409583]]}, "properties": {"id": "123257613-123224920-0", "highway": "residential"}}, {"type": "Feature", "geometry": {"type": "LineString", "coordinates": [[-118.4929872, 34.0393055], [-118.4921379, 34.0399937]]}, "properties": {"id": "123257613-123221968-0", "highway": "residential"}}, {"type": "Feature", "geometry": {"type": "LineString", "coordinates": [[-118.4929872, 34.0393055], [-118.493821, 34.0386298]]}, "properties": {"id": "123257613-122610497-0", "highway": "residential"}}, {"type": "Feature", "geometry": {"type": "LineString", "coordinates": [[-118.4912844, 34.0406852], [-118.4895132, 34.0391544]]}, "properties": {"id": "123257616-123030863-0", "highway": "residential"}}, {"type": "Feature", "geometry": {"type": "LineString", "coordinates": [[-118.4912844, 34.0406852], [-118.493239, 34.0423584]]}, "properties": {"id": "123257616-123224922-0", "highway": "residential"}}, {"type": "Feature", "geometry": {"type": "LineString", "coordinates": [[-118.4912844, 34.0406852], [-118.4921379, 34.0399937]]}, "properties": {"id": "123257616-123221968-0", "highway": "residential"}}, {"type": "Feature", "geometry": {"type": "LineString", "coordinates": [[-118.4912844, 34.0406852], [-118.4903773, 34.0414202]]}, "properties": {"id": "123257616-123130694-0", "highway": "residential"}}, {"type": "Feature", "geometry": {"type": "LineString", "coordinates": [[-118.4870118, 34.0441676], [-118.4860631, 34.0449342]]}, "properties": {"id": "123257620-122588986-0", "highway": "residential"}}, {"type": "Feature", "geometry": {"type": "LineString", "coordinates": [[-118.4870118, 34.0441676], [-118.4878473, 34.0434926]]}, "properties": {"id": "123257620-123147450-0", "highway": "residential"}}, {"type": "Feature", "geometry": {"type": "LineString", "coordinates": [[-118.4870118, 34.0441676], [-118.4889389, 34.0457981]]}, "properties": {"id": "123257620-123224924-0", "highway": "tertiary"}}, {"type": "Feature", "geometry": {"type": "LineString", "coordinates": [[-118.4870118, 34.0441676], [-118.4852212, 34.0426352]]}, "properties": {"id": "123257620-6593941108-0", "highway": "tertiary"}}, {"type": "Feature", "geometry": {"type": "LineString", "coordinates": [[-118.5988407, 34.0774684], [-118.597946, 34.0797342]]}, "properties": {"id": "123262428-123262452-0", "highway": "residential"}}, {"type": "Feature", "geometry": {"type": "LineString", "coordinates": [[-118.5988407, 34.0774684], [-118.5999453, 34.0752773]]}, "properties": {"id": "123262428-123042226-0", "highway": "residential"}}, {"type": "Feature", "geometry": {"type": "LineString", "coordinates": [[-118.5988407, 34.0774684], [-118.5978893, 34.0780616]]}, "properties": {"id": "123262428-123268065-0", "highway": "residential"}}, {"type": "Feature", "geometry": {"type": "LineString", "coordinates": [[-118.597946, 34.0797342], [-118.5988407, 34.0774684]]}, "properties": {"id": "123262452-123262428-0", "highway": "residential"}}, {"type": "Feature", "geometry": {"type": "LineString", "coordinates": [[-118.597946, 34.0797342], [-118.5989458, 34.0812972]]}, "properties": {"id": "123262452-122812296-0", "highway": "residential"}}, {"type": "Feature", "geometry": {"type": "LineString", "coordinates": [[-118.597946, 34.0797342], [-118.6027706, 34.0763416]]}, "properties": {"id": "123262452-123004983-0", "highway": "residential"}}, {"type": "Feature", "geometry": {"type": "LineString", "coordinates": [[-118.5538825, 34.0700382], [-118.5540944, 34.0711556]]}, "properties": {"id": "123262816-1085917441-0", "highway": "residential"}}, {"type": "Feature", "geometry": {"type": "LineString", "coordinates": [[-118.5538825, 34.0700382], [-118.5515882, 34.0678411]]}, "properties": {"id": "123262816-123001160-0", "highway": "residential"}}, {"type": "Feature", "geometry": {"type": "LineString", "coordinates": [[-118.5538825, 34.0700382], [-118.5546092, 34.0681251]]}, "properties": {"id": "123262816-123752936-0", "highway": "residential"}}, {"type": "Feature", "geometry": {"type": "LineString", "coordinates": [[-118.5978893, 34.0780616], [-118.5988407, 34.0774684]]}, "properties": {"id": "123268065-123262428-0", "highway": "residential"}}, {"type": "Feature", "geometry": {"type": "LineString", "coordinates": [[-118.5052836, 34.0528593], [-118.5048124, 34.0531583]]}, "properties": {"id": "123270113-2510934961-0", "highway": "residential"}}, {"type": "Feature", "geometry": {"type": "LineString", "coordinates": [[-118.5052836, 34.0528593], [-118.5049914, 34.0532782]]}, "properties": {"id": "123270113-2510934858-0", "highway": "residential"}}, {"type": "Feature", "geometry": {"type": "LineString", "coordinates": [[-118.5052836, 34.0528593], [-118.5062488, 34.0515869]]}, "properties": {"id": "123270113-123584056-0", "highway": "residential"}}, {"type": "Feature", "geometry": {"type": "LineString", "coordinates": [[-118.5182281, 34.0435534], [-118.5172046, 34.0437087]]}, "properties": {"id": "123272560-122783167-0", "highway": "residential"}}, {"type": "Feature", "geometry": {"type": "LineString", "coordinates": [[-118.5182281, 34.0435534], [-118.5192329, 34.0433939]]}, "properties": {"id": "123272560-122867873-0", "highway": "residential"}}, {"type": "Feature", "geometry": {"type": "LineString", "coordinates": [[-118.5182281, 34.0435534], [-118.5187378, 34.0458796]]}, "properties": {"id": "123272560-123255141-0", "highway": "residential"}}, {"type": "Feature", "geometry": {"type": "LineString", "coordinates": [[-118.5182281, 34.0435534], [-118.5177764, 34.0414624]]}, "properties": {"id": "123272560-123082632-0", "highway": "residential"}}, {"type": "Feature", "geometry": {"type": "LineString", "coordinates": [[-118.555666, 34.0439645], [-118.5567612, 34.0441659]]}, "properties": {"id": "123274357-123274358-0", "highway": "residential"}}, {"type": "Feature", "geometry": {"type": "LineString", "coordinates": [[-118.555666, 34.0439645], [-118.5545983, 34.0444081]]}, "properties": {"id": "123274357-123197407-0", "highway": "residential"}}, {"type": "Feature", "geometry": {"type": "LineString", "coordinates": [[-118.555666, 34.0439645], [-118.5544393, 34.042793]]}, "properties": {"id": "123274357-123570450-0", "highway": "residential"}}, {"type": "Feature", "geometry": {"type": "LineString", "coordinates": [[-118.5567612, 34.0441659], [-118.5570156, 34.0443637]]}, "properties": {"id": "123274358-123274362-0", "highway": "residential"}}, {"type": "Feature", "geometry": {"type": "LineString", "coordinates": [[-118.5567612, 34.0441659], [-118.555666, 34.0439645]]}, "properties": {"id": "123274358-123274357-0", "highway": "residential"}}, {"type": "Feature", "geometry": {"type": "LineString", "coordinates": [[-118.5567612, 34.0441659], [-118.5561971, 34.0445473]]}, "properties": {"id": "123274358-123690682-0", "highway": "residential"}}, {"type": "Feature", "geometry": {"type": "LineString", "coordinates": [[-118.5570156, 34.0443637], [-118.5567612, 34.0441659]]}, "properties": {"id": "123274362-123274358-0", "highway": "residential"}}, {"type": "Feature", "geometry": {"type": "LineString", "coordinates": [[-118.5066297, 34.034821], [-118.5075239, 34.0349592]]}, "properties": {"id": "123288521-526341773-0", "highway": "residential"}}, {"type": "Feature", "geometry": {"type": "LineString", "coordinates": [[-118.5066297, 34.034821], [-118.5079784, 34.0320838]]}, "properties": {"id": "123288521-123635092-0", "highway": "secondary"}}, {"type": "Feature", "geometry": {"type": "LineString", "coordinates": [[-118.5116833, 34.0327954], [-118.5116595, 34.0333431]]}, "properties": {"id": "123289400-123289406-0", "highway": "residential"}}, {"type": "Feature", "geometry": {"type": "LineString", "coordinates": [[-118.5116833, 34.0327954], [-118.5110737, 34.0323308]]}, "properties": {"id": "123289400-122948701-0", "highway": "residential"}}, {"type": "Feature", "geometry": {"type": "LineString", "coordinates": [[-118.5116833, 34.0327954], [-118.5126268, 34.032643]]}, "properties": {"id": "123289400-123234380-0", "highway": "residential"}}, {"type": "Feature", "geometry": {"type": "LineString", "coordinates": [[-118.5116595, 34.0333431], [-118.5116833, 34.0327954]]}, "properties": {"id": "123289406-123289400-0", "highway": "residential"}}, {"type": "Feature", "geometry": {"type": "LineString", "coordinates": [[-118.5773531, 34.0429013], [-118.5774123, 34.0421435]]}, "properties": {"id": "123292433-123132353-0", "highway": "residential"}}, {"type": "Feature", "geometry": {"type": "LineString", "coordinates": [[-118.5773531, 34.0429013], [-118.5758854, 34.0434513]]}, "properties": {"id": "123292433-123292443-0", "highway": "residential"}}, {"type": "Feature", "geometry": {"type": "LineString", "coordinates": [[-118.5773531, 34.0429013], [-118.575395, 34.0454617]]}, "properties": {"id": "123292433-122634570-0", "highway": "residential"}}, {"type": "Feature", "geometry": {"type": "LineString", "coordinates": [[-118.5758854, 34.0434513], [-118.5773531, 34.0429013]]}, "properties": {"id": "123292443-123292433-0", "highway": "residential"}}, {"type": "Feature", "geometry": {"type": "LineString", "coordinates": [[-118.5986357, 34.0822153], [-118.5987357, 34.0821393]]}, "properties": {"id": "123302616-878794987-0", "highway": "residential"}}, {"type": "Feature", "geometry": {"type": "LineString", "coordinates": [[-118.5986357, 34.0822153], [-118.59958, 34.0839986]]}, "properties": {"id": "123302616-123386387-0", "highway": "primary"}}, {"type": "Feature", "geometry": {"type": "LineString", "coordinates": [[-118.5986357, 34.0822153], [-118.5792547, 34.0405217]]}, "properties": {"id": "123302616-7339727668-0", "highway": "primary"}}, {"type": "Feature", "geometry": {"type": "LineString", "coordinates": [[-118.5223674, 34.0326414], [-118.5217584, 34.0326599]]}, "properties": {"id": "123304867-529747429-0", "highway": "residential"}}, {"type": "Feature", "geometry": {"type": "LineString", "coordinates": [[-118.5223674, 34.0326414], [-118.5218567, 34.0323968]]}, "properties": {"id": "123304867-529747426-0", "highway": "residential"}}, {"type": "Feature", "geometry": {"type": "LineString", "coordinates": [[-118.5223674, 34.0326414], [-118.5245831, 34.0326471]]}, "properties": {"id": "123304867-122745405-0", "highway": "residential"}}, {"type": "Feature", "geometry": {"type": "LineString", "coordinates": [[-118.4860489, 34.0474614], [-118.4851522, 34.0456745]]}, "properties": {"id": "123306641-123306643-0", "highway": "residential"}}, {"type": "Feature", "geometry": {"type": "LineString", "coordinates": [[-118.4860489, 34.0474614], [-118.4865976, 34.0493554]]}, "properties": {"id": "123306641-536314683-0", "highway": "residential"}}, {"type": "Feature", "geometry": {"type": "LineString", "coordinates": [[-118.4860489, 34.0474614], [-118.487554, 34.0471568]]}, "properties": {"id": "123306641-122588982-0", "highway": "residential"}}, {"type": "Feature", "geometry": {"type": "LineString", "coordinates": [[-118.4851522, 34.0456745], [-118.4860631, 34.0449342]]}, "properties": {"id": "123306643-122588986-0", "highway": "residential"}}, {"type": "Feature", "geometry": {"type": "LineString", "coordinates": [[-118.4851522, 34.0456745], [-118.4833813, 34.0441249]]}, "properties": {"id": "123306643-123171760-0", "highway": "residential"}}, {"type": "Feature", "geometry": {"type": "LineString", "coordinates": [[-118.4851522, 34.0456745], [-118.4860489, 34.0474614]]}, "properties": {"id": "123306643-123306641-0", "highway": "residential"}}, {"type": "Feature", "geometry": {"type": "LineString", "coordinates": [[-118.5855612, 34.0388054], [-118.5894654, 34.0394566]]}, "properties": {"id": "123307754-123002175-0", "highway": "trunk"}}, {"type": "Feature", "geometry": {"type": "LineString", "coordinates": [[-118.5855612, 34.0388054], [-118.5793027, 34.0401088]]}, "properties": {"id": "123307754-122761988-0", "highway": "trunk"}}, {"type": "Feature", "geometry": {"type": "LineString", "coordinates": [[-118.5855612, 34.0388054], [-118.5846454, 34.0383236]]}, "properties": {"id": "123307754-123506125-0", "highway": "residential"}}, {"type": "Feature", "geometry": {"type": "LineString", "coordinates": [[-118.5607242, 34.0401481], [-118.5576341, 34.0389421]]}, "properties": {"id": "123307816-6031886275-0", "highway": "trunk"}}, {"type": "Feature", "geometry": {"type": "LineString", "coordinates": [[-118.5607242, 34.0401481], [-118.5651807, 34.0413707]]}, "properties": {"id": "123307816-248128864-0", "highway": "trunk"}}, {"type": "Feature", "geometry": {"type": "LineString", "coordinates": [[-118.5607242, 34.0401481], [-118.5623803, 34.0409681]]}, "properties": {"id": "123307816-123574636-0", "highway": "residential"}}, {"type": "Feature", "geometry": {"type": "LineString", "coordinates": [[-118.5016408, 34.0620975], [-118.4997739, 34.0613598]]}, "properties": {"id": "123308903-123063190-0", "highway": "residential"}}, {"type": "Feature", "geometry": {"type": "LineString", "coordinates": [[-118.5016408, 34.0620975], [-118.503614, 34.061008]]}, "properties": {"id": "123308903-122830865-0", "highway": "residential"}}, {"type": "Feature", "geometry": {"type": "LineString", "coordinates": [[-118.5016408, 34.0620975], [-118.5045215, 34.0619453]]}, "properties": {"id": "123308903-272556952-0", "highway": "residential"}}, {"type": "Feature", "geometry": {"type": "LineString", "coordinates": [[-118.5046713, 34.0476937], [-118.505565, 34.0481398]]}, "properties": {"id": "123315127-123315130-0", "highway": "residential"}}, {"type": "Feature", "geometry": {"type": "LineString", "coordinates": [[-118.5046713, 34.0476937], [-118.5039279, 34.0504058]]}, "properties": {"id": "123315127-123344327-0", "highway": "residential"}}, {"type": "Feature", "geometry": {"type": "LineString", "coordinates": [[-118.5046713, 34.0476937], [-118.5061115, 34.0456226]]}, "properties": {"id": "123315127-122839327-0", "highway": "residential"}}, {"type": "Feature", "geometry": {"type": "LineString", "coordinates": [[-118.505565, 34.0481398], [-118.5066416, 34.0486953]]}, "properties": {"id": "123315130-123082518-0", "highway": "residential"}}, {"type": "Feature", "geometry": {"type": "LineString", "coordinates": [[-118.505565, 34.0481398], [-118.5046713, 34.0476937]]}, "properties": {"id": "123315130-123315127-0", "highway": "residential"}}, {"type": "Feature", "geometry": {"type": "LineString", "coordinates": [[-118.505565, 34.0481398], [-118.5039279, 34.0504058]]}, "properties": {"id": "123315130-123344327-0", "highway": "residential"}}, {"type": "Feature", "geometry": {"type": "LineString", "coordinates": [[-118.505565, 34.0481398], [-118.5070485, 34.0461049]]}, "properties": {"id": "123315130-122839328-0", "highway": "residential"}}, {"type": "Feature", "geometry": {"type": "LineString", "coordinates": [[-118.5078211, 34.0492919], [-118.5066416, 34.0486953]]}, "properties": {"id": "123315133-123082518-0", "highway": "residential"}}, {"type": "Feature", "geometry": {"type": "LineString", "coordinates": [[-118.5078211, 34.0492919], [-118.5062488, 34.0515869]]}, "properties": {"id": "123315133-123584056-0", "highway": "residential"}}, {"type": "Feature", "geometry": {"type": "LineString", "coordinates": [[-118.5078211, 34.0492919], [-118.5092868, 34.0470542]]}, "properties": {"id": "123315133-123328554-0", "highway": "residential"}}, {"type": "Feature", "geometry": {"type": "LineString", "coordinates": [[-118.4955689, 34.0603992], [-118.501155, 34.0666013]]}, "properties": {"id": "123315680-5623542886-0", "highway": "residential"}}, {"type": "Feature", "geometry": {"type": "LineString", "coordinates": [[-118.4955689, 34.0603992], [-118.4963003, 34.0605206]]}, "properties": {"id": "123315680-123041910-0", "highway": "residential"}}, {"type": "Feature", "geometry": {"type": "LineString", "coordinates": [[-118.4955689, 34.0603992], [-118.4953844, 34.0602356]]}, "properties": {"id": "123315680-123082461-0", "highway": "residential"}}, {"type": "Feature", "geometry": {"type": "LineString", "coordinates": [[-118.5148572, 34.0338832], [-118.5126421, 34.0370976]]}, "properties": {"id": "123321625-123321630-0", "highway": "residential"}}, {"type": "Feature", "geometry": {"type": "LineString", "coordinates": [[-118.5148572, 34.0338832], [-118.5126421, 34.0370976]]}, "properties": {"id": "123321625-123321630-1", "highway": "residential"}}, {"type": "Feature", "geometry": {"type": "LineString", "coordinates": [[-118.5148572, 34.0338832], [-118.5151654, 34.0331328]]}, "properties": {"id": "123321625-122840966-0", "highway": "residential"}}, {"type": "Feature", "geometry": {"type": "LineString", "coordinates": [[-118.5126421, 34.0370976], [-118.5148572, 34.0338832]]}, "properties": {"id": "123321630-123321625-0", "highway": "residential"}}, {"type": "Feature", "geometry": {"type": "LineString", "coordinates": [[-118.5126421, 34.0370976], [-118.5148572, 34.0338832]]}, "properties": {"id": "123321630-123321625-1", "highway": "residential"}}, {"type": "Feature", "geometry": {"type": "LineString", "coordinates": [[-118.5126421, 34.0370976], [-118.511789, 34.0408892]]}, "properties": {"id": "123321630-123584054-0", "highway": "residential"}}, {"type": "Feature", "geometry": {"type": "LineString", "coordinates": [[-118.488152, 34.0559116], [-118.4880368, 34.0550893]]}, "properties": {"id": "123324184-2510858630-0", "highway": "residential"}}, {"type": "Feature", "geometry": {"type": "LineString", "coordinates": [[-118.488152, 34.0559116], [-118.4888379, 34.056442]]}, "properties": {"id": "123324184-123082386-0", "highway": "residential"}}, {"type": "Feature", "geometry": {"type": "LineString", "coordinates": [[-118.488152, 34.0559116], [-118.4875922, 34.0566617]]}, "properties": {"id": "123324184-123082385-0", "highway": "residential"}}, {"type": "Feature", "geometry": {"type": "LineString", "coordinates": [[-118.5903374, 34.1036999], [-118.5912714, 34.1037858]]}, "properties": {"id": "123325667-122777914-0", "highway": "residential"}}, {"type": "Feature", "geometry": {"type": "LineString", "coordinates": [[-118.5355366, 34.0371988], [-118.5374214, 34.0379393]]}, "properties": {"id": "123328336-122614350-0", "highway": "residential"}}, {"type": "Feature", "geometry": {"type": "LineString", "coordinates": [[-118.5092868, 34.0470542], [-118.5074208, 34.0516441]]}, "properties": {"id": "123328554-123328564-0", "highway": "residential"}}, {"type": "Feature", "geometry": {"type": "LineString", "coordinates": [[-118.5092868, 34.0470542], [-118.5078211, 34.0492919]]}, "properties": {"id": "123328554-123315133-0", "highway": "residential"}}, {"type": "Feature", "geometry": {"type": "LineString", "coordinates": [[-118.5092868, 34.0470542], [-118.50962, 34.046332]]}, "properties": {"id": "123328554-7301245626-0", "highway": "residential"}}, {"type": "Feature", "geometry": {"type": "LineString", "coordinates": [[-118.5074208, 34.0516441], [-118.5092868, 34.0470542]]}, "properties": {"id": "123328564-123328554-0", "highway": "residential"}}, {"type": "Feature", "geometry": {"type": "LineString", "coordinates": [[-118.5433848, 34.0498891], [-118.5424594, 34.0499402]]}, "properties": {"id": "123329283-122602959-0", "highway": "residential"}}, {"type": "Feature", "geometry": {"type": "LineString", "coordinates": [[-118.5433848, 34.0498891], [-118.5433499, 34.0505136]]}, "properties": {"id": "123329283-123656109-0", "highway": "residential"}}, {"type": "Feature", "geometry": {"type": "LineString", "coordinates": [[-118.5433848, 34.0498891], [-118.5424487, 34.0493957]]}, "properties": {"id": "123329283-122602956-0", "highway": "residential"}}, {"type": "Feature", "geometry": {"type": "LineString", "coordinates": [[-118.4910486, 34.0766524], [-118.4905605, 34.078041]]}, "properties": {"id": "123331234-634488098-0", "highway": "residential"}}, {"type": "Feature", "geometry": {"type": "LineString", "coordinates": [[-118.4910486, 34.0766524], [-118.4928725, 34.0798316]]}, "properties": {"id": "123331234-123077172-0", "highway": "residential"}}, {"type": "Feature", "geometry": {"type": "LineString", "coordinates": [[-118.4910486, 34.0766524], [-118.4902554, 34.075561]]}, "properties": {"id": "123331234-123357639-0", "highway": "residential"}}, {"type": "Feature", "geometry": {"type": "LineString", "coordinates": [[-118.4860807, 34.0740453], [-118.4860735, 34.0747381]]}, "properties": {"id": "123331245-122598124-0", "highway": "residential"}}, {"type": "Feature", "geometry": {"type": "LineString", "coordinates": [[-118.4860807, 34.0740453], [-118.4876727, 34.0723556]]}, "properties": {"id": "123331245-123225541-0", "highway": "residential"}}, {"type": "Feature", "geometry": {"type": "LineString", "coordinates": [[-118.4860807, 34.0740453], [-118.4855667, 34.0739653]]}, "properties": {"id": "123331245-123749206-0", "highway": "residential"}}, {"type": "Feature", "geometry": {"type": "LineString", "coordinates": [[-118.4867317, 34.0684909], [-118.4856961, 34.0699884]]}, "properties": {"id": "123331258-725833196-0", "highway": "residential"}}, {"type": "Feature", "geometry": {"type": "LineString", "coordinates": [[-118.4867317, 34.0684909], [-118.487828, 34.069369]]}, "properties": {"id": "123331258-123224835-0", "highway": "tertiary"}}, {"type": "Feature", "geometry": {"type": "LineString", "coordinates": [[-118.4867317, 34.0684909], [-118.4844462, 34.0664157]]}, "properties": {"id": "123331258-123357732-0", "highway": "tertiary"}}, {"type": "Feature", "geometry": {"type": "LineString", "coordinates": [[-118.5368766, 34.0433724], [-118.5368868, 34.0437426]]}, "properties": {"id": "123334858-123053979-0", "highway": "residential"}}, {"type": "Feature", "geometry": {"type": "LineString", "coordinates": [[-118.5368766, 34.0433724], [-118.538744, 34.0433492]]}, "properties": {"id": "123334858-122916207-0", "highway": "residential"}}, {"type": "Feature", "geometry": {"type": "LineString", "coordinates": [[-118.5368766, 34.0433724], [-118.537486, 34.0419571]]}, "properties": {"id": "123334858-123043420-0", "highway": "residential"}}, {"type": "Feature", "geometry": {"type": "LineString", "coordinates": [[-118.5363236, 34.0446009], [-118.5357554, 34.043954]]}, "properties": {"id": "123334860-123675544-0", "highway": "residential"}}, {"type": "Feature", "geometry": {"type": "LineString", "coordinates": [[-118.5363236, 34.0446009], [-118.5356267, 34.0450848]]}, "properties": {"id": "123334860-123334863-0", "highway": "residential"}}, {"type": "Feature", "geometry": {"type": "LineString", "coordinates": [[-118.5363236, 34.0446009], [-118.5366326, 34.0444017]]}, "properties": {"id": "123334860-122916210-0", "highway": "residential"}}, {"type": "Feature", "geometry": {"type": "LineString", "coordinates": [[-118.5363236, 34.0446009], [-118.5376454, 34.0458881]]}, "properties": {"id": "123334860-123157722-0", "highway": "residential"}}, {"type": "Feature", "geometry": {"type": "LineString", "coordinates": [[-118.5356267, 34.0450848], [-118.5369496, 34.0464148]]}, "properties": {"id": "123334863-122795684-0", "highway": "residential"}}, {"type": "Feature", "geometry": {"type": "LineString", "coordinates": [[-118.5356267, 34.0450848], [-118.5349331, 34.0456321]]}, "properties": {"id": "123334863-122672240-0", "highway": "residential"}}, {"type": "Feature", "geometry": {"type": "LineString", "coordinates": [[-118.5356267, 34.0450848], [-118.5363236, 34.0446009]]}, "properties": {"id": "123334863-123334860-0", "highway": "residential"}}, {"type": "Feature", "geometry": {"type": "LineString", "coordinates": [[-118.5356267, 34.0450848], [-118.5340491, 34.0441528]]}, "properties": {"id": "123334863-123411731-0", "highway": "residential"}}, {"type": "Feature", "geometry": {"type": "LineString", "coordinates": [[-118.5342682, 34.0469976], [-118.5333409, 34.0469839]]}, "properties": {"id": "123334864-6878832165-0", "highway": "residential"}}, {"type": "Feature", "geometry": {"type": "LineString", "coordinates": [[-118.5342682, 34.0469976], [-118.5342373, 34.0488472]]}, "properties": {"id": "123334864-6879043195-0", "highway": "residential"}}, {"type": "Feature", "geometry": {"type": "LineString", "coordinates": [[-118.5342682, 34.0469976], [-118.5356884, 34.0473745]]}, "properties": {"id": "123334864-122795686-0", "highway": "residential"}}, {"type": "Feature", "geometry": {"type": "LineString", "coordinates": [[-118.5342682, 34.0469976], [-118.5349331, 34.0456321]]}, "properties": {"id": "123334864-122672240-0", "highway": "residential"}}, {"type": "Feature", "geometry": {"type": "LineString", "coordinates": [[-118.5099184, 34.0452807], [-118.5070485, 34.0461049]]}, "properties": {"id": "123344323-122839328-0", "highway": "residential"}}, {"type": "Feature", "geometry": {"type": "LineString", "coordinates": [[-118.5099184, 34.0452807], [-118.50962, 34.046332]]}, "properties": {"id": "123344323-7301245626-0", "highway": "residential"}}, {"type": "Feature", "geometry": {"type": "LineString", "coordinates": [[-118.5099184, 34.0452807], [-118.5100976, 34.0442094]]}, "properties": {"id": "123344323-123027349-0", "highway": "residential"}}, {"type": "Feature", "geometry": {"type": "LineString", "coordinates": [[-118.5039279, 34.0504058], [-118.505565, 34.0481398]]}, "properties": {"id": "123344327-123315130-0", "highway": "residential"}}, {"type": "Feature", "geometry": {"type": "LineString", "coordinates": [[-118.5039279, 34.0504058], [-118.501928, 34.0519488]]}, "properties": {"id": "123344327-122830849-0", "highway": "residential"}}, {"type": "Feature", "geometry": {"type": "LineString", "coordinates": [[-118.5039279, 34.0504058], [-118.5050073, 34.0509694]]}, "properties": {"id": "123344327-123082517-0", "highway": "residential"}}, {"type": "Feature", "geometry": {"type": "LineString", "coordinates": [[-118.5039279, 34.0504058], [-118.5046713, 34.0476937]]}, "properties": {"id": "123344327-123315127-0", "highway": "residential"}}, {"type": "Feature", "geometry": {"type": "LineString", "coordinates": [[-118.4882851, 34.0569854], [-118.4886326, 34.058564]]}, "properties": {"id": "123346874-123346876-0", "highway": "residential"}}, {"type": "Feature", "geometry": {"type": "LineString", "coordinates": [[-118.4882851, 34.0569854], [-118.4888379, 34.056442]]}, "properties": {"id": "123346874-123082386-0", "highway": "residential"}}, {"type": "Feature", "geometry": {"type": "LineString", "coordinates": [[-118.4882851, 34.0569854], [-118.4875922, 34.0566617]]}, "properties": {"id": "123346874-123082385-0", "highway": "residential"}}, {"type": "Feature", "geometry": {"type": "LineString", "coordinates": [[-118.4886326, 34.058564], [-118.4882851, 34.0569854]]}, "properties": {"id": "123346876-123346874-0", "highway": "residential"}}, {"type": "Feature", "geometry": {"type": "LineString", "coordinates": [[-118.4886326, 34.058564], [-118.4889037, 34.0604216]]}, "properties": {"id": "123346876-122520969-0", "highway": "residential"}}, {"type": "Feature", "geometry": {"type": "LineString", "coordinates": [[-118.4886326, 34.058564], [-118.4895884, 34.0584899]]}, "properties": {"id": "123346876-527738594-0", "highway": "residential"}}, {"type": "Feature", "geometry": {"type": "LineString", "coordinates": [[-118.4886326, 34.058564], [-118.486228, 34.0594147]]}, "properties": {"id": "123346876-122944662-0", "highway": "residential"}}, {"type": "Feature", "geometry": {"type": "LineString", "coordinates": [[-118.499626, 34.0520481], [-118.4989747, 34.0525649]]}, "properties": {"id": "123349632-123051091-0", "highway": "residential"}}, {"type": "Feature", "geometry": {"type": "LineString", "coordinates": [[-118.501227, 34.0733252], [-118.5016645, 34.0735532]]}, "properties": {"id": "123350354-271824439-0", "highway": "residential"}}, {"type": "Feature", "geometry": {"type": "LineString", "coordinates": [[-118.501227, 34.0733252], [-118.500804, 34.0726184]]}, "properties": {"id": "123350354-122819283-0", "highway": "residential"}}, {"type": "Feature", "geometry": {"type": "LineString", "coordinates": [[-118.501227, 34.0733252], [-118.5018822, 34.0729464]]}, "properties": {"id": "123350354-123180130-0", "highway": "residential"}}, {"type": "Feature", "geometry": {"type": "LineString", "coordinates": [[-118.5063641, 34.0786008], [-118.5064655, 34.0801648]]}, "properties": {"id": "123350360-122965661-0", "highway": "residential"}}, {"type": "Feature", "geometry": {"type": "LineString", "coordinates": [[-118.5063641, 34.0786008], [-118.5046555, 34.075335]]}, "properties": {"id": "123350360-122746046-0", "highway": "residential"}}, {"type": "Feature", "geometry": {"type": "LineString", "coordinates": [[-118.5063641, 34.0786008], [-118.5079573, 34.0781965]]}, "properties": {"id": "123350360-122847110-0", "highway": "residential"}}, {"type": "Feature", "geometry": {"type": "LineString", "coordinates": [[-118.5072774, 34.0813347], [-118.5064655, 34.0801648]]}, "properties": {"id": "123350362-122965661-0", "highway": "residential"}}, {"type": "Feature", "geometry": {"type": "LineString", "coordinates": [[-118.5072774, 34.0813347], [-118.5085619, 34.0836535]]}, "properties": {"id": "123350362-123039421-0", "highway": "residential"}}, {"type": "Feature", "geometry": {"type": "LineString", "coordinates": [[-118.5072774, 34.0813347], [-118.5063279, 34.0820434]]}, "properties": {"id": "123350362-123039417-0", "highway": "residential"}}, {"type": "Feature", "geometry": {"type": "LineString", "coordinates": [[-118.6043806, 34.0896367], [-118.6018078, 34.0912483]]}, "properties": {"id": "123351116-123351162-0", "highway": "primary"}}, {"type": "Feature", "geometry": {"type": "LineString", "coordinates": [[-118.6043806, 34.0896367], [-118.6030414, 34.0888441]]}, "properties": {"id": "123351116-123386440-0", "highway": "primary"}}, {"type": "Feature", "geometry": {"type": "LineString", "coordinates": [[-118.6018078, 34.0912483], [-118.6043343, 34.09206]]}, "properties": {"id": "123351162-123624340-0", "highway": "residential"}}, {"type": "Feature", "geometry": {"type": "LineString", "coordinates": [[-118.6018078, 34.0912483], [-118.6019341, 34.0932361]]}, "properties": {"id": "123351162-123237504-0", "highway": "primary"}}, {"type": "Feature", "geometry": {"type": "LineString", "coordinates": [[-118.6018078, 34.0912483], [-118.6043806, 34.0896367]]}, "properties": {"id": "123351162-123351116-0", "highway": "primary"}}, {"type": "Feature", "geometry": {"type": "LineString", "coordinates": [[-118.5926997, 34.103702], [-118.5920956, 34.1048018]]}, "properties": {"id": "123351348-122777876-0", "highway": "primary"}}, {"type": "Feature", "geometry": {"type": "LineString", "coordinates": [[-118.5926997, 34.103702], [-118.5915319, 34.1020516]]}, "properties": {"id": "123351348-122849893-0", "highway": "primary"}}, {"type": "Feature", "geometry": {"type": "LineString", "coordinates": [[-118.5926997, 34.103702], [-118.5921208, 34.1040059]]}, "properties": {"id": "123351348-122777898-0", "highway": "residential"}}, {"type": "Feature", "geometry": {"type": "LineString", "coordinates": [[-118.4902554, 34.075561], [-118.4916934, 34.0759918]]}, "properties": {"id": "123357639-123134818-0", "highway": "residential"}}, {"type": "Feature", "geometry": {"type": "LineString", "coordinates": [[-118.4902554, 34.075561], [-118.4910486, 34.0766524]]}, "properties": {"id": "123357639-123331234-0", "highway": "residential"}}, {"type": "Feature", "geometry": {"type": "LineString", "coordinates": [[-118.4902554, 34.075561], [-118.489159, 34.0751108]]}, "properties": {"id": "123357639-123460569-0", "highway": "residential"}}, {"type": "Feature", "geometry": {"type": "LineString", "coordinates": [[-118.4844462, 34.0664157], [-118.4867317, 34.0684909]]}, "properties": {"id": "123357732-123331258-0", "highway": "tertiary"}}, {"type": "Feature", "geometry": {"type": "LineString", "coordinates": [[-118.4844462, 34.0664157], [-118.4855334, 34.0657984]]}, "properties": {"id": "123357732-123224828-0", "highway": "residential"}}, {"type": "Feature", "geometry": {"type": "LineString", "coordinates": [[-118.4891226, 34.0725851], [-118.4897612, 34.0730777]]}, "properties": {"id": "123357738-123357745-0", "highway": "tertiary"}}, {"type": "Feature", "geometry": {"type": "LineString", "coordinates": [[-118.4891226, 34.0725851], [-118.487828, 34.069369]]}, "properties": {"id": "123357738-123224835-0", "highway": "tertiary"}}, {"type": "Feature", "geometry": {"type": "LineString", "coordinates": [[-118.4891226, 34.0725851], [-118.4869533, 34.0746115]]}, "properties": {"id": "123357738-123800359-0", "highway": "residential"}}, {"type": "Feature", "geometry": {"type": "LineString", "coordinates": [[-118.4897612, 34.0730777], [-118.4923924, 34.0754416]]}, "properties": {"id": "123357745-123212585-0", "highway": "tertiary"}}, {"type": "Feature", "geometry": {"type": "LineString", "coordinates": [[-118.4897612, 34.0730777], [-118.4891226, 34.0725851]]}, "properties": {"id": "123357745-123357738-0", "highway": "tertiary"}}, {"type": "Feature", "geometry": {"type": "LineString", "coordinates": [[-118.4897612, 34.0730777], [-118.4906898, 34.072112]]}, "properties": {"id": "123357745-122959810-0", "highway": "residential"}}, {"type": "Feature", "geometry": {"type": "LineString", "coordinates": [[-118.5571295, 34.0507307], [-118.5575101, 34.0492829]]}, "properties": {"id": "123358682-123060762-0", "highway": "residential"}}, {"type": "Feature", "geometry": {"type": "LineString", "coordinates": [[-118.501201, 34.0420581], [-118.5010463, 34.0419249]]}, "properties": {"id": "123362557-536314565-0", "highway": "tertiary"}}, {"type": "Feature", "geometry": {"type": "LineString", "coordinates": [[-118.501201, 34.0420581], [-118.5015089, 34.0418197]]}, "properties": {"id": "123362557-122849867-0", "highway": "secondary"}}, {"type": "Feature", "geometry": {"type": "LineString", "coordinates": [[-118.6021907, 34.0836486], [-118.601615, 34.0834954]]}, "properties": {"id": "123370288-123370296-0", "highway": "residential"}}, {"type": "Feature", "geometry": {"type": "LineString", "coordinates": [[-118.601615, 34.0834954], [-118.6021907, 34.0836486]]}, "properties": {"id": "123370296-123370288-0", "highway": "residential"}}, {"type": "Feature", "geometry": {"type": "LineString", "coordinates": [[-118.601615, 34.0834954], [-118.6011705, 34.0850229]]}, "properties": {"id": "123370296-122567253-0", "highway": "tertiary"}}, {"type": "Feature", "geometry": {"type": "LineString", "coordinates": [[-118.601615, 34.0834954], [-118.601489, 34.0817706]]}, "properties": {"id": "123370296-9096682061-0", "highway": "tertiary"}}, {"type": "Feature", "geometry": {"type": "LineString", "coordinates": [[-118.496882, 34.0505905], [-118.4967853, 34.0509903]]}, "properties": {"id": "123372873-123372874-0", "highway": "residential"}}, {"type": "Feature", "geometry": {"type": "LineString", "coordinates": [[-118.4967853, 34.0509903], [-118.496882, 34.0505905]]}, "properties": {"id": "123372874-123372873-0", "highway": "residential"}}, {"type": "Feature", "geometry": {"type": "LineString", "coordinates": [[-118.4967853, 34.0509903], [-118.4965715, 34.0517884]]}, "properties": {"id": "123372874-122857920-0", "highway": "residential"}}, {"type": "Feature", "geometry": {"type": "LineString", "coordinates": [[-118.4967853, 34.0509903], [-118.4954278, 34.0509391]]}, "properties": {"id": "123372874-271821700-0", "highway": "residential"}}, {"type": "Feature", "geometry": {"type": "LineString", "coordinates": [[-118.5037632, 34.0575114], [-118.5022814, 34.0592464]]}, "properties": {"id": "123375325-122830860-0", "highway": "residential"}}, {"type": "Feature", "geometry": {"type": "LineString", "coordinates": [[-118.5037632, 34.0575114], [-118.5028351, 34.060349]]}, "properties": {"id": "123375325-122830863-0", "highway": "residential"}}, {"type": "Feature", "geometry": {"type": "LineString", "coordinates": [[-118.5037632, 34.0575114], [-118.5041521, 34.0547559]]}, "properties": {"id": "123375325-123116651-0", "highway": "residential"}}, {"type": "Feature", "geometry": {"type": "LineString", "coordinates": [[-118.5044691, 34.0791398], [-118.5063279, 34.0820434]]}, "properties": {"id": "123376823-123039417-0", "highway": "residential"}}, {"type": "Feature", "geometry": {"type": "LineString", "coordinates": [[-118.5044691, 34.0791398], [-118.5041486, 34.0776322]]}, "properties": {"id": "123376823-122648204-0", "highway": "residential"}}, {"type": "Feature", "geometry": {"type": "LineString", "coordinates": [[-118.5044691, 34.0791398], [-118.5023273, 34.0795428]]}, "properties": {"id": "123376823-122819272-0", "highway": "residential"}}, {"type": "Feature", "geometry": {"type": "LineString", "coordinates": [[-118.5189214, 34.0514045], [-118.518502, 34.049633]]}, "properties": {"id": "123382640-122591843-0", "highway": "residential"}}, {"type": "Feature", "geometry": {"type": "LineString", "coordinates": [[-118.5189214, 34.0514045], [-118.5180741, 34.0515485]]}, "properties": {"id": "123382640-122783175-0", "highway": "residential"}}, {"type": "Feature", "geometry": {"type": "LineString", "coordinates": [[-118.5189214, 34.0514045], [-118.5199168, 34.051303]]}, "properties": {"id": "123382640-122672472-0", "highway": "residential"}}, {"type": "Feature", "geometry": {"type": "LineString", "coordinates": [[-118.5591284, 34.0707237], [-118.5588012, 34.0710303]]}, "properties": {"id": "123385839-122719884-0", "highway": "residential"}}, {"type": "Feature", "geometry": {"type": "LineString", "coordinates": [[-118.59958, 34.0839986], [-118.5986357, 34.0822153]]}, "properties": {"id": "123386387-123302616-0", "highway": "primary"}}, {"type": "Feature", "geometry": {"type": "LineString", "coordinates": [[-118.59958, 34.0839986], [-118.600075, 34.0845249]]}, "properties": {"id": "123386387-6933726892-0", "highway": "primary"}}, {"type": "Feature", "geometry": {"type": "LineString", "coordinates": [[-118.59958, 34.0839986], [-118.5997102, 34.0836928]]}, "properties": {"id": "123386387-123800556-0", "highway": "tertiary"}}, {"type": "Feature", "geometry": {"type": "LineString", "coordinates": [[-118.6030414, 34.0888441], [-118.6010024, 34.089366]]}, "properties": {"id": "123386440-6903790413-0", "highway": "residential"}}, {"type": "Feature", "geometry": {"type": "LineString", "coordinates": [[-118.6030414, 34.0888441], [-118.6043806, 34.0896367]]}, "properties": {"id": "123386440-123351116-0", "highway": "primary"}}, {"type": "Feature", "geometry": {"type": "LineString", "coordinates": [[-118.6030414, 34.0888441], [-118.600075, 34.0845249]]}, "properties": {"id": "123386440-6933726892-0", "highway": "primary"}}, {"type": "Feature", "geometry": {"type": "LineString", "coordinates": [[-118.6014398, 34.0972474], [-118.6013233, 34.0979986]]}, "properties": {"id": "123401849-123401856-0", "highway": "residential"}}, {"type": "Feature", "geometry": {"type": "LineString", "coordinates": [[-118.6014398, 34.0972474], [-118.6018716, 34.0965673]]}, "properties": {"id": "123401849-123204448-0", "highway": "residential"}}, {"type": "Feature", "geometry": {"type": "LineString", "coordinates": [[-118.6014398, 34.0972474], [-118.602326, 34.0971753]]}, "properties": {"id": "123401849-6782374994-0", "highway": "residential"}}, {"type": "Feature", "geometry": {"type": "LineString", "coordinates": [[-118.6013233, 34.0979986], [-118.6014398, 34.0972474]]}, "properties": {"id": "123401856-123401849-0", "highway": "residential"}}, {"type": "Feature", "geometry": {"type": "LineString", "coordinates": [[-118.5625004, 34.0418686], [-118.5609881, 34.0414004]]}, "properties": {"id": "123403046-6966946793-0", "highway": "residential"}}, {"type": "Feature", "geometry": {"type": "LineString", "coordinates": [[-118.5625004, 34.0418686], [-118.5616055, 34.0410024]]}, "properties": {"id": "123403046-7339766002-0", "highway": "residential"}}, {"type": "Feature", "geometry": {"type": "LineString", "coordinates": [[-118.5625004, 34.0418686], [-118.5657465, 34.0432013]]}, "properties": {"id": "123403046-122569520-0", "highway": "residential"}}, {"type": "Feature", "geometry": {"type": "LineString", "coordinates": [[-118.4905001, 34.0543637], [-118.4915748, 34.0539917]]}, "properties": {"id": "123403327-123229039-0", "highway": "residential"}}, {"type": "Feature", "geometry": {"type": "LineString", "coordinates": [[-118.4905001, 34.0543637], [-118.4895256, 34.0526905]]}, "properties": {"id": "123403327-123003131-0", "highway": "residential"}}, {"type": "Feature", "geometry": {"type": "LineString", "coordinates": [[-118.4905001, 34.0543637], [-118.4914294, 34.0567435]]}, "properties": {"id": "123403327-123082396-0", "highway": "residential"}}, {"type": "Feature", "geometry": {"type": "LineString", "coordinates": [[-118.4905001, 34.0543637], [-118.4882413, 34.0548558]]}, "properties": {"id": "123403327-2510858618-0", "highway": "residential"}}, {"type": "Feature", "geometry": {"type": "LineString", "coordinates": [[-118.5578263, 34.0473521], [-118.5560186, 34.0468392]]}, "properties": {"id": "123405091-123570473-0", "highway": "residential"}}, {"type": "Feature", "geometry": {"type": "LineString", "coordinates": [[-118.5578263, 34.0473521], [-118.557114, 34.0483652]]}, "properties": {"id": "123405091-123405096-0", "highway": "residential"}}, {"type": "Feature", "geometry": {"type": "LineString", "coordinates": [[-118.5578263, 34.0473521], [-118.5581214, 34.0491508]]}, "properties": {"id": "123405091-4589771393-0", "highway": "residential"}}, {"type": "Feature", "geometry": {"type": "LineString", "coordinates": [[-118.557114, 34.0483652], [-118.5575346, 34.0486141]]}, "properties": {"id": "123405096-315148963-0", "highway": "residential"}}, {"type": "Feature", "geometry": {"type": "LineString", "coordinates": [[-118.557114, 34.0483652], [-118.5575101, 34.0492829]]}, "properties": {"id": "123405096-123060762-0", "highway": "residential"}}, {"type": "Feature", "geometry": {"type": "LineString", "coordinates": [[-118.557114, 34.0483652], [-118.5578263, 34.0473521]]}, "properties": {"id": "123405096-123405091-0", "highway": "residential"}}, {"type": "Feature", "geometry": {"type": "LineString", "coordinates": [[-118.5412661, 34.0566956], [-118.5417858, 34.0587835]]}, "properties": {"id": "123408641-122596582-0", "highway": "residential"}}, {"type": "Feature", "geometry": {"type": "LineString", "coordinates": [[-118.5412661, 34.0566956], [-118.5436362, 34.0600528]]}, "properties": {"id": "123408641-122658428-0", "highway": "residential"}}, {"type": "Feature", "geometry": {"type": "LineString", "coordinates": [[-118.5412661, 34.0566956], [-118.5389962, 34.0505052]]}, "properties": {"id": "123408641-123720790-0", "highway": "residential"}}, {"type": "Feature", "geometry": {"type": "LineString", "coordinates": [[-118.5436364, 34.0606229], [-118.5436362, 34.0600528]]}, "properties": {"id": "123408650-122658428-0", "highway": "residential"}}, {"type": "Feature", "geometry": {"type": "LineString", "coordinates": [[-118.5436364, 34.0606229], [-118.5424316, 34.0592907]]}, "properties": {"id": "123408650-122595715-0", "highway": "residential"}}, {"type": "Feature", "geometry": {"type": "LineString", "coordinates": [[-118.5436364, 34.0606229], [-118.5433252, 34.0616384]]}, "properties": {"id": "123408650-123063638-0", "highway": "residential"}}, {"type": "Feature", "geometry": {"type": "LineString", "coordinates": [[-118.5559827, 34.0464916], [-118.554076, 34.0466522]]}, "properties": {"id": "123409674-122909547-0", "highway": "residential"}}, {"type": "Feature", "geometry": {"type": "LineString", "coordinates": [[-118.5559827, 34.0464916], [-118.5560186, 34.0468392]]}, "properties": {"id": "123409674-123570473-0", "highway": "residential"}}, {"type": "Feature", "geometry": {"type": "LineString", "coordinates": [[-118.5559827, 34.0464916], [-118.5545983, 34.0444081]]}, "properties": {"id": "123409674-123197407-0", "highway": "residential"}}, {"type": "Feature", "geometry": {"type": "LineString", "coordinates": [[-118.5542755, 34.0468521], [-118.554076, 34.0466522]]}, "properties": {"id": "123409694-122909547-0", "highway": "residential"}}, {"type": "Feature", "geometry": {"type": "LineString", "coordinates": [[-118.5340491, 34.0441528], [-118.5344904, 34.0432981]]}, "properties": {"id": "123411731-123477332-0", "highway": "residential"}}, {"type": "Feature", "geometry": {"type": "LineString", "coordinates": [[-118.5340491, 34.0441528], [-118.5356267, 34.0450848]]}, "properties": {"id": "123411731-123334863-0", "highway": "residential"}}, {"type": "Feature", "geometry": {"type": "LineString", "coordinates": [[-118.5340491, 34.0441528], [-118.5336457, 34.0450347]]}, "properties": {"id": "123411731-122672237-0", "highway": "residential"}}, {"type": "Feature", "geometry": {"type": "LineString", "coordinates": [[-118.4835183, 34.0600102], [-118.487538, 34.0651694]]}, "properties": {"id": "123414161-122944671-0", "highway": "residential"}}, {"type": "Feature", "geometry": {"type": "LineString", "coordinates": [[-118.5478133, 34.0724148], [-118.5499722, 34.0743959]]}, "properties": {"id": "123429033-122860011-0", "highway": "residential"}}, {"type": "Feature", "geometry": {"type": "LineString", "coordinates": [[-118.5478133, 34.0724148], [-118.5489444, 34.0712618]]}, "properties": {"id": "123429033-123197417-0", "highway": "residential"}}, {"type": "Feature", "geometry": {"type": "LineString", "coordinates": [[-118.5478133, 34.0724148], [-118.5474293, 34.0733493]]}, "properties": {"id": "123429033-3632290607-0", "highway": "residential"}}, {"type": "Feature", "geometry": {"type": "LineString", "coordinates": [[-118.5617034, 34.0738964], [-118.5649789, 34.0756499]]}, "properties": {"id": "123430703-13419251226-0", "highway": "residential"}}, {"type": "Feature", "geometry": {"type": "LineString", "coordinates": [[-118.5617034, 34.0738964], [-118.5626582, 34.0727677]]}, "properties": {"id": "123430703-122719909-0", "highway": "residential"}}, {"type": "Feature", "geometry": {"type": "LineString", "coordinates": [[-118.5617034, 34.0738964], [-118.5612817, 34.073747]]}, "properties": {"id": "123430703-6017633606-0", "highway": "residential"}}, {"type": "Feature", "geometry": {"type": "LineString", "coordinates": [[-118.5617034, 34.0738964], [-118.5622984, 34.0746704]]}, "properties": {"id": "123430703-123534017-0", "highway": "residential"}}, {"type": "Feature", "geometry": {"type": "LineString", "coordinates": [[-118.5081424, 34.0768635], [-118.5073779, 34.0777277]]}, "properties": {"id": "123432097-634407744-0", "highway": "residential"}}, {"type": "Feature", "geometry": {"type": "LineString", "coordinates": [[-118.5081424, 34.0768635], [-118.5079573, 34.0781965]]}, "properties": {"id": "123432097-122847110-0", "highway": "residential"}}, {"type": "Feature", "geometry": {"type": "LineString", "coordinates": [[-118.5081424, 34.0768635], [-118.5055786, 34.0737754]]}, "properties": {"id": "123432097-122763715-0", "highway": "residential"}}, {"type": "Feature", "geometry": {"type": "LineString", "coordinates": [[-118.5441304, 34.0484801], [-118.5465551, 34.0468222]]}, "properties": {"id": "123441298-122627134-0", "highway": "residential"}}, {"type": "Feature", "geometry": {"type": "LineString", "coordinates": [[-118.604591, 34.0827903], [-118.6049745, 34.083572]]}, "properties": {"id": "123443682-122567048-0", "highway": "residential"}}, {"type": "Feature", "geometry": {"type": "LineString", "coordinates": [[-118.5225673, 34.0544319], [-118.5212538, 34.0523773]]}, "properties": {"id": "123449333-122672476-0", "highway": "residential"}}, {"type": "Feature", "geometry": {"type": "LineString", "coordinates": [[-118.54187, 34.0390013], [-118.5406351, 34.0387392]]}, "properties": {"id": "123454581-123133377-0", "highway": "residential"}}, {"type": "Feature", "geometry": {"type": "LineString", "coordinates": [[-118.5506518, 34.046661], [-118.5490319, 34.0475121]]}, "properties": {"id": "123456006-122822850-0", "highway": "residential"}}, {"type": "Feature", "geometry": {"type": "LineString", "coordinates": [[-118.489159, 34.0751108], [-118.4902554, 34.075561]]}, "properties": {"id": "123460569-123357639-0", "highway": "residential"}}, {"type": "Feature", "geometry": {"type": "LineString", "coordinates": [[-118.5495796, 34.0717601], [-118.5504268, 34.0736472]]}, "properties": {"id": "123461584-122852181-0", "highway": "residential"}}, {"type": "Feature", "geometry": {"type": "LineString", "coordinates": [[-118.5495796, 34.0717601], [-118.5512792, 34.0728748]]}, "properties": {"id": "123461584-123001145-0", "highway": "['residential', 'tertiary']"}}, {"type": "Feature", "geometry": {"type": "LineString", "coordinates": [[-118.5495796, 34.0717601], [-118.5489444, 34.0712618]]}, "properties": {"id": "123461584-123197417-0", "highway": "residential"}}, {"type": "Feature", "geometry": {"type": "LineString", "coordinates": [[-118.488755, 34.0510399], [-118.4899467, 34.0506676]]}, "properties": {"id": "123466159-123229040-0", "highway": "residential"}}, {"type": "Feature", "geometry": {"type": "LineString", "coordinates": [[-118.488755, 34.0510399], [-118.4874059, 34.0493785]]}, "properties": {"id": "123466159-123121034-0", "highway": "residential"}}, {"type": "Feature", "geometry": {"type": "LineString", "coordinates": [[-118.488755, 34.0510399], [-118.4895256, 34.0526905]]}, "properties": {"id": "123466159-123003131-0", "highway": "residential"}}, {"type": "Feature", "geometry": {"type": "LineString", "coordinates": [[-118.488755, 34.0510399], [-118.4864651, 34.0513064]]}, "properties": {"id": "123466159-2510852456-0", "highway": "residential"}}, {"type": "Feature", "geometry": {"type": "LineString", "coordinates": [[-118.5601691, 34.0701083], [-118.5598205, 34.070426]]}, "properties": {"id": "123467972-123467975-0", "highway": "residential"}}, {"type": "Feature", "geometry": {"type": "LineString", "coordinates": [[-118.5601691, 34.0701083], [-118.5607378, 34.0705104]]}, "properties": {"id": "123467972-123534029-0", "highway": "residential"}}, {"type": "Feature", "geometry": {"type": "LineString", "coordinates": [[-118.5601691, 34.0701083], [-118.5595737, 34.0697061]]}, "properties": {"id": "123467972-123161389-0", "highway": "residential"}}, {"type": "Feature", "geometry": {"type": "LineString", "coordinates": [[-118.5598205, 34.070426], [-118.5601691, 34.0701083]]}, "properties": {"id": "123467975-123467972-0", "highway": "residential"}}, {"type": "Feature", "geometry": {"type": "LineString", "coordinates": [[-118.5344734, 34.040684], [-118.5352723, 34.0410438]]}, "properties": {"id": "123472414-123472420-0", "highway": "residential"}}, {"type": "Feature", "geometry": {"type": "LineString", "coordinates": [[-118.5352723, 34.0410438], [-118.5344734, 34.040684]]}, "properties": {"id": "123472420-123472414-0", "highway": "residential"}}, {"type": "Feature", "geometry": {"type": "LineString", "coordinates": [[-118.5352723, 34.0410438], [-118.5348252, 34.0418757]]}, "properties": {"id": "123472420-122606372-0", "highway": "residential"}}, {"type": "Feature", "geometry": {"type": "LineString", "coordinates": [[-118.5352723, 34.0410438], [-118.535934, 34.0402094]]}, "properties": {"id": "123472420-122699935-0", "highway": "residential"}}, {"type": "Feature", "geometry": {"type": "LineString", "coordinates": [[-118.4909788, 34.0502511], [-118.4917437, 34.0517067]]}, "properties": {"id": "123475032-123003137-0", "highway": "residential"}}, {"type": "Feature", "geometry": {"type": "LineString", "coordinates": [[-118.4909788, 34.0502511], [-118.4920603, 34.049796]]}, "properties": {"id": "123475032-123051948-0", "highway": "residential"}}, {"type": "Feature", "geometry": {"type": "LineString", "coordinates": [[-118.4909788, 34.0502511], [-118.4899467, 34.0506676]]}, "properties": {"id": "123475032-123229040-0", "highway": "residential"}}, {"type": "Feature", "geometry": {"type": "LineString", "coordinates": [[-118.4909788, 34.0502511], [-118.489714, 34.048909]]}, "properties": {"id": "123475032-123121039-0", "highway": "residential"}}, {"type": "Feature", "geometry": {"type": "LineString", "coordinates": [[-118.4890652, 34.0468531], [-118.487554, 34.0471568]]}, "properties": {"id": "123475048-122588982-0", "highway": "residential"}}, {"type": "Feature", "geometry": {"type": "LineString", "coordinates": [[-118.4890652, 34.0468531], [-118.4896608, 34.0464327]]}, "properties": {"id": "123475048-123530053-0", "highway": "residential"}}, {"type": "Feature", "geometry": {"type": "LineString", "coordinates": [[-118.4890652, 34.0468531], [-118.4896049, 34.0487679]]}, "properties": {"id": "123475048-536310030-0", "highway": "residential"}}, {"type": "Feature", "geometry": {"type": "LineString", "coordinates": [[-118.5338054, 34.0554123], [-118.5335463, 34.0545339]]}, "properties": {"id": "123477322-123194991-0", "highway": "residential"}}, {"type": "Feature", "geometry": {"type": "LineString", "coordinates": [[-118.5344904, 34.0432981], [-118.5340491, 34.0441528]]}, "properties": {"id": "123477332-123411731-0", "highway": "residential"}}, {"type": "Feature", "geometry": {"type": "LineString", "coordinates": [[-118.5344904, 34.0432981], [-118.5348252, 34.0418757]]}, "properties": {"id": "123477332-122606372-0", "highway": "residential"}}, {"type": "Feature", "geometry": {"type": "LineString", "coordinates": [[-118.5344904, 34.0432981], [-118.5357554, 34.043954]]}, "properties": {"id": "123477332-123675544-0", "highway": "residential"}}, {"type": "Feature", "geometry": {"type": "LineString", "coordinates": [[-118.5344904, 34.0432981], [-118.5339405, 34.043171]]}, "properties": {"id": "123477332-2963578680-0", "highway": "residential"}}, {"type": "Feature", "geometry": {"type": "LineString", "coordinates": [[-118.5313082, 34.053042], [-118.5316086, 34.0536831]]}, "properties": {"id": "123477343-123477345-0", "highway": "residential"}}, {"type": "Feature", "geometry": {"type": "LineString", "coordinates": [[-118.5313082, 34.053042], [-118.5317944, 34.0508253]]}, "properties": {"id": "123477343-122899396-0", "highway": "residential"}}, {"type": "Feature", "geometry": {"type": "LineString", "coordinates": [[-118.5313082, 34.053042], [-118.5311904, 34.0534568]]}, "properties": {"id": "123477343-951019785-0", "highway": "residential"}}, {"type": "Feature", "geometry": {"type": "LineString", "coordinates": [[-118.5316086, 34.0536831], [-118.5324039, 34.0543598]]}, "properties": {"id": "123477345-123039384-0", "highway": "residential"}}, {"type": "Feature", "geometry": {"type": "LineString", "coordinates": [[-118.5316086, 34.0536831], [-118.5313082, 34.053042]]}, "properties": {"id": "123477345-123477343-0", "highway": "residential"}}, {"type": "Feature", "geometry": {"type": "LineString", "coordinates": [[-118.5316086, 34.0536831], [-118.5319092, 34.0529137]]}, "properties": {"id": "123477345-3586311692-0", "highway": "residential"}}, {"type": "Feature", "geometry": {"type": "LineString", "coordinates": [[-118.5288211, 34.0357488], [-118.5294222, 34.0359445]]}, "properties": {"id": "123488198-529807062-0", "highway": "residential"}}, {"type": "Feature", "geometry": {"type": "LineString", "coordinates": [[-118.5288211, 34.0357488], [-118.5283061, 34.0354571]]}, "properties": {"id": "123488198-122854622-0", "highway": "residential"}}, {"type": "Feature", "geometry": {"type": "LineString", "coordinates": [[-118.5288211, 34.0357488], [-118.5285293, 34.0368655]]}, "properties": {"id": "123488198-123630486-0", "highway": "residential"}}, {"type": "Feature", "geometry": {"type": "LineString", "coordinates": [[-118.571097, 34.0484247], [-118.5673512, 34.0469553]]}, "properties": {"id": "123488897-123240832-0", "highway": "residential"}}, {"type": "Feature", "geometry": {"type": "LineString", "coordinates": [[-118.571097, 34.0484247], [-118.5711158, 34.0490461]]}, "properties": {"id": "123488897-123554653-0", "highway": "residential"}}, {"type": "Feature", "geometry": {"type": "LineString", "coordinates": [[-118.571097, 34.0484247], [-118.5717905, 34.0476109]]}, "properties": {"id": "123488897-122627397-0", "highway": "residential"}}, {"type": "Feature", "geometry": {"type": "LineString", "coordinates": [[-118.526967, 34.0520542], [-118.524953, 34.0519504]]}, "properties": {"id": "123489355-123109126-0", "highway": "residential"}}, {"type": "Feature", "geometry": {"type": "LineString", "coordinates": [[-118.526967, 34.0520542], [-118.5262992, 34.0527442]]}, "properties": {"id": "123489355-122672466-0", "highway": "residential"}}, {"type": "Feature", "geometry": {"type": "LineString", "coordinates": [[-118.526967, 34.0520542], [-118.5261074, 34.0511475]]}, "properties": {"id": "123489355-123071553-0", "highway": "residential"}}, {"type": "Feature", "geometry": {"type": "LineString", "coordinates": [[-118.5690626, 34.044043], [-118.5694862, 34.0443235]]}, "properties": {"id": "123489396-123132364-0", "highway": "residential"}}, {"type": "Feature", "geometry": {"type": "LineString", "coordinates": [[-118.4979135, 34.052861], [-118.4973975, 34.0527443]]}, "properties": {"id": "123492114-123240368-0", "highway": "residential"}}, {"type": "Feature", "geometry": {"type": "LineString", "coordinates": [[-118.5455174, 34.0512598], [-118.5457086, 34.0528728]]}, "properties": {"id": "123497179-123497181-0", "highway": "residential"}}, {"type": "Feature", "geometry": {"type": "LineString", "coordinates": [[-118.5457086, 34.0528728], [-118.5447472, 34.0532853]]}, "properties": {"id": "123497181-122954074-0", "highway": "residential"}}, {"type": "Feature", "geometry": {"type": "LineString", "coordinates": [[-118.5457086, 34.0528728], [-118.5468495, 34.0549681]]}, "properties": {"id": "123497181-122954077-0", "highway": "residential"}}, {"type": "Feature", "geometry": {"type": "LineString", "coordinates": [[-118.5457086, 34.0528728], [-118.5455174, 34.0512598]]}, "properties": {"id": "123497181-123497179-0", "highway": "residential"}}, {"type": "Feature", "geometry": {"type": "LineString", "coordinates": [[-118.5846454, 34.0383236], [-118.5855612, 34.0388054]]}, "properties": {"id": "123506125-123307754-0", "highway": "residential"}}, {"type": "Feature", "geometry": {"type": "LineString", "coordinates": [[-118.56266, 34.0450855], [-118.562724, 34.0449597]]}, "properties": {"id": "123519530-122769837-0", "highway": "residential"}}, {"type": "Feature", "geometry": {"type": "LineString", "coordinates": [[-118.5015834, 34.0376439], [-118.500168, 34.0364352]]}, "properties": {"id": "123520350-123224912-0", "highway": "tertiary"}}, {"type": "Feature", "geometry": {"type": "LineString", "coordinates": [[-118.5015834, 34.0376439], [-118.5030439, 34.0389026]]}, "properties": {"id": "123520350-122685831-0", "highway": "tertiary"}}, {"type": "Feature", "geometry": {"type": "LineString", "coordinates": [[-118.5015834, 34.0376439], [-118.5025103, 34.0368769]]}, "properties": {"id": "123520350-122937952-0", "highway": "residential"}}, {"type": "Feature", "geometry": {"type": "LineString", "coordinates": [[-118.5384778, 34.0388601], [-118.5387064, 34.0376987]]}, "properties": {"id": "123526092-122985739-0", "highway": "residential"}}, {"type": "Feature", "geometry": {"type": "LineString", "coordinates": [[-118.5384778, 34.0388601], [-118.5381585, 34.0386228]]}, "properties": {"id": "123526092-122985741-0", "highway": "residential"}}, {"type": "Feature", "geometry": {"type": "LineString", "coordinates": [[-118.5384778, 34.0388601], [-118.5388826, 34.0387321]]}, "properties": {"id": "123526092-122769657-0", "highway": "residential"}}, {"type": "Feature", "geometry": {"type": "LineString", "coordinates": [[-118.4896608, 34.0464327], [-118.4889389, 34.0457981]]}, "properties": {"id": "123530053-123224924-0", "highway": "tertiary"}}, {"type": "Feature", "geometry": {"type": "LineString", "coordinates": [[-118.4896608, 34.0464327], [-118.4900014, 34.0467196]]}, "properties": {"id": "123530053-122685807-0", "highway": "tertiary"}}, {"type": "Feature", "geometry": {"type": "LineString", "coordinates": [[-118.4896608, 34.0464327], [-118.4890652, 34.0468531]]}, "properties": {"id": "123530053-123475048-0", "highway": "residential"}}, {"type": "Feature", "geometry": {"type": "LineString", "coordinates": [[-118.5375424, 34.0510141], [-118.5360896, 34.0541709]]}, "properties": {"id": "123532355-6433901201-0", "highway": "residential"}}, {"type": "Feature", "geometry": {"type": "LineString", "coordinates": [[-118.5375424, 34.0510141], [-118.5393132, 34.0528231]]}, "properties": {"id": "123532355-123148636-0", "highway": "residential"}}, {"type": "Feature", "geometry": {"type": "LineString", "coordinates": [[-118.5375424, 34.0510141], [-118.5389962, 34.0505052]]}, "properties": {"id": "123532355-123720790-0", "highway": "residential"}}, {"type": "Feature", "geometry": {"type": "LineString", "coordinates": [[-118.5622984, 34.0746704], [-118.5617034, 34.0738964]]}, "properties": {"id": "123534017-123430703-0", "highway": "residential"}}, {"type": "Feature", "geometry": {"type": "LineString", "coordinates": [[-118.5580019, 34.0714747], [-118.5612817, 34.073747]]}, "properties": {"id": "123534020-6017633606-0", "highway": "residential"}}, {"type": "Feature", "geometry": {"type": "LineString", "coordinates": [[-118.5580019, 34.0714747], [-118.558356, 34.0708215]]}, "properties": {"id": "123534020-122719882-0", "highway": "residential"}}, {"type": "Feature", "geometry": {"type": "LineString", "coordinates": [[-118.5580019, 34.0714747], [-118.5573153, 34.0713858]]}, "properties": {"id": "123534020-123757505-0", "highway": "residential"}}, {"type": "Feature", "geometry": {"type": "LineString", "coordinates": [[-118.5607378, 34.0705104], [-118.5601691, 34.0701083]]}, "properties": {"id": "123534029-123467972-0", "highway": "residential"}}, {"type": "Feature", "geometry": {"type": "LineString", "coordinates": [[-118.5607378, 34.0705104], [-118.5604025, 34.0708259]]}, "properties": {"id": "123534029-123651576-0", "highway": "residential"}}, {"type": "Feature", "geometry": {"type": "LineString", "coordinates": [[-118.5607378, 34.0705104], [-118.561293, 34.0706748]]}, "properties": {"id": "123534029-123019903-0", "highway": "residential"}}, {"type": "Feature", "geometry": {"type": "LineString", "coordinates": [[-118.5359403, 34.0365206], [-118.5376242, 34.0373073]]}, "properties": {"id": "123542694-122614354-0", "highway": "residential"}}, {"type": "Feature", "geometry": {"type": "LineString", "coordinates": [[-118.5711158, 34.0490461], [-118.571097, 34.0484247]]}, "properties": {"id": "123554653-123488897-0", "highway": "residential"}}, {"type": "Feature", "geometry": {"type": "LineString", "coordinates": [[-118.6023638, 34.0783838], [-118.6025205, 34.0775936]]}, "properties": {"id": "123555453-123555460-0", "highway": "residential"}}, {"type": "Feature", "geometry": {"type": "LineString", "coordinates": [[-118.6023638, 34.0783838], [-118.6027021, 34.0788025]]}, "properties": {"id": "123555453-122917920-0", "highway": "tertiary"}}, {"type": "Feature", "geometry": {"type": "LineString", "coordinates": [[-118.6023638, 34.0783838], [-118.6043575, 34.0786084]]}, "properties": {"id": "123555453-123130460-0", "highway": "tertiary"}}, {"type": "Feature", "geometry": {"type": "LineString", "coordinates": [[-118.6025205, 34.0775936], [-118.6023638, 34.0783838]]}, "properties": {"id": "123555460-123555453-0", "highway": "residential"}}, {"type": "Feature", "geometry": {"type": "LineString", "coordinates": [[-118.4900441, 34.0665862], [-118.490354, 34.0665055]]}, "properties": {"id": "123566135-123566138-0", "highway": "residential"}}, {"type": "Feature", "geometry": {"type": "LineString", "coordinates": [[-118.4900441, 34.0665862], [-118.4893688, 34.0661291]]}, "properties": {"id": "123566135-9188662148-0", "highway": "residential"}}, {"type": "Feature", "geometry": {"type": "LineString", "coordinates": [[-118.4900441, 34.0665862], [-118.4908414, 34.0680298]]}, "properties": {"id": "123566135-3095798369-0", "highway": "residential"}}, {"type": "Feature", "geometry": {"type": "LineString", "coordinates": [[-118.490354, 34.0665055], [-118.4900441, 34.0665862]]}, "properties": {"id": "123566138-123566135-0", "highway": "residential"}}, {"type": "Feature", "geometry": {"type": "LineString", "coordinates": [[-118.4869389, 34.0757586], [-118.4866964, 34.0762919]]}, "properties": {"id": "123570343-122598138-0", "highway": "residential"}}, {"type": "Feature", "geometry": {"type": "LineString", "coordinates": [[-118.5544393, 34.042793], [-118.555666, 34.0439645]]}, "properties": {"id": "123570450-123274357-0", "highway": "residential"}}, {"type": "Feature", "geometry": {"type": "LineString", "coordinates": [[-118.5544393, 34.042793], [-118.5539195, 34.0426554]]}, "properties": {"id": "123570450-534381974-0", "highway": "residential"}}, {"type": "Feature", "geometry": {"type": "LineString", "coordinates": [[-118.5560186, 34.0468392], [-118.5578263, 34.0473521]]}, "properties": {"id": "123570473-123405091-0", "highway": "residential"}}, {"type": "Feature", "geometry": {"type": "LineString", "coordinates": [[-118.5560186, 34.0468392], [-118.5559827, 34.0464916]]}, "properties": {"id": "123570473-123409674-0", "highway": "residential"}}, {"type": "Feature", "geometry": {"type": "LineString", "coordinates": [[-118.5560186, 34.0468392], [-118.555165, 34.0470218]]}, "properties": {"id": "123570473-123800093-0", "highway": "residential"}}, {"type": "Feature", "geometry": {"type": "LineString", "coordinates": [[-118.5623803, 34.0409681], [-118.5616055, 34.0410024]]}, "properties": {"id": "123574636-7339766002-0", "highway": "residential"}}, {"type": "Feature", "geometry": {"type": "LineString", "coordinates": [[-118.5623803, 34.0409681], [-118.5636743, 34.0418249]]}, "properties": {"id": "123574636-123574638-0", "highway": "residential"}}, {"type": "Feature", "geometry": {"type": "LineString", "coordinates": [[-118.5623803, 34.0409681], [-118.5607242, 34.0401481]]}, "properties": {"id": "123574636-123307816-0", "highway": "residential"}}, {"type": "Feature", "geometry": {"type": "LineString", "coordinates": [[-118.5636743, 34.0418249], [-118.5648367, 34.0418466]]}, "properties": {"id": "123574638-7339765980-0", "highway": "residential"}}, {"type": "Feature", "geometry": {"type": "LineString", "coordinates": [[-118.5636743, 34.0418249], [-118.5648367, 34.0418466]]}, "properties": {"id": "123574638-7339765980-1", "highway": "residential"}}, {"type": "Feature", "geometry": {"type": "LineString", "coordinates": [[-118.5636743, 34.0418249], [-118.5623803, 34.0409681]]}, "properties": {"id": "123574638-123574636-0", "highway": "residential"}}, {"type": "Feature", "geometry": {"type": "LineString", "coordinates": [[-118.511789, 34.0408892], [-118.5100976, 34.0442094]]}, "properties": {"id": "123584054-123027349-0", "highway": "residential"}}, {"type": "Feature", "geometry": {"type": "LineString", "coordinates": [[-118.511789, 34.0408892], [-118.5126421, 34.0370976]]}, "properties": {"id": "123584054-123321630-0", "highway": "residential"}}, {"type": "Feature", "geometry": {"type": "LineString", "coordinates": [[-118.511789, 34.0408892], [-118.5073723, 34.0445693]]}, "properties": {"id": "123584054-123027351-0", "highway": "residential"}}, {"type": "Feature", "geometry": {"type": "LineString", "coordinates": [[-118.5062488, 34.0515869], [-118.5050073, 34.0509694]]}, "properties": {"id": "123584056-123082517-0", "highway": "residential"}}, {"type": "Feature", "geometry": {"type": "LineString", "coordinates": [[-118.5062488, 34.0515869], [-118.5052836, 34.0528593]]}, "properties": {"id": "123584056-123270113-0", "highway": "residential"}}, {"type": "Feature", "geometry": {"type": "LineString", "coordinates": [[-118.5062488, 34.0515869], [-118.5078211, 34.0492919]]}, "properties": {"id": "123584056-123315133-0", "highway": "residential"}}, {"type": "Feature", "geometry": {"type": "LineString", "coordinates": [[-118.6020452, 34.0780231], [-118.6018208, 34.0789802]]}, "properties": {"id": "123584300-122917932-0", "highway": "residential"}}, {"type": "Feature", "geometry": {"type": "LineString", "coordinates": [[-118.4979936, 34.0763026], [-118.4994239, 34.0751142]]}, "properties": {"id": "123595763-123146791-0", "highway": "residential"}}, {"type": "Feature", "geometry": {"type": "LineString", "coordinates": [[-118.5483977, 34.0414017], [-118.549188, 34.0417788]]}, "properties": {"id": "123609142-13419177600-0", "highway": "residential"}}, {"type": "Feature", "geometry": {"type": "LineString", "coordinates": [[-118.6043343, 34.09206], [-118.6018078, 34.0912483]]}, "properties": {"id": "123624340-123351162-0", "highway": "residential"}}, {"type": "Feature", "geometry": {"type": "LineString", "coordinates": [[-118.5285293, 34.0368655], [-118.5296365, 34.0370504]]}, "properties": {"id": "123630486-123071543-0", "highway": "residential"}}, {"type": "Feature", "geometry": {"type": "LineString", "coordinates": [[-118.5285293, 34.0368655], [-118.5273534, 34.0363178]]}, "properties": {"id": "123630486-122854623-0", "highway": "residential"}}, {"type": "Feature", "geometry": {"type": "LineString", "coordinates": [[-118.5285293, 34.0368655], [-118.528263, 34.037975]]}, "properties": {"id": "123630486-123008146-0", "highway": "residential"}}, {"type": "Feature", "geometry": {"type": "LineString", "coordinates": [[-118.5285293, 34.0368655], [-118.5288211, 34.0357488]]}, "properties": {"id": "123630486-123488198-0", "highway": "residential"}}, {"type": "Feature", "geometry": {"type": "LineString", "coordinates": [[-118.5315205, 34.0373865], [-118.5306235, 34.0372211]]}, "properties": {"id": "123630488-123125664-0", "highway": "residential"}}, {"type": "Feature", "geometry": {"type": "LineString", "coordinates": [[-118.5315205, 34.0373865], [-118.5312501, 34.0384942]]}, "properties": {"id": "123630488-122938643-0", "highway": "residential"}}, {"type": "Feature", "geometry": {"type": "LineString", "coordinates": [[-118.5315205, 34.0373865], [-118.5324296, 34.0358277]]}, "properties": {"id": "123630488-7344877015-0", "highway": "residential"}}, {"type": "Feature", "geometry": {"type": "LineString", "coordinates": [[-118.5069868, 34.0385681], [-118.5070909, 34.0381397]]}, "properties": {"id": "123632966-123179587-0", "highway": "residential"}}, {"type": "Feature", "geometry": {"type": "LineString", "coordinates": [[-118.5079784, 34.0320838], [-118.5078419, 34.0319552]]}, "properties": {"id": "123635092-536314554-0", "highway": "residential"}}, {"type": "Feature", "geometry": {"type": "LineString", "coordinates": [[-118.5079784, 34.0320838], [-118.5086953, 34.0329868]]}, "properties": {"id": "123635092-122948690-0", "highway": "tertiary"}}, {"type": "Feature", "geometry": {"type": "LineString", "coordinates": [[-118.4854726, 34.0871202], [-118.485121, 34.0845441]]}, "properties": {"id": "123642283-2136454062-0", "highway": "residential"}}, {"type": "Feature", "geometry": {"type": "LineString", "coordinates": [[-118.5604025, 34.0708259], [-118.5607378, 34.0705104]]}, "properties": {"id": "123651576-123534029-0", "highway": "residential"}}, {"type": "Feature", "geometry": {"type": "LineString", "coordinates": [[-118.5395534, 34.0491778], [-118.5396367, 34.0488537]]}, "properties": {"id": "123656101-123082709-0", "highway": "residential"}}, {"type": "Feature", "geometry": {"type": "LineString", "coordinates": [[-118.5395534, 34.0491778], [-118.5433499, 34.0505136]]}, "properties": {"id": "123656101-123656109-0", "highway": "residential"}}, {"type": "Feature", "geometry": {"type": "LineString", "coordinates": [[-118.5395534, 34.0491778], [-118.5389962, 34.0505052]]}, "properties": {"id": "123656101-123720790-0", "highway": "residential"}}, {"type": "Feature", "geometry": {"type": "LineString", "coordinates": [[-118.5433499, 34.0505136], [-118.5435355, 34.050481]]}, "properties": {"id": "123656109-123656111-0", "highway": "residential"}}, {"type": "Feature", "geometry": {"type": "LineString", "coordinates": [[-118.5433499, 34.0505136], [-118.5395534, 34.0491778]]}, "properties": {"id": "123656109-123656101-0", "highway": "residential"}}, {"type": "Feature", "geometry": {"type": "LineString", "coordinates": [[-118.5433499, 34.0505136], [-118.5433848, 34.0498891]]}, "properties": {"id": "123656109-123329283-0", "highway": "residential"}}, {"type": "Feature", "geometry": {"type": "LineString", "coordinates": [[-118.5435355, 34.050481], [-118.5433499, 34.0505136]]}, "properties": {"id": "123656111-123656109-0", "highway": "residential"}}, {"type": "Feature", "geometry": {"type": "LineString", "coordinates": [[-118.5435355, 34.050481], [-118.545624, 34.0498641]]}, "properties": {"id": "123656111-122954088-0", "highway": "residential"}}, {"type": "Feature", "geometry": {"type": "LineString", "coordinates": [[-118.5435355, 34.050481], [-118.5437484, 34.0512452]]}, "properties": {"id": "123656111-122597403-0", "highway": "residential"}}, {"type": "Feature", "geometry": {"type": "LineString", "coordinates": [[-118.5634698, 34.0445394], [-118.5643203, 34.0437354]]}, "properties": {"id": "123673008-534745884-0", "highway": "residential"}}, {"type": "Feature", "geometry": {"type": "LineString", "coordinates": [[-118.5335978, 34.0430919], [-118.5339405, 34.043171]]}, "properties": {"id": "123675542-2963578680-0", "highway": "residential"}}, {"type": "Feature", "geometry": {"type": "LineString", "coordinates": [[-118.5335978, 34.0430919], [-118.5331047, 34.0449178]]}, "properties": {"id": "123675542-7344877070-0", "highway": "residential"}}, {"type": "Feature", "geometry": {"type": "LineString", "coordinates": [[-118.5335978, 34.0430919], [-118.5348252, 34.0418757]]}, "properties": {"id": "123675542-122606372-0", "highway": "residential"}}, {"type": "Feature", "geometry": {"type": "LineString", "coordinates": [[-118.5357554, 34.043954], [-118.5363236, 34.0446009]]}, "properties": {"id": "123675544-123334860-0", "highway": "residential"}}, {"type": "Feature", "geometry": {"type": "LineString", "coordinates": [[-118.5357554, 34.043954], [-118.5344904, 34.0432981]]}, "properties": {"id": "123675544-123477332-0", "highway": "residential"}}, {"type": "Feature", "geometry": {"type": "LineString", "coordinates": [[-118.5357554, 34.043954], [-118.5359668, 34.0421563]]}, "properties": {"id": "123675544-122606369-0", "highway": "residential"}}, {"type": "Feature", "geometry": {"type": "LineString", "coordinates": [[-118.6049904, 34.0768811], [-118.6043575, 34.0786084]]}, "properties": {"id": "123681884-123130460-0", "highway": "tertiary"}}, {"type": "Feature", "geometry": {"type": "LineString", "coordinates": [[-118.5561971, 34.0445473], [-118.5567612, 34.0441659]]}, "properties": {"id": "123690682-123274358-0", "highway": "residential"}}, {"type": "Feature", "geometry": {"type": "LineString", "coordinates": [[-118.5669741, 34.0458605], [-118.5678641, 34.0454982]]}, "properties": {"id": "123697670-123240822-0", "highway": "residential"}}, {"type": "Feature", "geometry": {"type": "LineString", "coordinates": [[-118.5503853, 34.0475889], [-118.5498049, 34.0477446]]}, "properties": {"id": "123700521-122822851-0", "highway": "residential"}}, {"type": "Feature", "geometry": {"type": "LineString", "coordinates": [[-118.4941712, 34.0487462], [-118.4942459, 34.0488173]]}, "properties": {"id": "123706746-12489336551-0", "highway": "residential"}}, {"type": "Feature", "geometry": {"type": "LineString", "coordinates": [[-118.5430656, 34.0518692], [-118.5437484, 34.0512452]]}, "properties": {"id": "123710078-122597403-0", "highway": "residential"}}, {"type": "Feature", "geometry": {"type": "LineString", "coordinates": [[-118.5348724, 34.0381194], [-118.5352695, 34.0381388]]}, "properties": {"id": "123711362-123711364-0", "highway": "residential"}}, {"type": "Feature", "geometry": {"type": "LineString", "coordinates": [[-118.5352695, 34.0381388], [-118.5368059, 34.0388668]]}, "properties": {"id": "123711364-11840435752-0", "highway": "residential"}}, {"type": "Feature", "geometry": {"type": "LineString", "coordinates": [[-118.5352695, 34.0381388], [-118.5348724, 34.0381194]]}, "properties": {"id": "123711364-123711362-0", "highway": "residential"}}, {"type": "Feature", "geometry": {"type": "LineString", "coordinates": [[-118.5352695, 34.0381388], [-118.5350397, 34.0379716]]}, "properties": {"id": "123711364-123711369-0", "highway": "residential"}}, {"type": "Feature", "geometry": {"type": "LineString", "coordinates": [[-118.5350397, 34.0379716], [-118.5352695, 34.0381388]]}, "properties": {"id": "123711369-123711364-0", "highway": "residential"}}, {"type": "Feature", "geometry": {"type": "LineString", "coordinates": [[-118.5380914, 34.0553893], [-118.5378416, 34.0550868]]}, "properties": {"id": "123720780-122874799-0", "highway": "residential"}}, {"type": "Feature", "geometry": {"type": "LineString", "coordinates": [[-118.5389962, 34.0505052], [-118.5375424, 34.0510141]]}, "properties": {"id": "123720790-123532355-0", "highway": "residential"}}, {"type": "Feature", "geometry": {"type": "LineString", "coordinates": [[-118.5389962, 34.0505052], [-118.5412661, 34.0566956]]}, "properties": {"id": "123720790-123408641-0", "highway": "residential"}}, {"type": "Feature", "geometry": {"type": "LineString", "coordinates": [[-118.5389962, 34.0505052], [-118.5395534, 34.0491778]]}, "properties": {"id": "123720790-123656101-0", "highway": "residential"}}, {"type": "Feature", "geometry": {"type": "LineString", "coordinates": [[-118.598949, 34.097446], [-118.597963, 34.0961755]]}, "properties": {"id": "123724488-4989303389-0", "highway": "residential"}}, {"type": "Feature", "geometry": {"type": "LineString", "coordinates": [[-118.598949, 34.097446], [-118.5993464, 34.097549]]}, "properties": {"id": "123724488-122578943-0", "highway": "residential"}}, {"type": "Feature", "geometry": {"type": "LineString", "coordinates": [[-118.598949, 34.097446], [-118.5993091, 34.0969741]]}, "properties": {"id": "123724488-4606282361-0", "highway": "residential"}}, {"type": "Feature", "geometry": {"type": "LineString", "coordinates": [[-118.5598792, 34.0722985], [-118.5600994, 34.0719457]]}, "properties": {"id": "123724931-122719894-0", "highway": "residential"}}, {"type": "Feature", "geometry": {"type": "LineString", "coordinates": [[-118.4925816, 34.0653619], [-118.4931783, 34.065243]]}, "properties": {"id": "123726460-123146770-0", "highway": "residential"}}, {"type": "Feature", "geometry": {"type": "LineString", "coordinates": [[-118.4855667, 34.0739653], [-118.4860807, 34.0740453]]}, "properties": {"id": "123749206-123331245-0", "highway": "residential"}}, {"type": "Feature", "geometry": {"type": "LineString", "coordinates": [[-118.4855667, 34.0739653], [-118.4850617, 34.0734187]]}, "properties": {"id": "123749206-271822178-0", "highway": "residential"}}, {"type": "Feature", "geometry": {"type": "LineString", "coordinates": [[-118.4855667, 34.0739653], [-118.4853763, 34.0768304]]}, "properties": {"id": "123749206-123751696-0", "highway": "residential"}}, {"type": "Feature", "geometry": {"type": "LineString", "coordinates": [[-118.4853763, 34.0768304], [-118.4851166, 34.076986]]}, "properties": {"id": "123751696-122482465-0", "highway": "residential"}}, {"type": "Feature", "geometry": {"type": "LineString", "coordinates": [[-118.4853763, 34.0768304], [-118.4863525, 34.0770145]]}, "properties": {"id": "123751696-123751698-0", "highway": "residential"}}, {"type": "Feature", "geometry": {"type": "LineString", "coordinates": [[-118.4853763, 34.0768304], [-118.4855667, 34.0739653]]}, "properties": {"id": "123751696-123749206-0", "highway": "residential"}}, {"type": "Feature", "geometry": {"type": "LineString", "coordinates": [[-118.4863525, 34.0770145], [-118.4853763, 34.0768304]]}, "properties": {"id": "123751698-123751696-0", "highway": "residential"}}, {"type": "Feature", "geometry": {"type": "LineString", "coordinates": [[-118.5546092, 34.0681251], [-118.5538825, 34.0700382]]}, "properties": {"id": "123752936-123262816-0", "highway": "residential"}}, {"type": "Feature", "geometry": {"type": "LineString", "coordinates": [[-118.5573153, 34.0713858], [-118.5580019, 34.0714747]]}, "properties": {"id": "123757505-123534020-0", "highway": "residential"}}, {"type": "Feature", "geometry": {"type": "LineString", "coordinates": [[-118.5365333, 34.041125], [-118.5365434, 34.040245]]}, "properties": {"id": "123760983-122699936-0", "highway": "residential"}}, {"type": "Feature", "geometry": {"type": "LineString", "coordinates": [[-118.5365333, 34.041125], [-118.5359668, 34.0421563]]}, "properties": {"id": "123760983-122606369-0", "highway": "residential"}}, {"type": "Feature", "geometry": {"type": "LineString", "coordinates": [[-118.5365333, 34.041125], [-118.5373434, 34.0416109]]}, "properties": {"id": "123760983-537146734-0", "highway": "residential"}}, {"type": "Feature", "geometry": {"type": "LineString", "coordinates": [[-118.5586296, 34.0714747], [-118.5589782, 34.0711459]]}, "properties": {"id": "123768616-122719886-0", "highway": "residential"}}, {"type": "Feature", "geometry": {"type": "LineString", "coordinates": [[-118.5483607, 34.0515786], [-118.5489503, 34.0514469]]}, "properties": {"id": "123774689-122933058-0", "highway": "residential"}}, {"type": "Feature", "geometry": {"type": "LineString", "coordinates": [[-118.537924, 34.038367], [-118.5380684, 34.0379848]]}, "properties": {"id": "123779936-123182911-0", "highway": "residential"}}, {"type": "Feature", "geometry": {"type": "LineString", "coordinates": [[-118.537924, 34.038367], [-118.537539, 34.0381087]]}, "properties": {"id": "123779936-123779968-0", "highway": "residential"}}, {"type": "Feature", "geometry": {"type": "LineString", "coordinates": [[-118.537924, 34.038367], [-118.5381585, 34.0386228]]}, "properties": {"id": "123779936-122985741-0", "highway": "residential"}}, {"type": "Feature", "geometry": {"type": "LineString", "coordinates": [[-118.537539, 34.0381087], [-118.537924, 34.038367]]}, "properties": {"id": "123779968-123779936-0", "highway": "residential"}}, {"type": "Feature", "geometry": {"type": "LineString", "coordinates": [[-118.5443214, 34.0534613], [-118.5447472, 34.0532853]]}, "properties": {"id": "123787542-122954074-0", "highway": "residential"}}, {"type": "Feature", "geometry": {"type": "LineString", "coordinates": [[-118.5393762, 34.0436678], [-118.5390809, 34.0437707]]}, "properties": {"id": "123799957-123157711-0", "highway": "residential"}}, {"type": "Feature", "geometry": {"type": "LineString", "coordinates": [[-118.555165, 34.0470218], [-118.555044, 34.0470768]]}, "properties": {"id": "123800093-1306596161-0", "highway": "residential"}}, {"type": "Feature", "geometry": {"type": "LineString", "coordinates": [[-118.555165, 34.0470218], [-118.5560186, 34.0468392]]}, "properties": {"id": "123800093-123570473-0", "highway": "residential"}}, {"type": "Feature", "geometry": {"type": "LineString", "coordinates": [[-118.555165, 34.0470218], [-118.5552438, 34.0477386]]}, "properties": {"id": "123800093-8900475525-0", "highway": "residential"}}, {"type": "Feature", "geometry": {"type": "LineString", "coordinates": [[-118.4869533, 34.0746115], [-118.4891226, 34.0725851]]}, "properties": {"id": "123800359-123357738-0", "highway": "residential"}}, {"type": "Feature", "geometry": {"type": "LineString", "coordinates": [[-118.5997102, 34.0836928], [-118.5987357, 34.0821393]]}, "properties": {"id": "123800556-878794987-0", "highway": "residential"}}, {"type": "Feature", "geometry": {"type": "LineString", "coordinates": [[-118.5997102, 34.0836928], [-118.59958, 34.0839986]]}, "properties": {"id": "123800556-123386387-0", "highway": "tertiary"}}, {"type": "Feature", "geometry": {"type": "LineString", "coordinates": [[-118.5997102, 34.0836928], [-118.6007524, 34.0840862]]}, "properties": {"id": "123800556-6933726889-0", "highway": "tertiary"}}, {"type": "Feature", "geometry": {"type": "LineString", "coordinates": [[-118.6039479, 34.0803357], [-118.6045999, 34.0798471]]}, "properties": {"id": "123800841-6933223818-0", "highway": "residential"}}, {"type": "Feature", "geometry": {"type": "LineString", "coordinates": [[-118.6039479, 34.0803357], [-118.6032354, 34.0809265]]}, "properties": {"id": "123800841-123055781-0", "highway": "tertiary"}}, {"type": "Feature", "geometry": {"type": "LineString", "coordinates": [[-118.6039479, 34.0803357], [-118.6032614, 34.0798022]]}, "properties": {"id": "123800841-123203093-0", "highway": "tertiary"}}, {"type": "Feature", "geometry": {"type": "LineString", "coordinates": [[-118.5352646, 34.0374711], [-118.5372047, 34.0386027]]}, "properties": {"id": "158289451-122614348-0", "highway": "residential"}}, {"type": "Feature", "geometry": {"type": "LineString", "coordinates": [[-118.5189005, 34.055478], [-118.5208632, 34.0554463]]}, "properties": {"id": "247080915-122951818-0", "highway": "residential"}}, {"type": "Feature", "geometry": {"type": "LineString", "coordinates": [[-118.5504711, 34.0742893], [-118.5499722, 34.0743959]]}, "properties": {"id": "247135800-122860011-0", "highway": "residential"}}, {"type": "Feature", "geometry": {"type": "LineString", "coordinates": [[-118.5504711, 34.0742893], [-118.5504268, 34.0736472]]}, "properties": {"id": "247135800-122852181-0", "highway": "residential"}}, {"type": "Feature", "geometry": {"type": "LineString", "coordinates": [[-118.5504711, 34.0742893], [-118.5529018, 34.0763843]]}, "properties": {"id": "247135800-123196106-0", "highway": "residential"}}, {"type": "Feature", "geometry": {"type": "LineString", "coordinates": [[-118.5289997, 34.0504256], [-118.5293261, 34.049797]]}, "properties": {"id": "247915998-13419236139-0", "highway": "unclassified"}}, {"type": "Feature", "geometry": {"type": "LineString", "coordinates": [[-118.5289997, 34.0504256], [-118.5288465, 34.0542899]]}, "properties": {"id": "247915998-123044825-0", "highway": "unclassified"}}, {"type": "Feature", "geometry": {"type": "LineString", "coordinates": [[-118.5651807, 34.0413707], [-118.5607242, 34.0401481]]}, "properties": {"id": "248128864-123307816-0", "highway": "trunk"}}, {"type": "Feature", "geometry": {"type": "LineString", "coordinates": [[-118.5651807, 34.0413707], [-118.567656, 34.0418491]]}, "properties": {"id": "248128864-13419257683-0", "highway": "trunk"}}, {"type": "Feature", "geometry": {"type": "LineString", "coordinates": [[-118.5003528, 34.0530306], [-118.5004689, 34.0530188]]}, "properties": {"id": "271821683-4019011134-0", "highway": "residential"}}, {"type": "Feature", "geometry": {"type": "LineString", "coordinates": [[-118.5003528, 34.0530306], [-118.4995141, 34.0549005]]}, "properties": {"id": "271821683-123063211-0", "highway": "residential"}}, {"type": "Feature", "geometry": {"type": "LineString", "coordinates": [[-118.4954278, 34.0509391], [-118.4967853, 34.0509903]]}, "properties": {"id": "271821700-123372874-0", "highway": "residential"}}, {"type": "Feature", "geometry": {"type": "LineString", "coordinates": [[-118.4943494, 34.0490448], [-118.4939403, 34.0498102]]}, "properties": {"id": "271821708-12489336567-0", "highway": "residential"}}, {"type": "Feature", "geometry": {"type": "LineString", "coordinates": [[-118.4943494, 34.0490448], [-118.4943935, 34.048785]]}, "properties": {"id": "271821708-12489336537-0", "highway": "residential"}}, {"type": "Feature", "geometry": {"type": "LineString", "coordinates": [[-118.4857098, 34.0773942], [-118.4861141, 34.0783922]]}, "properties": {"id": "271822071-123157557-0", "highway": "residential"}}, {"type": "Feature", "geometry": {"type": "LineString", "coordinates": [[-118.4849005, 34.0749513], [-118.4851166, 34.076986]]}, "properties": {"id": "271822090-122482465-0", "highway": "residential"}}, {"type": "Feature", "geometry": {"type": "LineString", "coordinates": [[-118.4850617, 34.0734187], [-118.4855667, 34.0739653]]}, "properties": {"id": "271822178-123749206-0", "highway": "residential"}}, {"type": "Feature", "geometry": {"type": "LineString", "coordinates": [[-118.4850617, 34.0734187], [-118.4836746, 34.0755429]]}, "properties": {"id": "271822178-123157554-0", "highway": "residential"}}, {"type": "Feature", "geometry": {"type": "LineString", "coordinates": [[-118.4850617, 34.0734187], [-118.4843158, 34.0731731]]}, "properties": {"id": "271822178-271822183-0", "highway": "residential"}}, {"type": "Feature", "geometry": {"type": "LineString", "coordinates": [[-118.4843158, 34.0731731], [-118.4850617, 34.0734187]]}, "properties": {"id": "271822183-271822178-0", "highway": "residential"}}, {"type": "Feature", "geometry": {"type": "LineString", "coordinates": [[-118.5016645, 34.0735532], [-118.5046555, 34.075335]]}, "properties": {"id": "271824439-122746046-0", "highway": "residential"}}, {"type": "Feature", "geometry": {"type": "LineString", "coordinates": [[-118.5016645, 34.0735532], [-118.501227, 34.0733252]]}, "properties": {"id": "271824439-123350354-0", "highway": "residential"}}, {"type": "Feature", "geometry": {"type": "LineString", "coordinates": [[-118.5016645, 34.0735532], [-118.5041486, 34.0776322]]}, "properties": {"id": "271824439-122648204-0", "highway": "residential"}}, {"type": "Feature", "geometry": {"type": "LineString", "coordinates": [[-118.5045215, 34.0619453], [-118.5016408, 34.0620975]]}, "properties": {"id": "272556952-123308903-0", "highway": "residential"}}, {"type": "Feature", "geometry": {"type": "LineString", "coordinates": [[-118.5017443, 34.0583727], [-118.5022814, 34.0592464]]}, "properties": {"id": "272557097-122830860-0", "highway": "residential"}}, {"type": "Feature", "geometry": {"type": "LineString", "coordinates": [[-118.5017443, 34.0583727], [-118.5016945, 34.0578831]]}, "properties": {"id": "272557097-2696884432-0", "highway": "residential"}}, {"type": "Feature", "geometry": {"type": "LineString", "coordinates": [[-118.5017443, 34.0583727], [-118.5013411, 34.058338]]}, "properties": {"id": "272557097-272557125-0", "highway": "residential"}}, {"type": "Feature", "geometry": {"type": "LineString", "coordinates": [[-118.5013411, 34.058338], [-118.5014575, 34.0579004]]}, "properties": {"id": "272557125-1358243618-0", "highway": "residential"}}, {"type": "Feature", "geometry": {"type": "LineString", "coordinates": [[-118.5013411, 34.058338], [-118.5017443, 34.0583727]]}, "properties": {"id": "272557125-272557097-0", "highway": "residential"}}, {"type": "Feature", "geometry": {"type": "LineString", "coordinates": [[-118.5013411, 34.058338], [-118.5001046, 34.0588187]]}, "properties": {"id": "272557125-123063187-0", "highway": "residential"}}, {"type": "Feature", "geometry": {"type": "LineString", "coordinates": [[-118.5616671, 34.0420916], [-118.5609881, 34.0414004]]}, "properties": {"id": "273291473-6966946793-0", "highway": "residential"}}, {"type": "Feature", "geometry": {"type": "LineString", "coordinates": [[-118.5586042, 34.040645], [-118.5576853, 34.041428]]}, "properties": {"id": "273291761-122569526-0", "highway": "residential"}}, {"type": "Feature", "geometry": {"type": "LineString", "coordinates": [[-118.5575346, 34.0486141], [-118.557114, 34.0483652]]}, "properties": {"id": "315148963-123405096-0", "highway": "residential"}}, {"type": "Feature", "geometry": {"type": "LineString", "coordinates": [[-118.4847148, 34.0354917], [-118.485439, 34.0348911]]}, "properties": {"id": "333533306-122790263-0", "highway": "residential"}}, {"type": "Feature", "geometry": {"type": "LineString", "coordinates": [[-118.5373794, 34.0503977], [-118.538315, 34.049708]]}, "properties": {"id": "333795489-122787674-0", "highway": "residential"}}, {"type": "Feature", "geometry": {"type": "LineString", "coordinates": [[-118.5373794, 34.0503977], [-118.5373175, 34.0501484]]}, "properties": {"id": "333795489-122787679-0", "highway": "residential"}}, {"type": "Feature", "geometry": {"type": "LineString", "coordinates": [[-118.5373794, 34.0503977], [-118.5355042, 34.0532137]]}, "properties": {"id": "333795489-123097895-0", "highway": "residential"}}, {"type": "Feature", "geometry": {"type": "LineString", "coordinates": [[-118.4971421, 34.0772724], [-118.496511, 34.0754895]]}, "properties": {"id": "360894291-122606849-0", "highway": "residential"}}, {"type": "Feature", "geometry": {"type": "LineString", "coordinates": [[-118.5136339, 34.0462777], [-118.5135269, 34.0461822]]}, "properties": {"id": "367691027-367692492-0", "highway": "residential"}}, {"type": "Feature", "geometry": {"type": "LineString", "coordinates": [[-118.5136339, 34.0462777], [-118.5140054, 34.0460855]]}, "properties": {"id": "367691027-122724924-0", "highway": "secondary"}}, {"type": "Feature", "geometry": {"type": "LineString", "coordinates": [[-118.5136339, 34.0462777], [-118.5130773, 34.04708]]}, "properties": {"id": "367691027-122918292-0", "highway": "secondary"}}, {"type": "Feature", "geometry": {"type": "LineString", "coordinates": [[-118.5135269, 34.0461822], [-118.5136339, 34.0462777]]}, "properties": {"id": "367692492-367691027-0", "highway": "residential"}}, {"type": "Feature", "geometry": {"type": "LineString", "coordinates": [[-118.5135269, 34.0461822], [-118.5131895, 34.0451729]]}, "properties": {"id": "367692492-367692516-0", "highway": "residential"}}, {"type": "Feature", "geometry": {"type": "LineString", "coordinates": [[-118.5135269, 34.0461822], [-118.5120823, 34.0452227]]}, "properties": {"id": "367692492-367693323-0", "highway": "residential"}}, {"type": "Feature", "geometry": {"type": "LineString", "coordinates": [[-118.5131895, 34.0451729], [-118.5135269, 34.0461822]]}, "properties": {"id": "367692516-367692492-0", "highway": "residential"}}, {"type": "Feature", "geometry": {"type": "LineString", "coordinates": [[-118.5120823, 34.0452227], [-118.5135269, 34.0461822]]}, "properties": {"id": "367693323-367692492-0", "highway": "residential"}}, {"type": "Feature", "geometry": {"type": "LineString", "coordinates": [[-118.5119879, 34.0450449], [-118.5139537, 34.0399192]]}, "properties": {"id": "367693669-122581004-0", "highway": "residential"}}, {"type": "Feature", "geometry": {"type": "LineString", "coordinates": [[-118.491402, 34.0352685], [-118.4914846, 34.0352058]]}, "properties": {"id": "438155012-122773770-0", "highway": "tertiary"}}, {"type": "Feature", "geometry": {"type": "LineString", "coordinates": [[-118.491402, 34.0352685], [-118.4898498, 34.0339284]]}, "properties": {"id": "438155012-122767058-0", "highway": "residential"}}, {"type": "Feature", "geometry": {"type": "LineString", "coordinates": [[-118.491402, 34.0352685], [-118.4906387, 34.0358984]]}, "properties": {"id": "438155012-122610500-0", "highway": "tertiary"}}, {"type": "Feature", "geometry": {"type": "LineString", "coordinates": [[-118.5122285, 34.0338249], [-118.5118908, 34.0342398]]}, "properties": {"id": "482537561-123072273-0", "highway": "residential"}}, {"type": "Feature", "geometry": {"type": "LineString", "coordinates": [[-118.506845, 34.0396468], [-118.5040374, 34.039816]]}, "properties": {"id": "526333208-122672892-0", "highway": "residential"}}, {"type": "Feature", "geometry": {"type": "LineString", "coordinates": [[-118.5075239, 34.0349592], [-118.5066297, 34.034821]]}, "properties": {"id": "526341773-123288521-0", "highway": "residential"}}, {"type": "Feature", "geometry": {"type": "LineString", "coordinates": [[-118.507211, 34.036831], [-118.50618, 34.0362272]]}, "properties": {"id": "526343059-122973311-0", "highway": "residential"}}, {"type": "Feature", "geometry": {"type": "LineString", "coordinates": [[-118.5077174, 34.0378268], [-118.5070909, 34.0381397]]}, "properties": {"id": "526346278-123179587-0", "highway": "residential"}}, {"type": "Feature", "geometry": {"type": "LineString", "coordinates": [[-118.5130055, 34.03114], [-118.5134586, 34.0307622]]}, "properties": {"id": "527710883-122997790-0", "highway": "residential"}}, {"type": "Feature", "geometry": {"type": "LineString", "coordinates": [[-118.5130055, 34.03114], [-118.5148109, 34.0304214]]}, "properties": {"id": "527710883-122997788-0", "highway": "residential"}}, {"type": "Feature", "geometry": {"type": "LineString", "coordinates": [[-118.5124888, 34.031065], [-118.5110737, 34.0323308]]}, "properties": {"id": "527710993-122948701-0", "highway": "tertiary"}}, {"type": "Feature", "geometry": {"type": "LineString", "coordinates": [[-118.5124888, 34.031065], [-118.5127513, 34.0309206]]}, "properties": {"id": "527710993-122923680-0", "highway": "tertiary"}}, {"type": "Feature", "geometry": {"type": "LineString", "coordinates": [[-118.5124888, 34.031065], [-118.5126911, 34.031183]]}, "properties": {"id": "527710993-530236788-0", "highway": "residential"}}, {"type": "Feature", "geometry": {"type": "LineString", "coordinates": [[-118.5130201, 34.0304449], [-118.5127513, 34.0309206]]}, "properties": {"id": "527711163-122923680-0", "highway": "residential"}}, {"type": "Feature", "geometry": {"type": "LineString", "coordinates": [[-118.5130201, 34.0304449], [-118.5124888, 34.031065]]}, "properties": {"id": "527711163-527710993-0", "highway": "residential"}}, {"type": "Feature", "geometry": {"type": "LineString", "coordinates": [[-118.5158439, 34.0302329], [-118.5152997, 34.0301815]]}, "properties": {"id": "527718643-527724177-0", "highway": "tertiary"}}, {"type": "Feature", "geometry": {"type": "LineString", "coordinates": [[-118.5158439, 34.0302329], [-118.5163768, 34.0302295]]}, "properties": {"id": "527718643-122697551-0", "highway": "tertiary"}}, {"type": "Feature", "geometry": {"type": "LineString", "coordinates": [[-118.5155069, 34.0311369], [-118.5153226, 34.0307387]]}, "properties": {"id": "527724156-122902137-0", "highway": "residential"}}, {"type": "Feature", "geometry": {"type": "LineString", "coordinates": [[-118.5155069, 34.0311369], [-118.5178614, 34.0339876]]}, "properties": {"id": "527724156-122697555-0", "highway": "residential"}}, {"type": "Feature", "geometry": {"type": "LineString", "coordinates": [[-118.514878, 34.0302195], [-118.5133604, 34.0305793]]}, "properties": {"id": "527724167-7457257264-0", "highway": "tertiary"}}, {"type": "Feature", "geometry": {"type": "LineString", "coordinates": [[-118.5152997, 34.0301815], [-118.514878, 34.0302195]]}, "properties": {"id": "527724177-527724167-0", "highway": "tertiary"}}, {"type": "Feature", "geometry": {"type": "LineString", "coordinates": [[-118.5152997, 34.0301815], [-118.5153036, 34.0303228]]}, "properties": {"id": "527724177-122997787-0", "highway": "residential"}}, {"type": "Feature", "geometry": {"type": "LineString", "coordinates": [[-118.512926, 34.0309176], [-118.5134586, 34.0307622]]}, "properties": {"id": "527731168-122997790-0", "highway": "tertiary"}}, {"type": "Feature", "geometry": {"type": "LineString", "coordinates": [[-118.512926, 34.0309176], [-118.5130055, 34.03114]]}, "properties": {"id": "527731168-527710883-0", "highway": "residential"}}, {"type": "Feature", "geometry": {"type": "LineString", "coordinates": [[-118.5123064, 34.030265], [-118.5124189, 34.0301697]]}, "properties": {"id": "527732248-122898667-0", "highway": "residential"}}, {"type": "Feature", "geometry": {"type": "LineString", "coordinates": [[-118.5123064, 34.030265], [-118.5086953, 34.0329868]]}, "properties": {"id": "527732248-122948690-0", "highway": "residential"}}, {"type": "Feature", "geometry": {"type": "LineString", "coordinates": [[-118.4895884, 34.0584899], [-118.4886326, 34.058564]]}, "properties": {"id": "527738594-123346876-0", "highway": "residential"}}, {"type": "Feature", "geometry": {"type": "LineString", "coordinates": [[-118.4895884, 34.0584899], [-118.4902054, 34.0584634]]}, "properties": {"id": "527738594-527738599-0", "highway": "residential"}}, {"type": "Feature", "geometry": {"type": "LineString", "coordinates": [[-118.4902054, 34.0584634], [-118.4912919, 34.0584731]]}, "properties": {"id": "527738599-9188657210-0", "highway": "residential"}}, {"type": "Feature", "geometry": {"type": "LineString", "coordinates": [[-118.4902054, 34.0584634], [-118.4895884, 34.0584899]]}, "properties": {"id": "527738599-527738594-0", "highway": "residential"}}, {"type": "Feature", "geometry": {"type": "LineString", "coordinates": [[-118.4847955, 34.0406307], [-118.4854704, 34.0400895]]}, "properties": {"id": "528427007-122773758-0", "highway": "tertiary"}}, {"type": "Feature", "geometry": {"type": "LineString", "coordinates": [[-118.4866826, 34.0390991], [-118.4862961, 34.0394125]]}, "properties": {"id": "528517224-122702481-0", "highway": "tertiary"}}, {"type": "Feature", "geometry": {"type": "LineString", "coordinates": [[-118.4866826, 34.0390991], [-118.4851149, 34.0377684]]}, "properties": {"id": "528517224-122702387-0", "highway": "residential"}}, {"type": "Feature", "geometry": {"type": "LineString", "coordinates": [[-118.4866826, 34.0390991], [-118.4868164, 34.0389905]]}, "properties": {"id": "528517224-4002688440-0", "highway": "tertiary"}}, {"type": "Feature", "geometry": {"type": "LineString", "coordinates": [[-118.520809, 34.0358912], [-118.5228944, 34.0355545]]}, "properties": {"id": "529698457-122685535-0", "highway": "residential"}}, {"type": "Feature", "geometry": {"type": "LineString", "coordinates": [[-118.520809, 34.0358912], [-118.520291, 34.0362333]]}, "properties": {"id": "529698457-122685532-0", "highway": "residential"}}, {"type": "Feature", "geometry": {"type": "LineString", "coordinates": [[-118.520809, 34.0358912], [-118.520471, 34.0356775]]}, "properties": {"id": "529698457-529698670-0", "highway": "residential"}}, {"type": "Feature", "geometry": {"type": "LineString", "coordinates": [[-118.520471, 34.0356775], [-118.520291, 34.0362333]]}, "properties": {"id": "529698670-122685532-0", "highway": "residential"}}, {"type": "Feature", "geometry": {"type": "LineString", "coordinates": [[-118.520471, 34.0356775], [-118.5206202, 34.0348083]]}, "properties": {"id": "529698670-122742212-0", "highway": "residential"}}, {"type": "Feature", "geometry": {"type": "LineString", "coordinates": [[-118.520471, 34.0356775], [-118.520809, 34.0358912]]}, "properties": {"id": "529698670-529698457-0", "highway": "residential"}}, {"type": "Feature", "geometry": {"type": "LineString", "coordinates": [[-118.523367, 34.0406133], [-118.5221203, 34.039764]]}, "properties": {"id": "529744193-122649274-0", "highway": "residential"}}, {"type": "Feature", "geometry": {"type": "LineString", "coordinates": [[-118.523367, 34.0406133], [-118.5230742, 34.0414378]]}, "properties": {"id": "529744193-122688441-0", "highway": "tertiary"}}, {"type": "Feature", "geometry": {"type": "LineString", "coordinates": [[-118.523367, 34.0406133], [-118.5237566, 34.0399637]]}, "properties": {"id": "529744193-122694456-0", "highway": "tertiary"}}, {"type": "Feature", "geometry": {"type": "LineString", "coordinates": [[-118.5181919, 34.040884], [-118.5181619, 34.0410209]]}, "properties": {"id": "529744224-4002529164-0", "highway": "tertiary"}}, {"type": "Feature", "geometry": {"type": "LineString", "coordinates": [[-118.5181919, 34.040884], [-118.518256, 34.0384947]]}, "properties": {"id": "529744224-122694419-0", "highway": "tertiary"}}, {"type": "Feature", "geometry": {"type": "LineString", "coordinates": [[-118.5218567, 34.0323968], [-118.5223674, 34.0326414]]}, "properties": {"id": "529747426-123304867-0", "highway": "residential"}}, {"type": "Feature", "geometry": {"type": "LineString", "coordinates": [[-118.5218567, 34.0323968], [-118.5208764, 34.0306013]]}, "properties": {"id": "529747426-122950114-0", "highway": "residential"}}, {"type": "Feature", "geometry": {"type": "LineString", "coordinates": [[-118.5218567, 34.0323968], [-118.5217584, 34.0326599]]}, "properties": {"id": "529747426-529747429-0", "highway": "residential"}}, {"type": "Feature", "geometry": {"type": "LineString", "coordinates": [[-118.5217584, 34.0326599], [-118.5223674, 34.0326414]]}, "properties": {"id": "529747429-123304867-0", "highway": "residential"}}, {"type": "Feature", "geometry": {"type": "LineString", "coordinates": [[-118.5217584, 34.0326599], [-118.5200769, 34.0329748]]}, "properties": {"id": "529747429-122742208-0", "highway": "residential"}}, {"type": "Feature", "geometry": {"type": "LineString", "coordinates": [[-118.5217584, 34.0326599], [-118.5218567, 34.0323968]]}, "properties": {"id": "529747429-529747426-0", "highway": "residential"}}, {"type": "Feature", "geometry": {"type": "LineString", "coordinates": [[-118.5172422, 34.0419529], [-118.517531, 34.041603]]}, "properties": {"id": "529785775-122783153-0", "highway": "secondary"}}, {"type": "Feature", "geometry": {"type": "LineString", "coordinates": [[-118.5172422, 34.0419529], [-118.517426, 34.041939]]}, "properties": {"id": "529785775-529785806-0", "highway": "secondary_link"}}, {"type": "Feature", "geometry": {"type": "LineString", "coordinates": [[-118.517426, 34.041939], [-118.5172046, 34.0437087]]}, "properties": {"id": "529785806-122783167-0", "highway": "residential"}}, {"type": "Feature", "geometry": {"type": "LineString", "coordinates": [[-118.517426, 34.041939], [-118.517531, 34.041603]]}, "properties": {"id": "529785806-122783153-0", "highway": "residential"}}, {"type": "Feature", "geometry": {"type": "LineString", "coordinates": [[-118.528235, 34.0426543], [-118.527138, 34.0424558]]}, "properties": {"id": "529803016-122838598-0", "highway": "residential"}}, {"type": "Feature", "geometry": {"type": "LineString", "coordinates": [[-118.528235, 34.0426543], [-118.528246, 34.0426122]]}, "properties": {"id": "529803016-529803018-0", "highway": "tertiary"}}, {"type": "Feature", "geometry": {"type": "LineString", "coordinates": [[-118.528235, 34.0426543], [-118.5277243, 34.0447895]]}, "properties": {"id": "529803016-122648040-0", "highway": "tertiary"}}, {"type": "Feature", "geometry": {"type": "LineString", "coordinates": [[-118.528246, 34.0426122], [-118.528849, 34.042724]]}, "properties": {"id": "529803018-122418425-0", "highway": "residential"}}, {"type": "Feature", "geometry": {"type": "LineString", "coordinates": [[-118.528246, 34.0426122], [-118.528235, 34.0426543]]}, "properties": {"id": "529803018-529803016-0", "highway": "tertiary"}}, {"type": "Feature", "geometry": {"type": "LineString", "coordinates": [[-118.528246, 34.0426122], [-118.5288297, 34.0402865]]}, "properties": {"id": "529803018-123071545-0", "highway": "tertiary"}}, {"type": "Feature", "geometry": {"type": "LineString", "coordinates": [[-118.5276595, 34.0402307], [-118.527705, 34.040123]]}, "properties": {"id": "529803511-12984911614-0", "highway": "residential"}}, {"type": "Feature", "geometry": {"type": "LineString", "coordinates": [[-118.5276595, 34.0402307], [-118.5275556, 34.0401252]]}, "properties": {"id": "529803511-7344877044-0", "highway": "residential"}}, {"type": "Feature", "geometry": {"type": "LineString", "coordinates": [[-118.5276595, 34.0402307], [-118.5273505, 34.0419804]]}, "properties": {"id": "529803511-122651941-0", "highway": "residential"}}, {"type": "Feature", "geometry": {"type": "LineString", "coordinates": [[-118.5264286, 34.0372911], [-118.5267011, 34.0376763]]}, "properties": {"id": "529804812-122696051-0", "highway": "residential"}}, {"type": "Feature", "geometry": {"type": "LineString", "coordinates": [[-118.5264286, 34.0372911], [-118.526126, 34.0368299]]}, "properties": {"id": "529804812-122854624-0", "highway": "residential"}}, {"type": "Feature", "geometry": {"type": "LineString", "coordinates": [[-118.5264286, 34.0372911], [-118.5266067, 34.036965]]}, "properties": {"id": "529804812-529804813-0", "highway": "residential"}}, {"type": "Feature", "geometry": {"type": "LineString", "coordinates": [[-118.5266067, 34.036965], [-118.526126, 34.0368299]]}, "properties": {"id": "529804813-122854624-0", "highway": "residential"}}, {"type": "Feature", "geometry": {"type": "LineString", "coordinates": [[-118.5266067, 34.036965], [-118.5273534, 34.0363178]]}, "properties": {"id": "529804813-122854623-0", "highway": "residential"}}, {"type": "Feature", "geometry": {"type": "LineString", "coordinates": [[-118.5266067, 34.036965], [-118.5264286, 34.0372911]]}, "properties": {"id": "529804813-529804812-0", "highway": "residential"}}, {"type": "Feature", "geometry": {"type": "LineString", "coordinates": [[-118.5294222, 34.0359445], [-118.5288211, 34.0357488]]}, "properties": {"id": "529807062-123488198-0", "highway": "residential"}}, {"type": "Feature", "geometry": {"type": "LineString", "coordinates": [[-118.5126911, 34.031183], [-118.5126268, 34.032643]]}, "properties": {"id": "530236788-123234380-0", "highway": "residential"}}, {"type": "Feature", "geometry": {"type": "LineString", "coordinates": [[-118.5126911, 34.031183], [-118.5127513, 34.0309206]]}, "properties": {"id": "530236788-122923680-0", "highway": "residential"}}, {"type": "Feature", "geometry": {"type": "LineString", "coordinates": [[-118.5407671, 34.0383539], [-118.5406718, 34.0385127]]}, "properties": {"id": "534297857-122769643-0", "highway": "residential"}}, {"type": "Feature", "geometry": {"type": "LineString", "coordinates": [[-118.5407671, 34.0383539], [-118.5376687, 34.0367635]]}, "properties": {"id": "534297857-6585177065-0", "highway": "trunk"}}, {"type": "Feature", "geometry": {"type": "LineString", "coordinates": [[-118.5407671, 34.0383539], [-118.5422355, 34.0388468]]}, "properties": {"id": "534297857-7338302776-0", "highway": "trunk"}}, {"type": "Feature", "geometry": {"type": "LineString", "coordinates": [[-118.5444579, 34.0403036], [-118.5443898, 34.040332]]}, "properties": {"id": "534312591-123079547-0", "highway": "residential"}}, {"type": "Feature", "geometry": {"type": "LineString", "coordinates": [[-118.5444579, 34.0403036], [-118.5444579, 34.0403036]]}, "properties": {"id": "534312591-534312591-0", "highway": "residential"}}, {"type": "Feature", "geometry": {"type": "LineString", "coordinates": [[-118.5539195, 34.0426554], [-118.5537238, 34.0429413]]}, "properties": {"id": "534381974-123082804-0", "highway": "secondary"}}, {"type": "Feature", "geometry": {"type": "LineString", "coordinates": [[-118.5539195, 34.0426554], [-118.5540112, 34.0419138]]}, "properties": {"id": "534381974-123007542-0", "highway": "secondary"}}, {"type": "Feature", "geometry": {"type": "LineString", "coordinates": [[-118.5598784, 34.040237], [-118.5616055, 34.0410024]]}, "properties": {"id": "534394999-7339766002-0", "highway": "residential"}}, {"type": "Feature", "geometry": {"type": "LineString", "coordinates": [[-118.5592323, 34.040025], [-118.558057, 34.0395648]]}, "properties": {"id": "534395000-122851810-0", "highway": "residential"}}, {"type": "Feature", "geometry": {"type": "LineString", "coordinates": [[-118.5643203, 34.0437354], [-118.5651421, 34.0435856]]}, "properties": {"id": "534745884-122569518-0", "highway": "residential"}}, {"type": "Feature", "geometry": {"type": "LineString", "coordinates": [[-118.5643203, 34.0437354], [-118.5637145, 34.0430653]]}, "properties": {"id": "534745884-122569537-0", "highway": "residential"}}, {"type": "Feature", "geometry": {"type": "LineString", "coordinates": [[-118.5643203, 34.0437354], [-118.5634698, 34.0445394]]}, "properties": {"id": "534745884-123673008-0", "highway": "residential"}}, {"type": "Feature", "geometry": {"type": "LineString", "coordinates": [[-118.5602434, 34.047351], [-118.555237, 34.0423462]]}, "properties": {"id": "535613863-122569559-0", "highway": "unclassified"}}, {"type": "Feature", "geometry": {"type": "LineString", "coordinates": [[-118.5423747, 34.0433776], [-118.5428725, 34.0433207]]}, "properties": {"id": "535671389-122827120-0", "highway": "residential"}}, {"type": "Feature", "geometry": {"type": "LineString", "coordinates": [[-118.5433904, 34.0437262], [-118.5433821, 34.0441641]]}, "properties": {"id": "535671525-122719697-0", "highway": "residential"}}, {"type": "Feature", "geometry": {"type": "LineString", "coordinates": [[-118.5433904, 34.0437262], [-118.5432319, 34.0437796]]}, "properties": {"id": "535671525-122719695-0", "highway": "residential"}}, {"type": "Feature", "geometry": {"type": "LineString", "coordinates": [[-118.5433904, 34.0437262], [-118.5428725, 34.0433207]]}, "properties": {"id": "535671525-122827120-0", "highway": "residential"}}, {"type": "Feature", "geometry": {"type": "LineString", "coordinates": [[-118.5414134, 34.0463717], [-118.5432319, 34.0437796]]}, "properties": {"id": "535671758-122719695-0", "highway": "residential"}}, {"type": "Feature", "geometry": {"type": "LineString", "coordinates": [[-118.4896049, 34.0487679], [-118.489714, 34.048909]]}, "properties": {"id": "536310030-123121039-0", "highway": "residential"}}, {"type": "Feature", "geometry": {"type": "LineString", "coordinates": [[-118.4896049, 34.0487679], [-118.4880877, 34.0490597]]}, "properties": {"id": "536310030-536314606-0", "highway": "secondary"}}, {"type": "Feature", "geometry": {"type": "LineString", "coordinates": [[-118.4896049, 34.0487679], [-118.4890652, 34.0468531]]}, "properties": {"id": "536310030-123475048-0", "highway": "residential"}}, {"type": "Feature", "geometry": {"type": "LineString", "coordinates": [[-118.4930251, 34.0479273], [-118.491498, 34.0466177]]}, "properties": {"id": "536310032-122685804-0", "highway": "residential"}}, {"type": "Feature", "geometry": {"type": "LineString", "coordinates": [[-118.4930251, 34.0479273], [-118.4918571, 34.0483152]]}, "properties": {"id": "536310032-13418528924-0", "highway": "secondary"}}, {"type": "Feature", "geometry": {"type": "LineString", "coordinates": [[-118.4940083, 34.0474086], [-118.492578, 34.0461621]]}, "properties": {"id": "536310035-122685802-0", "highway": "residential"}}, {"type": "Feature", "geometry": {"type": "LineString", "coordinates": [[-118.4940083, 34.0474086], [-118.4930251, 34.0479273]]}, "properties": {"id": "536310035-536310032-0", "highway": "secondary"}}, {"type": "Feature", "geometry": {"type": "LineString", "coordinates": [[-118.5058454, 34.0365501], [-118.5060202, 34.036721]]}, "properties": {"id": "536314546-123250413-0", "highway": "residential"}}, {"type": "Feature", "geometry": {"type": "LineString", "coordinates": [[-118.5058454, 34.0365501], [-118.5047906, 34.0356859]]}, "properties": {"id": "536314546-122685823-0", "highway": "residential"}}, {"type": "Feature", "geometry": {"type": "LineString", "coordinates": [[-118.5058454, 34.0365501], [-118.5039301, 34.0396759]]}, "properties": {"id": "536314546-536314574-0", "highway": "secondary"}}, {"type": "Feature", "geometry": {"type": "LineString", "coordinates": [[-118.5066198, 34.0340814], [-118.5062527, 34.0353004]]}, "properties": {"id": "536314549-536314551-0", "highway": "secondary"}}, {"type": "Feature", "geometry": {"type": "LineString", "coordinates": [[-118.5066198, 34.0340814], [-118.50558, 34.0331927]]}, "properties": {"id": "536314549-122685819-0", "highway": "residential"}}, {"type": "Feature", "geometry": {"type": "LineString", "coordinates": [[-118.5062527, 34.0353004], [-118.5058454, 34.0365501]]}, "properties": {"id": "536314551-536314546-0", "highway": "secondary"}}, {"type": "Feature", "geometry": {"type": "LineString", "coordinates": [[-118.5062527, 34.0353004], [-118.5051769, 34.0344481]]}, "properties": {"id": "536314551-122685821-0", "highway": "residential"}}, {"type": "Feature", "geometry": {"type": "LineString", "coordinates": [[-118.5078419, 34.0319552], [-118.5079784, 34.0320838]]}, "properties": {"id": "536314554-123635092-0", "highway": "residential"}}, {"type": "Feature", "geometry": {"type": "LineString", "coordinates": [[-118.5078419, 34.0319552], [-118.5069358, 34.0311799]]}, "properties": {"id": "536314554-122685813-0", "highway": "residential"}}, {"type": "Feature", "geometry": {"type": "LineString", "coordinates": [[-118.5078419, 34.0319552], [-118.5070918, 34.0329291]]}, "properties": {"id": "536314554-536314557-0", "highway": "secondary"}}, {"type": "Feature", "geometry": {"type": "LineString", "coordinates": [[-118.5070918, 34.0329291], [-118.5061391, 34.0321183]]}, "properties": {"id": "536314557-122685816-0", "highway": "residential"}}, {"type": "Feature", "geometry": {"type": "LineString", "coordinates": [[-118.5070918, 34.0329291], [-118.5066198, 34.0340814]]}, "properties": {"id": "536314557-536314549-0", "highway": "secondary"}}, {"type": "Feature", "geometry": {"type": "LineString", "coordinates": [[-118.4992822, 34.0432984], [-118.4975577, 34.0418242]]}, "properties": {"id": "536314560-122610492-0", "highway": "residential"}}, {"type": "Feature", "geometry": {"type": "LineString", "coordinates": [[-118.4992822, 34.0432984], [-118.4994364, 34.043426]]}, "properties": {"id": "536314560-122610490-0", "highway": "residential"}}, {"type": "Feature", "geometry": {"type": "LineString", "coordinates": [[-118.4992822, 34.0432984], [-118.4984315, 34.0439606]]}, "properties": {"id": "536314560-536314599-0", "highway": "secondary"}}, {"type": "Feature", "geometry": {"type": "LineString", "coordinates": [[-118.5010463, 34.0419249], [-118.5001481, 34.0426164]]}, "properties": {"id": "536314565-536314568-0", "highway": "secondary"}}, {"type": "Feature", "geometry": {"type": "LineString", "coordinates": [[-118.5010463, 34.0419249], [-118.5001565, 34.0411661]]}, "properties": {"id": "536314565-122685835-0", "highway": "tertiary"}}, {"type": "Feature", "geometry": {"type": "LineString", "coordinates": [[-118.5010463, 34.0419249], [-118.501201, 34.0420581]]}, "properties": {"id": "536314565-123362557-0", "highway": "tertiary"}}, {"type": "Feature", "geometry": {"type": "LineString", "coordinates": [[-118.5001481, 34.0426164], [-118.4984104, 34.0411322]]}, "properties": {"id": "536314568-122685845-0", "highway": "residential"}}, {"type": "Feature", "geometry": {"type": "LineString", "coordinates": [[-118.5001481, 34.0426164], [-118.4992822, 34.0432984]]}, "properties": {"id": "536314568-536314560-0", "highway": "secondary"}}, {"type": "Feature", "geometry": {"type": "LineString", "coordinates": [[-118.502001, 34.0411715], [-118.5011081, 34.0404041]]}, "properties": {"id": "536314570-122685834-0", "highway": "residential"}}, {"type": "Feature", "geometry": {"type": "LineString", "coordinates": [[-118.502001, 34.0411715], [-118.5010463, 34.0419249]]}, "properties": {"id": "536314570-536314565-0", "highway": "secondary"}}, {"type": "Feature", "geometry": {"type": "LineString", "coordinates": [[-118.5039301, 34.0396759], [-118.5040374, 34.039816]]}, "properties": {"id": "536314574-122672892-0", "highway": "tertiary"}}, {"type": "Feature", "geometry": {"type": "LineString", "coordinates": [[-118.5039301, 34.0396759], [-118.5030439, 34.0389026]]}, "properties": {"id": "536314574-122685831-0", "highway": "tertiary"}}, {"type": "Feature", "geometry": {"type": "LineString", "coordinates": [[-118.5039301, 34.0396759], [-118.502001, 34.0411715]]}, "properties": {"id": "536314574-536314570-0", "highway": "secondary"}}, {"type": "Feature", "geometry": {"type": "LineString", "coordinates": [[-118.496705, 34.0453166], [-118.4955866, 34.0443548]]}, "properties": {"id": "536314578-122685796-0", "highway": "residential"}}, {"type": "Feature", "geometry": {"type": "LineString", "coordinates": [[-118.496705, 34.0453166], [-118.4957793, 34.0460444]]}, "properties": {"id": "536314578-536314581-0", "highway": "secondary"}}, {"type": "Feature", "geometry": {"type": "LineString", "coordinates": [[-118.4957793, 34.0460444], [-118.4943832, 34.0448332]]}, "properties": {"id": "536314581-122685798-0", "highway": "residential"}}, {"type": "Feature", "geometry": {"type": "LineString", "coordinates": [[-118.4957793, 34.0460444], [-118.4948609, 34.046763]]}, "properties": {"id": "536314581-536314583-0", "highway": "secondary"}}, {"type": "Feature", "geometry": {"type": "LineString", "coordinates": [[-118.4948609, 34.046763], [-118.4934073, 34.0454871]]}, "properties": {"id": "536314583-122685800-0", "highway": "residential"}}, {"type": "Feature", "geometry": {"type": "LineString", "coordinates": [[-118.4948609, 34.046763], [-118.4950196, 34.0468913]]}, "properties": {"id": "536314583-122702468-0", "highway": "residential"}}, {"type": "Feature", "geometry": {"type": "LineString", "coordinates": [[-118.4948609, 34.046763], [-118.4940083, 34.0474086]]}, "properties": {"id": "536314583-536310035-0", "highway": "secondary"}}, {"type": "Feature", "geometry": {"type": "LineString", "coordinates": [[-118.4975646, 34.0446433], [-118.4958717, 34.0431928]]}, "properties": {"id": "536314595-122685848-0", "highway": "residential"}}, {"type": "Feature", "geometry": {"type": "LineString", "coordinates": [[-118.4975646, 34.0446433], [-118.496705, 34.0453166]]}, "properties": {"id": "536314595-536314578-0", "highway": "secondary"}}, {"type": "Feature", "geometry": {"type": "LineString", "coordinates": [[-118.4984315, 34.0439606], [-118.4967245, 34.0425011]]}, "properties": {"id": "536314599-122685847-0", "highway": "residential"}}, {"type": "Feature", "geometry": {"type": "LineString", "coordinates": [[-118.4984315, 34.0439606], [-118.4975646, 34.0446433]]}, "properties": {"id": "536314599-536314595-0", "highway": "secondary"}}, {"type": "Feature", "geometry": {"type": "LineString", "coordinates": [[-118.4880877, 34.0490597], [-118.4873561, 34.0492076]]}, "properties": {"id": "536314606-536322231-0", "highway": "secondary"}}, {"type": "Feature", "geometry": {"type": "LineString", "coordinates": [[-118.4880877, 34.0490597], [-118.487554, 34.0471568]]}, "properties": {"id": "536314606-122588982-0", "highway": "residential"}}, {"type": "Feature", "geometry": {"type": "LineString", "coordinates": [[-118.4880877, 34.0490597], [-118.4881377, 34.0492306]]}, "properties": {"id": "536314606-122588979-0", "highway": "residential"}}, {"type": "Feature", "geometry": {"type": "LineString", "coordinates": [[-118.4865976, 34.0493554], [-118.4852346, 34.0496277]]}, "properties": {"id": "536314683-536314686-0", "highway": "secondary"}}, {"type": "Feature", "geometry": {"type": "LineString", "coordinates": [[-118.4865976, 34.0493554], [-118.4860489, 34.0474614]]}, "properties": {"id": "536314683-123306641-0", "highway": "residential"}}, {"type": "Feature", "geometry": {"type": "LineString", "coordinates": [[-118.4865976, 34.0493554], [-118.4866423, 34.0495334]]}, "properties": {"id": "536314683-123121031-0", "highway": "residential"}}, {"type": "Feature", "geometry": {"type": "LineString", "coordinates": [[-118.4852346, 34.0496277], [-118.4831179, 34.0500505]]}, "properties": {"id": "536314686-536322234-0", "highway": "secondary"}}, {"type": "Feature", "geometry": {"type": "LineString", "coordinates": [[-118.4852346, 34.0496277], [-118.4852838, 34.0498066]]}, "properties": {"id": "536314686-123121028-0", "highway": "residential"}}, {"type": "Feature", "geometry": {"type": "LineString", "coordinates": [[-118.4873561, 34.0492076], [-118.4865976, 34.0493554]]}, "properties": {"id": "536322231-536314683-0", "highway": "secondary"}}, {"type": "Feature", "geometry": {"type": "LineString", "coordinates": [[-118.4873561, 34.0492076], [-118.4874059, 34.0493785]]}, "properties": {"id": "536322231-123121034-0", "highway": "residential"}}, {"type": "Feature", "geometry": {"type": "LineString", "coordinates": [[-118.5373434, 34.0416109], [-118.5371685, 34.0417864]]}, "properties": {"id": "537146734-122606366-0", "highway": "residential"}}, {"type": "Feature", "geometry": {"type": "LineString", "coordinates": [[-118.5373434, 34.0416109], [-118.5374946, 34.0414379]]}, "properties": {"id": "537146734-122606363-0", "highway": "residential"}}, {"type": "Feature", "geometry": {"type": "LineString", "coordinates": [[-118.5373434, 34.0416109], [-118.5365333, 34.041125]]}, "properties": {"id": "537146734-123760983-0", "highway": "residential"}}, {"type": "Feature", "geometry": {"type": "LineString", "coordinates": [[-118.5299794, 34.0456232], [-118.5306064, 34.0430674]]}, "properties": {"id": "540018221-122838594-0", "highway": "residential"}}, {"type": "Feature", "geometry": {"type": "LineString", "coordinates": [[-118.5299794, 34.0456232], [-118.528938, 34.0449959]]}, "properties": {"id": "540018221-122648020-0", "highway": "residential"}}, {"type": "Feature", "geometry": {"type": "LineString", "coordinates": [[-118.5299794, 34.0456232], [-118.5298975, 34.045931]]}, "properties": {"id": "540018221-122648022-0", "highway": "residential"}}, {"type": "Feature", "geometry": {"type": "LineString", "coordinates": [[-118.5513393, 34.0674643], [-118.5515882, 34.0678411]]}, "properties": {"id": "540338961-123001160-0", "highway": "residential"}}, {"type": "Feature", "geometry": {"type": "LineString", "coordinates": [[-118.5505067, 34.0718581], [-118.5516912, 34.0709481]]}, "properties": {"id": "540339292-123001156-0", "highway": "residential"}}, {"type": "Feature", "geometry": {"type": "LineString", "coordinates": [[-118.5523092, 34.0724625], [-118.55182, 34.0720359]]}, "properties": {"id": "540339315-123001148-0", "highway": "residential"}}, {"type": "Feature", "geometry": {"type": "LineString", "coordinates": [[-118.5472881, 34.075747], [-118.5473339, 34.0758715]]}, "properties": {"id": "540349379-540349380-0", "highway": "residential"}}, {"type": "Feature", "geometry": {"type": "LineString", "coordinates": [[-118.5472881, 34.075747], [-118.547288, 34.0756706]]}, "properties": {"id": "540349379-122973794-0", "highway": "residential"}}, {"type": "Feature", "geometry": {"type": "LineString", "coordinates": [[-118.5472881, 34.075747], [-118.5479772, 34.0755567]]}, "properties": {"id": "540349379-540349495-0", "highway": "residential"}}, {"type": "Feature", "geometry": {"type": "LineString", "coordinates": [[-118.5473339, 34.0758715], [-118.5472881, 34.075747]]}, "properties": {"id": "540349380-540349379-0", "highway": "residential"}}, {"type": "Feature", "geometry": {"type": "LineString", "coordinates": [[-118.5466524, 34.0759396], [-118.5472881, 34.075747]]}, "properties": {"id": "540349471-540349379-0", "highway": "residential"}}, {"type": "Feature", "geometry": {"type": "LineString", "coordinates": [[-118.5466524, 34.0759396], [-118.5465445, 34.0758403]]}, "properties": {"id": "540349471-540349509-0", "highway": "residential"}}, {"type": "Feature", "geometry": {"type": "LineString", "coordinates": [[-118.5479772, 34.0755567], [-118.5479284, 34.0754906]]}, "properties": {"id": "540349495-123101247-0", "highway": "residential"}}, {"type": "Feature", "geometry": {"type": "LineString", "coordinates": [[-118.5479772, 34.0755567], [-118.5494852, 34.0764736]]}, "properties": {"id": "540349495-122809119-0", "highway": "residential"}}, {"type": "Feature", "geometry": {"type": "LineString", "coordinates": [[-118.5465445, 34.0758403], [-118.5466524, 34.0759396]]}, "properties": {"id": "540349509-540349471-0", "highway": "residential"}}, {"type": "Feature", "geometry": {"type": "LineString", "coordinates": [[-118.5495607, 34.0765082], [-118.5495196, 34.0764879]]}, "properties": {"id": "540361738-540369338-0", "highway": "residential"}}, {"type": "Feature", "geometry": {"type": "LineString", "coordinates": [[-118.5495607, 34.0765082], [-118.5521751, 34.0771741]]}, "properties": {"id": "540361738-123171219-0", "highway": "residential"}}, {"type": "Feature", "geometry": {"type": "LineString", "coordinates": [[-118.5523092, 34.0772684], [-118.5521751, 34.0771741]]}, "properties": {"id": "540361866-123171219-0", "highway": "residential"}}, {"type": "Feature", "geometry": {"type": "LineString", "coordinates": [[-118.5495196, 34.0764879], [-118.5494852, 34.0764736]]}, "properties": {"id": "540369338-122809119-0", "highway": "residential"}}, {"type": "Feature", "geometry": {"type": "LineString", "coordinates": [[-118.5495196, 34.0764879], [-118.5495607, 34.0765082]]}, "properties": {"id": "540369338-540361738-0", "highway": "residential"}}, {"type": "Feature", "geometry": {"type": "LineString", "coordinates": [[-118.5495196, 34.0764879], [-118.5499722, 34.0743959]]}, "properties": {"id": "540369338-122860011-0", "highway": "residential"}}, {"type": "Feature", "geometry": {"type": "LineString", "coordinates": [[-118.5472623, 34.0755699], [-118.547288, 34.0756706]]}, "properties": {"id": "540372385-122973794-0", "highway": "residential"}}, {"type": "Feature", "geometry": {"type": "LineString", "coordinates": [[-118.554388, 34.073411], [-118.5550896, 34.0744369]]}, "properties": {"id": "540378505-540378529-0", "highway": "residential"}}, {"type": "Feature", "geometry": {"type": "LineString", "coordinates": [[-118.5550896, 34.0744369], [-118.5548358, 34.0759371]]}, "properties": {"id": "540378529-122806488-0", "highway": "residential"}}, {"type": "Feature", "geometry": {"type": "LineString", "coordinates": [[-118.5550896, 34.0744369], [-118.554388, 34.073411]]}, "properties": {"id": "540378529-540378505-0", "highway": "residential"}}, {"type": "Feature", "geometry": {"type": "LineString", "coordinates": [[-118.5550896, 34.0744369], [-118.5565681, 34.0741608]]}, "properties": {"id": "540378529-123129654-0", "highway": "tertiary"}}, {"type": "Feature", "geometry": {"type": "LineString", "coordinates": [[-118.5550896, 34.0744369], [-118.5521374, 34.0733384]]}, "properties": {"id": "540378529-123129667-0", "highway": "tertiary"}}, {"type": "Feature", "geometry": {"type": "LineString", "coordinates": [[-118.5562711, 34.0750512], [-118.5565681, 34.0741608]]}, "properties": {"id": "540382814-123129654-0", "highway": "residential"}}, {"type": "Feature", "geometry": {"type": "LineString", "coordinates": [[-118.5572872, 34.075784], [-118.55824, 34.0750375]]}, "properties": {"id": "540382866-123129646-0", "highway": "residential"}}, {"type": "Feature", "geometry": {"type": "LineString", "coordinates": [[-118.5573559, 34.0770708], [-118.5574932, 34.0768433]]}, "properties": {"id": "540384749-122846611-0", "highway": "residential"}}, {"type": "Feature", "geometry": {"type": "LineString", "coordinates": [[-118.5593849, 34.0676472], [-118.5529802, 34.0518745]]}, "properties": {"id": "540421257-4003072065-0", "highway": "tertiary"}}, {"type": "Feature", "geometry": {"type": "LineString", "coordinates": [[-118.5593849, 34.0676472], [-118.5611431, 34.0699672]]}, "properties": {"id": "540421257-6485933937-0", "highway": "tertiary"}}, {"type": "Feature", "geometry": {"type": "LineString", "coordinates": [[-118.563376, 34.0724321], [-118.5635133, 34.0723823]]}, "properties": {"id": "540421374-123129717-0", "highway": "residential"}}, {"type": "Feature", "geometry": {"type": "LineString", "coordinates": [[-118.563376, 34.0724321], [-118.5626582, 34.0727677]]}, "properties": {"id": "540421374-122719909-0", "highway": "residential"}}, {"type": "Feature", "geometry": {"type": "LineString", "coordinates": [[-118.563376, 34.0724321], [-118.5649789, 34.0756499]]}, "properties": {"id": "540421374-13419251226-0", "highway": "tertiary"}}, {"type": "Feature", "geometry": {"type": "LineString", "coordinates": [[-118.561667, 34.0704828], [-118.5617757, 34.0704113]]}, "properties": {"id": "540840355-123129711-0", "highway": "residential"}}, {"type": "Feature", "geometry": {"type": "LineString", "coordinates": [[-118.561667, 34.0704828], [-118.561293, 34.0706748]]}, "properties": {"id": "540840355-123019903-0", "highway": "residential"}}, {"type": "Feature", "geometry": {"type": "LineString", "coordinates": [[-118.561667, 34.0704828], [-118.5628868, 34.0717069]]}, "properties": {"id": "540840355-540840517-0", "highway": "tertiary"}}, {"type": "Feature", "geometry": {"type": "LineString", "coordinates": [[-118.5628868, 34.0717069], [-118.5630005, 34.0716413]]}, "properties": {"id": "540840517-9944254542-0", "highway": "tertiary_link"}}, {"type": "Feature", "geometry": {"type": "LineString", "coordinates": [[-118.5628868, 34.0717069], [-118.563376, 34.0724321]]}, "properties": {"id": "540840517-540421374-0", "highway": "tertiary"}}, {"type": "Feature", "geometry": {"type": "LineString", "coordinates": [[-118.507108, 34.0739191], [-118.5055786, 34.0737754]]}, "properties": {"id": "541200836-122763715-0", "highway": "residential"}}, {"type": "Feature", "geometry": {"type": "LineString", "coordinates": [[-118.5033608, 34.0608779], [-118.503614, 34.061008]]}, "properties": {"id": "598448964-122830865-0", "highway": "residential"}}, {"type": "Feature", "geometry": {"type": "LineString", "coordinates": [[-118.5033608, 34.0608779], [-118.5048495, 34.0591669]]}, "properties": {"id": "598448964-123255600-0", "highway": "residential"}}, {"type": "Feature", "geometry": {"type": "LineString", "coordinates": [[-118.5033608, 34.0608779], [-118.5028351, 34.060349]]}, "properties": {"id": "598448964-122830863-0", "highway": "residential"}}, {"type": "Feature", "geometry": {"type": "LineString", "coordinates": [[-118.5694678, 34.049341], [-118.5672962, 34.0487677]]}, "properties": {"id": "620050979-123240838-0", "highway": "residential"}}, {"type": "Feature", "geometry": {"type": "LineString", "coordinates": [[-118.573188, 34.044554], [-118.5714097, 34.0469542]]}, "properties": {"id": "620054588-122604371-0", "highway": "residential"}}, {"type": "Feature", "geometry": {"type": "LineString", "coordinates": [[-118.573188, 34.044554], [-118.5729949, 34.0435871]]}, "properties": {"id": "620054588-122604310-0", "highway": "residential"}}, {"type": "Feature", "geometry": {"type": "LineString", "coordinates": [[-118.573188, 34.044554], [-118.5721017, 34.0446695]]}, "properties": {"id": "620054588-122978861-0", "highway": "residential"}}, {"type": "Feature", "geometry": {"type": "LineString", "coordinates": [[-118.5046072, 34.0766658], [-118.5046555, 34.075335]]}, "properties": {"id": "634370110-122746046-0", "highway": "residential"}}, {"type": "Feature", "geometry": {"type": "LineString", "coordinates": [[-118.5098295, 34.0820287], [-118.5085688, 34.0787252]]}, "properties": {"id": "634399201-122847112-0", "highway": "residential"}}, {"type": "Feature", "geometry": {"type": "LineString", "coordinates": [[-118.5069725, 34.0797982], [-118.5064655, 34.0801648]]}, "properties": {"id": "634399257-122965661-0", "highway": "residential"}}, {"type": "Feature", "geometry": {"type": "LineString", "coordinates": [[-118.5073779, 34.0777277], [-118.5081424, 34.0768635]]}, "properties": {"id": "634407744-123432097-0", "highway": "residential"}}, {"type": "Feature", "geometry": {"type": "LineString", "coordinates": [[-118.4861134, 34.0824441], [-118.4873231, 34.0827195]]}, "properties": {"id": "634467352-122743824-0", "highway": "residential"}}, {"type": "Feature", "geometry": {"type": "LineString", "coordinates": [[-118.4946531, 34.0818735], [-118.4942089, 34.081274]]}, "properties": {"id": "634467671-4614937100-0", "highway": "residential"}}, {"type": "Feature", "geometry": {"type": "LineString", "coordinates": [[-118.4905605, 34.078041], [-118.4910486, 34.0766524]]}, "properties": {"id": "634488098-123331234-0", "highway": "residential"}}, {"type": "Feature", "geometry": {"type": "LineString", "coordinates": [[-118.4905605, 34.078041], [-118.4860735, 34.0747381]]}, "properties": {"id": "634488098-122598124-0", "highway": "residential"}}, {"type": "Feature", "geometry": {"type": "LineString", "coordinates": [[-118.4905605, 34.078041], [-118.4911561, 34.0790643]]}, "properties": {"id": "634488098-4612573165-0", "highway": "residential"}}, {"type": "Feature", "geometry": {"type": "LineString", "coordinates": [[-118.491864, 34.0796361], [-118.4928725, 34.0798316]]}, "properties": {"id": "634488265-123077172-0", "highway": "residential"}}, {"type": "Feature", "geometry": {"type": "LineString", "coordinates": [[-118.494017, 34.1048029], [-118.493914, 34.1050031]]}, "properties": {"id": "634598707-123206110-0", "highway": "residential"}}, {"type": "Feature", "geometry": {"type": "LineString", "coordinates": [[-118.5005966, 34.0528193], [-118.5004677, 34.0528304]]}, "properties": {"id": "635559138-123082493-0", "highway": "secondary"}}, {"type": "Feature", "geometry": {"type": "LineString", "coordinates": [[-118.5005966, 34.0528193], [-118.5005168, 34.0521992]]}, "properties": {"id": "635559138-3371094790-0", "highway": "residential"}}, {"type": "Feature", "geometry": {"type": "LineString", "coordinates": [[-118.5005966, 34.0528193], [-118.5025535, 34.0528713]]}, "properties": {"id": "635559138-122830850-0", "highway": "secondary"}}, {"type": "Feature", "geometry": {"type": "LineString", "coordinates": [[-118.4852079, 34.0686864], [-118.4856961, 34.0699884]]}, "properties": {"id": "725833173-725833196-0", "highway": "residential"}}, {"type": "Feature", "geometry": {"type": "LineString", "coordinates": [[-118.4856961, 34.0699884], [-118.4852079, 34.0686864]]}, "properties": {"id": "725833196-725833173-0", "highway": "residential"}}, {"type": "Feature", "geometry": {"type": "LineString", "coordinates": [[-118.4856961, 34.0699884], [-118.487317, 34.0706386]]}, "properties": {"id": "725833196-725833220-0", "highway": "residential"}}, {"type": "Feature", "geometry": {"type": "LineString", "coordinates": [[-118.4856961, 34.0699884], [-118.4867317, 34.0684909]]}, "properties": {"id": "725833196-123331258-0", "highway": "residential"}}, {"type": "Feature", "geometry": {"type": "LineString", "coordinates": [[-118.487317, 34.0706386], [-118.4871401, 34.0697582]]}, "properties": {"id": "725833220-725833250-0", "highway": "residential"}}, {"type": "Feature", "geometry": {"type": "LineString", "coordinates": [[-118.487317, 34.0706386], [-118.4856961, 34.0699884]]}, "properties": {"id": "725833220-725833196-0", "highway": "residential"}}, {"type": "Feature", "geometry": {"type": "LineString", "coordinates": [[-118.487317, 34.0706386], [-118.4876727, 34.0723556]]}, "properties": {"id": "725833220-123225541-0", "highway": "residential"}}, {"type": "Feature", "geometry": {"type": "LineString", "coordinates": [[-118.4871401, 34.0697582], [-118.487317, 34.0706386]]}, "properties": {"id": "725833250-725833220-0", "highway": "residential"}}, {"type": "Feature", "geometry": {"type": "LineString", "coordinates": [[-118.5164354, 34.0517758], [-118.5140054, 34.0460855]]}, "properties": {"id": "848817853-122724924-0", "highway": "residential"}}, {"type": "Feature", "geometry": {"type": "LineString", "coordinates": [[-118.5987357, 34.0821393], [-118.5997102, 34.0836928]]}, "properties": {"id": "878794987-123800556-0", "highway": "residential"}}, {"type": "Feature", "geometry": {"type": "LineString", "coordinates": [[-118.5987357, 34.0821393], [-118.5986357, 34.0822153]]}, "properties": {"id": "878794987-123302616-0", "highway": "residential"}}, {"type": "Feature", "geometry": {"type": "LineString", "coordinates": [[-118.5987357, 34.0821393], [-118.5981261, 34.0809285]]}, "properties": {"id": "878794987-123193709-0", "highway": "residential"}}, {"type": "Feature", "geometry": {"type": "LineString", "coordinates": [[-118.524091, 34.0463919], [-118.5242757, 34.0461138]]}, "properties": {"id": "950989089-123082644-0", "highway": "tertiary"}}, {"type": "Feature", "geometry": {"type": "LineString", "coordinates": [[-118.524091, 34.0463919], [-118.524198, 34.0468869]]}, "properties": {"id": "950989089-122941162-0", "highway": "tertiary"}}, {"type": "Feature", "geometry": {"type": "LineString", "coordinates": [[-118.5152206, 34.0461922], [-118.5169195, 34.0457171]]}, "properties": {"id": "950989121-122783171-0", "highway": "residential"}}, {"type": "Feature", "geometry": {"type": "LineString", "coordinates": [[-118.5186327, 34.0411823], [-118.5195856, 34.0407686]]}, "properties": {"id": "951006817-122742215-0", "highway": "residential"}}, {"type": "Feature", "geometry": {"type": "LineString", "coordinates": [[-118.5220565, 34.0396378], [-118.5221203, 34.039764]]}, "properties": {"id": "951006819-122649274-0", "highway": "residential"}}, {"type": "Feature", "geometry": {"type": "LineString", "coordinates": [[-118.5220565, 34.0396378], [-118.521285, 34.0399434]]}, "properties": {"id": "951006819-951006825-0", "highway": "residential"}}, {"type": "Feature", "geometry": {"type": "LineString", "coordinates": [[-118.5220565, 34.0396378], [-118.5221442, 34.03816]]}, "properties": {"id": "951006819-122649272-0", "highway": "residential"}}, {"type": "Feature", "geometry": {"type": "LineString", "coordinates": [[-118.5228412, 34.0393562], [-118.5229146, 34.0394691]]}, "properties": {"id": "951006823-122694452-0", "highway": "residential"}}, {"type": "Feature", "geometry": {"type": "LineString", "coordinates": [[-118.5228412, 34.0393562], [-118.5220565, 34.0396378]]}, "properties": {"id": "951006823-951006819-0", "highway": "residential"}}, {"type": "Feature", "geometry": {"type": "LineString", "coordinates": [[-118.5228412, 34.0393562], [-118.5228482, 34.0387087]]}, "properties": {"id": "951006823-122694446-0", "highway": "residential"}}, {"type": "Feature", "geometry": {"type": "LineString", "coordinates": [[-118.521285, 34.0399434], [-118.5213491, 34.0400574]]}, "properties": {"id": "951006825-122688435-0", "highway": "residential"}}, {"type": "Feature", "geometry": {"type": "LineString", "coordinates": [[-118.521285, 34.0399434], [-118.5204054, 34.0402928]]}, "properties": {"id": "951006825-951006826-0", "highway": "residential"}}, {"type": "Feature", "geometry": {"type": "LineString", "coordinates": [[-118.521285, 34.0399434], [-118.5215033, 34.0376066]]}, "properties": {"id": "951006825-2625042530-0", "highway": "residential"}}, {"type": "Feature", "geometry": {"type": "LineString", "coordinates": [[-118.5204054, 34.0402928], [-118.5204613, 34.0404197]]}, "properties": {"id": "951006826-123063137-0", "highway": "residential"}}, {"type": "Feature", "geometry": {"type": "LineString", "coordinates": [[-118.5204054, 34.0402928], [-118.5195201, 34.0406403]]}, "properties": {"id": "951006826-951006827-0", "highway": "residential"}}, {"type": "Feature", "geometry": {"type": "LineString", "coordinates": [[-118.5204054, 34.0402928], [-118.5208101, 34.0370212]]}, "properties": {"id": "951006826-123139472-0", "highway": "residential"}}, {"type": "Feature", "geometry": {"type": "LineString", "coordinates": [[-118.5195201, 34.0406403], [-118.5195856, 34.0407686]]}, "properties": {"id": "951006827-122742215-0", "highway": "residential"}}, {"type": "Feature", "geometry": {"type": "LineString", "coordinates": [[-118.5195201, 34.0406403], [-118.5185303, 34.0410562]]}, "properties": {"id": "951006827-951006828-0", "highway": "residential"}}, {"type": "Feature", "geometry": {"type": "LineString", "coordinates": [[-118.5195201, 34.0406403], [-118.5190937, 34.0385626]]}, "properties": {"id": "951006827-122694420-0", "highway": "residential"}}, {"type": "Feature", "geometry": {"type": "LineString", "coordinates": [[-118.5185303, 34.0410562], [-118.5181919, 34.040884]]}, "properties": {"id": "951006828-529744224-0", "highway": "residential"}}, {"type": "Feature", "geometry": {"type": "LineString", "coordinates": [[-118.5185303, 34.0410562], [-118.5186327, 34.0411823]]}, "properties": {"id": "951006828-951006817-0", "highway": "residential"}}, {"type": "Feature", "geometry": {"type": "LineString", "coordinates": [[-118.5186227, 34.0413876], [-118.5186327, 34.0411823]]}, "properties": {"id": "951007005-951006817-0", "highway": "residential"}}, {"type": "Feature", "geometry": {"type": "LineString", "coordinates": [[-118.5186227, 34.0413876], [-118.5182377, 34.041061]]}, "properties": {"id": "951007005-4002529165-0", "highway": "secondary_link"}}, {"type": "Feature", "geometry": {"type": "LineString", "coordinates": [[-118.5178784, 34.0413443], [-118.517105, 34.0422972]]}, "properties": {"id": "951007601-123082625-0", "highway": "secondary"}}, {"type": "Feature", "geometry": {"type": "LineString", "coordinates": [[-118.5311904, 34.0534568], [-118.5308688, 34.0543935]]}, "properties": {"id": "951019785-9234538513-0", "highway": "residential"}}, {"type": "Feature", "geometry": {"type": "LineString", "coordinates": [[-118.5311904, 34.0534568], [-118.5305053, 34.0528405]]}, "properties": {"id": "951019785-6759571956-0", "highway": "residential"}}, {"type": "Feature", "geometry": {"type": "LineString", "coordinates": [[-118.5311904, 34.0534568], [-118.5313082, 34.053042]]}, "properties": {"id": "951019785-123477343-0", "highway": "residential"}}, {"type": "Feature", "geometry": {"type": "LineString", "coordinates": [[-118.5348675, 34.0526409], [-118.5345885, 34.0528931]]}, "properties": {"id": "951019830-122905103-0", "highway": "residential"}}, {"type": "Feature", "geometry": {"type": "LineString", "coordinates": [[-118.5391161, 34.0539309], [-118.5393132, 34.0528231]]}, "properties": {"id": "951027336-123148636-0", "highway": "residential"}}, {"type": "Feature", "geometry": {"type": "LineString", "coordinates": [[-118.5475737, 34.0625536], [-118.5462826, 34.0613545]]}, "properties": {"id": "1085835561-123063657-0", "highway": "residential"}}, {"type": "Feature", "geometry": {"type": "LineString", "coordinates": [[-118.544632, 34.0546337], [-118.5463566, 34.0549737]]}, "properties": {"id": "1085885949-122995244-0", "highway": "residential"}}, {"type": "Feature", "geometry": {"type": "LineString", "coordinates": [[-118.5505861, 34.0619704], [-118.5514382, 34.0621466]]}, "properties": {"id": "1085917389-123051146-0", "highway": "residential"}}, {"type": "Feature", "geometry": {"type": "LineString", "coordinates": [[-118.5540944, 34.0711556], [-118.5538825, 34.0700382]]}, "properties": {"id": "1085917441-123262816-0", "highway": "residential"}}, {"type": "Feature", "geometry": {"type": "LineString", "coordinates": [[-118.5635273, 34.0741097], [-118.5632215, 34.0737053]]}, "properties": {"id": "1085932272-122719912-0", "highway": "residential"}}, {"type": "Feature", "geometry": {"type": "LineString", "coordinates": [[-118.5600375, 34.0719042], [-118.5600994, 34.0719457]]}, "properties": {"id": "1085974813-122719894-0", "highway": "residential"}}, {"type": "Feature", "geometry": {"type": "LineString", "coordinates": [[-118.5600375, 34.0719042], [-118.5595361, 34.071568]]}, "properties": {"id": "1085974813-122719892-0", "highway": "residential"}}, {"type": "Feature", "geometry": {"type": "LineString", "coordinates": [[-118.5600375, 34.0719042], [-118.5602818, 34.0715724]]}, "properties": {"id": "1085974813-122726658-0", "highway": "residential"}}, {"type": "Feature", "geometry": {"type": "LineString", "coordinates": [[-118.5587851, 34.0688574], [-118.5592733, 34.0696461]]}, "properties": {"id": "1085974972-123185542-0", "highway": "residential"}}, {"type": "Feature", "geometry": {"type": "LineString", "coordinates": [[-118.5542907, 34.0440106], [-118.5543611, 34.0441154]]}, "properties": {"id": "1306591202-5565560845-0", "highway": "residential"}}, {"type": "Feature", "geometry": {"type": "LineString", "coordinates": [[-118.5572221, 34.0499184], [-118.5575101, 34.0492829]]}, "properties": {"id": "1306596073-123060762-0", "highway": "residential"}}, {"type": "Feature", "geometry": {"type": "LineString", "coordinates": [[-118.5538952, 34.0459549], [-118.554076, 34.0466522]]}, "properties": {"id": "1306596138-122909547-0", "highway": "unclassified"}}, {"type": "Feature", "geometry": {"type": "LineString", "coordinates": [[-118.555044, 34.0470768], [-118.555165, 34.0470218]]}, "properties": {"id": "1306596161-123800093-0", "highway": "residential"}}, {"type": "Feature", "geometry": {"type": "LineString", "coordinates": [[-118.5017291, 34.0576881], [-118.5026581, 34.0546714]]}, "properties": {"id": "1358243462-122830854-0", "highway": "residential"}}, {"type": "Feature", "geometry": {"type": "LineString", "coordinates": [[-118.5017291, 34.0576881], [-118.5015821, 34.0576092]]}, "properties": {"id": "1358243462-1358243543-0", "highway": "residential"}}, {"type": "Feature", "geometry": {"type": "LineString", "coordinates": [[-118.4977067, 34.0569825], [-118.4978677, 34.0571314]]}, "properties": {"id": "1358243506-123063231-0", "highway": "residential"}}, {"type": "Feature", "geometry": {"type": "LineString", "coordinates": [[-118.4977067, 34.0569825], [-118.5014542, 34.0576362]]}, "properties": {"id": "1358243506-1358243593-0", "highway": "residential"}}, {"type": "Feature", "geometry": {"type": "LineString", "coordinates": [[-118.4977067, 34.0569825], [-118.4986965, 34.0560037]]}, "properties": {"id": "1358243506-122729216-0", "highway": "residential"}}, {"type": "Feature", "geometry": {"type": "LineString", "coordinates": [[-118.4979129, 34.0572747], [-118.4978677, 34.0571314]]}, "properties": {"id": "1358243536-123063231-0", "highway": "residential"}}, {"type": "Feature", "geometry": {"type": "LineString", "coordinates": [[-118.4979129, 34.0572747], [-118.5013971, 34.0578478]]}, "properties": {"id": "1358243536-1358243596-0", "highway": "residential"}}, {"type": "Feature", "geometry": {"type": "LineString", "coordinates": [[-118.4979129, 34.0572747], [-118.5001046, 34.0588187]]}, "properties": {"id": "1358243536-123063187-0", "highway": "residential"}}, {"type": "Feature", "geometry": {"type": "LineString", "coordinates": [[-118.5013732, 34.0577423], [-118.4978677, 34.0571314]]}, "properties": {"id": "1358243538-123063231-0", "highway": "residential"}}, {"type": "Feature", "geometry": {"type": "LineString", "coordinates": [[-118.5013732, 34.0577423], [-118.5013971, 34.0578478]]}, "properties": {"id": "1358243538-1358243596-0", "highway": "residential"}}, {"type": "Feature", "geometry": {"type": "LineString", "coordinates": [[-118.5015821, 34.0576092], [-118.5014542, 34.0576362]]}, "properties": {"id": "1358243543-1358243593-0", "highway": "residential"}}, {"type": "Feature", "geometry": {"type": "LineString", "coordinates": [[-118.5015821, 34.0576092], [-118.5011346, 34.056287]]}, "properties": {"id": "1358243543-122729218-0", "highway": "residential"}}, {"type": "Feature", "geometry": {"type": "LineString", "coordinates": [[-118.5014542, 34.0576362], [-118.5013732, 34.0577423]]}, "properties": {"id": "1358243593-1358243538-0", "highway": "residential"}}, {"type": "Feature", "geometry": {"type": "LineString", "coordinates": [[-118.5014542, 34.0576362], [-118.4977067, 34.0569825]]}, "properties": {"id": "1358243593-1358243506-0", "highway": "residential"}}, {"type": "Feature", "geometry": {"type": "LineString", "coordinates": [[-118.5013971, 34.0578478], [-118.5014575, 34.0579004]]}, "properties": {"id": "1358243596-1358243618-0", "highway": "residential"}}, {"type": "Feature", "geometry": {"type": "LineString", "coordinates": [[-118.5013971, 34.0578478], [-118.4979129, 34.0572747]]}, "properties": {"id": "1358243596-1358243536-0", "highway": "residential"}}, {"type": "Feature", "geometry": {"type": "LineString", "coordinates": [[-118.5014575, 34.0579004], [-118.5013411, 34.058338]]}, "properties": {"id": "1358243618-272557125-0", "highway": "residential"}}, {"type": "Feature", "geometry": {"type": "LineString", "coordinates": [[-118.5014575, 34.0579004], [-118.5016945, 34.0578831]]}, "properties": {"id": "1358243618-2696884432-0", "highway": "residential"}}, {"type": "Feature", "geometry": {"type": "LineString", "coordinates": [[-118.4962217, 34.072593], [-118.495504, 34.0728407]]}, "properties": {"id": "1358505565-123066691-0", "highway": "residential"}}, {"type": "Feature", "geometry": {"type": "LineString", "coordinates": [[-118.488471, 34.0690093], [-118.4908414, 34.0680298]]}, "properties": {"id": "1358505571-3095798369-0", "highway": "residential"}}, {"type": "Feature", "geometry": {"type": "LineString", "coordinates": [[-118.488471, 34.0690093], [-118.4872828, 34.0674121]]}, "properties": {"id": "1358505571-122855231-0", "highway": "residential"}}, {"type": "Feature", "geometry": {"type": "LineString", "coordinates": [[-118.488471, 34.0690093], [-118.487828, 34.069369]]}, "properties": {"id": "1358505571-123224835-0", "highway": "residential"}}, {"type": "Feature", "geometry": {"type": "LineString", "coordinates": [[-118.4977857, 34.0722199], [-118.4996278, 34.0722447]]}, "properties": {"id": "1358505693-3330707184-0", "highway": "residential"}}, {"type": "Feature", "geometry": {"type": "LineString", "coordinates": [[-118.4977857, 34.0722199], [-118.4959012, 34.0714479]]}, "properties": {"id": "1358505693-123146782-0", "highway": "residential"}}, {"type": "Feature", "geometry": {"type": "LineString", "coordinates": [[-118.4977857, 34.0722199], [-118.4988508, 34.0733406]]}, "properties": {"id": "1358505693-3330709297-0", "highway": "residential"}}, {"type": "Feature", "geometry": {"type": "LineString", "coordinates": [[-118.5298908, 34.0360832], [-118.5296365, 34.0370504]]}, "properties": {"id": "1360061678-123071543-0", "highway": "tertiary"}}, {"type": "Feature", "geometry": {"type": "LineString", "coordinates": [[-118.5256256, 34.0534994], [-118.5248029, 34.0527109]]}, "properties": {"id": "1614335387-122672462-0", "highway": "residential"}}, {"type": "Feature", "geometry": {"type": "LineString", "coordinates": [[-118.5178508, 34.0530384], [-118.5197006, 34.0544865]]}, "properties": {"id": "1614344235-122951816-0", "highway": "residential"}}, {"type": "Feature", "geometry": {"type": "LineString", "coordinates": [[-118.5222241, 34.0566744], [-118.5214695, 34.054166]]}, "properties": {"id": "1614349363-122783192-0", "highway": "residential"}}, {"type": "Feature", "geometry": {"type": "LineString", "coordinates": [[-118.4972933, 34.0617147], [-118.4963003, 34.0605206]]}, "properties": {"id": "1831234137-123041910-0", "highway": "residential"}}, {"type": "Feature", "geometry": {"type": "LineString", "coordinates": [[-118.4866069, 34.0517881], [-118.4863715, 34.0514723]]}, "properties": {"id": "1846078405-2510852467-0", "highway": "residential"}}, {"type": "Feature", "geometry": {"type": "LineString", "coordinates": [[-118.4866069, 34.0517881], [-118.4871058, 34.0525703]]}, "properties": {"id": "1846078405-1846078423-0", "highway": "residential"}}, {"type": "Feature", "geometry": {"type": "LineString", "coordinates": [[-118.4888157, 34.052827], [-118.4895256, 34.0526905]]}, "properties": {"id": "1846078412-123003131-0", "highway": "residential"}}, {"type": "Feature", "geometry": {"type": "LineString", "coordinates": [[-118.4888157, 34.052827], [-118.4880687, 34.0529448]]}, "properties": {"id": "1846078412-1846078437-0", "highway": "residential"}}, {"type": "Feature", "geometry": {"type": "LineString", "coordinates": [[-118.4871058, 34.0525703], [-118.4872836, 34.0529081]]}, "properties": {"id": "1846078423-2510858619-0", "highway": "residential"}}, {"type": "Feature", "geometry": {"type": "LineString", "coordinates": [[-118.4871058, 34.0525703], [-118.4866069, 34.0517881]]}, "properties": {"id": "1846078423-1846078405-0", "highway": "residential"}}, {"type": "Feature", "geometry": {"type": "LineString", "coordinates": [[-118.4880687, 34.0529448], [-118.4875471, 34.0530058]]}, "properties": {"id": "1846078437-2510858638-0", "highway": "residential"}}, {"type": "Feature", "geometry": {"type": "LineString", "coordinates": [[-118.4880687, 34.0529448], [-118.4888157, 34.052827]]}, "properties": {"id": "1846078437-1846078412-0", "highway": "residential"}}, {"type": "Feature", "geometry": {"type": "LineString", "coordinates": [[-118.5137142, 34.0456602], [-118.5143924, 34.0449543]]}, "properties": {"id": "2048585781-122581026-0", "highway": "residential"}}, {"type": "Feature", "geometry": {"type": "LineString", "coordinates": [[-118.4858189, 34.0808887], [-118.4873231, 34.0827195]]}, "properties": {"id": "2090778401-122743824-0", "highway": "residential"}}, {"type": "Feature", "geometry": {"type": "LineString", "coordinates": [[-118.4884019, 34.0832058], [-118.487551, 34.0828906]]}, "properties": {"id": "2090778419-122743829-0", "highway": "residential"}}, {"type": "Feature", "geometry": {"type": "LineString", "coordinates": [[-118.485121, 34.0845441], [-118.4854726, 34.0871202]]}, "properties": {"id": "2136454062-123642283-0", "highway": "residential"}}, {"type": "Feature", "geometry": {"type": "LineString", "coordinates": [[-118.485121, 34.0845441], [-118.4804963, 34.0766519]]}, "properties": {"id": "2136454062-122658627-0", "highway": "residential"}}, {"type": "Feature", "geometry": {"type": "LineString", "coordinates": [[-118.485121, 34.0845441], [-118.4809031, 34.0817905]]}, "properties": {"id": "2136454062-122819329-0", "highway": "residential"}}, {"type": "Feature", "geometry": {"type": "LineString", "coordinates": [[-118.5267743, 34.0479992], [-118.5258069, 34.0473887]]}, "properties": {"id": "2371258485-122767151-0", "highway": "secondary"}}, {"type": "Feature", "geometry": {"type": "LineString", "coordinates": [[-118.5267743, 34.0479992], [-118.5269011, 34.0480614]]}, "properties": {"id": "2371258485-13419249819-0", "highway": "secondary"}}, {"type": "Feature", "geometry": {"type": "LineString", "coordinates": [[-118.5492947, 34.076984], [-118.5495607, 34.0765082]]}, "properties": {"id": "2384224501-540361738-0", "highway": "residential"}}, {"type": "Feature", "geometry": {"type": "LineString", "coordinates": [[-118.5520195, 34.0770313], [-118.5521751, 34.0771741]]}, "properties": {"id": "2384245531-123171219-0", "highway": "residential"}}, {"type": "Feature", "geometry": {"type": "LineString", "coordinates": [[-118.5505483, 34.0735931], [-118.5504268, 34.0736472]]}, "properties": {"id": "2384245533-122852181-0", "highway": "residential"}}, {"type": "Feature", "geometry": {"type": "LineString", "coordinates": [[-118.486191, 34.0511918], [-118.486087, 34.0513613]]}, "properties": {"id": "2510852424-2510852465-0", "highway": "residential"}}, {"type": "Feature", "geometry": {"type": "LineString", "coordinates": [[-118.486191, 34.0511918], [-118.4852838, 34.0498066]]}, "properties": {"id": "2510852424-123121028-0", "highway": "residential"}}, {"type": "Feature", "geometry": {"type": "LineString", "coordinates": [[-118.4864651, 34.0513064], [-118.486191, 34.0511918]]}, "properties": {"id": "2510852456-2510852424-0", "highway": "residential"}}, {"type": "Feature", "geometry": {"type": "LineString", "coordinates": [[-118.4864651, 34.0513064], [-118.488755, 34.0510399]]}, "properties": {"id": "2510852456-123466159-0", "highway": "residential"}}, {"type": "Feature", "geometry": {"type": "LineString", "coordinates": [[-118.486087, 34.0513613], [-118.483913, 34.051509]]}, "properties": {"id": "2510852465-122592447-0", "highway": "residential"}}, {"type": "Feature", "geometry": {"type": "LineString", "coordinates": [[-118.486087, 34.0513613], [-118.4863715, 34.0514723]]}, "properties": {"id": "2510852465-2510852467-0", "highway": "residential"}}, {"type": "Feature", "geometry": {"type": "LineString", "coordinates": [[-118.4863715, 34.0514723], [-118.4866069, 34.0517881]]}, "properties": {"id": "2510852467-1846078405-0", "highway": "residential"}}, {"type": "Feature", "geometry": {"type": "LineString", "coordinates": [[-118.4863715, 34.0514723], [-118.4864651, 34.0513064]]}, "properties": {"id": "2510852467-2510852456-0", "highway": "residential"}}, {"type": "Feature", "geometry": {"type": "LineString", "coordinates": [[-118.4879921, 34.0547478], [-118.4878876, 34.0543992]]}, "properties": {"id": "2510858609-3095806400-0", "highway": "residential"}}, {"type": "Feature", "geometry": {"type": "LineString", "coordinates": [[-118.4879921, 34.0547478], [-118.4878357, 34.0549267]]}, "properties": {"id": "2510858609-2510858614-0", "highway": "residential"}}, {"type": "Feature", "geometry": {"type": "LineString", "coordinates": [[-118.4871621, 34.0530859], [-118.4848702, 34.0531326]]}, "properties": {"id": "2510858610-122592446-0", "highway": "residential"}}, {"type": "Feature", "geometry": {"type": "LineString", "coordinates": [[-118.4871621, 34.0530859], [-118.4874344, 34.0532214]]}, "properties": {"id": "2510858610-2510858646-0", "highway": "residential"}}, {"type": "Feature", "geometry": {"type": "LineString", "coordinates": [[-118.4878357, 34.0549267], [-118.4856095, 34.0549431]]}, "properties": {"id": "2510858614-122592443-0", "highway": "residential"}}, {"type": "Feature", "geometry": {"type": "LineString", "coordinates": [[-118.4878357, 34.0549267], [-118.4880368, 34.0550893]]}, "properties": {"id": "2510858614-2510858630-0", "highway": "residential"}}, {"type": "Feature", "geometry": {"type": "LineString", "coordinates": [[-118.4882413, 34.0548558], [-118.4905001, 34.0543637]]}, "properties": {"id": "2510858618-123403327-0", "highway": "residential"}}, {"type": "Feature", "geometry": {"type": "LineString", "coordinates": [[-118.4882413, 34.0548558], [-118.4879921, 34.0547478]]}, "properties": {"id": "2510858618-2510858609-0", "highway": "residential"}}, {"type": "Feature", "geometry": {"type": "LineString", "coordinates": [[-118.4872836, 34.0529081], [-118.4871058, 34.0525703]]}, "properties": {"id": "2510858619-1846078423-0", "highway": "residential"}}, {"type": "Feature", "geometry": {"type": "LineString", "coordinates": [[-118.4872836, 34.0529081], [-118.4871621, 34.0530859]]}, "properties": {"id": "2510858619-2510858610-0", "highway": "residential"}}, {"type": "Feature", "geometry": {"type": "LineString", "coordinates": [[-118.4880368, 34.0550893], [-118.488152, 34.0559116]]}, "properties": {"id": "2510858630-123324184-0", "highway": "residential"}}, {"type": "Feature", "geometry": {"type": "LineString", "coordinates": [[-118.4880368, 34.0550893], [-118.4882413, 34.0548558]]}, "properties": {"id": "2510858630-2510858618-0", "highway": "residential"}}, {"type": "Feature", "geometry": {"type": "LineString", "coordinates": [[-118.4875471, 34.0530058], [-118.4880687, 34.0529448]]}, "properties": {"id": "2510858638-1846078437-0", "highway": "residential"}}, {"type": "Feature", "geometry": {"type": "LineString", "coordinates": [[-118.4875471, 34.0530058], [-118.4872836, 34.0529081]]}, "properties": {"id": "2510858638-2510858619-0", "highway": "residential"}}, {"type": "Feature", "geometry": {"type": "LineString", "coordinates": [[-118.4874344, 34.0532214], [-118.4875336, 34.0534815]]}, "properties": {"id": "2510858646-3095806399-0", "highway": "residential"}}, {"type": "Feature", "geometry": {"type": "LineString", "coordinates": [[-118.4874344, 34.0532214], [-118.4875471, 34.0530058]]}, "properties": {"id": "2510858646-2510858638-0", "highway": "residential"}}, {"type": "Feature", "geometry": {"type": "LineString", "coordinates": [[-118.5049914, 34.0532782], [-118.5052836, 34.0528593]]}, "properties": {"id": "2510934858-123270113-0", "highway": "residential"}}, {"type": "Feature", "geometry": {"type": "LineString", "coordinates": [[-118.5049914, 34.0532782], [-118.5048124, 34.0531583]]}, "properties": {"id": "2510934858-2510934961-0", "highway": "residential"}}, {"type": "Feature", "geometry": {"type": "LineString", "coordinates": [[-118.5049914, 34.0532782], [-118.5041521, 34.0547559]]}, "properties": {"id": "2510934858-123116651-0", "highway": "residential"}}, {"type": "Feature", "geometry": {"type": "LineString", "coordinates": [[-118.4977878, 34.0605332], [-118.4963003, 34.0605206]]}, "properties": {"id": "2510934884-123041910-0", "highway": "residential"}}, {"type": "Feature", "geometry": {"type": "LineString", "coordinates": [[-118.5048124, 34.0531583], [-118.5052836, 34.0528593]]}, "properties": {"id": "2510934961-123270113-0", "highway": "residential"}}, {"type": "Feature", "geometry": {"type": "LineString", "coordinates": [[-118.5048124, 34.0531583], [-118.5049914, 34.0532782]]}, "properties": {"id": "2510934961-2510934858-0", "highway": "residential"}}, {"type": "Feature", "geometry": {"type": "LineString", "coordinates": [[-118.5048124, 34.0531583], [-118.5027514, 34.0537718]]}, "properties": {"id": "2510934961-122830852-0", "highway": "residential"}}, {"type": "Feature", "geometry": {"type": "LineString", "coordinates": [[-118.5014042, 34.0720177], [-118.5018822, 34.0729464]]}, "properties": {"id": "2570693911-123180130-0", "highway": "residential"}}, {"type": "Feature", "geometry": {"type": "LineString", "coordinates": [[-118.5215033, 34.0376066], [-118.5221442, 34.03816]]}, "properties": {"id": "2625042530-122649272-0", "highway": "residential"}}, {"type": "Feature", "geometry": {"type": "LineString", "coordinates": [[-118.5215033, 34.0376066], [-118.5208101, 34.0370212]]}, "properties": {"id": "2625042530-123139472-0", "highway": "residential"}}, {"type": "Feature", "geometry": {"type": "LineString", "coordinates": [[-118.5215033, 34.0376066], [-118.521285, 34.0399434]]}, "properties": {"id": "2625042530-951006825-0", "highway": "residential"}}, {"type": "Feature", "geometry": {"type": "LineString", "coordinates": [[-118.5215033, 34.0376066], [-118.5225163, 34.0370953]]}, "properties": {"id": "2625042530-122688431-0", "highway": "residential"}}, {"type": "Feature", "geometry": {"type": "LineString", "coordinates": [[-118.5267092, 34.0488439], [-118.5266324, 34.0491236]]}, "properties": {"id": "2625045416-122591828-0", "highway": "residential"}}, {"type": "Feature", "geometry": {"type": "LineString", "coordinates": [[-118.5267092, 34.0488439], [-118.5256423, 34.0486574]]}, "properties": {"id": "2625045416-122591862-0", "highway": "residential"}}, {"type": "Feature", "geometry": {"type": "LineString", "coordinates": [[-118.5267092, 34.0488439], [-118.5269011, 34.0480614]]}, "properties": {"id": "2625045416-13419249819-0", "highway": "residential"}}, {"type": "Feature", "geometry": {"type": "LineString", "coordinates": [[-118.5443396, 34.0492135], [-118.546193, 34.0487801]]}, "properties": {"id": "2696866141-122851040-0", "highway": "residential"}}, {"type": "Feature", "geometry": {"type": "LineString", "coordinates": [[-118.5427096, 34.048309], [-118.5438639, 34.0481276]]}, "properties": {"id": "2696866185-3219493573-0", "highway": "secondary_link"}}, {"type": "Feature", "geometry": {"type": "LineString", "coordinates": [[-118.5427096, 34.048309], [-118.5416816, 34.0484979]]}, "properties": {"id": "2696866185-123082719-0", "highway": "secondary"}}, {"type": "Feature", "geometry": {"type": "LineString", "coordinates": [[-118.5427096, 34.048309], [-118.5433874, 34.0480401]]}, "properties": {"id": "2696866185-122822144-0", "highway": "secondary"}}, {"type": "Feature", "geometry": {"type": "LineString", "coordinates": [[-118.5016945, 34.0578831], [-118.5017291, 34.0576881]]}, "properties": {"id": "2696884432-1358243462-0", "highway": "residential"}}, {"type": "Feature", "geometry": {"type": "LineString", "coordinates": [[-118.5016945, 34.0578831], [-118.5017443, 34.0583727]]}, "properties": {"id": "2696884432-272557097-0", "highway": "residential"}}, {"type": "Feature", "geometry": {"type": "LineString", "coordinates": [[-118.512456, 34.0335554], [-118.5125818, 34.0332082]]}, "properties": {"id": "2786958653-123234383-0", "highway": "residential"}}, {"type": "Feature", "geometry": {"type": "LineString", "coordinates": [[-118.5646928, 34.0768454], [-118.5648094, 34.0768904]]}, "properties": {"id": "2811573500-123129636-0", "highway": "residential"}}, {"type": "Feature", "geometry": {"type": "LineString", "coordinates": [[-118.5646928, 34.0768454], [-118.5589846, 34.0755069]]}, "properties": {"id": "2811573500-6017633891-0", "highway": "tertiary"}}, {"type": "Feature", "geometry": {"type": "LineString", "coordinates": [[-118.5339405, 34.043171], [-118.5335978, 34.0430919]]}, "properties": {"id": "2963578680-123675542-0", "highway": "residential"}}, {"type": "Feature", "geometry": {"type": "LineString", "coordinates": [[-118.5339405, 34.043171], [-118.5344904, 34.0432981]]}, "properties": {"id": "2963578680-123477332-0", "highway": "residential"}}, {"type": "Feature", "geometry": {"type": "LineString", "coordinates": [[-118.5339405, 34.043171], [-118.5331047, 34.0449178]]}, "properties": {"id": "2963578680-7344877070-0", "highway": "residential"}}, {"type": "Feature", "geometry": {"type": "LineString", "coordinates": [[-118.5230507, 34.0425071], [-118.522915, 34.0426679]]}, "properties": {"id": "2985144440-122745417-0", "highway": "tertiary"}}, {"type": "Feature", "geometry": {"type": "LineString", "coordinates": [[-118.5230507, 34.0425071], [-118.5230742, 34.0414378]]}, "properties": {"id": "2985144440-122688441-0", "highway": "tertiary"}}, {"type": "Feature", "geometry": {"type": "LineString", "coordinates": [[-118.5233372, 34.0430256], [-118.522915, 34.0426679]]}, "properties": {"id": "2985144443-122745417-0", "highway": "tertiary"}}, {"type": "Feature", "geometry": {"type": "LineString", "coordinates": [[-118.5233372, 34.0430256], [-118.524537, 34.0440611]]}, "properties": {"id": "2985144443-122742223-0", "highway": "tertiary"}}, {"type": "Feature", "geometry": {"type": "LineString", "coordinates": [[-118.5233372, 34.0430256], [-118.5230507, 34.0425071]]}, "properties": {"id": "2985144443-2985144440-0", "highway": "tertiary_link"}}, {"type": "Feature", "geometry": {"type": "LineString", "coordinates": [[-118.6044017, 34.0978386], [-118.6017576, 34.0946992]]}, "properties": {"id": "3080691665-122933534-0", "highway": "residential"}}, {"type": "Feature", "geometry": {"type": "LineString", "coordinates": [[-118.5944904, 34.0838302], [-118.5941674, 34.0863106]]}, "properties": {"id": "3080781396-3080781430-0", "highway": "residential"}}, {"type": "Feature", "geometry": {"type": "LineString", "coordinates": [[-118.5951757, 34.0863434], [-118.5941674, 34.0863106]]}, "properties": {"id": "3080781429-3080781430-0", "highway": "residential"}}, {"type": "Feature", "geometry": {"type": "LineString", "coordinates": [[-118.5941674, 34.0863106], [-118.592989, 34.0879415]]}, "properties": {"id": "3080781430-3080781751-0", "highway": "residential"}}, {"type": "Feature", "geometry": {"type": "LineString", "coordinates": [[-118.5941674, 34.0863106], [-118.5944904, 34.0838302]]}, "properties": {"id": "3080781430-3080781396-0", "highway": "residential"}}, {"type": "Feature", "geometry": {"type": "LineString", "coordinates": [[-118.5941674, 34.0863106], [-118.5951757, 34.0863434]]}, "properties": {"id": "3080781430-3080781429-0", "highway": "residential"}}, {"type": "Feature", "geometry": {"type": "LineString", "coordinates": [[-118.591376, 34.0878299], [-118.592989, 34.0879415]]}, "properties": {"id": "3080781750-3080781751-0", "highway": "residential"}}, {"type": "Feature", "geometry": {"type": "LineString", "coordinates": [[-118.592989, 34.0879415], [-118.591376, 34.0878299]]}, "properties": {"id": "3080781751-3080781750-0", "highway": "residential"}}, {"type": "Feature", "geometry": {"type": "LineString", "coordinates": [[-118.592989, 34.0879415], [-118.5941674, 34.0863106]]}, "properties": {"id": "3080781751-3080781430-0", "highway": "residential"}}, {"type": "Feature", "geometry": {"type": "LineString", "coordinates": [[-118.592989, 34.0879415], [-118.5945662, 34.0908001]]}, "properties": {"id": "3080781751-123237429-0", "highway": "residential"}}, {"type": "Feature", "geometry": {"type": "LineString", "coordinates": [[-118.593463, 34.0894845], [-118.593463, 34.0894845]]}, "properties": {"id": "3080781791-3080781791-0", "highway": "residential"}}, {"type": "Feature", "geometry": {"type": "LineString", "coordinates": [[-118.593463, 34.0894845], [-118.593463, 34.0894845]]}, "properties": {"id": "3080781791-3080781791-1", "highway": "residential"}}, {"type": "Feature", "geometry": {"type": "LineString", "coordinates": [[-118.593463, 34.0894845], [-118.589797, 34.0907445]]}, "properties": {"id": "3080781791-12337956918-0", "highway": "residential"}}, {"type": "Feature", "geometry": {"type": "LineString", "coordinates": [[-118.4908414, 34.0680298], [-118.4900441, 34.0665862]]}, "properties": {"id": "3095798369-123566135-0", "highway": "residential"}}, {"type": "Feature", "geometry": {"type": "LineString", "coordinates": [[-118.4908414, 34.0680298], [-118.488471, 34.0690093]]}, "properties": {"id": "3095798369-1358505571-0", "highway": "residential"}}, {"type": "Feature", "geometry": {"type": "LineString", "coordinates": [[-118.4875336, 34.0534815], [-118.4874344, 34.0532214]]}, "properties": {"id": "3095806399-2510858646-0", "highway": "residential"}}, {"type": "Feature", "geometry": {"type": "LineString", "coordinates": [[-118.4875336, 34.0534815], [-118.4878876, 34.0543992]]}, "properties": {"id": "3095806399-3095806400-0", "highway": "residential"}}, {"type": "Feature", "geometry": {"type": "LineString", "coordinates": [[-118.4878876, 34.0543992], [-118.4879921, 34.0547478]]}, "properties": {"id": "3095806400-2510858609-0", "highway": "residential"}}, {"type": "Feature", "geometry": {"type": "LineString", "coordinates": [[-118.4878876, 34.0543992], [-118.4875336, 34.0534815]]}, "properties": {"id": "3095806400-3095806399-0", "highway": "residential"}}, {"type": "Feature", "geometry": {"type": "LineString", "coordinates": [[-118.51389, 34.0523414], [-118.5147356, 34.0518864]]}, "properties": {"id": "3205226833-122831124-0", "highway": "residential"}}, {"type": "Feature", "geometry": {"type": "LineString", "coordinates": [[-118.5438639, 34.0481276], [-118.5449807, 34.0480201]]}, "properties": {"id": "3219493573-122819102-0", "highway": "residential"}}, {"type": "Feature", "geometry": {"type": "LineString", "coordinates": [[-118.5438639, 34.0481276], [-118.5433874, 34.0480401]]}, "properties": {"id": "3219493573-122822144-0", "highway": "residential"}}, {"type": "Feature", "geometry": {"type": "LineString", "coordinates": [[-118.4996278, 34.0722447], [-118.4977857, 34.0722199]]}, "properties": {"id": "3330707184-1358505693-0", "highway": "residential"}}, {"type": "Feature", "geometry": {"type": "LineString", "coordinates": [[-118.4988508, 34.0733406], [-118.4977857, 34.0722199]]}, "properties": {"id": "3330709297-1358505693-0", "highway": "residential"}}, {"type": "Feature", "geometry": {"type": "LineString", "coordinates": [[-118.5005168, 34.0521992], [-118.5005966, 34.0528193]]}, "properties": {"id": "3371094790-635559138-0", "highway": "residential"}}, {"type": "Feature", "geometry": {"type": "LineString", "coordinates": [[-118.5089021, 34.0400545], [-118.5083683, 34.0405571]]}, "properties": {"id": "3371214897-123030339-0", "highway": "residential"}}, {"type": "Feature", "geometry": {"type": "LineString", "coordinates": [[-118.5089021, 34.0400545], [-118.5093617, 34.0393915]]}, "properties": {"id": "3371214897-3409249408-0", "highway": "residential"}}, {"type": "Feature", "geometry": {"type": "LineString", "coordinates": [[-118.5093617, 34.0393915], [-118.5097228, 34.0377872]]}, "properties": {"id": "3409249408-123030333-0", "highway": "residential"}}, {"type": "Feature", "geometry": {"type": "LineString", "coordinates": [[-118.5093617, 34.0393915], [-118.5089021, 34.0400545]]}, "properties": {"id": "3409249408-3371214897-0", "highway": "residential"}}, {"type": "Feature", "geometry": {"type": "LineString", "coordinates": [[-118.5319092, 34.0529137], [-118.5316086, 34.0536831]]}, "properties": {"id": "3586311692-123477345-0", "highway": "residential"}}, {"type": "Feature", "geometry": {"type": "LineString", "coordinates": [[-118.5474293, 34.0733493], [-118.5475975, 34.0734717]]}, "properties": {"id": "3632290607-3632290608-0", "highway": "residential"}}, {"type": "Feature", "geometry": {"type": "LineString", "coordinates": [[-118.5474293, 34.0733493], [-118.5478133, 34.0724148]]}, "properties": {"id": "3632290607-123429033-0", "highway": "residential"}}, {"type": "Feature", "geometry": {"type": "LineString", "coordinates": [[-118.5474293, 34.0733493], [-118.5479284, 34.0754906]]}, "properties": {"id": "3632290607-123101247-0", "highway": "residential"}}, {"type": "Feature", "geometry": {"type": "LineString", "coordinates": [[-118.5475975, 34.0734717], [-118.5474293, 34.0733493]]}, "properties": {"id": "3632290608-3632290607-0", "highway": "residential"}}, {"type": "Feature", "geometry": {"type": "LineString", "coordinates": [[-118.5181619, 34.0410209], [-118.5181401, 34.0413215]]}, "properties": {"id": "4002529164-13418556507-0", "highway": "tertiary"}}, {"type": "Feature", "geometry": {"type": "LineString", "coordinates": [[-118.5181619, 34.0410209], [-118.5178784, 34.0413443]]}, "properties": {"id": "4002529164-951007601-0", "highway": "secondary_link"}}, {"type": "Feature", "geometry": {"type": "LineString", "coordinates": [[-118.5182377, 34.041061], [-118.5181919, 34.040884]]}, "properties": {"id": "4002529165-529744224-0", "highway": "tertiary"}}, {"type": "Feature", "geometry": {"type": "LineString", "coordinates": [[-118.5182323, 34.0414228], [-118.5182387, 34.0413263]]}, "properties": {"id": "4002529172-13418556506-0", "highway": "tertiary"}}, {"type": "Feature", "geometry": {"type": "LineString", "coordinates": [[-118.5182323, 34.0414228], [-118.5189258, 34.0417099]]}, "properties": {"id": "4002529172-122867871-0", "highway": "secondary"}}, {"type": "Feature", "geometry": {"type": "LineString", "coordinates": [[-118.5186947, 34.0414711], [-118.5186227, 34.0413876]]}, "properties": {"id": "4002529173-951007005-0", "highway": "secondary_link"}}, {"type": "Feature", "geometry": {"type": "LineString", "coordinates": [[-118.5186947, 34.0414711], [-118.5182387, 34.0413263]]}, "properties": {"id": "4002529173-13418556506-0", "highway": "secondary"}}, {"type": "Feature", "geometry": {"type": "LineString", "coordinates": [[-118.4880459, 34.0380009], [-118.4880929, 34.0379583]]}, "properties": {"id": "4002688430-122773762-0", "highway": "tertiary"}}, {"type": "Feature", "geometry": {"type": "LineString", "coordinates": [[-118.4880459, 34.0380009], [-118.48763, 34.038335]]}, "properties": {"id": "4002688430-122773761-0", "highway": "tertiary"}}, {"type": "Feature", "geometry": {"type": "LineString", "coordinates": [[-118.487076, 34.0387781], [-118.4868164, 34.0389905]]}, "properties": {"id": "4002688435-4002688440-0", "highway": "tertiary"}}, {"type": "Feature", "geometry": {"type": "LineString", "coordinates": [[-118.487076, 34.0387781], [-118.4871935, 34.0386883]]}, "properties": {"id": "4002688435-122773760-0", "highway": "tertiary"}}, {"type": "Feature", "geometry": {"type": "LineString", "coordinates": [[-118.4868164, 34.0389905], [-118.487076, 34.0387781]]}, "properties": {"id": "4002688440-4002688435-0", "highway": "tertiary"}}, {"type": "Feature", "geometry": {"type": "LineString", "coordinates": [[-118.4868164, 34.0389905], [-118.4866826, 34.0390991]]}, "properties": {"id": "4002688440-528517224-0", "highway": "tertiary"}}, {"type": "Feature", "geometry": {"type": "LineString", "coordinates": [[-118.5527514, 34.050788], [-118.5525955, 34.0507942]]}, "properties": {"id": "4003072061-6792233611-0", "highway": "residential"}}, {"type": "Feature", "geometry": {"type": "LineString", "coordinates": [[-118.5527514, 34.050788], [-118.5526303, 34.0467378]]}, "properties": {"id": "4003072061-6700627098-0", "highway": "tertiary"}}, {"type": "Feature", "geometry": {"type": "LineString", "coordinates": [[-118.5529802, 34.0518745], [-118.5593849, 34.0676472]]}, "properties": {"id": "4003072065-540421257-0", "highway": "tertiary"}}, {"type": "Feature", "geometry": {"type": "LineString", "coordinates": [[-118.5529802, 34.0518745], [-118.5527514, 34.050788]]}, "properties": {"id": "4003072065-4003072061-0", "highway": "tertiary"}}, {"type": "Feature", "geometry": {"type": "LineString", "coordinates": [[-118.5004689, 34.0530188], [-118.5003528, 34.0530306]]}, "properties": {"id": "4019011134-271821683-0", "highway": "residential"}}, {"type": "Feature", "geometry": {"type": "LineString", "coordinates": [[-118.5004689, 34.0530188], [-118.5004677, 34.0528304]]}, "properties": {"id": "4019011134-123082493-0", "highway": "residential"}}, {"type": "Feature", "geometry": {"type": "LineString", "coordinates": [[-118.5004689, 34.0530188], [-118.5009844, 34.0551137]]}, "properties": {"id": "4019011134-123116649-0", "highway": "residential"}}, {"type": "Feature", "geometry": {"type": "LineString", "coordinates": [[-118.4934375, 34.0770545], [-118.4935412, 34.0760755]]}, "properties": {"id": "4045059053-123212599-0", "highway": "residential"}}, {"type": "Feature", "geometry": {"type": "LineString", "coordinates": [[-118.5868195, 34.0997149], [-118.5882751, 34.1026356]]}, "properties": {"id": "4316225374-122777955-0", "highway": "residential"}}, {"type": "Feature", "geometry": {"type": "LineString", "coordinates": [[-118.4888843, 34.0373151], [-118.4889476, 34.037263]]}, "properties": {"id": "4396755043-4396755045-0", "highway": "tertiary"}}, {"type": "Feature", "geometry": {"type": "LineString", "coordinates": [[-118.4888843, 34.0373151], [-118.4885767, 34.0375672]]}, "properties": {"id": "4396755043-122773763-0", "highway": "tertiary"}}, {"type": "Feature", "geometry": {"type": "LineString", "coordinates": [[-118.4889476, 34.037263], [-118.4888843, 34.0373151]]}, "properties": {"id": "4396755045-4396755043-0", "highway": "tertiary"}}, {"type": "Feature", "geometry": {"type": "LineString", "coordinates": [[-118.4889476, 34.037263], [-118.4903537, 34.0384631]]}, "properties": {"id": "4396755045-123030861-0", "highway": "residential"}}, {"type": "Feature", "geometry": {"type": "LineString", "coordinates": [[-118.4889476, 34.037263], [-118.4895115, 34.036803]]}, "properties": {"id": "4396755045-122773767-0", "highway": "tertiary"}}, {"type": "Feature", "geometry": {"type": "LineString", "coordinates": [[-118.5581214, 34.0491508], [-118.5578263, 34.0473521]]}, "properties": {"id": "4589771393-123405091-0", "highway": "residential"}}, {"type": "Feature", "geometry": {"type": "LineString", "coordinates": [[-118.500599, 34.0747655], [-118.4993057, 34.075008]]}, "properties": {"id": "4591406809-4591406810-0", "highway": "residential"}}, {"type": "Feature", "geometry": {"type": "LineString", "coordinates": [[-118.4993057, 34.075008], [-118.4994239, 34.0751142]]}, "properties": {"id": "4591406810-123146791-0", "highway": "tertiary"}}, {"type": "Feature", "geometry": {"type": "LineString", "coordinates": [[-118.4993057, 34.075008], [-118.4972916, 34.0740058]]}, "properties": {"id": "4591406810-122606856-0", "highway": "tertiary"}}, {"type": "Feature", "geometry": {"type": "LineString", "coordinates": [[-118.4993057, 34.075008], [-118.500599, 34.0747655]]}, "properties": {"id": "4591406810-4591406809-0", "highway": "residential"}}, {"type": "Feature", "geometry": {"type": "LineString", "coordinates": [[-118.540441, 34.0415824], [-118.5422355, 34.0388468]]}, "properties": {"id": "4605919953-7338302776-0", "highway": "unclassified"}}, {"type": "Feature", "geometry": {"type": "LineString", "coordinates": [[-118.5993091, 34.0969741], [-118.598949, 34.097446]]}, "properties": {"id": "4606282361-123724488-0", "highway": "residential"}}, {"type": "Feature", "geometry": {"type": "LineString", "coordinates": [[-118.4911561, 34.0790643], [-118.4905605, 34.078041]]}, "properties": {"id": "4612573165-634488098-0", "highway": "residential"}}, {"type": "Feature", "geometry": {"type": "LineString", "coordinates": [[-118.4934895, 34.0819977], [-118.4942089, 34.081274]]}, "properties": {"id": "4614936787-4614937100-0", "highway": "residential"}}, {"type": "Feature", "geometry": {"type": "LineString", "coordinates": [[-118.4942089, 34.081274], [-118.4946531, 34.0818735]]}, "properties": {"id": "4614937100-634467671-0", "highway": "residential"}}, {"type": "Feature", "geometry": {"type": "LineString", "coordinates": [[-118.4942089, 34.081274], [-118.4928725, 34.0798316]]}, "properties": {"id": "4614937100-123077172-0", "highway": "residential"}}, {"type": "Feature", "geometry": {"type": "LineString", "coordinates": [[-118.4942089, 34.081274], [-118.4934895, 34.0819977]]}, "properties": {"id": "4614937100-4614936787-0", "highway": "residential"}}, {"type": "Feature", "geometry": {"type": "LineString", "coordinates": [[-118.5523107, 34.0468879], [-118.5525208, 34.046789]]}, "properties": {"id": "4616722550-123129680-0", "highway": "residential"}}, {"type": "Feature", "geometry": {"type": "LineString", "coordinates": [[-118.5551314, 34.0415184], [-118.5549928, 34.041427]]}, "properties": {"id": "4626497869-9201599572-0", "highway": "residential"}}, {"type": "Feature", "geometry": {"type": "LineString", "coordinates": [[-118.5551314, 34.0415184], [-118.5576853, 34.041428]]}, "properties": {"id": "4626497869-122569526-0", "highway": "residential"}}, {"type": "Feature", "geometry": {"type": "LineString", "coordinates": [[-118.5551314, 34.0415184], [-118.555237, 34.0423462]]}, "properties": {"id": "4626497869-122569559-0", "highway": "residential"}}, {"type": "Feature", "geometry": {"type": "LineString", "coordinates": [[-118.5992624, 34.1064685], [-118.5928512, 34.1049929]]}, "properties": {"id": "4626718242-122579277-0", "highway": "residential"}}, {"type": "Feature", "geometry": {"type": "LineString", "coordinates": [[-118.5159371, 34.0384376], [-118.5144979, 34.0402313]]}, "properties": {"id": "4789229743-122581008-0", "highway": "residential"}}, {"type": "Feature", "geometry": {"type": "LineString", "coordinates": [[-118.6008215, 34.0938149], [-118.5997712, 34.0918926]]}, "properties": {"id": "4893139274-122825997-0", "highway": "residential"}}, {"type": "Feature", "geometry": {"type": "LineString", "coordinates": [[-118.6008215, 34.0938149], [-118.597182, 34.0928348]]}, "properties": {"id": "4893139274-122826040-0", "highway": "residential"}}, {"type": "Feature", "geometry": {"type": "LineString", "coordinates": [[-118.6008215, 34.0938149], [-118.6009967, 34.0941822]]}, "properties": {"id": "4893139274-122952497-0", "highway": "residential"}}, {"type": "Feature", "geometry": {"type": "LineString", "coordinates": [[-118.597963, 34.0961755], [-118.598949, 34.097446]]}, "properties": {"id": "4989303389-123724488-0", "highway": "residential"}}, {"type": "Feature", "geometry": {"type": "LineString", "coordinates": [[-118.597699, 34.0986788], [-118.5981447, 34.098657]]}, "properties": {"id": "4989833603-122584540-0", "highway": "residential"}}, {"type": "Feature", "geometry": {"type": "LineString", "coordinates": [[-118.5981345, 34.0981166], [-118.5979604, 34.0978245]]}, "properties": {"id": "4989833605-11681720270-0", "highway": "residential"}}, {"type": "Feature", "geometry": {"type": "LineString", "coordinates": [[-118.5981345, 34.0981166], [-118.5990516, 34.0980062]]}, "properties": {"id": "4989833605-4989833609-0", "highway": "residential"}}, {"type": "Feature", "geometry": {"type": "LineString", "coordinates": [[-118.5981345, 34.0981166], [-118.5981447, 34.098657]]}, "properties": {"id": "4989833605-122584540-0", "highway": "residential"}}, {"type": "Feature", "geometry": {"type": "LineString", "coordinates": [[-118.5990516, 34.0980062], [-118.5993464, 34.097549]]}, "properties": {"id": "4989833609-122578943-0", "highway": "residential"}}, {"type": "Feature", "geometry": {"type": "LineString", "coordinates": [[-118.5990516, 34.0980062], [-118.5981345, 34.0981166]]}, "properties": {"id": "4989833609-4989833605-0", "highway": "residential"}}, {"type": "Feature", "geometry": {"type": "LineString", "coordinates": [[-118.5990516, 34.0980062], [-118.5995338, 34.098268]]}, "properties": {"id": "4989833609-7506049038-0", "highway": "residential"}}, {"type": "Feature", "geometry": {"type": "LineString", "coordinates": [[-118.5543611, 34.0441154], [-118.5545983, 34.0444081]]}, "properties": {"id": "5565560845-123197407-0", "highway": "residential"}}, {"type": "Feature", "geometry": {"type": "LineString", "coordinates": [[-118.5543611, 34.0441154], [-118.5542907, 34.0440106]]}, "properties": {"id": "5565560845-1306591202-0", "highway": "residential"}}, {"type": "Feature", "geometry": {"type": "LineString", "coordinates": [[-118.5543611, 34.0441154], [-118.5544805, 34.0436089]]}, "properties": {"id": "5565560845-5565560850-0", "highway": "residential"}}, {"type": "Feature", "geometry": {"type": "LineString", "coordinates": [[-118.5544805, 34.0436089], [-118.5543611, 34.0441154]]}, "properties": {"id": "5565560850-5565560845-0", "highway": "residential"}}, {"type": "Feature", "geometry": {"type": "LineString", "coordinates": [[-118.4978515, 34.0592102], [-118.4966412, 34.059355]]}, "properties": {"id": "5621512424-123041907-0", "highway": "residential"}}, {"type": "Feature", "geometry": {"type": "LineString", "coordinates": [[-118.501155, 34.0666013], [-118.506714, 34.072508]]}, "properties": {"id": "5623542886-122837934-0", "highway": "residential"}}, {"type": "Feature", "geometry": {"type": "LineString", "coordinates": [[-118.501155, 34.0666013], [-118.4955689, 34.0603992]]}, "properties": {"id": "5623542886-123315680-0", "highway": "residential"}}, {"type": "Feature", "geometry": {"type": "LineString", "coordinates": [[-118.501155, 34.0666013], [-118.5007907, 34.0670312]]}, "properties": {"id": "5623542886-5623542889-0", "highway": "residential"}}, {"type": "Feature", "geometry": {"type": "LineString", "coordinates": [[-118.5007907, 34.0670312], [-118.501155, 34.0666013]]}, "properties": {"id": "5623542889-5623542886-0", "highway": "residential"}}, {"type": "Feature", "geometry": {"type": "LineString", "coordinates": [[-118.5612817, 34.073747], [-118.5580019, 34.0714747]]}, "properties": {"id": "6017633606-123534020-0", "highway": "residential"}}, {"type": "Feature", "geometry": {"type": "LineString", "coordinates": [[-118.5612817, 34.073747], [-118.5617034, 34.0738964]]}, "properties": {"id": "6017633606-123430703-0", "highway": "residential"}}, {"type": "Feature", "geometry": {"type": "LineString", "coordinates": [[-118.5612817, 34.073747], [-118.5609202, 34.0741637]]}, "properties": {"id": "6017633606-6755711077-0", "highway": "residential"}}, {"type": "Feature", "geometry": {"type": "LineString", "coordinates": [[-118.5589846, 34.0755069], [-118.5589298, 34.0755709]]}, "properties": {"id": "6017633891-7890148171-0", "highway": "residential"}}, {"type": "Feature", "geometry": {"type": "LineString", "coordinates": [[-118.5589846, 34.0755069], [-118.5582722, 34.0750705]]}, "properties": {"id": "6017633891-123129644-0", "highway": "residential"}}, {"type": "Feature", "geometry": {"type": "LineString", "coordinates": [[-118.5576341, 34.0389421], [-118.5607242, 34.0401481]]}, "properties": {"id": "6031886275-123307816-0", "highway": "trunk"}}, {"type": "Feature", "geometry": {"type": "LineString", "coordinates": [[-118.5576341, 34.0389421], [-118.5556237, 34.0384399]]}, "properties": {"id": "6031886275-6966933922-0", "highway": "trunk"}}, {"type": "Feature", "geometry": {"type": "LineString", "coordinates": [[-118.5556171, 34.0385736], [-118.5556237, 34.0384399]]}, "properties": {"id": "6031887097-6966933922-0", "highway": "secondary"}}, {"type": "Feature", "geometry": {"type": "LineString", "coordinates": [[-118.5556171, 34.0385736], [-118.5551179, 34.0390285]]}, "properties": {"id": "6031887097-6966933934-0", "highway": "secondary"}}, {"type": "Feature", "geometry": {"type": "LineString", "coordinates": [[-118.5556171, 34.0385736], [-118.5576341, 34.0389421]]}, "properties": {"id": "6031887097-6031886275-0", "highway": "trunk"}}, {"type": "Feature", "geometry": {"type": "LineString", "coordinates": [[-118.5546741, 34.0395336], [-118.558057, 34.0395648]]}, "properties": {"id": "6032171753-122851810-0", "highway": "residential"}}, {"type": "Feature", "geometry": {"type": "LineString", "coordinates": [[-118.5546741, 34.0395336], [-118.5556171, 34.0385736]]}, "properties": {"id": "6032171753-6031887097-0", "highway": "secondary"}}, {"type": "Feature", "geometry": {"type": "LineString", "coordinates": [[-118.5546741, 34.0395336], [-118.5540112, 34.0419138]]}, "properties": {"id": "6032171753-123007542-0", "highway": "secondary"}}, {"type": "Feature", "geometry": {"type": "LineString", "coordinates": [[-118.5519303, 34.0444292], [-118.5525208, 34.046789]]}, "properties": {"id": "6032283539-123129680-0", "highway": "tertiary"}}, {"type": "Feature", "geometry": {"type": "LineString", "coordinates": [[-118.5519303, 34.0444292], [-118.549264, 34.041751]]}, "properties": {"id": "6032283539-13419177599-0", "highway": "secondary"}}, {"type": "Feature", "geometry": {"type": "LineString", "coordinates": [[-118.5519303, 34.0444292], [-118.5520738, 34.0444187]]}, "properties": {"id": "6032283539-6032283540-0", "highway": "secondary"}}, {"type": "Feature", "geometry": {"type": "LineString", "coordinates": [[-118.5520738, 34.0444187], [-118.5537238, 34.0429413]]}, "properties": {"id": "6032283540-123082804-0", "highway": "secondary"}}, {"type": "Feature", "geometry": {"type": "LineString", "coordinates": [[-118.5520738, 34.0444187], [-118.5519303, 34.0444292]]}, "properties": {"id": "6032283540-6032283539-0", "highway": "secondary"}}, {"type": "Feature", "geometry": {"type": "LineString", "coordinates": [[-118.5788899, 34.0401354], [-118.5793027, 34.0401088]]}, "properties": {"id": "6036542308-122761988-0", "highway": "trunk"}}, {"type": "Feature", "geometry": {"type": "LineString", "coordinates": [[-118.5788899, 34.0401354], [-118.5792547, 34.0405217]]}, "properties": {"id": "6036542308-7339727668-0", "highway": "primary_link"}}, {"type": "Feature", "geometry": {"type": "LineString", "coordinates": [[-118.538795, 34.0555057], [-118.5378416, 34.0550868]]}, "properties": {"id": "6261061662-122874799-0", "highway": "residential"}}, {"type": "Feature", "geometry": {"type": "LineString", "coordinates": [[-118.5360896, 34.0541709], [-118.5375424, 34.0510141]]}, "properties": {"id": "6433901201-123532355-0", "highway": "residential"}}, {"type": "Feature", "geometry": {"type": "LineString", "coordinates": [[-118.4998825, 34.0430768], [-118.4999987, 34.0431922]]}, "properties": {"id": "6457753528-6457753529-0", "highway": "residential"}}, {"type": "Feature", "geometry": {"type": "LineString", "coordinates": [[-118.4998825, 34.0430768], [-118.501201, 34.0420581]]}, "properties": {"id": "6457753528-123362557-0", "highway": "secondary"}}, {"type": "Feature", "geometry": {"type": "LineString", "coordinates": [[-118.4999987, 34.0431922], [-118.4998825, 34.0430768]]}, "properties": {"id": "6457753529-6457753528-0", "highway": "residential"}}, {"type": "Feature", "geometry": {"type": "LineString", "coordinates": [[-118.5402428, 34.0473675], [-118.5400126, 34.0462939]]}, "properties": {"id": "6469320355-123020264-0", "highway": "residential"}}, {"type": "Feature", "geometry": {"type": "LineString", "coordinates": [[-118.5402428, 34.0473675], [-118.5396367, 34.0488537]]}, "properties": {"id": "6469320355-123082709-0", "highway": "residential"}}, {"type": "Feature", "geometry": {"type": "LineString", "coordinates": [[-118.5402428, 34.0473675], [-118.5408705, 34.0471789]]}, "properties": {"id": "6469320355-6469320359-0", "highway": "residential"}}, {"type": "Feature", "geometry": {"type": "LineString", "coordinates": [[-118.5408705, 34.0471789], [-118.5402428, 34.0473675]]}, "properties": {"id": "6469320359-6469320355-0", "highway": "residential"}}, {"type": "Feature", "geometry": {"type": "LineString", "coordinates": [[-118.4942031, 34.0738441], [-118.495504, 34.0728407]]}, "properties": {"id": "6473509407-123066691-0", "highway": "residential"}}, {"type": "Feature", "geometry": {"type": "LineString", "coordinates": [[-118.525496, 34.0477548], [-118.5244985, 34.0482118]]}, "properties": {"id": "6479857455-122767165-0", "highway": "residential"}}, {"type": "Feature", "geometry": {"type": "LineString", "coordinates": [[-118.525496, 34.0477548], [-118.5258069, 34.0473887]]}, "properties": {"id": "6479857455-122767151-0", "highway": "residential"}}, {"type": "Feature", "geometry": {"type": "LineString", "coordinates": [[-118.5612475, 34.069898], [-118.5611431, 34.0699672]]}, "properties": {"id": "6485933931-6485933937-0", "highway": "residential"}}, {"type": "Feature", "geometry": {"type": "LineString", "coordinates": [[-118.5612475, 34.069898], [-118.5593849, 34.0676472]]}, "properties": {"id": "6485933931-540421257-0", "highway": "tertiary"}}, {"type": "Feature", "geometry": {"type": "LineString", "coordinates": [[-118.5612475, 34.069898], [-118.5617557, 34.0701463]]}, "properties": {"id": "6485933931-6485933936-0", "highway": "residential"}}, {"type": "Feature", "geometry": {"type": "LineString", "coordinates": [[-118.5617557, 34.0701463], [-118.5612475, 34.069898]]}, "properties": {"id": "6485933936-6485933931-0", "highway": "residential"}}, {"type": "Feature", "geometry": {"type": "LineString", "coordinates": [[-118.5611431, 34.0699672], [-118.5612475, 34.069898]]}, "properties": {"id": "6485933937-6485933931-0", "highway": "residential"}}, {"type": "Feature", "geometry": {"type": "LineString", "coordinates": [[-118.5611431, 34.0699672], [-118.561667, 34.0704828]]}, "properties": {"id": "6485933937-540840355-0", "highway": "tertiary"}}, {"type": "Feature", "geometry": {"type": "LineString", "coordinates": [[-118.5376687, 34.0367635], [-118.5376242, 34.0373073]]}, "properties": {"id": "6585177065-122614354-0", "highway": "residential"}}, {"type": "Feature", "geometry": {"type": "LineString", "coordinates": [[-118.5376687, 34.0367635], [-118.5407671, 34.0383539]]}, "properties": {"id": "6585177065-534297857-0", "highway": "trunk"}}, {"type": "Feature", "geometry": {"type": "LineString", "coordinates": [[-118.5376687, 34.0367635], [-118.5357544, 34.0358157]]}, "properties": {"id": "6585177065-6585208323-0", "highway": "trunk"}}, {"type": "Feature", "geometry": {"type": "LineString", "coordinates": [[-118.5357544, 34.0358157], [-118.5376687, 34.0367635]]}, "properties": {"id": "6585208323-6585177065-0", "highway": "trunk"}}, {"type": "Feature", "geometry": {"type": "LineString", "coordinates": [[-118.5357544, 34.0358157], [-118.5304933, 34.0462556]]}, "properties": {"id": "6585208323-122648024-0", "highway": "secondary"}}, {"type": "Feature", "geometry": {"type": "LineString", "coordinates": [[-118.4852212, 34.0426352], [-118.4842816, 34.0433946]]}, "properties": {"id": "6593941108-122588989-0", "highway": "residential"}}, {"type": "Feature", "geometry": {"type": "LineString", "coordinates": [[-118.4852212, 34.0426352], [-118.4860648, 34.0419672]]}, "properties": {"id": "6593941108-123030869-0", "highway": "residential"}}, {"type": "Feature", "geometry": {"type": "LineString", "coordinates": [[-118.4852212, 34.0426352], [-118.4838109, 34.0414298]]}, "properties": {"id": "6593941108-122773754-0", "highway": "tertiary"}}, {"type": "Feature", "geometry": {"type": "LineString", "coordinates": [[-118.4852212, 34.0426352], [-118.4870118, 34.0441676]]}, "properties": {"id": "6593941108-123257620-0", "highway": "tertiary"}}, {"type": "Feature", "geometry": {"type": "LineString", "coordinates": [[-118.5526303, 34.0467378], [-118.5525208, 34.046789]]}, "properties": {"id": "6700627098-123129680-0", "highway": "residential"}}, {"type": "Feature", "geometry": {"type": "LineString", "coordinates": [[-118.5526303, 34.0467378], [-118.5520738, 34.0444187]]}, "properties": {"id": "6700627098-6032283540-0", "highway": "tertiary"}}, {"type": "Feature", "geometry": {"type": "LineString", "coordinates": [[-118.5676162, 34.0782996], [-118.567603, 34.0783565]]}, "properties": {"id": "6723893237-6723893243-0", "highway": "residential"}}, {"type": "Feature", "geometry": {"type": "LineString", "coordinates": [[-118.5676162, 34.0782996], [-118.5675215, 34.0781927]]}, "properties": {"id": "6723893237-7890148154-0", "highway": "residential"}}, {"type": "Feature", "geometry": {"type": "LineString", "coordinates": [[-118.56766, 34.0783367], [-118.5676162, 34.0782996]]}, "properties": {"id": "6723893244-6723893237-0", "highway": "residential"}}, {"type": "Feature", "geometry": {"type": "LineString", "coordinates": [[-118.5609202, 34.0741637], [-118.5612817, 34.073747]]}, "properties": {"id": "6755711077-6017633606-0", "highway": "residential"}}, {"type": "Feature", "geometry": {"type": "LineString", "coordinates": [[-118.5305053, 34.0528405], [-118.5311904, 34.0534568]]}, "properties": {"id": "6759571956-951019785-0", "highway": "residential"}}, {"type": "Feature", "geometry": {"type": "LineString", "coordinates": [[-118.5967552, 34.0808363], [-118.5981261, 34.0809285]]}, "properties": {"id": "6782275732-123193709-0", "highway": "residential"}}, {"type": "Feature", "geometry": {"type": "LineString", "coordinates": [[-118.602326, 34.0971753], [-118.6014398, 34.0972474]]}, "properties": {"id": "6782374994-123401849-0", "highway": "residential"}}, {"type": "Feature", "geometry": {"type": "LineString", "coordinates": [[-118.6037163, 34.0839135], [-118.6034505, 34.0845556]]}, "properties": {"id": "6782375038-122567181-0", "highway": "residential"}}, {"type": "Feature", "geometry": {"type": "LineString", "coordinates": [[-118.5525955, 34.0507942], [-118.5523931, 34.050801]]}, "properties": {"id": "6792233611-6792233612-0", "highway": "residential"}}, {"type": "Feature", "geometry": {"type": "LineString", "coordinates": [[-118.5525955, 34.0507942], [-118.5527514, 34.050788]]}, "properties": {"id": "6792233611-4003072061-0", "highway": "residential"}}, {"type": "Feature", "geometry": {"type": "LineString", "coordinates": [[-118.5525955, 34.0507942], [-118.5529802, 34.0518745]]}, "properties": {"id": "6792233611-4003072065-0", "highway": "tertiary"}}, {"type": "Feature", "geometry": {"type": "LineString", "coordinates": [[-118.5523931, 34.050801], [-118.5525955, 34.0507942]]}, "properties": {"id": "6792233612-6792233611-0", "highway": "residential"}}, {"type": "Feature", "geometry": {"type": "LineString", "coordinates": [[-118.5113831, 34.0472161], [-118.5108607, 34.0487863]]}, "properties": {"id": "6792385144-123193554-0", "highway": "residential"}}, {"type": "Feature", "geometry": {"type": "LineString", "coordinates": [[-118.5333409, 34.0469839], [-118.5342682, 34.0469976]]}, "properties": {"id": "6878832165-123334864-0", "highway": "residential"}}, {"type": "Feature", "geometry": {"type": "LineString", "coordinates": [[-118.5333409, 34.0469839], [-118.5333114, 34.0487744]]}, "properties": {"id": "6878832165-6879020878-0", "highway": "residential"}}, {"type": "Feature", "geometry": {"type": "LineString", "coordinates": [[-118.5333409, 34.0469839], [-118.5336457, 34.0450347]]}, "properties": {"id": "6878832165-122672237-0", "highway": "residential"}}, {"type": "Feature", "geometry": {"type": "LineString", "coordinates": [[-118.5295025, 34.0491103], [-118.5304933, 34.0462556]]}, "properties": {"id": "6878883842-122648024-0", "highway": "secondary"}}, {"type": "Feature", "geometry": {"type": "LineString", "coordinates": [[-118.5295025, 34.0491103], [-118.5290298, 34.0487509]]}, "properties": {"id": "6878883842-122868835-0", "highway": "residential"}}, {"type": "Feature", "geometry": {"type": "LineString", "coordinates": [[-118.5295025, 34.0491103], [-118.5293551, 34.0496939]]}, "properties": {"id": "6878883842-13419236138-0", "highway": "secondary"}}, {"type": "Feature", "geometry": {"type": "LineString", "coordinates": [[-118.5333114, 34.0487744], [-118.5342373, 34.0488472]]}, "properties": {"id": "6879020878-6879043195-0", "highway": "secondary"}}, {"type": "Feature", "geometry": {"type": "LineString", "coordinates": [[-118.5333114, 34.0487744], [-118.5321276, 34.049753]]}, "properties": {"id": "6879020878-123157729-0", "highway": "residential"}}, {"type": "Feature", "geometry": {"type": "LineString", "coordinates": [[-118.5333114, 34.0487744], [-118.5333409, 34.0469839]]}, "properties": {"id": "6879020878-6878832165-0", "highway": "residential"}}, {"type": "Feature", "geometry": {"type": "LineString", "coordinates": [[-118.5333114, 34.0487744], [-118.5293551, 34.0496939]]}, "properties": {"id": "6879020878-13419236138-0", "highway": "secondary"}}, {"type": "Feature", "geometry": {"type": "LineString", "coordinates": [[-118.5342373, 34.0488472], [-118.5342682, 34.0469976]]}, "properties": {"id": "6879043195-123334864-0", "highway": "residential"}}, {"type": "Feature", "geometry": {"type": "LineString", "coordinates": [[-118.5342373, 34.0488472], [-118.5333114, 34.0487744]]}, "properties": {"id": "6879043195-6879020878-0", "highway": "secondary"}}, {"type": "Feature", "geometry": {"type": "LineString", "coordinates": [[-118.5342373, 34.0488472], [-118.5351602, 34.0488908]]}, "properties": {"id": "6879043195-6879043198-0", "highway": "secondary"}}, {"type": "Feature", "geometry": {"type": "LineString", "coordinates": [[-118.5351602, 34.0488908], [-118.5356964, 34.0489183]]}, "properties": {"id": "6879043198-6879043201-0", "highway": "secondary"}}, {"type": "Feature", "geometry": {"type": "LineString", "coordinates": [[-118.5351602, 34.0488908], [-118.5356884, 34.0473745]]}, "properties": {"id": "6879043198-122795686-0", "highway": "residential"}}, {"type": "Feature", "geometry": {"type": "LineString", "coordinates": [[-118.5351602, 34.0488908], [-118.5342373, 34.0488472]]}, "properties": {"id": "6879043198-6879043195-0", "highway": "secondary"}}, {"type": "Feature", "geometry": {"type": "LineString", "coordinates": [[-118.5356964, 34.0489183], [-118.5351602, 34.0488908]]}, "properties": {"id": "6879043201-6879043198-0", "highway": "secondary"}}, {"type": "Feature", "geometry": {"type": "LineString", "coordinates": [[-118.5356964, 34.0489183], [-118.5321276, 34.049753]]}, "properties": {"id": "6879043201-123157729-0", "highway": "residential"}}, {"type": "Feature", "geometry": {"type": "LineString", "coordinates": [[-118.5356964, 34.0489183], [-118.5367699, 34.0473603]]}, "properties": {"id": "6879043201-122672246-0", "highway": "residential"}}, {"type": "Feature", "geometry": {"type": "LineString", "coordinates": [[-118.5356964, 34.0489183], [-118.5383234, 34.0484697]]}, "properties": {"id": "6879043201-122672251-0", "highway": "secondary"}}, {"type": "Feature", "geometry": {"type": "LineString", "coordinates": [[-118.6010024, 34.089366], [-118.6030414, 34.0888441]]}, "properties": {"id": "6903790413-123386440-0", "highway": "residential"}}, {"type": "Feature", "geometry": {"type": "LineString", "coordinates": [[-118.591084, 34.099883], [-118.5933834, 34.0999095]]}, "properties": {"id": "6904165712-123136599-0", "highway": "residential"}}, {"type": "Feature", "geometry": {"type": "LineString", "coordinates": [[-118.5962052, 34.0994237], [-118.5956628, 34.0997889]]}, "properties": {"id": "6919525512-123007252-0", "highway": "residential"}}, {"type": "Feature", "geometry": {"type": "LineString", "coordinates": [[-118.6045999, 34.0798471], [-118.6039479, 34.0803357]]}, "properties": {"id": "6933223818-123800841-0", "highway": "residential"}}, {"type": "Feature", "geometry": {"type": "LineString", "coordinates": [[-118.6007524, 34.0840862], [-118.6011705, 34.0850229]]}, "properties": {"id": "6933726889-122567253-0", "highway": "tertiary"}}, {"type": "Feature", "geometry": {"type": "LineString", "coordinates": [[-118.6007524, 34.0840862], [-118.600075, 34.0845249]]}, "properties": {"id": "6933726889-6933726892-0", "highway": "residential"}}, {"type": "Feature", "geometry": {"type": "LineString", "coordinates": [[-118.6007524, 34.0840862], [-118.5997102, 34.0836928]]}, "properties": {"id": "6933726889-123800556-0", "highway": "tertiary"}}, {"type": "Feature", "geometry": {"type": "LineString", "coordinates": [[-118.6007524, 34.0840862], [-118.6011108, 34.0840346]]}, "properties": {"id": "6933726889-6933726894-0", "highway": "residential"}}, {"type": "Feature", "geometry": {"type": "LineString", "coordinates": [[-118.600075, 34.0845249], [-118.59958, 34.0839986]]}, "properties": {"id": "6933726892-123386387-0", "highway": "primary"}}, {"type": "Feature", "geometry": {"type": "LineString", "coordinates": [[-118.600075, 34.0845249], [-118.6030414, 34.0888441]]}, "properties": {"id": "6933726892-123386440-0", "highway": "primary"}}, {"type": "Feature", "geometry": {"type": "LineString", "coordinates": [[-118.6011108, 34.0840346], [-118.6007524, 34.0840862]]}, "properties": {"id": "6933726894-6933726889-0", "highway": "residential"}}, {"type": "Feature", "geometry": {"type": "LineString", "coordinates": [[-118.5426915, 34.0615613], [-118.542828, 34.0615958]]}, "properties": {"id": "6935248867-8900682443-0", "highway": "residential"}}, {"type": "Feature", "geometry": {"type": "LineString", "coordinates": [[-118.5433018, 34.0617154], [-118.5433252, 34.0616384]]}, "properties": {"id": "6935248868-123063638-0", "highway": "residential"}}, {"type": "Feature", "geometry": {"type": "LineString", "coordinates": [[-118.5433018, 34.0617154], [-118.5462826, 34.0613545]]}, "properties": {"id": "6935248868-123063657-0", "highway": "residential"}}, {"type": "Feature", "geometry": {"type": "LineString", "coordinates": [[-118.5556237, 34.0384399], [-118.5556171, 34.0385736]]}, "properties": {"id": "6966933922-6031887097-0", "highway": "secondary"}}, {"type": "Feature", "geometry": {"type": "LineString", "coordinates": [[-118.5556237, 34.0384399], [-118.55007, 34.0394998]]}, "properties": {"id": "6966933922-6966933962-0", "highway": "trunk"}}, {"type": "Feature", "geometry": {"type": "LineString", "coordinates": [[-118.5551179, 34.0390285], [-118.5546741, 34.0395336]]}, "properties": {"id": "6966933934-6032171753-0", "highway": "secondary"}}, {"type": "Feature", "geometry": {"type": "LineString", "coordinates": [[-118.5550019, 34.0385765], [-118.5551179, 34.0390285]]}, "properties": {"id": "6966933941-6966933934-0", "highway": "trunk_link"}}, {"type": "Feature", "geometry": {"type": "LineString", "coordinates": [[-118.5550019, 34.0385765], [-118.5556171, 34.0385736]]}, "properties": {"id": "6966933941-6031887097-0", "highway": "trunk"}}, {"type": "Feature", "geometry": {"type": "LineString", "coordinates": [[-118.55007, 34.0394998], [-118.5422355, 34.0388468]]}, "properties": {"id": "6966933962-7338302776-0", "highway": "trunk"}}, {"type": "Feature", "geometry": {"type": "LineString", "coordinates": [[-118.55007, 34.0394998], [-118.5550019, 34.0385765]]}, "properties": {"id": "6966933962-6966933941-0", "highway": "trunk"}}, {"type": "Feature", "geometry": {"type": "LineString", "coordinates": [[-118.5609881, 34.0414004], [-118.5625004, 34.0418686]]}, "properties": {"id": "6966946793-123403046-0", "highway": "residential"}}, {"type": "Feature", "geometry": {"type": "LineString", "coordinates": [[-118.5609881, 34.0414004], [-118.5599978, 34.0412323]]}, "properties": {"id": "6966946793-6966946807-0", "highway": "residential"}}, {"type": "Feature", "geometry": {"type": "LineString", "coordinates": [[-118.5609881, 34.0414004], [-118.5616671, 34.0420916]]}, "properties": {"id": "6966946793-273291473-0", "highway": "residential"}}, {"type": "Feature", "geometry": {"type": "LineString", "coordinates": [[-118.5609881, 34.0414004], [-118.5597961, 34.0407111]]}, "properties": {"id": "6966946793-7339766005-0", "highway": "residential"}}, {"type": "Feature", "geometry": {"type": "LineString", "coordinates": [[-118.5599978, 34.0412323], [-118.5609881, 34.0414004]]}, "properties": {"id": "6966946807-6966946793-0", "highway": "residential"}}, {"type": "Feature", "geometry": {"type": "LineString", "coordinates": [[-118.5179044, 34.0325873], [-118.5180791, 34.0338557]]}, "properties": {"id": "7237577621-122558990-0", "highway": "residential"}}, {"type": "Feature", "geometry": {"type": "LineString", "coordinates": [[-118.5179044, 34.0325873], [-118.5180791, 34.0338557]]}, "properties": {"id": "7237577621-122558990-1", "highway": "residential"}}, {"type": "Feature", "geometry": {"type": "LineString", "coordinates": [[-118.5179044, 34.0325873], [-118.5175151, 34.0321058]]}, "properties": {"id": "7237577621-122697553-0", "highway": "residential"}}, {"type": "Feature", "geometry": {"type": "LineString", "coordinates": [[-118.5330473, 34.0450677], [-118.5331047, 34.0449178]]}, "properties": {"id": "7238589093-7344877070-0", "highway": "residential"}}, {"type": "Feature", "geometry": {"type": "LineString", "coordinates": [[-118.5330473, 34.0450677], [-118.5308508, 34.0464586]]}, "properties": {"id": "7238589093-7929859198-0", "highway": "residential"}}, {"type": "Feature", "geometry": {"type": "LineString", "coordinates": [[-118.50962, 34.046332], [-118.5092868, 34.0470542]]}, "properties": {"id": "7301245626-123328554-0", "highway": "residential"}}, {"type": "Feature", "geometry": {"type": "LineString", "coordinates": [[-118.50962, 34.046332], [-118.5099184, 34.0452807]]}, "properties": {"id": "7301245626-123344323-0", "highway": "residential"}}, {"type": "Feature", "geometry": {"type": "LineString", "coordinates": [[-118.50962, 34.046332], [-118.5081088, 34.0466773]]}, "properties": {"id": "7301245626-122839329-0", "highway": "secondary"}}, {"type": "Feature", "geometry": {"type": "LineString", "coordinates": [[-118.50962, 34.046332], [-118.511858, 34.0491147]]}, "properties": {"id": "7301245626-123082590-0", "highway": "secondary"}}, {"type": "Feature", "geometry": {"type": "LineString", "coordinates": [[-118.5435323, 34.0399749], [-118.5443898, 34.040332]]}, "properties": {"id": "7338302756-123079547-0", "highway": "residential"}}, {"type": "Feature", "geometry": {"type": "LineString", "coordinates": [[-118.5422355, 34.0388468], [-118.55007, 34.0394998]]}, "properties": {"id": "7338302776-6966933962-0", "highway": "trunk"}}, {"type": "Feature", "geometry": {"type": "LineString", "coordinates": [[-118.5422355, 34.0388468], [-118.5407671, 34.0383539]]}, "properties": {"id": "7338302776-534297857-0", "highway": "trunk"}}, {"type": "Feature", "geometry": {"type": "LineString", "coordinates": [[-118.5422355, 34.0388468], [-118.540441, 34.0415824]]}, "properties": {"id": "7338302776-4605919953-0", "highway": "unclassified"}}, {"type": "Feature", "geometry": {"type": "LineString", "coordinates": [[-118.5590026, 34.0403058], [-118.5586703, 34.0402617]]}, "properties": {"id": "7339670371-122749035-0", "highway": "residential"}}, {"type": "Feature", "geometry": {"type": "LineString", "coordinates": [[-118.5792547, 34.0405217], [-118.5986357, 34.0822153]]}, "properties": {"id": "7339727668-123302616-0", "highway": "primary"}}, {"type": "Feature", "geometry": {"type": "LineString", "coordinates": [[-118.5792547, 34.0405217], [-118.5793027, 34.0401088]]}, "properties": {"id": "7339727668-122761988-0", "highway": "primary"}}, {"type": "Feature", "geometry": {"type": "LineString", "coordinates": [[-118.5648367, 34.0418466], [-118.5636743, 34.0418249]]}, "properties": {"id": "7339765980-123574638-0", "highway": "residential"}}, {"type": "Feature", "geometry": {"type": "LineString", "coordinates": [[-118.5648367, 34.0418466], [-118.5636743, 34.0418249]]}, "properties": {"id": "7339765980-123574638-1", "highway": "residential"}}, {"type": "Feature", "geometry": {"type": "LineString", "coordinates": [[-118.5648367, 34.0418466], [-118.5657465, 34.0432013]]}, "properties": {"id": "7339765980-122569520-0", "highway": "residential"}}, {"type": "Feature", "geometry": {"type": "LineString", "coordinates": [[-118.5616055, 34.0410024], [-118.5623803, 34.0409681]]}, "properties": {"id": "7339766002-123574636-0", "highway": "residential"}}, {"type": "Feature", "geometry": {"type": "LineString", "coordinates": [[-118.5616055, 34.0410024], [-118.5598784, 34.040237]]}, "properties": {"id": "7339766002-534394999-0", "highway": "residential"}}, {"type": "Feature", "geometry": {"type": "LineString", "coordinates": [[-118.5616055, 34.0410024], [-118.5625004, 34.0418686]]}, "properties": {"id": "7339766002-123403046-0", "highway": "residential"}}, {"type": "Feature", "geometry": {"type": "LineString", "coordinates": [[-118.5597961, 34.0407111], [-118.5609881, 34.0414004]]}, "properties": {"id": "7339766005-6966946793-0", "highway": "residential"}}, {"type": "Feature", "geometry": {"type": "LineString", "coordinates": [[-118.5324296, 34.0358277], [-118.5315205, 34.0373865]]}, "properties": {"id": "7344877015-123630488-0", "highway": "residential"}}, {"type": "Feature", "geometry": {"type": "LineString", "coordinates": [[-118.5275556, 34.0401252], [-118.527705, 34.040123]]}, "properties": {"id": "7344877044-12984911614-0", "highway": "residential"}}, {"type": "Feature", "geometry": {"type": "LineString", "coordinates": [[-118.5275556, 34.0401252], [-118.5276595, 34.0402307]]}, "properties": {"id": "7344877044-529803511-0", "highway": "residential"}}, {"type": "Feature", "geometry": {"type": "LineString", "coordinates": [[-118.5275556, 34.0401252], [-118.5262204, 34.0389565]]}, "properties": {"id": "7344877044-122696054-0", "highway": "residential"}}, {"type": "Feature", "geometry": {"type": "LineString", "coordinates": [[-118.5331047, 34.0449178], [-118.5336457, 34.0450347]]}, "properties": {"id": "7344877070-122672237-0", "highway": "residential"}}, {"type": "Feature", "geometry": {"type": "LineString", "coordinates": [[-118.5331047, 34.0449178], [-118.5335978, 34.0430919]]}, "properties": {"id": "7344877070-123675542-0", "highway": "residential"}}, {"type": "Feature", "geometry": {"type": "LineString", "coordinates": [[-118.5331047, 34.0449178], [-118.5339405, 34.043171]]}, "properties": {"id": "7344877070-2963578680-0", "highway": "residential"}}, {"type": "Feature", "geometry": {"type": "LineString", "coordinates": [[-118.5331047, 34.0449178], [-118.5330473, 34.0450677]]}, "properties": {"id": "7344877070-7238589093-0", "highway": "residential"}}, {"type": "Feature", "geometry": {"type": "LineString", "coordinates": [[-118.5133604, 34.0305793], [-118.5127513, 34.0309206]]}, "properties": {"id": "7457257264-122923680-0", "highway": "tertiary"}}, {"type": "Feature", "geometry": {"type": "LineString", "coordinates": [[-118.5133604, 34.0305793], [-118.5130201, 34.0304449]]}, "properties": {"id": "7457257264-527711163-0", "highway": "residential"}}, {"type": "Feature", "geometry": {"type": "LineString", "coordinates": [[-118.5085062, 34.0330389], [-118.5082349, 34.0334624]]}, "properties": {"id": "7490750083-12107109796-0", "highway": "residential"}}, {"type": "Feature", "geometry": {"type": "LineString", "coordinates": [[-118.5085062, 34.0330389], [-118.5086953, 34.0329868]]}, "properties": {"id": "7490750083-122948690-0", "highway": "residential"}}, {"type": "Feature", "geometry": {"type": "LineString", "coordinates": [[-118.5995338, 34.098268], [-118.5990516, 34.0980062]]}, "properties": {"id": "7506049038-4989833609-0", "highway": "residential"}}, {"type": "Feature", "geometry": {"type": "LineString", "coordinates": [[-118.5995338, 34.098268], [-118.5987903, 34.0991878]]}, "properties": {"id": "7506049038-11680840886-0", "highway": "primary"}}, {"type": "Feature", "geometry": {"type": "LineString", "coordinates": [[-118.5995338, 34.098268], [-118.6009285, 34.0966963]]}, "properties": {"id": "7506049038-11680833706-0", "highway": "primary"}}, {"type": "Feature", "geometry": {"type": "LineString", "coordinates": [[-118.567796, 34.0780713], [-118.5675215, 34.0781927]]}, "properties": {"id": "7729513916-7890148154-0", "highway": "residential"}}, {"type": "Feature", "geometry": {"type": "LineString", "coordinates": [[-118.4937648, 34.0499377], [-118.4939109, 34.0500576]]}, "properties": {"id": "7866466178-122604571-0", "highway": "tertiary"}}, {"type": "Feature", "geometry": {"type": "LineString", "coordinates": [[-118.4937648, 34.0499377], [-118.4930705, 34.0493388]]}, "properties": {"id": "7866466178-123034740-0", "highway": "tertiary"}}, {"type": "Feature", "geometry": {"type": "LineString", "coordinates": [[-118.508916, 34.085518], [-118.5085619, 34.0836535]]}, "properties": {"id": "7883843417-123039421-0", "highway": "residential"}}, {"type": "Feature", "geometry": {"type": "LineString", "coordinates": [[-118.5675215, 34.0781927], [-118.567796, 34.0780713]]}, "properties": {"id": "7890148154-7729513916-0", "highway": "residential"}}, {"type": "Feature", "geometry": {"type": "LineString", "coordinates": [[-118.5675215, 34.0781927], [-118.5676162, 34.0782996]]}, "properties": {"id": "7890148154-6723893237-0", "highway": "residential"}}, {"type": "Feature", "geometry": {"type": "LineString", "coordinates": [[-118.5675215, 34.0781927], [-118.565441, 34.0771764]]}, "properties": {"id": "7890148154-7890148161-0", "highway": "residential"}}, {"type": "Feature", "geometry": {"type": "LineString", "coordinates": [[-118.565441, 34.0771764], [-118.5629091, 34.079822]]}, "properties": {"id": "7890148161-123190380-0", "highway": "residential"}}, {"type": "Feature", "geometry": {"type": "LineString", "coordinates": [[-118.565441, 34.0771764], [-118.5675215, 34.0781927]]}, "properties": {"id": "7890148161-7890148154-0", "highway": "residential"}}, {"type": "Feature", "geometry": {"type": "LineString", "coordinates": [[-118.565441, 34.0771764], [-118.5648094, 34.0768904]]}, "properties": {"id": "7890148161-123129636-0", "highway": "residential"}}, {"type": "Feature", "geometry": {"type": "LineString", "coordinates": [[-118.5589298, 34.0755709], [-118.5589846, 34.0755069]]}, "properties": {"id": "7890148171-6017633891-0", "highway": "residential"}}, {"type": "Feature", "geometry": {"type": "LineString", "coordinates": [[-118.5589298, 34.0755709], [-118.5574932, 34.0768433]]}, "properties": {"id": "7890148171-122846611-0", "highway": "residential"}}, {"type": "Feature", "geometry": {"type": "LineString", "coordinates": [[-118.5589298, 34.0755709], [-118.5648094, 34.0768904]]}, "properties": {"id": "7890148171-123129636-0", "highway": "tertiary"}}, {"type": "Feature", "geometry": {"type": "LineString", "coordinates": [[-118.5325961, 34.0548205], [-118.5324039, 34.0543598]]}, "properties": {"id": "7912844288-123039384-0", "highway": "residential"}}, {"type": "Feature", "geometry": {"type": "LineString", "coordinates": [[-118.5308508, 34.0464586], [-118.5304933, 34.0462556]]}, "properties": {"id": "7929859198-122648024-0", "highway": "residential"}}, {"type": "Feature", "geometry": {"type": "LineString", "coordinates": [[-118.5308508, 34.0464586], [-118.5330473, 34.0450677]]}, "properties": {"id": "7929859198-7238589093-0", "highway": "residential"}}, {"type": "Feature", "geometry": {"type": "LineString", "coordinates": [[-118.5105107, 34.0322086], [-118.5101787, 34.0338512]]}, "properties": {"id": "7933725721-122948705-0", "highway": "residential"}}, {"type": "Feature", "geometry": {"type": "LineString", "coordinates": [[-118.5911529, 34.1053024], [-118.5921208, 34.1040059]]}, "properties": {"id": "8685048983-122777898-0", "highway": "residential"}}, {"type": "Feature", "geometry": {"type": "LineString", "coordinates": [[-118.5892625, 34.0397967], [-118.5894654, 34.0394566]]}, "properties": {"id": "8900365283-123002175-0", "highway": "tertiary"}}, {"type": "Feature", "geometry": {"type": "LineString", "coordinates": [[-118.5552438, 34.0477386], [-118.555165, 34.0470218]]}, "properties": {"id": "8900475525-123800093-0", "highway": "residential"}}, {"type": "Feature", "geometry": {"type": "LineString", "coordinates": [[-118.556727, 34.0396359], [-118.556727, 34.0396359]]}, "properties": {"id": "8900475527-8900475527-0", "highway": "residential"}}, {"type": "Feature", "geometry": {"type": "LineString", "coordinates": [[-118.556727, 34.0396359], [-118.556727, 34.0396359]]}, "properties": {"id": "8900475527-8900475527-1", "highway": "residential"}}, {"type": "Feature", "geometry": {"type": "LineString", "coordinates": [[-118.556727, 34.0396359], [-118.5586703, 34.0402617]]}, "properties": {"id": "8900475527-122749035-0", "highway": "residential"}}, {"type": "Feature", "geometry": {"type": "LineString", "coordinates": [[-118.542862, 34.061514], [-118.5427226, 34.0614764]]}, "properties": {"id": "8900682442-6175311884-0", "highway": "residential"}}, {"type": "Feature", "geometry": {"type": "LineString", "coordinates": [[-118.542862, 34.061514], [-118.542828, 34.0615958]]}, "properties": {"id": "8900682442-8900682443-0", "highway": "residential"}}, {"type": "Feature", "geometry": {"type": "LineString", "coordinates": [[-118.542828, 34.0615958], [-118.5433018, 34.0617154]]}, "properties": {"id": "8900682443-6935248868-0", "highway": "residential"}}, {"type": "Feature", "geometry": {"type": "LineString", "coordinates": [[-118.542828, 34.0615958], [-118.542862, 34.061514]]}, "properties": {"id": "8900682443-8900682442-0", "highway": "residential"}}, {"type": "Feature", "geometry": {"type": "LineString", "coordinates": [[-118.5268468, 34.0379639], [-118.5267011, 34.0376763]]}, "properties": {"id": "8900713185-122696051-0", "highway": "residential"}}, {"type": "Feature", "geometry": {"type": "LineString", "coordinates": [[-118.5268468, 34.0379639], [-118.5262204, 34.0389565]]}, "properties": {"id": "8900713185-122696054-0", "highway": "residential"}}, {"type": "Feature", "geometry": {"type": "LineString", "coordinates": [[-118.5268468, 34.0379639], [-118.5271474, 34.0377901]]}, "properties": {"id": "8900713185-122518649-0", "highway": "residential"}}, {"type": "Feature", "geometry": {"type": "LineString", "coordinates": [[-118.601489, 34.0817706], [-118.601722, 34.0817834]]}, "properties": {"id": "9096682061-122717089-0", "highway": "tertiary"}}, {"type": "Feature", "geometry": {"type": "LineString", "coordinates": [[-118.601489, 34.0817706], [-118.6015576, 34.0826953]]}, "properties": {"id": "9096682061-122567086-0", "highway": "residential"}}, {"type": "Feature", "geometry": {"type": "LineString", "coordinates": [[-118.601489, 34.0817706], [-118.601615, 34.0834954]]}, "properties": {"id": "9096682061-123370296-0", "highway": "tertiary"}}, {"type": "Feature", "geometry": {"type": "LineString", "coordinates": [[-118.4912919, 34.0584731], [-118.4902054, 34.0584634]]}, "properties": {"id": "9188657210-527738599-0", "highway": "residential"}}, {"type": "Feature", "geometry": {"type": "LineString", "coordinates": [[-118.4912919, 34.0584731], [-118.4915038, 34.0601142]]}, "properties": {"id": "9188657210-9188662120-0", "highway": "residential"}}, {"type": "Feature", "geometry": {"type": "LineString", "coordinates": [[-118.4912919, 34.0584731], [-118.4920083, 34.0577543]]}, "properties": {"id": "9188657210-123082403-0", "highway": "residential"}}, {"type": "Feature", "geometry": {"type": "LineString", "coordinates": [[-118.4915038, 34.0601142], [-118.4889037, 34.0604216]]}, "properties": {"id": "9188662120-122520969-0", "highway": "residential"}}, {"type": "Feature", "geometry": {"type": "LineString", "coordinates": [[-118.4915038, 34.0601142], [-118.4907385, 34.0619228]]}, "properties": {"id": "9188662120-9188662126-0", "highway": "residential"}}, {"type": "Feature", "geometry": {"type": "LineString", "coordinates": [[-118.4915038, 34.0601142], [-118.4912919, 34.0584731]]}, "properties": {"id": "9188662120-9188657210-0", "highway": "residential"}}, {"type": "Feature", "geometry": {"type": "LineString", "coordinates": [[-118.4907385, 34.0619228], [-118.4886867, 34.0623419]]}, "properties": {"id": "9188662126-123108820-0", "highway": "residential"}}, {"type": "Feature", "geometry": {"type": "LineString", "coordinates": [[-118.4907385, 34.0619228], [-118.4903291, 34.0638802]]}, "properties": {"id": "9188662126-9188662134-0", "highway": "residential"}}, {"type": "Feature", "geometry": {"type": "LineString", "coordinates": [[-118.4907385, 34.0619228], [-118.4915038, 34.0601142]]}, "properties": {"id": "9188662126-9188662120-0", "highway": "residential"}}, {"type": "Feature", "geometry": {"type": "LineString", "coordinates": [[-118.4903291, 34.0638802], [-118.4886491, 34.0641748]]}, "properties": {"id": "9188662134-123204369-0", "highway": "residential"}}, {"type": "Feature", "geometry": {"type": "LineString", "coordinates": [[-118.4903291, 34.0638802], [-118.4893688, 34.0661291]]}, "properties": {"id": "9188662134-9188662148-0", "highway": "residential"}}, {"type": "Feature", "geometry": {"type": "LineString", "coordinates": [[-118.4903291, 34.0638802], [-118.4907385, 34.0619228]]}, "properties": {"id": "9188662134-9188662126-0", "highway": "residential"}}, {"type": "Feature", "geometry": {"type": "LineString", "coordinates": [[-118.4893688, 34.0661291], [-118.4903291, 34.0638802]]}, "properties": {"id": "9188662148-9188662134-0", "highway": "residential"}}, {"type": "Feature", "geometry": {"type": "LineString", "coordinates": [[-118.4893688, 34.0661291], [-118.4891553, 34.0660837]]}, "properties": {"id": "9188662148-9188662156-0", "highway": "residential"}}, {"type": "Feature", "geometry": {"type": "LineString", "coordinates": [[-118.4893688, 34.0661291], [-118.4900441, 34.0665862]]}, "properties": {"id": "9188662148-123566135-0", "highway": "residential"}}, {"type": "Feature", "geometry": {"type": "LineString", "coordinates": [[-118.4891553, 34.0660837], [-118.4889132, 34.0660034]]}, "properties": {"id": "9188662156-122944674-0", "highway": "residential"}}, {"type": "Feature", "geometry": {"type": "LineString", "coordinates": [[-118.4891553, 34.0660837], [-118.4893688, 34.0661291]]}, "properties": {"id": "9188662156-9188662148-0", "highway": "residential"}}, {"type": "Feature", "geometry": {"type": "LineString", "coordinates": [[-118.4891553, 34.0660837], [-118.4908414, 34.0680298]]}, "properties": {"id": "9188662156-3095798369-0", "highway": "residential"}}, {"type": "Feature", "geometry": {"type": "LineString", "coordinates": [[-118.5549928, 34.041427], [-118.5551314, 34.0415184]]}, "properties": {"id": "9201599572-4626497869-0", "highway": "residential"}}, {"type": "Feature", "geometry": {"type": "LineString", "coordinates": [[-118.5308688, 34.0543935], [-118.5311904, 34.0534568]]}, "properties": {"id": "9234538513-951019785-0", "highway": "residential"}}, {"type": "Feature", "geometry": {"type": "LineString", "coordinates": [[-118.4841717, 34.0385373], [-118.4851149, 34.0377684]]}, "properties": {"id": "9888821667-122702387-0", "highway": "residential"}}, {"type": "Feature", "geometry": {"type": "LineString", "coordinates": [[-118.4835604, 34.0364218], [-118.4851149, 34.0377684]]}, "properties": {"id": "9888843369-122702387-0", "highway": "residential"}}, {"type": "Feature", "geometry": {"type": "LineString", "coordinates": [[-118.497745, 34.0359472], [-118.4961714, 34.0346029]]}, "properties": {"id": "9890849405-122614797-0", "highway": "residential"}}, {"type": "Feature", "geometry": {"type": "LineString", "coordinates": [[-118.497745, 34.0359472], [-118.4992316, 34.0372223]]}, "properties": {"id": "9890849405-122614790-0", "highway": "residential"}}, {"type": "Feature", "geometry": {"type": "LineString", "coordinates": [[-118.497745, 34.0359472], [-118.4965812, 34.0365337]]}, "properties": {"id": "9890849405-122990190-0", "highway": "residential"}}, {"type": "Feature", "geometry": {"type": "LineString", "coordinates": [[-118.497745, 34.0359472], [-118.498767, 34.0352404]]}, "properties": {"id": "9890849405-123257600-0", "highway": "residential"}}, {"type": "Feature", "geometry": {"type": "LineString", "coordinates": [[-118.5630005, 34.0716413], [-118.5628868, 34.0717069]]}, "properties": {"id": "9944254542-540840517-0", "highway": "tertiary_link"}}, {"type": "Feature", "geometry": {"type": "LineString", "coordinates": [[-118.5630005, 34.0716413], [-118.5617757, 34.0704113]]}, "properties": {"id": "9944254542-123129711-0", "highway": "tertiary"}}, {"type": "Feature", "geometry": {"type": "LineString", "coordinates": [[-118.51043, 34.0392166], [-118.5106654, 34.0376842]]}, "properties": {"id": "10648906058-123179581-0", "highway": "residential"}}, {"type": "Feature", "geometry": {"type": "LineString", "coordinates": [[-118.5954559, 34.1046392], [-118.5928512, 34.1049929]]}, "properties": {"id": "10863691484-122579277-0", "highway": "residential"}}, {"type": "Feature", "geometry": {"type": "LineString", "coordinates": [[-118.5214555, 34.0564472], [-118.5208632, 34.0554463]]}, "properties": {"id": "11263734662-122951818-0", "highway": "residential"}}, {"type": "Feature", "geometry": {"type": "LineString", "coordinates": [[-118.5882264, 34.1026515], [-118.5882751, 34.1026356]]}, "properties": {"id": "11306348059-122777955-0", "highway": "residential"}}, {"type": "Feature", "geometry": {"type": "LineString", "coordinates": [[-118.6022245, 34.0965554], [-118.6018716, 34.0965673]]}, "properties": {"id": "11679163896-123204448-0", "highway": "residential"}}, {"type": "Feature", "geometry": {"type": "LineString", "coordinates": [[-118.6022245, 34.0965554], [-118.6022245, 34.0965554]]}, "properties": {"id": "11679163896-11679163896-0", "highway": "residential"}}, {"type": "Feature", "geometry": {"type": "LineString", "coordinates": [[-118.6009285, 34.0966963], [-118.5995338, 34.098268]]}, "properties": {"id": "11680833706-7506049038-0", "highway": "primary"}}, {"type": "Feature", "geometry": {"type": "LineString", "coordinates": [[-118.6009285, 34.0966963], [-118.6009344, 34.0962048]]}, "properties": {"id": "11680833706-123204436-0", "highway": "primary"}}, {"type": "Feature", "geometry": {"type": "LineString", "coordinates": [[-118.6009285, 34.0966963], [-118.6001438, 34.0978563]]}, "properties": {"id": "11680833706-11680833735-0", "highway": "residential"}}, {"type": "Feature", "geometry": {"type": "LineString", "coordinates": [[-118.6001438, 34.0978563], [-118.6009285, 34.0966963]]}, "properties": {"id": "11680833735-11680833706-0", "highway": "residential"}}, {"type": "Feature", "geometry": {"type": "LineString", "coordinates": [[-118.5957315, 34.0998338], [-118.5956628, 34.0997889]]}, "properties": {"id": "11680840873-123007252-0", "highway": "residential"}}, {"type": "Feature", "geometry": {"type": "LineString", "coordinates": [[-118.5987903, 34.0991878], [-118.5930694, 34.1013267]]}, "properties": {"id": "11680840886-123136581-0", "highway": "primary"}}, {"type": "Feature", "geometry": {"type": "LineString", "coordinates": [[-118.5987903, 34.0991878], [-118.5995338, 34.098268]]}, "properties": {"id": "11680840886-7506049038-0", "highway": "primary"}}, {"type": "Feature", "geometry": {"type": "LineString", "coordinates": [[-118.5987903, 34.0991878], [-118.5985397, 34.0992876]]}, "properties": {"id": "11680840886-11680840896-0", "highway": "residential"}}, {"type": "Feature", "geometry": {"type": "LineString", "coordinates": [[-118.5981866, 34.0992478], [-118.5981447, 34.098657]]}, "properties": {"id": "11680840895-122584540-0", "highway": "residential"}}, {"type": "Feature", "geometry": {"type": "LineString", "coordinates": [[-118.5985397, 34.0992876], [-118.5987903, 34.0991878]]}, "properties": {"id": "11680840896-11680840886-0", "highway": "residential"}}, {"type": "Feature", "geometry": {"type": "LineString", "coordinates": [[-118.5979604, 34.0978245], [-118.5981345, 34.0981166]]}, "properties": {"id": "11681720270-4989833605-0", "highway": "residential"}}, {"type": "Feature", "geometry": {"type": "LineString", "coordinates": [[-118.5998133, 34.0962611], [-118.5993464, 34.097549]]}, "properties": {"id": "11681720274-122578943-0", "highway": "residential"}}, {"type": "Feature", "geometry": {"type": "LineString", "coordinates": [[-118.5368059, 34.0388668], [-118.5366815, 34.038904]]}, "properties": {"id": "11840435752-122614346-0", "highway": "residential"}}, {"type": "Feature", "geometry": {"type": "LineString", "coordinates": [[-118.5368059, 34.0388668], [-118.5372047, 34.0386027]]}, "properties": {"id": "11840435752-122614348-0", "highway": "residential"}}, {"type": "Feature", "geometry": {"type": "LineString", "coordinates": [[-118.5368059, 34.0388668], [-118.5352695, 34.0381388]]}, "properties": {"id": "11840435752-123711364-0", "highway": "residential"}}, {"type": "Feature", "geometry": {"type": "LineString", "coordinates": [[-118.539683, 34.0401917], [-118.5378036, 34.0416157]]}, "properties": {"id": "11840435762-123043413-0", "highway": "residential"}}, {"type": "Feature", "geometry": {"type": "LineString", "coordinates": [[-118.5656061, 34.0472825], [-118.5661564, 34.0474281]]}, "properties": {"id": "11873082884-122919942-0", "highway": "residential"}}, {"type": "Feature", "geometry": {"type": "LineString", "coordinates": [[-118.5971235, 34.0396847], [-118.5971031, 34.0395568]]}, "properties": {"id": "11935931404-123095511-0", "highway": "residential"}}, {"type": "Feature", "geometry": {"type": "LineString", "coordinates": [[-118.5080465, 34.033862], [-118.5079942, 34.0339529]]}, "properties": {"id": "12107109789-123054863-0", "highway": "residential"}}, {"type": "Feature", "geometry": {"type": "LineString", "coordinates": [[-118.5080465, 34.033862], [-118.5082917, 34.0334804]]}, "properties": {"id": "12107109789-12107109795-0", "highway": "residential"}}, {"type": "Feature", "geometry": {"type": "LineString", "coordinates": [[-118.5082917, 34.0334804], [-118.5082349, 34.0334624]]}, "properties": {"id": "12107109795-12107109796-0", "highway": "residential"}}, {"type": "Feature", "geometry": {"type": "LineString", "coordinates": [[-118.5082917, 34.0334804], [-118.5085062, 34.0330389]]}, "properties": {"id": "12107109795-7490750083-0", "highway": "residential"}}, {"type": "Feature", "geometry": {"type": "LineString", "coordinates": [[-118.5082349, 34.0334624], [-118.5082917, 34.0334804]]}, "properties": {"id": "12107109796-12107109795-0", "highway": "residential"}}, {"type": "Feature", "geometry": {"type": "LineString", "coordinates": [[-118.5082349, 34.0334624], [-118.5080465, 34.033862]]}, "properties": {"id": "12107109796-12107109789-0", "highway": "residential"}}, {"type": "Feature", "geometry": {"type": "LineString", "coordinates": [[-118.5262024, 34.0532198], [-118.5262992, 34.0527442]]}, "properties": {"id": "12228535484-122672466-0", "highway": "residential"}}, {"type": "Feature", "geometry": {"type": "LineString", "coordinates": [[-118.5899287, 34.0908332], [-118.5942353, 34.0906016]]}, "properties": {"id": "12337956909-123237316-0", "highway": "residential"}}, {"type": "Feature", "geometry": {"type": "LineString", "coordinates": [[-118.5899287, 34.0908332], [-118.589797, 34.0907445]]}, "properties": {"id": "12337956909-12337956918-0", "highway": "residential"}}, {"type": "Feature", "geometry": {"type": "LineString", "coordinates": [[-118.5899287, 34.0908332], [-118.5898495, 34.0909079]]}, "properties": {"id": "12337956909-12337956913-0", "highway": "residential"}}, {"type": "Feature", "geometry": {"type": "LineString", "coordinates": [[-118.5898495, 34.0909079], [-118.5897332, 34.0908471]]}, "properties": {"id": "12337956913-12337956914-0", "highway": "residential"}}, {"type": "Feature", "geometry": {"type": "LineString", "coordinates": [[-118.5898495, 34.0909079], [-118.5901979, 34.091791]]}, "properties": {"id": "12337956913-123237353-0", "highway": "residential"}}, {"type": "Feature", "geometry": {"type": "LineString", "coordinates": [[-118.5898495, 34.0909079], [-118.5899287, 34.0908332]]}, "properties": {"id": "12337956913-12337956909-0", "highway": "residential"}}, {"type": "Feature", "geometry": {"type": "LineString", "coordinates": [[-118.5897332, 34.0908471], [-118.5898495, 34.0909079]]}, "properties": {"id": "12337956914-12337956913-0", "highway": "residential"}}, {"type": "Feature", "geometry": {"type": "LineString", "coordinates": [[-118.5897332, 34.0908471], [-118.589797, 34.0907445]]}, "properties": {"id": "12337956914-12337956918-0", "highway": "residential"}}, {"type": "Feature", "geometry": {"type": "LineString", "coordinates": [[-118.5897332, 34.0908471], [-118.5889699, 34.0919153]]}, "properties": {"id": "12337956914-123150513-0", "highway": "residential"}}, {"type": "Feature", "geometry": {"type": "LineString", "coordinates": [[-118.589797, 34.0907445], [-118.5897332, 34.0908471]]}, "properties": {"id": "12337956918-12337956914-0", "highway": "residential"}}, {"type": "Feature", "geometry": {"type": "LineString", "coordinates": [[-118.589797, 34.0907445], [-118.5899287, 34.0908332]]}, "properties": {"id": "12337956918-12337956909-0", "highway": "residential"}}, {"type": "Feature", "geometry": {"type": "LineString", "coordinates": [[-118.589797, 34.0907445], [-118.593463, 34.0894845]]}, "properties": {"id": "12337956918-3080781791-0", "highway": "residential"}}, {"type": "Feature", "geometry": {"type": "LineString", "coordinates": [[-118.5996535, 34.0809831], [-118.5989458, 34.0812972]]}, "properties": {"id": "12344658634-122812296-0", "highway": "residential"}}, {"type": "Feature", "geometry": {"type": "LineString", "coordinates": [[-118.4925997, 34.0532283], [-118.4932304, 34.0512881]]}, "properties": {"id": "12488626912-122604568-0", "highway": "residential"}}, {"type": "Feature", "geometry": {"type": "LineString", "coordinates": [[-118.4925997, 34.0532283], [-118.4925324, 34.0535158]]}, "properties": {"id": "12488626912-12488626913-0", "highway": "residential"}}, {"type": "Feature", "geometry": {"type": "LineString", "coordinates": [[-118.4925997, 34.0532283], [-118.4924642, 34.0531918]]}, "properties": {"id": "12488626912-12488626916-0", "highway": "residential"}}, {"type": "Feature", "geometry": {"type": "LineString", "coordinates": [[-118.4925324, 34.0535158], [-118.4923284, 34.0536172]]}, "properties": {"id": "12488626913-12506456407-0", "highway": "residential"}}, {"type": "Feature", "geometry": {"type": "LineString", "coordinates": [[-118.4925324, 34.0535158], [-118.4925997, 34.0532283]]}, "properties": {"id": "12488626913-12488626912-0", "highway": "residential"}}, {"type": "Feature", "geometry": {"type": "LineString", "coordinates": [[-118.4925324, 34.0535158], [-118.4926593, 34.0581887]]}, "properties": {"id": "12488626913-122604559-0", "highway": "residential"}}, {"type": "Feature", "geometry": {"type": "LineString", "coordinates": [[-118.4924642, 34.0531918], [-118.4919683, 34.0521649]]}, "properties": {"id": "12488626916-12488627056-0", "highway": "residential"}}, {"type": "Feature", "geometry": {"type": "LineString", "coordinates": [[-118.4924642, 34.0531918], [-118.4925997, 34.0532283]]}, "properties": {"id": "12488626916-12488626912-0", "highway": "residential"}}, {"type": "Feature", "geometry": {"type": "LineString", "coordinates": [[-118.4924642, 34.0531918], [-118.4923284, 34.0536172]]}, "properties": {"id": "12488626916-12506456407-0", "highway": "residential"}}, {"type": "Feature", "geometry": {"type": "LineString", "coordinates": [[-118.491935, 34.052084], [-118.4919683, 34.0521649]]}, "properties": {"id": "12488626999-12488627056-0", "highway": "residential"}}, {"type": "Feature", "geometry": {"type": "LineString", "coordinates": [[-118.491935, 34.052084], [-118.4919498, 34.0519252]]}, "properties": {"id": "12488626999-12488627051-0", "highway": "residential"}}, {"type": "Feature", "geometry": {"type": "LineString", "coordinates": [[-118.4917237, 34.0519205], [-118.4917839, 34.0519699]]}, "properties": {"id": "12488627002-12488627006-0", "highway": "residential"}}, {"type": "Feature", "geometry": {"type": "LineString", "coordinates": [[-118.4917839, 34.0519699], [-118.4919498, 34.0519252]]}, "properties": {"id": "12488627006-12488627051-0", "highway": "residential"}}, {"type": "Feature", "geometry": {"type": "LineString", "coordinates": [[-118.4917839, 34.0519699], [-118.4919683, 34.0521649]]}, "properties": {"id": "12488627006-12488627056-0", "highway": "residential"}}, {"type": "Feature", "geometry": {"type": "LineString", "coordinates": [[-118.4919649, 34.0518837], [-118.4918378, 34.0517751]]}, "properties": {"id": "12488627014-12488627018-0", "highway": "residential"}}, {"type": "Feature", "geometry": {"type": "LineString", "coordinates": [[-118.4919649, 34.0518837], [-118.4924909, 34.0515291]]}, "properties": {"id": "12488627014-12488627030-0", "highway": "residential"}}, {"type": "Feature", "geometry": {"type": "LineString", "coordinates": [[-118.4918378, 34.0517751], [-118.4917352, 34.0518236]]}, "properties": {"id": "12488627018-12488627021-0", "highway": "residential"}}, {"type": "Feature", "geometry": {"type": "LineString", "coordinates": [[-118.4918378, 34.0517751], [-118.4917437, 34.0517067]]}, "properties": {"id": "12488627018-123003137-0", "highway": "residential"}}, {"type": "Feature", "geometry": {"type": "LineString", "coordinates": [[-118.4917352, 34.0518236], [-118.4917273, 34.0518393]]}, "properties": {"id": "12488627021-12488627057-0", "highway": "residential"}}, {"type": "Feature", "geometry": {"type": "LineString", "coordinates": [[-118.4917352, 34.0518236], [-118.4917437, 34.0517067]]}, "properties": {"id": "12488627021-123003137-0", "highway": "residential"}}, {"type": "Feature", "geometry": {"type": "LineString", "coordinates": [[-118.4924909, 34.0515291], [-118.4929827, 34.0512772]]}, "properties": {"id": "12488627030-123003141-0", "highway": "residential"}}, {"type": "Feature", "geometry": {"type": "LineString", "coordinates": [[-118.4924909, 34.0515291], [-118.4918378, 34.0517751]]}, "properties": {"id": "12488627030-12488627018-0", "highway": "residential"}}, {"type": "Feature", "geometry": {"type": "LineString", "coordinates": [[-118.4919498, 34.0519252], [-118.4919649, 34.0518837]]}, "properties": {"id": "12488627051-12488627014-0", "highway": "residential"}}, {"type": "Feature", "geometry": {"type": "LineString", "coordinates": [[-118.4919683, 34.0521649], [-118.491935, 34.052084]]}, "properties": {"id": "12488627056-12488626999-0", "highway": "residential"}}, {"type": "Feature", "geometry": {"type": "LineString", "coordinates": [[-118.4919683, 34.0521649], [-118.4924642, 34.0531918]]}, "properties": {"id": "12488627056-12488626916-0", "highway": "residential"}}, {"type": "Feature", "geometry": {"type": "LineString", "coordinates": [[-118.4917273, 34.0518393], [-118.4917237, 34.0519205]]}, "properties": {"id": "12488627057-12488627002-0", "highway": "residential"}}, {"type": "Feature", "geometry": {"type": "LineString", "coordinates": [[-118.4917273, 34.0518393], [-118.491366, 34.0520203]]}, "properties": {"id": "12488627057-12488627062-0", "highway": "residential"}}, {"type": "Feature", "geometry": {"type": "LineString", "coordinates": [[-118.491366, 34.0520203], [-118.4917237, 34.0519205]]}, "properties": {"id": "12488627062-12488627002-0", "highway": "residential"}}, {"type": "Feature", "geometry": {"type": "LineString", "coordinates": [[-118.4943935, 34.048785], [-118.4944332, 34.048685]]}, "properties": {"id": "12489336537-12489336545-0", "highway": "residential"}}, {"type": "Feature", "geometry": {"type": "LineString", "coordinates": [[-118.4944332, 34.048685], [-118.4943495, 34.0486287]]}, "properties": {"id": "12489336545-12489336559-0", "highway": "residential"}}, {"type": "Feature", "geometry": {"type": "LineString", "coordinates": [[-118.4944332, 34.048685], [-118.494474, 34.0485607]]}, "properties": {"id": "12489336545-12489336557-0", "highway": "residential"}}, {"type": "Feature", "geometry": {"type": "LineString", "coordinates": [[-118.4942459, 34.0488173], [-118.4943935, 34.048785]]}, "properties": {"id": "12489336551-12489336537-0", "highway": "residential"}}, {"type": "Feature", "geometry": {"type": "LineString", "coordinates": [[-118.4942459, 34.0488173], [-118.4943494, 34.0490448]]}, "properties": {"id": "12489336551-271821708-0", "highway": "residential"}}, {"type": "Feature", "geometry": {"type": "LineString", "coordinates": [[-118.4940117, 34.0486795], [-118.4926697, 34.0489924]]}, "properties": {"id": "12489336555-123034742-0", "highway": "residential"}}, {"type": "Feature", "geometry": {"type": "LineString", "coordinates": [[-118.4940117, 34.0486795], [-118.4941712, 34.0487462]]}, "properties": {"id": "12489336555-123706746-0", "highway": "residential"}}, {"type": "Feature", "geometry": {"type": "LineString", "coordinates": [[-118.494474, 34.0485607], [-118.4946008, 34.0484377]]}, "properties": {"id": "12489336557-122785644-0", "highway": "residential"}}, {"type": "Feature", "geometry": {"type": "LineString", "coordinates": [[-118.494474, 34.0485607], [-118.4943495, 34.0486287]]}, "properties": {"id": "12489336557-12489336559-0", "highway": "residential"}}, {"type": "Feature", "geometry": {"type": "LineString", "coordinates": [[-118.4943495, 34.0486287], [-118.4941973, 34.0486732]]}, "properties": {"id": "12489336559-12489336562-0", "highway": "residential"}}, {"type": "Feature", "geometry": {"type": "LineString", "coordinates": [[-118.4941973, 34.0486732], [-118.4941712, 34.0487462]]}, "properties": {"id": "12489336562-123706746-0", "highway": "residential"}}, {"type": "Feature", "geometry": {"type": "LineString", "coordinates": [[-118.4941973, 34.0486732], [-118.4940117, 34.0486795]]}, "properties": {"id": "12489336562-12489336555-0", "highway": "residential"}}, {"type": "Feature", "geometry": {"type": "LineString", "coordinates": [[-118.4939403, 34.0498102], [-118.4937648, 34.0499377]]}, "properties": {"id": "12489336567-7866466178-0", "highway": "residential"}}, {"type": "Feature", "geometry": {"type": "LineString", "coordinates": [[-118.4939403, 34.0498102], [-118.4943494, 34.0490448]]}, "properties": {"id": "12489336567-271821708-0", "highway": "residential"}}, {"type": "Feature", "geometry": {"type": "LineString", "coordinates": [[-118.4923284, 34.0536172], [-118.4925324, 34.0535158]]}, "properties": {"id": "12506456407-12488626913-0", "highway": "residential"}}, {"type": "Feature", "geometry": {"type": "LineString", "coordinates": [[-118.4923284, 34.0536172], [-118.4915748, 34.0539917]]}, "properties": {"id": "12506456407-123229039-0", "highway": "residential"}}, {"type": "Feature", "geometry": {"type": "LineString", "coordinates": [[-118.5015166, 34.0513643], [-118.501928, 34.0519488]]}, "properties": {"id": "12636235392-122830849-0", "highway": "residential"}}, {"type": "Feature", "geometry": {"type": "LineString", "coordinates": [[-118.5504576, 34.0754616], [-118.552527, 34.0767902]]}, "properties": {"id": "12890357785-122800068-0", "highway": "residential"}}, {"type": "Feature", "geometry": {"type": "LineString", "coordinates": [[-118.527705, 34.040123], [-118.5275556, 34.0401252]]}, "properties": {"id": "12984911614-7344877044-0", "highway": "residential"}}, {"type": "Feature", "geometry": {"type": "LineString", "coordinates": [[-118.527705, 34.040123], [-118.5276595, 34.0402307]]}, "properties": {"id": "12984911614-529803511-0", "highway": "residential"}}, {"type": "Feature", "geometry": {"type": "LineString", "coordinates": [[-118.527705, 34.040123], [-118.5288297, 34.0402865]]}, "properties": {"id": "12984911614-123071545-0", "highway": "residential"}}, {"type": "Feature", "geometry": {"type": "LineString", "coordinates": [[-118.527705, 34.040123], [-118.528263, 34.037975]]}, "properties": {"id": "12984911614-123008146-0", "highway": "residential"}}, {"type": "Feature", "geometry": {"type": "LineString", "coordinates": [[-118.4918571, 34.0483152], [-118.4920292, 34.0484573]]}, "properties": {"id": "13418528924-13418528925-0", "highway": "tertiary"}}, {"type": "Feature", "geometry": {"type": "LineString", "coordinates": [[-118.4918571, 34.0483152], [-118.4896049, 34.0487679]]}, "properties": {"id": "13418528924-536310030-0", "highway": "secondary"}}, {"type": "Feature", "geometry": {"type": "LineString", "coordinates": [[-118.4918571, 34.0483152], [-118.4900014, 34.0467196]]}, "properties": {"id": "13418528924-122685807-0", "highway": "tertiary"}}, {"type": "Feature", "geometry": {"type": "LineString", "coordinates": [[-118.4920292, 34.0484573], [-118.4918571, 34.0483152]]}, "properties": {"id": "13418528925-13418528924-0", "highway": "tertiary"}}, {"type": "Feature", "geometry": {"type": "LineString", "coordinates": [[-118.4920292, 34.0484573], [-118.4926697, 34.0489924]]}, "properties": {"id": "13418528925-123034742-0", "highway": "tertiary"}}, {"type": "Feature", "geometry": {"type": "LineString", "coordinates": [[-118.4920292, 34.0484573], [-118.493831, 34.0477227]]}, "properties": {"id": "13418528925-122785647-0", "highway": "secondary"}}, {"type": "Feature", "geometry": {"type": "LineString", "coordinates": [[-118.5182387, 34.0413263], [-118.5181401, 34.0413215]]}, "properties": {"id": "13418556506-13418556507-0", "highway": "secondary"}}, {"type": "Feature", "geometry": {"type": "LineString", "coordinates": [[-118.5182387, 34.0413263], [-118.5182377, 34.041061]]}, "properties": {"id": "13418556506-4002529165-0", "highway": "tertiary"}}, {"type": "Feature", "geometry": {"type": "LineString", "coordinates": [[-118.5181401, 34.0413215], [-118.5181391, 34.0414155]]}, "properties": {"id": "13418556507-13418556508-0", "highway": "tertiary"}}, {"type": "Feature", "geometry": {"type": "LineString", "coordinates": [[-118.5181401, 34.0413215], [-118.5178784, 34.0413443]]}, "properties": {"id": "13418556507-951007601-0", "highway": "secondary"}}, {"type": "Feature", "geometry": {"type": "LineString", "coordinates": [[-118.5181391, 34.0414155], [-118.5182323, 34.0414228]]}, "properties": {"id": "13418556508-4002529172-0", "highway": "secondary"}}, {"type": "Feature", "geometry": {"type": "LineString", "coordinates": [[-118.549264, 34.041751], [-118.549188, 34.0417788]]}, "properties": {"id": "13419177599-13419177600-0", "highway": "secondary"}}, {"type": "Feature", "geometry": {"type": "LineString", "coordinates": [[-118.549264, 34.041751], [-118.5519303, 34.0444292]]}, "properties": {"id": "13419177599-6032283539-0", "highway": "secondary"}}, {"type": "Feature", "geometry": {"type": "LineString", "coordinates": [[-118.549264, 34.041751], [-118.548945, 34.042804]]}, "properties": {"id": "13419177599-122810812-0", "highway": "residential"}}, {"type": "Feature", "geometry": {"type": "LineString", "coordinates": [[-118.549188, 34.0417788], [-118.549264, 34.041751]]}, "properties": {"id": "13419177600-13419177599-0", "highway": "secondary"}}, {"type": "Feature", "geometry": {"type": "LineString", "coordinates": [[-118.549188, 34.0417788], [-118.5483977, 34.0414017]]}, "properties": {"id": "13419177600-123609142-0", "highway": "residential"}}, {"type": "Feature", "geometry": {"type": "LineString", "coordinates": [[-118.549188, 34.0417788], [-118.5462247, 34.0428542]]}, "properties": {"id": "13419177600-123082746-0", "highway": "secondary"}}, {"type": "Feature", "geometry": {"type": "LineString", "coordinates": [[-118.5293551, 34.0496939], [-118.5293261, 34.049797]]}, "properties": {"id": "13419236138-13419236139-0", "highway": "secondary"}}, {"type": "Feature", "geometry": {"type": "LineString", "coordinates": [[-118.5293551, 34.0496939], [-118.5295025, 34.0491103]]}, "properties": {"id": "13419236138-6878883842-0", "highway": "secondary"}}, {"type": "Feature", "geometry": {"type": "LineString", "coordinates": [[-118.5293551, 34.0496939], [-118.5269198, 34.0479835]]}, "properties": {"id": "13419236138-13419249820-0", "highway": "secondary"}}, {"type": "Feature", "geometry": {"type": "LineString", "coordinates": [[-118.5293261, 34.049797], [-118.5293551, 34.0496939]]}, "properties": {"id": "13419236139-13419236138-0", "highway": "secondary"}}, {"type": "Feature", "geometry": {"type": "LineString", "coordinates": [[-118.5293261, 34.049797], [-118.5289997, 34.0504256]]}, "properties": {"id": "13419236139-247915998-0", "highway": "unclassified"}}, {"type": "Feature", "geometry": {"type": "LineString", "coordinates": [[-118.5293261, 34.049797], [-118.5333114, 34.0487744]]}, "properties": {"id": "13419236139-6879020878-0", "highway": "secondary"}}, {"type": "Feature", "geometry": {"type": "LineString", "coordinates": [[-118.5269011, 34.0480614], [-118.5269198, 34.0479835]]}, "properties": {"id": "13419249819-13419249820-0", "highway": "tertiary"}}, {"type": "Feature", "geometry": {"type": "LineString", "coordinates": [[-118.5269011, 34.0480614], [-118.5293261, 34.049797]]}, "properties": {"id": "13419249819-13419236139-0", "highway": "secondary"}}, {"type": "Feature", "geometry": {"type": "LineString", "coordinates": [[-118.5269011, 34.0480614], [-118.5267092, 34.0488439]]}, "properties": {"id": "13419249819-2625045416-0", "highway": "residential"}}, {"type": "Feature", "geometry": {"type": "LineString", "coordinates": [[-118.5269198, 34.0479835], [-118.5269011, 34.0480614]]}, "properties": {"id": "13419249820-13419249819-0", "highway": "tertiary"}}, {"type": "Feature", "geometry": {"type": "LineString", "coordinates": [[-118.5269198, 34.0479835], [-118.5267743, 34.0479992]]}, "properties": {"id": "13419249820-2371258485-0", "highway": "secondary"}}, {"type": "Feature", "geometry": {"type": "LineString", "coordinates": [[-118.5269198, 34.0479835], [-118.5271274, 34.0471499]]}, "properties": {"id": "13419249820-123071547-0", "highway": "tertiary"}}, {"type": "Feature", "geometry": {"type": "LineString", "coordinates": [[-118.5651392, 34.0756592], [-118.5649789, 34.0756499]]}, "properties": {"id": "13419251225-13419251226-0", "highway": "residential"}}, {"type": "Feature", "geometry": {"type": "LineString", "coordinates": [[-118.5651392, 34.0756592], [-118.5635133, 34.0723823]]}, "properties": {"id": "13419251225-123129717-0", "highway": "tertiary"}}, {"type": "Feature", "geometry": {"type": "LineString", "coordinates": [[-118.5649789, 34.0756499], [-118.5651392, 34.0756592]]}, "properties": {"id": "13419251226-13419251225-0", "highway": "residential"}}, {"type": "Feature", "geometry": {"type": "LineString", "coordinates": [[-118.5649789, 34.0756499], [-118.5617034, 34.0738964]]}, "properties": {"id": "13419251226-123430703-0", "highway": "residential"}}, {"type": "Feature", "geometry": {"type": "LineString", "coordinates": [[-118.5649789, 34.0756499], [-118.5646928, 34.0768454]]}, "properties": {"id": "13419251226-2811573500-0", "highway": "tertiary"}}, {"type": "Feature", "geometry": {"type": "LineString", "coordinates": [[-118.567656, 34.0418491], [-118.567672, 34.041767]]}, "properties": {"id": "13419257683-13419257684-0", "highway": "residential"}}, {"type": "Feature", "geometry": {"type": "LineString", "coordinates": [[-118.567656, 34.0418491], [-118.5788899, 34.0401354]]}, "properties": {"id": "13419257683-6036542308-0", "highway": "trunk"}}, {"type": "Feature", "geometry": {"type": "LineString", "coordinates": [[-118.567656, 34.0418491], [-118.5680098, 34.0424354]]}, "properties": {"id": "13419257683-123112211-0", "highway": "residential"}}, {"type": "Feature", "geometry": {"type": "LineString", "coordinates": [[-118.567672, 34.041767], [-118.567656, 34.0418491]]}, "properties": {"id": "13419257684-13419257683-0", "highway": "residential"}}, {"type": "Feature", "geometry": {"type": "LineString", "coordinates": [[-118.567672, 34.041767], [-118.5651807, 34.0413707]]}, "properties": {"id": "13419257684-248128864-0", "highway": "trunk"}}, {"type": "Feature", "geometry": {"type": "LineString", "coordinates": [[-118.494585, 34.0300808], [-118.4961339, 34.0314276]]}, "properties": {"id": "13593901464-122773779-0", "highway": "residential"}}, {"type": "Feature", "geometry": {"type": "LineString", "coordinates": [[-118.494585, 34.0300808], [-118.493648, 34.0308537]]}, "properties": {"id": "13593901464-122767054-0", "highway": "residential"}}, {"type": "Feature", "geometry": {"type": "LineString", "coordinates": [[-118.5044211, 34.0567406], [-118.5047315, 34.0549997]]}, "properties": {"id": "13920741060-122869706-0", "highway": "residential"}}]}